# Blender 4.1.1
# www.blender.org
mtllib female.mtl
o Object_7
v -0.000014 0.000138 -0.000021
v -0.000034 0.000213 -0.000015
v -0.000024 0.000217 -0.000056
v -0.000003 0.000144 -0.000053
v -0.000014 0.000138 -0.000021
v 0.000004 0.000139 0.000001
v -0.000014 0.000209 0.000006
v -0.000034 0.000213 -0.000015
v 0.000004 0.000216 -0.000061
v 0.000015 0.000147 -0.000062
v -0.000003 0.000144 -0.000053
v -0.000024 0.000217 -0.000056
v -0.000014 0.000209 0.000006
v 0.000004 0.000139 0.000001
v 0.000024 0.000148 -0.000008
v 0.000024 0.000212 -0.000000
v 0.000024 0.000212 -0.000000
v 0.000024 0.000148 -0.000008
v 0.000028 0.000152 -0.000041
v 0.000034 0.000215 -0.000033
v 0.000034 0.000215 -0.000033
v 0.000028 0.000152 -0.000041
v 0.000015 0.000147 -0.000062
v 0.000004 0.000216 -0.000061
v -0.000024 0.000217 -0.000056
v -0.000034 0.000213 -0.000015
v -0.000047 0.000292 -0.000003
v -0.000033 0.000284 -0.000057
v -0.000034 0.000213 -0.000015
v -0.000014 0.000209 0.000006
v -0.000030 0.000291 0.000022
v -0.000047 0.000292 -0.000003
v 0.000004 0.000216 -0.000061
v -0.000024 0.000217 -0.000056
v -0.000033 0.000284 -0.000057
v 0.000002 0.000290 -0.000059
v -0.000014 0.000209 0.000006
v 0.000024 0.000212 -0.000000
v 0.000015 0.000289 0.000017
v -0.000030 0.000291 0.000022
v 0.000024 0.000212 -0.000000
v 0.000034 0.000215 -0.000033
v 0.000029 0.000295 -0.000030
v 0.000015 0.000289 0.000017
v 0.000034 0.000215 -0.000033
v 0.000004 0.000216 -0.000061
v 0.000002 0.000290 -0.000059
v 0.000029 0.000295 -0.000030
v -0.000033 0.000284 -0.000057
v -0.000047 0.000292 -0.000003
v -0.000052 0.000354 0.000006
v -0.000049 0.000352 -0.000027
v -0.000047 0.000292 -0.000003
v -0.000030 0.000291 0.000022
v -0.000030 0.000354 0.000034
v -0.000052 0.000354 0.000006
v 0.000002 0.000290 -0.000059
v -0.000033 0.000284 -0.000057
v -0.000049 0.000352 -0.000027
v -0.000012 0.000358 -0.000033
v -0.000030 0.000291 0.000022
v 0.000015 0.000289 0.000017
v 0.000011 0.000355 0.000028
v -0.000030 0.000354 0.000034
v 0.000015 0.000289 0.000017
v 0.000029 0.000295 -0.000030
v 0.000018 0.000358 -0.000011
v 0.000011 0.000355 0.000028
v 0.000029 0.000295 -0.000030
v 0.000002 0.000290 -0.000059
v -0.000012 0.000358 -0.000033
v 0.000018 0.000358 -0.000011
v -0.000049 0.000352 -0.000027
v -0.000052 0.000354 0.000006
v -0.000053 0.000369 0.000011
v -0.000047 0.000375 -0.000018
v -0.000052 0.000354 0.000006
v -0.000030 0.000354 0.000034
v -0.000034 0.000369 0.000043
v -0.000053 0.000369 0.000011
v -0.000012 0.000358 -0.000033
v -0.000049 0.000352 -0.000027
v -0.000047 0.000375 -0.000018
v -0.000014 0.000379 -0.000023
v -0.000030 0.000354 0.000034
v 0.000011 0.000355 0.000028
v 0.000008 0.000374 0.000032
v -0.000034 0.000369 0.000043
v 0.000011 0.000355 0.000028
v 0.000018 0.000358 -0.000011
v 0.000015 0.000379 -0.000006
v 0.000008 0.000374 0.000032
v 0.000018 0.000358 -0.000011
v -0.000012 0.000358 -0.000033
v -0.000014 0.000379 -0.000023
v 0.000015 0.000379 -0.000006
v -0.000047 0.000375 -0.000018
v -0.000053 0.000369 0.000011
v -0.000056 0.000388 0.000014
v -0.000047 0.000390 -0.000024
v -0.000053 0.000369 0.000011
v -0.000034 0.000369 0.000043
v -0.000035 0.000392 0.000047
v -0.000056 0.000388 0.000014
v -0.000014 0.000379 -0.000023
v -0.000047 0.000375 -0.000018
v -0.000047 0.000390 -0.000024
v -0.000011 0.000393 -0.000028
v -0.000034 0.000369 0.000043
v 0.000008 0.000374 0.000032
v 0.000010 0.000395 0.000040
v -0.000035 0.000392 0.000047
v 0.000008 0.000374 0.000032
v 0.000015 0.000379 -0.000006
v 0.000019 0.000396 -0.000004
v 0.000010 0.000395 0.000040
v 0.000015 0.000379 -0.000006
v -0.000014 0.000379 -0.000023
v -0.000011 0.000393 -0.000028
v 0.000019 0.000396 -0.000004
v -0.000047 0.000390 -0.000024
v -0.000056 0.000388 0.000014
v -0.000069 0.000449 0.000013
v -0.000052 0.000450 -0.000032
v -0.000056 0.000388 0.000014
v -0.000035 0.000392 0.000047
v -0.000040 0.000464 0.000053
v -0.000069 0.000449 0.000013
v -0.000011 0.000393 -0.000028
v -0.000047 0.000390 -0.000024
v -0.000052 0.000450 -0.000032
v -0.000008 0.000458 -0.000043
v -0.000035 0.000392 0.000047
v 0.000010 0.000395 0.000040
v 0.000010 0.000475 0.000043
v -0.000040 0.000464 0.000053
v 0.000010 0.000395 0.000040
v 0.000019 0.000396 -0.000004
v 0.000026 0.000475 -0.000007
v 0.000010 0.000475 0.000043
v 0.000019 0.000396 -0.000004
v -0.000011 0.000393 -0.000028
v -0.000008 0.000458 -0.000043
v 0.000026 0.000475 -0.000007
v -0.000052 0.000450 -0.000032
v -0.000069 0.000449 0.000013
v -0.000081 0.000521 0.000012
v -0.000055 0.000519 -0.000041
v -0.000040 0.000464 0.000053
v -0.000045 0.000526 0.000057
v -0.000081 0.000521 0.000012
v -0.000069 0.000449 0.000013
v -0.000008 0.000458 -0.000043
v -0.000052 0.000450 -0.000032
v -0.000055 0.000519 -0.000041
v -0.000006 0.000510 -0.000047
v -0.000060 0.000585 -0.000045
v -0.000084 0.000592 0.000014
v -0.000087 0.000644 0.000014
v -0.000061 0.000643 -0.000056
v -0.000084 0.000592 0.000014
v -0.000050 0.000591 0.000054
v -0.000055 0.000629 0.000048
v -0.000087 0.000644 0.000014
v -0.000009 0.000591 -0.000061
v -0.000060 0.000585 -0.000045
v -0.000061 0.000643 -0.000056
v -0.000007 0.000633 -0.000081
v 0.000015 0.000606 0.000046
v 0.000030 0.000606 0.000047
v 0.000024 0.000644 0.000069
v -0.000008 0.000644 0.000061
v 0.000015 0.000606 0.000046
v -0.000008 0.000644 0.000061
v -0.000055 0.000629 0.000048
v -0.000050 0.000591 0.000054
v -0.000008 0.000644 0.000061
v 0.000024 0.000644 0.000069
v 0.000026 0.000679 0.000077
v -0.000014 0.000683 0.000070
v -0.000055 0.000629 0.000048
v -0.000008 0.000644 0.000061
v -0.000014 0.000683 0.000070
v -0.000051 0.000690 0.000048
v -0.000061 0.000643 -0.000056
v -0.000087 0.000644 0.000014
v -0.000062 0.000685 -0.000057
v -0.000087 0.000644 0.000014
v -0.000051 0.000690 0.000048
v -0.000073 0.000702 0.000012
v -0.000007 0.000633 -0.000081
v -0.000061 0.000643 -0.000056
v -0.000062 0.000685 -0.000057
v -0.000016 0.000678 -0.000083
v -0.000016 0.000678 -0.000083
v -0.000062 0.000685 -0.000057
v -0.000021 0.000713 -0.000077
v -0.000062 0.000685 -0.000057
v -0.000073 0.000702 0.000012
v -0.000055 0.000717 -0.000047
v -0.000007 0.000633 -0.000081
v -0.000016 0.000678 -0.000083
v 0.000011 0.000672 -0.000087
v 0.000011 0.000672 -0.000087
v -0.000016 0.000678 -0.000083
v -0.000021 0.000713 -0.000077
v 0.000015 0.000706 -0.000081
v 0.000026 0.000679 0.000077
v 0.000027 0.000716 0.000081
v -0.000012 0.000710 0.000068
v -0.000014 0.000683 0.000070
v -0.000051 0.000690 0.000048
v -0.000012 0.000710 0.000068
v -0.000044 0.000722 0.000045
v -0.000073 0.000702 0.000012
v -0.000051 0.000690 0.000048
v -0.000044 0.000722 0.000045
v -0.000063 0.000734 0.000010
v -0.000055 0.000717 -0.000047
v -0.000045 0.000742 -0.000034
v -0.000021 0.000740 -0.000064
v -0.000021 0.000713 -0.000077
v -0.000055 0.000717 -0.000047
v -0.000073 0.000702 0.000012
v -0.000063 0.000734 0.000010
v -0.000045 0.000742 -0.000034
v 0.000015 0.000706 -0.000081
v -0.000021 0.000713 -0.000077
v 0.000017 0.000729 -0.000073
v 0.000027 0.000716 0.000081
v 0.000028 0.000732 0.000079
v -0.000007 0.000735 0.000068
v -0.000012 0.000710 0.000068
v -0.000044 0.000722 0.000045
v -0.000012 0.000710 0.000068
v -0.000007 0.000735 0.000068
v -0.000038 0.000744 0.000049
v -0.000063 0.000734 0.000010
v -0.000044 0.000722 0.000045
v -0.000038 0.000744 0.000049
v -0.000048 0.000756 0.000011
v -0.000021 0.000740 -0.000064
v -0.000045 0.000742 -0.000034
v -0.000036 0.000757 -0.000029
v -0.000022 0.000761 -0.000051
v -0.000045 0.000742 -0.000034
v -0.000063 0.000734 0.000010
v -0.000048 0.000756 0.000011
v -0.000036 0.000757 -0.000029
v -0.000021 0.000740 -0.000064
v -0.000022 0.000761 -0.000051
v 0.000018 0.000753 -0.000060
v 0.000017 0.000729 -0.000073
v 0.000031 0.000765 0.000077
v 0.000033 0.000794 0.000079
v 0.000004 0.000796 0.000069
v -0.000004 0.000770 0.000070
v -0.000022 0.000774 0.000047
v -0.000004 0.000770 0.000070
v 0.000004 0.000796 0.000069
v -0.000019 0.000799 0.000048
v -0.000041 0.000781 0.000007
v -0.000022 0.000774 0.000047
v -0.000019 0.000799 0.000048
v -0.000037 0.000805 0.000007
v -0.000022 0.000761 -0.000051
v -0.000041 0.000781 0.000007
v -0.000037 0.000805 0.000007
v -0.000022 0.000799 -0.000024
v -0.000022 0.000761 -0.000051
v -0.000022 0.000799 -0.000024
v 0.000017 0.000791 -0.000041
v 0.000018 0.000753 -0.000060
v 0.000008 0.000832 0.000069
v 0.000035 0.000826 0.000075
v 0.000036 0.000845 0.000074
v 0.000017 0.000852 0.000079
v -0.000020 0.000821 0.000054
v 0.000008 0.000832 0.000069
v -0.000002 0.000847 0.000068
v -0.000032 0.000852 0.000050
v -0.000038 0.000830 0.000005
v -0.000020 0.000821 0.000054
v -0.000032 0.000852 0.000050
v -0.000043 0.000873 0.000003
v -0.000025 0.000835 -0.000023
v -0.000038 0.000830 0.000005
v -0.000043 0.000873 0.000003
v -0.000030 0.000881 -0.000039
v 0.000015 0.000832 -0.000041
v -0.000025 0.000835 -0.000023
v -0.000030 0.000881 -0.000039
v 0.000008 0.000895 -0.000062
v 0.000017 0.000852 0.000079
v 0.000036 0.000845 0.000074
v 0.000035 0.000873 0.000078
v 0.000012 0.000874 0.000083
v -0.000032 0.000852 0.000050
v -0.000002 0.000847 0.000068
v -0.000014 0.000862 0.000072
v -0.000044 0.000881 0.000049
v -0.000043 0.000873 0.000003
v -0.000032 0.000852 0.000050
v -0.000044 0.000881 0.000049
v -0.000053 0.000921 -0.000004
v -0.000030 0.000881 -0.000039
v -0.000043 0.000873 0.000003
v -0.000053 0.000921 -0.000004
v -0.000056 0.000936 -0.000048
v 0.000008 0.000895 -0.000062
v -0.000030 0.000881 -0.000039
v -0.000036 0.000946 -0.000069
v 0.000001 0.000957 -0.000076
v -0.000014 0.000862 0.000072
v -0.000002 0.000847 0.000068
v 0.000017 0.000852 0.000079
v 0.000012 0.000874 0.000083
v 0.000017 0.000852 0.000079
v -0.000002 0.000847 0.000068
v 0.000008 0.000832 0.000069
v -0.000030 0.000881 -0.000039
v -0.000056 0.000936 -0.000048
v -0.000066 0.000961 -0.000056
v -0.000036 0.000946 -0.000069
v -0.000036 0.000946 -0.000069
v -0.000066 0.000961 -0.000056
v -0.000059 0.000997 -0.000049
v -0.000059 0.000997 -0.000049
v -0.000091 0.000972 -0.000040
v -0.000095 0.000972 -0.000011
v -0.000060 0.001005 -0.000015
v -0.000060 0.001005 -0.000015
v -0.000095 0.000972 -0.000011
v -0.000078 0.000963 0.000010
v -0.000050 0.000987 0.000015
v -0.000050 0.000987 0.000015
v -0.000056 0.000941 0.000025
v -0.000049 0.000922 0.000046
v -0.000049 0.000922 0.000046
v -0.000056 0.000941 0.000025
v -0.000053 0.000921 -0.000004
v -0.000044 0.000881 0.000049
v -0.000056 0.000936 -0.000048
v -0.000053 0.000921 -0.000004
v -0.000049 0.000925 -0.000022
v -0.000072 0.000920 -0.000046
v -0.000066 0.000961 -0.000056
v -0.000056 0.000936 -0.000048
v -0.000072 0.000920 -0.000046
v -0.000092 0.000925 -0.000054
v -0.000091 0.000972 -0.000040
v -0.000066 0.000961 -0.000056
v -0.000092 0.000925 -0.000054
v -0.000113 0.000936 -0.000033
v -0.000095 0.000972 -0.000011
v -0.000091 0.000972 -0.000040
v -0.000113 0.000936 -0.000033
v -0.000108 0.000935 -0.000008
v -0.000078 0.000963 0.000010
v -0.000095 0.000972 -0.000011
v -0.000108 0.000935 -0.000008
v -0.000085 0.000932 0.000008
v -0.000059 0.000949 0.000010
v -0.000078 0.000963 0.000010
v -0.000085 0.000932 0.000008
v -0.000071 0.000927 0.000006
v -0.000053 0.000921 -0.000004
v -0.000059 0.000949 0.000010
v -0.000071 0.000927 0.000006
v -0.000049 0.000925 -0.000022
v -0.000072 0.000920 -0.000046
v -0.000049 0.000925 -0.000022
v -0.000055 0.000896 -0.000022
v -0.000070 0.000895 -0.000052
v -0.000092 0.000925 -0.000054
v -0.000072 0.000920 -0.000046
v -0.000070 0.000895 -0.000052
v -0.000102 0.000900 -0.000052
v -0.000113 0.000936 -0.000033
v -0.000092 0.000925 -0.000054
v -0.000102 0.000900 -0.000052
v -0.000116 0.000892 -0.000038
v -0.000108 0.000935 -0.000008
v -0.000113 0.000936 -0.000033
v -0.000116 0.000892 -0.000038
v -0.000112 0.000881 -0.000017
v -0.000085 0.000932 0.000008
v -0.000108 0.000935 -0.000008
v -0.000112 0.000881 -0.000017
v -0.000097 0.000888 -0.000002
v -0.000071 0.000927 0.000006
v -0.000085 0.000932 0.000008
v -0.000097 0.000888 -0.000002
v -0.000071 0.000892 -0.000003
v -0.000049 0.000925 -0.000022
v -0.000071 0.000927 0.000006
v -0.000071 0.000892 -0.000003
v -0.000055 0.000896 -0.000022
v -0.000070 0.000895 -0.000052
v -0.000055 0.000896 -0.000022
v -0.000064 0.000829 -0.000028
v -0.000073 0.000828 -0.000053
v -0.000102 0.000900 -0.000052
v -0.000070 0.000895 -0.000052
v -0.000073 0.000828 -0.000053
v -0.000100 0.000839 -0.000063
v -0.000116 0.000892 -0.000038
v -0.000102 0.000900 -0.000052
v -0.000100 0.000839 -0.000063
v -0.000117 0.000838 -0.000044
v -0.000112 0.000881 -0.000017
v -0.000116 0.000892 -0.000038
v -0.000117 0.000838 -0.000044
v -0.000118 0.000838 -0.000026
v -0.000097 0.000888 -0.000002
v -0.000112 0.000881 -0.000017
v -0.000118 0.000838 -0.000026
v -0.000103 0.000837 -0.000011
v -0.000071 0.000892 -0.000003
v -0.000097 0.000888 -0.000002
v -0.000103 0.000837 -0.000011
v -0.000077 0.000834 -0.000013
v -0.000055 0.000896 -0.000022
v -0.000071 0.000892 -0.000003
v -0.000077 0.000834 -0.000013
v -0.000064 0.000829 -0.000028
v -0.000073 0.000828 -0.000053
v -0.000064 0.000829 -0.000028
v -0.000076 0.000787 -0.000034
v -0.000085 0.000788 -0.000058
v -0.000100 0.000839 -0.000063
v -0.000073 0.000828 -0.000053
v -0.000085 0.000788 -0.000058
v -0.000108 0.000786 -0.000062
v -0.000117 0.000838 -0.000044
v -0.000100 0.000839 -0.000063
v -0.000108 0.000786 -0.000062
v -0.000120 0.000786 -0.000053
v -0.000118 0.000838 -0.000026
v -0.000117 0.000838 -0.000044
v -0.000120 0.000786 -0.000053
v -0.000120 0.000790 -0.000031
v -0.000103 0.000837 -0.000011
v -0.000118 0.000838 -0.000026
v -0.000120 0.000790 -0.000031
v -0.000111 0.000787 -0.000018
v -0.000077 0.000834 -0.000013
v -0.000103 0.000837 -0.000011
v -0.000111 0.000787 -0.000018
v -0.000090 0.000777 -0.000021
v -0.000064 0.000829 -0.000028
v -0.000077 0.000834 -0.000013
v -0.000090 0.000777 -0.000021
v -0.000076 0.000787 -0.000034
v -0.000085 0.000788 -0.000058
v -0.000076 0.000787 -0.000034
v -0.000073 0.000774 -0.000036
v -0.000084 0.000770 -0.000062
v -0.000108 0.000786 -0.000062
v -0.000085 0.000788 -0.000058
v -0.000084 0.000770 -0.000062
v -0.000107 0.000771 -0.000065
v -0.000120 0.000786 -0.000053
v -0.000108 0.000786 -0.000062
v -0.000107 0.000771 -0.000065
v -0.000124 0.000769 -0.000055
v -0.000120 0.000790 -0.000031
v -0.000120 0.000786 -0.000053
v -0.000124 0.000769 -0.000055
v -0.000123 0.000769 -0.000036
v -0.000111 0.000787 -0.000018
v -0.000120 0.000790 -0.000031
v -0.000123 0.000769 -0.000036
v -0.000112 0.000769 -0.000019
v -0.000090 0.000777 -0.000021
v -0.000111 0.000787 -0.000018
v -0.000112 0.000769 -0.000019
v -0.000093 0.000764 -0.000021
v -0.000076 0.000787 -0.000034
v -0.000090 0.000777 -0.000021
v -0.000093 0.000764 -0.000021
v -0.000073 0.000774 -0.000036
v -0.000084 0.000770 -0.000062
v -0.000073 0.000774 -0.000036
v -0.000074 0.000723 -0.000040
v -0.000082 0.000725 -0.000059
v -0.000107 0.000771 -0.000065
v -0.000084 0.000770 -0.000062
v -0.000082 0.000725 -0.000059
v -0.000109 0.000730 -0.000065
v -0.000124 0.000769 -0.000055
v -0.000107 0.000771 -0.000065
v -0.000109 0.000730 -0.000065
v -0.000127 0.000728 -0.000052
v -0.000123 0.000769 -0.000036
v -0.000124 0.000769 -0.000055
v -0.000127 0.000728 -0.000052
v -0.000129 0.000725 -0.000035
v -0.000112 0.000769 -0.000019
v -0.000123 0.000769 -0.000036
v -0.000129 0.000725 -0.000035
v -0.000117 0.000723 -0.000015
v -0.000093 0.000764 -0.000021
v -0.000112 0.000769 -0.000019
v -0.000117 0.000723 -0.000015
v -0.000089 0.000725 -0.000019
v -0.000073 0.000774 -0.000036
v -0.000093 0.000764 -0.000021
v -0.000089 0.000725 -0.000019
v -0.000074 0.000723 -0.000040
v -0.000074 0.000723 -0.000040
v -0.000088 0.000673 -0.000034
v -0.000095 0.000674 -0.000049
v -0.000082 0.000725 -0.000059
v -0.000082 0.000725 -0.000059
v -0.000095 0.000674 -0.000049
v -0.000111 0.000678 -0.000058
v -0.000109 0.000730 -0.000065
v -0.000127 0.000728 -0.000052
v -0.000109 0.000730 -0.000065
v -0.000111 0.000678 -0.000058
v -0.000123 0.000676 -0.000050
v -0.000129 0.000725 -0.000035
v -0.000127 0.000728 -0.000052
v -0.000123 0.000676 -0.000050
v -0.000124 0.000673 -0.000034
v -0.000117 0.000723 -0.000015
v -0.000129 0.000725 -0.000035
v -0.000124 0.000673 -0.000034
v -0.000115 0.000671 -0.000020
v -0.000117 0.000723 -0.000015
v -0.000115 0.000671 -0.000020
v -0.000094 0.000672 -0.000020
v -0.000089 0.000725 -0.000019
v -0.000089 0.000725 -0.000019
v -0.000094 0.000672 -0.000020
v -0.000088 0.000673 -0.000034
v -0.000074 0.000723 -0.000040
v -0.000097 0.000649 -0.000045
v -0.000093 0.000648 -0.000033
v -0.000096 0.000632 -0.000031
v -0.000099 0.000632 -0.000043
v -0.000110 0.000645 -0.000055
v -0.000097 0.000649 -0.000045
v -0.000099 0.000632 -0.000043
v -0.000110 0.000631 -0.000054
v -0.000121 0.000647 -0.000050
v -0.000110 0.000645 -0.000055
v -0.000110 0.000631 -0.000054
v -0.000121 0.000633 -0.000051
v -0.000124 0.000645 -0.000037
v -0.000121 0.000647 -0.000050
v -0.000121 0.000633 -0.000051
v -0.000124 0.000632 -0.000039
v -0.000116 0.000644 -0.000024
v -0.000124 0.000645 -0.000037
v -0.000124 0.000632 -0.000039
v -0.000116 0.000633 -0.000025
v -0.000097 0.000649 -0.000023
v -0.000116 0.000644 -0.000024
v -0.000116 0.000633 -0.000025
v -0.000101 0.000634 -0.000023
v -0.000093 0.000648 -0.000033
v -0.000097 0.000649 -0.000023
v -0.000101 0.000634 -0.000023
v -0.000096 0.000632 -0.000031
v -0.000099 0.000632 -0.000043
v -0.000096 0.000632 -0.000031
v -0.000096 0.000622 -0.000029
v -0.000100 0.000621 -0.000038
v -0.000110 0.000631 -0.000054
v -0.000099 0.000632 -0.000043
v -0.000100 0.000621 -0.000038
v -0.000108 0.000616 -0.000053
v -0.000121 0.000633 -0.000051
v -0.000110 0.000631 -0.000054
v -0.000108 0.000616 -0.000053
v -0.000119 0.000617 -0.000052
v -0.000124 0.000632 -0.000039
v -0.000121 0.000633 -0.000051
v -0.000119 0.000617 -0.000052
v -0.000128 0.000618 -0.000041
v -0.000116 0.000633 -0.000025
v -0.000124 0.000632 -0.000039
v -0.000128 0.000618 -0.000041
v -0.000121 0.000623 -0.000024
v -0.000101 0.000634 -0.000023
v -0.000116 0.000633 -0.000025
v -0.000121 0.000623 -0.000024
v -0.000105 0.000625 -0.000015
v -0.000096 0.000632 -0.000031
v -0.000101 0.000634 -0.000023
v -0.000105 0.000625 -0.000015
v -0.000096 0.000622 -0.000029
v -0.000119 0.000617 -0.000052
v -0.000108 0.000616 -0.000053
v -0.000113 0.000590 -0.000047
v -0.000125 0.000594 -0.000052
v -0.000128 0.000618 -0.000041
v -0.000119 0.000617 -0.000052
v -0.000125 0.000594 -0.000052
v -0.000136 0.000596 -0.000041
v -0.000121 0.000623 -0.000024
v -0.000128 0.000618 -0.000041
v -0.000136 0.000596 -0.000041
v -0.000133 0.000601 -0.000010
v -0.000105 0.000625 -0.000015
v -0.000118 0.000606 -0.000005
v -0.000110 0.000612 -0.000001
v -0.000105 0.000625 -0.000015
v -0.000110 0.000612 -0.000001
v -0.000094 0.000609 -0.000011
v -0.000096 0.000622 -0.000029
v -0.000100 0.000621 -0.000038
v -0.000097 0.000600 -0.000020
v -0.000110 0.000596 -0.000027
v -0.000100 0.000621 -0.000038
v -0.000110 0.000596 -0.000027
v -0.000113 0.000590 -0.000047
v -0.000108 0.000616 -0.000053
v -0.000121 0.000623 -0.000024
v -0.000133 0.000601 -0.000010
v -0.000118 0.000606 -0.000005
v -0.000105 0.000625 -0.000015
v -0.000096 0.000622 -0.000029
v -0.000094 0.000609 -0.000011
v -0.000097 0.000600 -0.000020
v -0.000100 0.000621 -0.000038
v -0.000113 0.000574 -0.000009
v -0.000107 0.000583 -0.000008
v -0.000116 0.000588 -0.000000
v -0.000125 0.000578 0.000001
v -0.000092 0.000594 0.000001
v -0.000110 0.000598 0.000008
v -0.000110 0.000572 0.000011
v -0.000098 0.000570 0.000007
v -0.000107 0.000583 -0.000008
v -0.000092 0.000594 0.000001
v -0.000098 0.000570 0.000007
v -0.000103 0.000565 -0.000008
v -0.000110 0.000598 0.000008
v -0.000116 0.000588 -0.000000
v -0.000114 0.000565 0.000002
v -0.000110 0.000572 0.000011
v -0.000116 0.000588 -0.000000
v -0.000107 0.000583 -0.000008
v -0.000103 0.000565 -0.000008
v -0.000114 0.000565 0.000002
v -0.000098 0.000570 0.000007
v -0.000110 0.000572 0.000011
v -0.000109 0.000550 0.000015
v -0.000097 0.000549 0.000010
v -0.000103 0.000565 -0.000008
v -0.000098 0.000570 0.000007
v -0.000097 0.000549 0.000010
v -0.000102 0.000549 -0.000001
v -0.000110 0.000572 0.000011
v -0.000114 0.000565 0.000002
v -0.000114 0.000549 0.000005
v -0.000109 0.000550 0.000015
v -0.000114 0.000565 0.000002
v -0.000103 0.000565 -0.000008
v -0.000102 0.000549 -0.000001
v -0.000114 0.000549 0.000005
v -0.000109 0.000550 0.000015
v -0.000114 0.000549 0.000005
v -0.000102 0.000549 -0.000001
v -0.000097 0.000549 0.000010
v -0.000113 0.000590 -0.000047
v -0.000117 0.000569 -0.000044
v -0.000128 0.000573 -0.000053
v -0.000125 0.000594 -0.000052
v -0.000128 0.000573 -0.000053
v -0.000135 0.000570 -0.000037
v -0.000136 0.000596 -0.000041
v -0.000125 0.000594 -0.000052
v -0.000134 0.000573 -0.000011
v -0.000125 0.000578 0.000001
v -0.000133 0.000601 -0.000010
v -0.000116 0.000588 -0.000000
v -0.000110 0.000598 0.000008
v -0.000110 0.000612 -0.000001
v -0.000118 0.000606 -0.000005
v -0.000110 0.000612 -0.000001
v -0.000110 0.000598 0.000008
v -0.000092 0.000594 0.000001
v -0.000094 0.000609 -0.000011
v -0.000107 0.000583 -0.000008
v -0.000113 0.000574 -0.000009
v -0.000110 0.000596 -0.000027
v -0.000097 0.000600 -0.000020
v -0.000110 0.000596 -0.000027
v -0.000113 0.000574 -0.000009
v -0.000117 0.000569 -0.000044
v -0.000113 0.000590 -0.000047
v -0.000133 0.000601 -0.000010
v -0.000125 0.000578 0.000001
v -0.000116 0.000588 -0.000000
v -0.000118 0.000606 -0.000005
v -0.000092 0.000594 0.000001
v -0.000107 0.000583 -0.000008
v -0.000097 0.000600 -0.000020
v -0.000094 0.000609 -0.000011
v -0.000135 0.000570 -0.000037
v -0.000134 0.000573 -0.000011
v -0.000133 0.000601 -0.000010
v -0.000136 0.000596 -0.000041
v -0.000128 0.000573 -0.000053
v -0.000117 0.000569 -0.000044
v -0.000117 0.000544 -0.000038
v -0.000125 0.000551 -0.000049
v -0.000135 0.000570 -0.000037
v -0.000128 0.000573 -0.000053
v -0.000125 0.000551 -0.000049
v -0.000133 0.000554 -0.000033
v -0.000134 0.000573 -0.000011
v -0.000135 0.000570 -0.000037
v -0.000133 0.000554 -0.000033
v -0.000133 0.000548 -0.000007
v -0.000117 0.000569 -0.000044
v -0.000113 0.000574 -0.000009
v -0.000121 0.000547 -0.000021
v -0.000117 0.000544 -0.000038
v -0.000113 0.000574 -0.000009
v -0.000125 0.000578 0.000001
v -0.000129 0.000554 0.000008
v -0.000118 0.000551 0.000007
v -0.000125 0.000578 0.000001
v -0.000134 0.000573 -0.000011
v -0.000133 0.000548 -0.000007
v -0.000129 0.000554 0.000008
v -0.000133 0.000548 -0.000007
v -0.000133 0.000531 -0.000025
v -0.000131 0.000518 -0.000020
v -0.000129 0.000522 -0.000001
v -0.000118 0.000551 0.000007
v -0.000129 0.000554 0.000008
v -0.000125 0.000533 0.000013
v -0.000115 0.000535 0.000010
v -0.000129 0.000554 0.000008
v -0.000133 0.000548 -0.000007
v -0.000129 0.000522 -0.000001
v -0.000125 0.000533 0.000013
v -0.000113 0.000574 -0.000009
v -0.000118 0.000551 0.000007
v -0.000121 0.000547 -0.000021
v -0.000115 0.000535 0.000010
v -0.000119 0.000520 -0.000017
v -0.000121 0.000532 -0.000020
v -0.000119 0.000520 -0.000017
v -0.000129 0.000522 -0.000001
v -0.000131 0.000518 -0.000020
v -0.000115 0.000535 0.000010
v -0.000125 0.000533 0.000013
v -0.000129 0.000522 -0.000001
v -0.000119 0.000520 -0.000017
v -0.000133 0.000548 -0.000007
v -0.000133 0.000554 -0.000033
v -0.000133 0.000531 -0.000025
v -0.000133 0.000554 -0.000033
v -0.000125 0.000551 -0.000049
v -0.000124 0.000532 -0.000042
v -0.000133 0.000531 -0.000025
v -0.000124 0.000532 -0.000042
v -0.000125 0.000551 -0.000049
v -0.000117 0.000544 -0.000038
v -0.000118 0.000534 -0.000035
v -0.000118 0.000534 -0.000035
v -0.000117 0.000544 -0.000038
v -0.000121 0.000547 -0.000021
v -0.000121 0.000532 -0.000020
v -0.000121 0.000547 -0.000021
v -0.000118 0.000551 0.000007
v -0.000115 0.000535 0.000010
v -0.000121 0.000532 -0.000020
v -0.000118 0.000534 -0.000035
v -0.000121 0.000532 -0.000020
v -0.000133 0.000531 -0.000025
v -0.000124 0.000532 -0.000042
v -0.000121 0.000532 -0.000020
v -0.000119 0.000520 -0.000017
v -0.000131 0.000518 -0.000020
v -0.000133 0.000531 -0.000025
v 0.000009 0.000960 0.000052
v 0.000032 0.000951 0.000052
v 0.000028 0.000998 0.000032
v 0.000005 0.000998 0.000024
v -0.000049 0.000922 0.000046
v -0.000024 0.000950 0.000052
v -0.000030 0.000989 0.000019
v -0.000050 0.000987 0.000015
v -0.000024 0.000950 0.000052
v 0.000009 0.000960 0.000052
v -0.000030 0.000989 0.000019
v -0.000050 0.000987 0.000015
v -0.000030 0.000989 0.000019
v -0.000038 0.001010 -0.000016
v -0.000060 0.001005 -0.000015
v -0.000030 0.000989 0.000019
v 0.000005 0.000998 0.000024
v -0.000009 0.001021 -0.000001
v -0.000038 0.001010 -0.000016
v -0.000060 0.001005 -0.000015
v -0.000038 0.001010 -0.000016
v -0.000023 0.001008 -0.000051
v -0.000059 0.000997 -0.000049
v -0.000038 0.001010 -0.000016
v -0.000009 0.001021 -0.000001
v 0.000003 0.001034 -0.000029
v -0.000023 0.001008 -0.000051
v 0.000001 0.000957 -0.000076
v -0.000036 0.000946 -0.000069
v -0.000059 0.000997 -0.000049
v -0.000023 0.001008 -0.000051
v 0.000003 0.001034 -0.000029
v 0.000026 0.001039 -0.000032
v 0.000029 0.001008 -0.000053
v -0.000023 0.001008 -0.000051
v 0.000001 0.000957 -0.000076
v -0.000023 0.001008 -0.000051
v 0.000029 0.001008 -0.000053
v 0.000034 0.000955 -0.000076
v 0.000005 0.000998 0.000024
v 0.000028 0.000998 0.000032
v 0.000025 0.001031 0.000030
v 0.000010 0.001035 0.000021
v -0.000009 0.001021 -0.000001
v 0.000005 0.000998 0.000024
v 0.000010 0.001035 0.000021
v -0.000008 0.001050 0.000002
v 0.000003 0.001034 -0.000029
v -0.000009 0.001021 -0.000001
v -0.000008 0.001050 0.000002
v 0.000001 0.001063 -0.000023
v 0.000010 0.001035 0.000021
v 0.000025 0.001031 0.000030
v 0.000023 0.001049 0.000036
v 0.000008 0.001055 0.000030
v 0.000010 0.001035 0.000021
v 0.000008 0.001055 0.000030
v -0.000005 0.001065 0.000023
v 0.000001 0.001063 -0.000023
v -0.000008 0.001050 0.000002
v -0.000009 0.001078 0.000002
v -0.000000 0.001091 -0.000027
v -0.000005 0.001065 0.000023
v -0.000009 0.001078 0.000002
v -0.000008 0.001050 0.000002
v 0.000010 0.001035 0.000021
v 0.000023 0.001049 0.000036
v 0.000022 0.001057 0.000078
v 0.000002 0.001064 0.000071
v 0.000008 0.001055 0.000030
v -0.000005 0.001065 0.000023
v 0.000008 0.001055 0.000030
v 0.000002 0.001064 0.000071
v -0.000013 0.001078 0.000055
v 0.000008 0.001079 0.000074
v 0.000011 0.001086 0.000078
v 0.000004 0.001088 0.000071
v -0.000008 0.001085 0.000066
v 0.000011 0.001086 0.000078
v 0.000022 0.001085 0.000081
v 0.000022 0.001088 0.000079
v 0.000004 0.001088 0.000071
v 0.000022 0.001088 0.000079
v 0.000022 0.001092 0.000082
v 0.000013 0.001093 0.000080
v 0.000004 0.001088 0.000071
v 0.000004 0.001088 0.000071
v 0.000013 0.001093 0.000080
v 0.000010 0.001105 0.000077
v -0.000014 0.001105 0.000065
v 0.000013 0.001093 0.000080
v 0.000022 0.001092 0.000082
v 0.000022 0.001104 0.000081
v 0.000010 0.001105 0.000077
v 0.000022 0.001104 0.000081
v 0.000022 0.001112 0.000090
v 0.000016 0.001110 0.000087
v 0.000010 0.001105 0.000077
v 0.000016 0.001110 0.000087
v 0.000022 0.001112 0.000090
v 0.000023 0.001137 0.000074
v 0.000021 0.001136 0.000070
v 0.000021 0.001136 0.000070
v 0.000023 0.001137 0.000074
v 0.000023 0.001146 0.000073
v 0.000010 0.001148 0.000071
v 0.000010 0.001148 0.000071
v 0.000023 0.001146 0.000073
v 0.000023 0.001163 0.000067
v 0.000007 0.001160 0.000067
v 0.000016 0.001110 0.000087
v 0.000014 0.001121 0.000075
v 0.000010 0.001105 0.000077
v 0.000003 0.001132 0.000063
v 0.000021 0.001136 0.000070
v 0.000010 0.001148 0.000071
v -0.000006 0.001145 0.000065
v 0.000003 0.001132 0.000063
v -0.000006 0.001145 0.000065
v -0.000014 0.001140 0.000059
v -0.000018 0.001130 0.000056
v 0.000016 0.001110 0.000087
v 0.000021 0.001136 0.000070
v 0.000014 0.001121 0.000075
v 0.000014 0.001121 0.000075
v 0.000021 0.001136 0.000070
v 0.000003 0.001132 0.000063
v 0.000014 0.001121 0.000075
v 0.000003 0.001132 0.000063
v -0.000018 0.001130 0.000056
v -0.000017 0.001118 0.000061
v 0.000010 0.001105 0.000077
v 0.000014 0.001121 0.000075
v -0.000017 0.001118 0.000061
v -0.000014 0.001105 0.000065
v -0.000008 0.001085 0.000066
v -0.000013 0.001078 0.000055
v 0.000002 0.001064 0.000071
v 0.000008 0.001079 0.000074
v 0.000002 0.001064 0.000071
v 0.000022 0.001057 0.000078
v 0.000022 0.001076 0.000078
v 0.000008 0.001079 0.000074
v -0.000014 0.001105 0.000065
v -0.000008 0.001085 0.000066
v 0.000004 0.001088 0.000071
v -0.000014 0.001105 0.000065
v -0.000017 0.001118 0.000061
v -0.000026 0.001116 0.000043
v -0.000024 0.001099 0.000045
v -0.000008 0.001085 0.000066
v -0.000014 0.001105 0.000065
v -0.000024 0.001099 0.000045
v -0.000013 0.001078 0.000055
v -0.000009 0.001078 0.000002
v -0.000005 0.001065 0.000023
v -0.000021 0.001091 0.000021
v -0.000006 0.001145 0.000065
v 0.000010 0.001148 0.000071
v 0.000007 0.001160 0.000067
v -0.000007 0.001160 0.000060
v -0.000014 0.001140 0.000059
v -0.000006 0.001145 0.000065
v -0.000007 0.001160 0.000060
v -0.000017 0.001157 0.000052
v -0.000018 0.001130 0.000056
v -0.000014 0.001140 0.000059
v -0.000017 0.001157 0.000052
v -0.000027 0.001132 0.000041
v -0.000017 0.001118 0.000061
v -0.000018 0.001130 0.000056
v -0.000027 0.001132 0.000041
v -0.000026 0.001116 0.000043
v 0.000007 0.001160 0.000067
v 0.000023 0.001163 0.000067
v 0.000023 0.001192 0.000050
v 0.000003 0.001190 0.000047
v -0.000007 0.001160 0.000060
v 0.000007 0.001160 0.000067
v 0.000003 0.001190 0.000047
v -0.000006 0.001183 0.000035
v -0.000017 0.001157 0.000052
v -0.000007 0.001160 0.000060
v -0.000006 0.001183 0.000035
v -0.000023 0.001164 0.000023
v -0.000027 0.001132 0.000041
v -0.000017 0.001157 0.000052
v -0.000023 0.001164 0.000023
v -0.000026 0.001137 0.000011
v -0.000026 0.001116 0.000043
v -0.000027 0.001132 0.000041
v -0.000026 0.001137 0.000011
v -0.000030 0.001121 0.000017
v -0.000005 0.001065 0.000023
v -0.000013 0.001078 0.000055
v -0.000024 0.001099 0.000045
v -0.000021 0.001091 0.000021
v -0.000021 0.001091 0.000021
v -0.000024 0.001099 0.000045
v -0.000026 0.001116 0.000043
v -0.000023 0.001106 0.000015
v -0.000026 0.001116 0.000043
v -0.000030 0.001121 0.000017
v -0.000023 0.001106 0.000015
v -0.000009 0.001078 0.000002
v -0.000021 0.001091 0.000021
v -0.000023 0.001106 0.000015
v -0.000018 0.001101 -0.000001
v 0.000003 0.001190 0.000047
v 0.000023 0.001192 0.000050
v 0.000024 0.001208 0.000008
v 0.000004 0.001205 0.000007
v -0.000006 0.001183 0.000035
v 0.000003 0.001190 0.000047
v 0.000004 0.001205 0.000007
v -0.000006 0.001195 0.000006
v -0.000023 0.001164 0.000023
v -0.000006 0.001183 0.000035
v -0.000006 0.001195 0.000006
v -0.000024 0.001165 -0.000003
v -0.000026 0.001137 0.000011
v -0.000023 0.001164 0.000023
v -0.000024 0.001165 -0.000003
v -0.000024 0.001137 -0.000003
v -0.000000 0.001091 -0.000027
v -0.000009 0.001078 0.000002
v -0.000018 0.001101 -0.000001
v 0.000000 0.001108 -0.000033
v 0.000004 0.001205 0.000007
v 0.000024 0.001208 0.000008
v 0.000024 0.001186 -0.000036
v 0.000004 0.001184 -0.000035
v -0.000006 0.001195 0.000006
v 0.000004 0.001205 0.000007
v 0.000004 0.001184 -0.000035
v -0.000017 0.001171 -0.000029
v -0.000024 0.001165 -0.000003
v -0.000006 0.001195 0.000006
v -0.000017 0.001171 -0.000029
v -0.000024 0.001152 -0.000016
v -0.000024 0.001137 -0.000003
v -0.000024 0.001165 -0.000003
v -0.000024 0.001152 -0.000016
v -0.000024 0.001137 -0.000003
v -0.000024 0.001152 -0.000016
v -0.000021 0.001129 -0.000024
v -0.000027 0.001123 -0.000009
v -0.000027 0.001123 -0.000009
v -0.000021 0.001129 -0.000024
v 0.000000 0.001108 -0.000033
v -0.000018 0.001101 -0.000001
v -0.000030 0.001121 0.000017
v -0.000026 0.001137 0.000011
v -0.000035 0.001138 -0.000001
v -0.000028 0.001123 -0.000008
v -0.000023 0.001106 0.000015
v -0.000030 0.001121 0.000017
v -0.000028 0.001123 -0.000008
v -0.000025 0.001105 0.000003
v -0.000028 0.001123 -0.000008
v -0.000035 0.001138 -0.000001
v -0.000024 0.001137 -0.000003
v -0.000027 0.001123 -0.000009
v -0.000025 0.001105 0.000003
v -0.000028 0.001123 -0.000008
v -0.000027 0.001123 -0.000009
v -0.000018 0.001101 -0.000001
v -0.000024 0.001137 -0.000003
v -0.000035 0.001138 -0.000001
v -0.000026 0.001137 0.000011
v -0.000023 0.001106 0.000015
v -0.000025 0.001105 0.000003
v -0.000018 0.001101 -0.000001
v 0.000004 0.001184 -0.000035
v 0.000024 0.001186 -0.000036
v 0.000024 0.001149 -0.000054
v 0.000001 0.001148 -0.000052
v -0.000017 0.001171 -0.000029
v 0.000004 0.001184 -0.000035
v 0.000001 0.001148 -0.000052
v -0.000017 0.001149 -0.000035
v 0.000001 0.001148 -0.000052
v 0.000024 0.001149 -0.000054
v 0.000024 0.001109 -0.000047
v 0.000000 0.001108 -0.000033
v 0.000000 0.001108 -0.000033
v -0.000021 0.001129 -0.000024
v -0.000017 0.001149 -0.000035
v 0.000001 0.001148 -0.000052
v -0.000017 0.001149 -0.000035
v -0.000021 0.001129 -0.000024
v -0.000024 0.001152 -0.000016
v -0.000017 0.001171 -0.000029
v -0.000003 0.000144 -0.000053
v 0.000015 0.000147 -0.000062
v 0.000022 0.000105 -0.000062
v 0.000006 0.000102 -0.000053
v 0.000004 0.000139 0.000001
v -0.000014 0.000138 -0.000021
v -0.000003 0.000099 -0.000027
v 0.000011 0.000104 -0.000007
v -0.000014 0.000138 -0.000021
v -0.000003 0.000144 -0.000053
v 0.000006 0.000102 -0.000053
v -0.000003 0.000099 -0.000027
v 0.000024 0.000148 -0.000008
v 0.000004 0.000139 0.000001
v 0.000011 0.000104 -0.000007
v 0.000029 0.000106 -0.000018
v 0.000028 0.000152 -0.000041
v 0.000024 0.000148 -0.000008
v 0.000029 0.000106 -0.000018
v 0.000034 0.000106 -0.000047
v 0.000015 0.000147 -0.000062
v 0.000028 0.000152 -0.000041
v 0.000034 0.000106 -0.000047
v 0.000022 0.000105 -0.000062
v 0.000006 0.000102 -0.000053
v 0.000022 0.000105 -0.000062
v 0.000025 0.000084 -0.000066
v 0.000006 0.000079 -0.000055
v 0.000011 0.000104 -0.000007
v -0.000003 0.000099 -0.000027
v -0.000004 0.000072 -0.000027
v 0.000010 0.000085 0.000001
v -0.000003 0.000099 -0.000027
v 0.000006 0.000102 -0.000053
v 0.000006 0.000079 -0.000055
v -0.000004 0.000072 -0.000027
v 0.000029 0.000106 -0.000018
v 0.000011 0.000104 -0.000007
v 0.000010 0.000085 0.000001
v 0.000035 0.000084 -0.000012
v 0.000034 0.000106 -0.000047
v 0.000029 0.000106 -0.000018
v 0.000035 0.000084 -0.000012
v 0.000040 0.000088 -0.000050
v 0.000022 0.000105 -0.000062
v 0.000034 0.000106 -0.000047
v 0.000040 0.000088 -0.000050
v 0.000025 0.000084 -0.000066
v 0.000006 0.000079 -0.000055
v 0.000025 0.000084 -0.000066
v 0.000034 0.000063 -0.000068
v 0.000009 0.000058 -0.000058
v -0.000004 0.000072 -0.000027
v 0.000006 0.000079 -0.000055
v 0.000009 0.000058 -0.000058
v -0.000010 0.000047 -0.000031
v 0.000040 0.000088 -0.000050
v 0.000035 0.000084 -0.000012
v 0.000029 0.000055 -0.000016
v 0.000045 0.000069 -0.000041
v 0.000025 0.000084 -0.000066
v 0.000040 0.000088 -0.000050
v 0.000045 0.000069 -0.000041
v 0.000034 0.000063 -0.000068
v 0.000010 0.000085 0.000001
v -0.000004 0.000072 -0.000027
v -0.000024 0.000043 -0.000002
v -0.000009 0.000043 0.000035
v 0.000035 0.000084 -0.000012
v 0.000010 0.000085 0.000001
v -0.000009 0.000043 0.000035
v 0.000020 0.000044 0.000026
v -0.000004 0.000072 -0.000027
v -0.000010 0.000047 -0.000031
v -0.000039 0.000019 -0.000000
v -0.000024 0.000043 -0.000002
v 0.000029 0.000055 -0.000016
v 0.000035 0.000084 -0.000012
v 0.000020 0.000044 0.000026
v 0.000023 0.000011 0.000026
v -0.000009 0.000043 0.000035
v -0.000024 0.000043 -0.000002
v -0.000043 0.000022 0.000035
v -0.000028 0.000027 0.000066
v 0.000020 0.000044 0.000026
v -0.000009 0.000043 0.000035
v -0.000028 0.000027 0.000066
v -0.000010 0.000022 0.000063
v -0.000024 0.000043 -0.000002
v -0.000039 0.000019 -0.000000
v -0.000058 0.000009 0.000039
v -0.000043 0.000022 0.000035
v 0.000023 0.000011 0.000026
v 0.000020 0.000044 0.000026
v -0.000010 0.000022 0.000063
v 0.000002 0.000006 0.000070
v -0.000028 0.000027 0.000066
v -0.000043 0.000022 0.000035
v -0.000043 0.000019 0.000068
v -0.000010 0.000022 0.000063
v -0.000028 0.000027 0.000066
v -0.000043 0.000019 0.000068
v -0.000022 0.000018 0.000078
v -0.000043 0.000022 0.000035
v -0.000058 0.000009 0.000039
v -0.000049 0.000010 0.000070
v -0.000043 0.000019 0.000068
v 0.000002 0.000006 0.000070
v -0.000010 0.000022 0.000063
v -0.000022 0.000018 0.000078
v -0.000019 0.000008 0.000083
v -0.000019 0.000008 0.000083
v -0.000022 0.000018 0.000078
v -0.000043 0.000019 0.000068
v -0.000049 0.000010 0.000070
v 0.000009 0.000058 -0.000058
v 0.000034 0.000063 -0.000068
v 0.000033 0.000046 -0.000063
v 0.000011 0.000045 -0.000055
v -0.000010 0.000047 -0.000031
v 0.000009 0.000058 -0.000058
v 0.000011 0.000045 -0.000055
v -0.000006 0.000039 -0.000033
v 0.000045 0.000069 -0.000041
v 0.000029 0.000055 -0.000016
v 0.000022 0.000040 -0.000017
v 0.000040 0.000046 -0.000037
v 0.000034 0.000063 -0.000068
v 0.000045 0.000069 -0.000041
v 0.000040 0.000046 -0.000037
v 0.000033 0.000046 -0.000063
v -0.000039 0.000019 -0.000000
v -0.000010 0.000047 -0.000031
v -0.000006 0.000039 -0.000033
v -0.000027 0.000012 -0.000013
v 0.000029 0.000055 -0.000016
v 0.000023 0.000011 0.000026
v 0.000014 0.000005 0.000020
v 0.000022 0.000040 -0.000017
v -0.000058 0.000009 0.000039
v -0.000039 0.000019 -0.000000
v -0.000027 0.000012 -0.000013
v -0.000051 0.000000 0.000038
v 0.000023 0.000011 0.000026
v 0.000002 0.000006 0.000070
v -0.000006 -0.000001 0.000064
v 0.000014 0.000005 0.000020
v -0.000049 0.000010 0.000070
v -0.000058 0.000009 0.000039
v -0.000051 0.000000 0.000038
v -0.000045 0.000005 0.000065
v 0.000002 0.000006 0.000070
v -0.000019 0.000008 0.000083
v -0.000018 0.000003 0.000076
v -0.000006 -0.000001 0.000064
v -0.000019 0.000008 0.000083
v -0.000049 0.000010 0.000070
v -0.000045 0.000005 0.000065
v -0.000018 0.000003 0.000076
v 0.000014 0.000005 0.000020
v -0.000006 -0.000001 0.000064
v -0.000051 0.000000 0.000038
v -0.000027 0.000012 -0.000013
v -0.000006 -0.000001 0.000064
v -0.000018 0.000003 0.000076
v -0.000045 0.000005 0.000065
v -0.000051 0.000000 0.000038
v 0.000022 0.000040 -0.000017
v 0.000014 0.000005 0.000020
v -0.000027 0.000012 -0.000013
v -0.000006 0.000039 -0.000033
v 0.000008 0.000895 -0.000062
v 0.000001 0.000957 -0.000076
v 0.000034 0.000955 -0.000076
v 0.000039 0.000901 -0.000059
v 0.000003 0.001034 -0.000029
v 0.000001 0.001063 -0.000023
v 0.000024 0.001064 -0.000029
v 0.000026 0.001039 -0.000032
v 0.000024 0.001064 -0.000029
v 0.000001 0.001063 -0.000023
v -0.000000 0.001091 -0.000027
v 0.000023 0.001091 -0.000033
v 0.000023 0.001091 -0.000033
v -0.000000 0.001091 -0.000027
v 0.000000 0.001108 -0.000033
v 0.000024 0.001109 -0.000047
v -0.000044 0.000881 0.000049
v -0.000014 0.000862 0.000072
v -0.000031 0.000886 0.000084
v -0.000014 0.000862 0.000072
v 0.000012 0.000874 0.000083
v -0.000014 0.000892 0.000094
v -0.000031 0.000886 0.000084
v -0.000049 0.000922 0.000046
v -0.000044 0.000881 0.000049
v -0.000031 0.000886 0.000084
v -0.000039 0.000903 0.000074
v 0.000009 0.000960 0.000052
v -0.000024 0.000950 0.000052
v -0.000020 0.000914 0.000084
v 0.000011 0.000909 0.000084
v -0.000014 0.000892 0.000094
v -0.000020 0.000914 0.000084
v -0.000039 0.000903 0.000074
v -0.000031 0.000886 0.000084
v -0.000050 0.000591 0.000054
v -0.000045 0.000526 0.000057
v 0.000009 0.000530 0.000049
v 0.000015 0.000606 0.000046
v -0.000006 0.000510 -0.000047
v 0.000032 0.000522 -0.000008
v 0.000026 0.000475 -0.000007
v -0.000008 0.000458 -0.000043
v -0.000007 0.000633 -0.000081
v 0.000039 0.000630 -0.000074
v 0.000039 0.000609 -0.000046
v -0.000009 0.000591 -0.000061
v -0.000004 0.000770 0.000070
v -0.000022 0.000774 0.000047
v -0.000038 0.000744 0.000049
v -0.000007 0.000735 0.000068
v -0.000022 0.000774 0.000047
v -0.000041 0.000781 0.000007
v -0.000048 0.000756 0.000011
v -0.000038 0.000744 0.000049
v -0.000041 0.000781 0.000007
v -0.000022 0.000761 -0.000051
v -0.000036 0.000757 -0.000029
v -0.000048 0.000756 0.000011
v -0.000088 0.000673 -0.000034
v -0.000093 0.000648 -0.000033
v -0.000097 0.000649 -0.000045
v -0.000095 0.000674 -0.000049
v -0.000095 0.000674 -0.000049
v -0.000097 0.000649 -0.000045
v -0.000110 0.000645 -0.000055
v -0.000111 0.000678 -0.000058
v -0.000110 0.000645 -0.000055
v -0.000121 0.000647 -0.000050
v -0.000123 0.000676 -0.000050
v -0.000111 0.000678 -0.000058
v -0.000121 0.000647 -0.000050
v -0.000124 0.000645 -0.000037
v -0.000124 0.000673 -0.000034
v -0.000123 0.000676 -0.000050
v -0.000124 0.000645 -0.000037
v -0.000116 0.000644 -0.000024
v -0.000115 0.000671 -0.000020
v -0.000124 0.000673 -0.000034
v -0.000115 0.000671 -0.000020
v -0.000116 0.000644 -0.000024
v -0.000097 0.000649 -0.000023
v -0.000094 0.000672 -0.000020
v -0.000094 0.000672 -0.000020
v -0.000097 0.000649 -0.000023
v -0.000093 0.000648 -0.000033
v -0.000088 0.000673 -0.000034
v 0.000002 0.001206 0.000055
v 0.000023 0.001211 0.000058
v 0.000024 0.001221 0.000004
v -0.000003 0.001216 0.000003
v -0.000021 0.001197 0.000041
v 0.000002 0.001206 0.000055
v -0.000003 0.001216 0.000003
v -0.000016 0.001200 0.000002
v -0.000032 0.001177 0.000019
v -0.000021 0.001197 0.000041
v -0.000016 0.001200 0.000002
v -0.000032 0.001178 -0.000008
v 0.000024 0.001221 0.000004
v 0.000024 0.001206 -0.000046
v -0.000006 0.001199 -0.000039
v -0.000003 0.001216 0.000003
v -0.000016 0.001200 0.000002
v -0.000003 0.001216 0.000003
v -0.000006 0.001199 -0.000039
v -0.000025 0.001184 -0.000033
v -0.000025 0.001184 -0.000033
v -0.000006 0.001199 -0.000039
v -0.000007 0.001166 -0.000058
v -0.000029 0.001163 -0.000043
v 0.000002 0.001206 0.000055
v -0.000021 0.001197 0.000041
v -0.000018 0.001175 0.000054
v -0.000004 0.001176 0.000078
v -0.000005 0.001156 0.000072
v -0.000021 0.001149 0.000061
v -0.000009 0.001149 0.000054
v 0.000006 0.001157 0.000062
v -0.000032 0.001177 0.000019
v -0.000021 0.001149 0.000061
v -0.000018 0.001175 0.000054
v -0.000021 0.001197 0.000041
v -0.000032 0.001178 -0.000008
v -0.000016 0.001200 0.000002
v -0.000025 0.001184 -0.000033
v -0.000032 0.001177 0.000019
v -0.000032 0.001178 -0.000008
v -0.000034 0.001144 -0.000009
v -0.000043 0.001141 0.000012
v -0.000009 0.001149 0.000054
v -0.000021 0.001149 0.000061
v -0.000032 0.001128 0.000030
v -0.000021 0.001127 0.000028
v -0.000021 0.001149 0.000061
v -0.000032 0.001177 0.000019
v -0.000043 0.001141 0.000012
v -0.000032 0.001128 0.000030
v -0.000032 0.001178 -0.000008
v -0.000025 0.001184 -0.000033
v -0.000029 0.001163 -0.000043
v -0.000034 0.001144 -0.000009
v -0.000007 0.001166 -0.000058
v 0.000025 0.001168 -0.000065
v 0.000024 0.001124 -0.000075
v -0.000009 0.001121 -0.000066
v -0.000029 0.001163 -0.000043
v -0.000007 0.001166 -0.000058
v -0.000009 0.001121 -0.000066
v -0.000033 0.001123 -0.000049
v -0.000043 0.001141 0.000012
v -0.000034 0.001144 -0.000009
v -0.000038 0.001103 -0.000019
v -0.000047 0.001093 0.000007
v -0.000021 0.001127 0.000028
v -0.000032 0.001128 0.000030
v -0.000032 0.001099 0.000028
v -0.000015 0.001111 0.000028
v -0.000032 0.001128 0.000030
v -0.000043 0.001141 0.000012
v -0.000047 0.001093 0.000007
v -0.000032 0.001099 0.000028
v -0.000034 0.001144 -0.000009
v -0.000029 0.001163 -0.000043
v -0.000033 0.001123 -0.000049
v -0.000038 0.001103 -0.000019
v -0.000010 0.001075 -0.000066
v 0.000024 0.001080 -0.000077
v 0.000025 0.001050 -0.000053
v -0.000012 0.001046 -0.000042
v -0.000037 0.001083 -0.000049
v -0.000010 0.001075 -0.000066
v -0.000012 0.001046 -0.000042
v -0.000027 0.001047 -0.000031
v -0.000047 0.001093 0.000007
v -0.000038 0.001103 -0.000019
v -0.000037 0.001058 -0.000017
v -0.000034 0.001065 -0.000001
v -0.000015 0.001111 0.000028
v -0.000032 0.001099 0.000028
v -0.000020 0.001086 0.000017
v -0.000008 0.001089 0.000020
v -0.000032 0.001099 0.000028
v -0.000047 0.001093 0.000007
v -0.000034 0.001065 -0.000001
v -0.000020 0.001086 0.000017
v -0.000038 0.001103 -0.000019
v -0.000037 0.001083 -0.000049
v -0.000027 0.001047 -0.000031
v -0.000037 0.001058 -0.000017
v -0.000012 0.001046 -0.000042
v 0.000025 0.001050 -0.000053
v 0.000024 0.001054 -0.000020
v -0.000001 0.001054 -0.000013
v -0.000012 0.001046 -0.000042
v -0.000001 0.001054 -0.000013
v -0.000006 0.001057 0.000004
v -0.000027 0.001047 -0.000031
v -0.000027 0.001047 -0.000031
v -0.000006 0.001057 0.000004
v -0.000034 0.001065 -0.000001
v -0.000037 0.001058 -0.000017
v 0.000017 -0.000000 -0.000044
v 0.000025 -0.000000 -0.000048
v 0.000023 -0.000000 -0.000040
v -0.000084 0.000592 0.000014
v -0.000060 0.000585 -0.000045
v -0.000055 0.000519 -0.000041
v -0.000081 0.000521 0.000012
v -0.000045 0.000526 0.000057
v -0.000050 0.000591 0.000054
v -0.000084 0.000592 0.000014
v -0.000081 0.000521 0.000012
v -0.000055 0.000519 -0.000041
v -0.000060 0.000585 -0.000045
v -0.000009 0.000591 -0.000061
v -0.000006 0.000510 -0.000047
v -0.000045 0.000526 0.000057
v -0.000040 0.000464 0.000053
v 0.000010 0.000475 0.000043
v 0.000009 0.000530 0.000049
v 0.000009 0.000530 0.000049
v 0.000010 0.000475 0.000043
v 0.000026 0.000475 -0.000007
v 0.000032 0.000522 -0.000008
v 0.000008 0.000832 0.000069
v -0.000020 0.000821 0.000054
v -0.000019 0.000799 0.000048
v 0.000004 0.000796 0.000069
v -0.000020 0.000821 0.000054
v -0.000038 0.000830 0.000005
v -0.000037 0.000805 0.000007
v -0.000019 0.000799 0.000048
v -0.000038 0.000830 0.000005
v -0.000025 0.000835 -0.000023
v -0.000022 0.000799 -0.000024
v -0.000037 0.000805 0.000007
v -0.000022 0.000799 -0.000024
v -0.000025 0.000835 -0.000023
v 0.000015 0.000832 -0.000041
v 0.000017 0.000791 -0.000041
v 0.000015 0.000832 -0.000041
v 0.000040 0.000833 -0.000044
v 0.000040 0.000792 -0.000043
v 0.000017 0.000791 -0.000041
v 0.000012 0.000874 0.000083
v 0.000011 0.000909 0.000084
v -0.000020 0.000914 0.000084
v -0.000014 0.000892 0.000094
v 0.000012 0.000874 0.000083
v 0.000035 0.000873 0.000078
v 0.000034 0.000910 0.000078
v 0.000011 0.000909 0.000084
v -0.000024 0.000950 0.000052
v -0.000049 0.000922 0.000046
v -0.000039 0.000903 0.000074
v -0.000020 0.000914 0.000084
v 0.000009 0.000960 0.000052
v 0.000005 0.000998 0.000024
v -0.000030 0.000989 0.000019
v -0.000050 0.000987 0.000015
v -0.000078 0.000963 0.000010
v -0.000059 0.000949 0.000010
v -0.000056 0.000941 0.000025
v -0.000056 0.000941 0.000025
v -0.000059 0.000949 0.000010
v -0.000053 0.000921 -0.000004
v -0.000066 0.000961 -0.000056
v -0.000091 0.000972 -0.000040
v -0.000059 0.000997 -0.000049
v -0.000004 0.001176 0.000078
v -0.000005 0.001156 0.000072
v 0.000023 0.001175 0.000069
v 0.000023 0.001190 0.000072
v -0.000021 0.001149 0.000061
v -0.000005 0.001156 0.000072
v -0.000004 0.001176 0.000078
v -0.000018 0.001175 0.000054
v 0.000011 0.000045 -0.000055
v 0.000033 0.000046 -0.000063
v 0.000027 0.000026 -0.000053
v 0.000020 0.000026 -0.000051
v 0.000040 0.000046 -0.000037
v 0.000029 0.000026 -0.000045
v 0.000027 0.000026 -0.000053
v 0.000033 0.000046 -0.000063
v 0.000040 0.000046 -0.000037
v 0.000022 0.000040 -0.000017
v 0.000023 0.000026 -0.000039
v 0.000029 0.000026 -0.000045
v 0.000022 0.000040 -0.000017
v -0.000006 0.000039 -0.000033
v 0.000015 0.000026 -0.000044
v 0.000023 0.000026 -0.000039
v 0.000011 0.000045 -0.000055
v 0.000020 0.000026 -0.000051
v 0.000015 0.000026 -0.000044
v -0.000006 0.000039 -0.000033
v 0.000027 0.000026 -0.000053
v 0.000025 -0.000000 -0.000048
v 0.000020 0.000026 -0.000051
v 0.000029 0.000026 -0.000045
v 0.000025 -0.000000 -0.000048
v 0.000027 0.000026 -0.000053
v 0.000023 -0.000000 -0.000040
v 0.000025 -0.000000 -0.000048
v 0.000029 0.000026 -0.000045
v 0.000023 0.000026 -0.000039
v 0.000017 -0.000000 -0.000044
v 0.000023 -0.000000 -0.000040
v 0.000023 0.000026 -0.000039
v 0.000015 0.000026 -0.000044
v 0.000020 0.000026 -0.000051
v 0.000025 -0.000000 -0.000048
v 0.000017 -0.000000 -0.000044
v 0.000015 0.000026 -0.000044
v 0.000032 0.000522 -0.000008
v -0.000006 0.000510 -0.000047
v -0.000009 0.000591 -0.000061
v 0.000033 0.000572 -0.000007
v 0.000032 0.000522 -0.000008
v 0.000033 0.000572 -0.000007
v 0.000015 0.000606 0.000046
v 0.000009 0.000530 0.000049
v 0.000033 0.000572 -0.000007
v -0.000009 0.000591 -0.000061
v 0.000039 0.000609 -0.000046
v 0.000039 0.000574 -0.000006
v 0.000033 0.000572 -0.000007
v 0.000039 0.000574 -0.000006
v 0.000030 0.000606 0.000047
v 0.000015 0.000606 0.000046
v -0.000008 0.001089 0.000020
v -0.000020 0.001086 0.000017
v -0.000001 0.001074 0.000016
v 0.000005 0.001080 0.000024
v -0.000020 0.001086 0.000017
v -0.000034 0.001065 -0.000001
v -0.000006 0.001057 0.000004
v -0.000001 0.001074 0.000016
v -0.000006 0.001199 -0.000039
v 0.000024 0.001206 -0.000046
v 0.000025 0.001168 -0.000065
v -0.000007 0.001166 -0.000058
v -0.000051 0.000690 0.000048
v -0.000014 0.000683 0.000070
v -0.000012 0.000710 0.000068
v -0.000087 0.000644 0.000014
v -0.000055 0.000629 0.000048
v -0.000051 0.000690 0.000048
v -0.000087 0.000644 0.000014
v -0.000073 0.000702 0.000012
v -0.000062 0.000685 -0.000057
v -0.000062 0.000685 -0.000057
v -0.000055 0.000717 -0.000047
v -0.000021 0.000713 -0.000077
v -0.000021 0.000713 -0.000077
v -0.000021 0.000740 -0.000064
v 0.000017 0.000729 -0.000073
v -0.000009 0.001121 -0.000066
v -0.000010 0.001075 -0.000066
v -0.000037 0.001083 -0.000049
v -0.000033 0.001123 -0.000049
v -0.000033 0.001123 -0.000049
v -0.000037 0.001083 -0.000049
v -0.000038 0.001103 -0.000019
v 0.000032 0.000951 0.000052
v 0.000009 0.000960 0.000052
v 0.000011 0.000909 0.000084
v 0.000034 0.000910 0.000078
v 0.000039 0.000630 -0.000074
v -0.000007 0.000633 -0.000081
v 0.000011 0.000672 -0.000087
v 0.000039 0.000670 -0.000088
v 0.000039 0.000670 -0.000088
v 0.000011 0.000672 -0.000087
v 0.000015 0.000706 -0.000081
v 0.000040 0.000706 -0.000083
v 0.000040 0.000706 -0.000083
v 0.000015 0.000706 -0.000081
v 0.000017 0.000729 -0.000073
v 0.000040 0.000732 -0.000070
v 0.000040 0.000732 -0.000070
v 0.000017 0.000729 -0.000073
v 0.000018 0.000753 -0.000060
v 0.000040 0.000757 -0.000060
v 0.000040 0.000757 -0.000060
v 0.000018 0.000753 -0.000060
v 0.000017 0.000791 -0.000041
v 0.000040 0.000792 -0.000043
v 0.000040 0.000833 -0.000044
v 0.000015 0.000832 -0.000041
v 0.000008 0.000895 -0.000062
v 0.000039 0.000901 -0.000059
v 0.000011 0.001086 0.000078
v 0.000008 0.001079 0.000074
v 0.000022 0.001076 0.000078
v 0.000022 0.001085 0.000081
v 0.000031 0.000765 0.000077
v -0.000004 0.000770 0.000070
v -0.000007 0.000735 0.000068
v 0.000028 0.000732 0.000079
v 0.000002 0.001206 0.000055
v -0.000004 0.001176 0.000078
v 0.000023 0.001190 0.000072
v 0.000023 0.001211 0.000058
v 0.000023 0.001175 0.000069
v -0.000005 0.001156 0.000072
v 0.000006 0.001157 0.000062
v 0.000023 0.001167 0.000058
v 0.000035 0.000826 0.000075
v 0.000008 0.000832 0.000069
v 0.000004 0.000796 0.000069
v 0.000033 0.000794 0.000079
v 0.000024 0.001080 -0.000077
v -0.000010 0.001075 -0.000066
v -0.000009 0.001121 -0.000066
v 0.000024 0.001124 -0.000075
v 0.000161 0.000145 0.000077
v 0.000156 0.000146 0.000043
v 0.000165 0.000221 0.000037
v 0.000168 0.000223 0.000079
v 0.000161 0.000145 0.000077
v 0.000168 0.000223 0.000079
v 0.000144 0.000216 0.000096
v 0.000139 0.000144 0.000095
v 0.000139 0.000215 0.000027
v 0.000165 0.000221 0.000037
v 0.000156 0.000146 0.000043
v 0.000140 0.000146 0.000030
v 0.000144 0.000216 0.000096
v 0.000108 0.000212 0.000082
v 0.000120 0.000149 0.000082
v 0.000139 0.000144 0.000095
v 0.000108 0.000212 0.000082
v 0.000105 0.000211 0.000047
v 0.000123 0.000150 0.000048
v 0.000120 0.000149 0.000082
v 0.000105 0.000211 0.000047
v 0.000139 0.000215 0.000027
v 0.000140 0.000146 0.000030
v 0.000123 0.000150 0.000048
v 0.000165 0.000221 0.000037
v 0.000164 0.000289 0.000030
v 0.000165 0.000303 0.000085
v 0.000168 0.000223 0.000079
v 0.000168 0.000223 0.000079
v 0.000165 0.000303 0.000085
v 0.000143 0.000301 0.000106
v 0.000144 0.000216 0.000096
v 0.000139 0.000215 0.000027
v 0.000130 0.000288 0.000021
v 0.000164 0.000289 0.000030
v 0.000165 0.000221 0.000037
v 0.000144 0.000216 0.000096
v 0.000143 0.000301 0.000106
v 0.000101 0.000291 0.000092
v 0.000108 0.000212 0.000082
v 0.000108 0.000212 0.000082
v 0.000101 0.000291 0.000092
v 0.000098 0.000291 0.000043
v 0.000105 0.000211 0.000047
v 0.000105 0.000211 0.000047
v 0.000098 0.000291 0.000043
v 0.000130 0.000288 0.000021
v 0.000139 0.000215 0.000027
v 0.000164 0.000289 0.000030
v 0.000164 0.000360 0.000056
v 0.000159 0.000366 0.000089
v 0.000165 0.000303 0.000085
v 0.000165 0.000303 0.000085
v 0.000159 0.000366 0.000089
v 0.000132 0.000366 0.000111
v 0.000143 0.000301 0.000106
v 0.000130 0.000288 0.000021
v 0.000129 0.000357 0.000043
v 0.000164 0.000360 0.000056
v 0.000164 0.000289 0.000030
v 0.000143 0.000301 0.000106
v 0.000132 0.000366 0.000111
v 0.000093 0.000359 0.000097
v 0.000101 0.000291 0.000092
v 0.000101 0.000291 0.000092
v 0.000093 0.000359 0.000097
v 0.000094 0.000354 0.000058
v 0.000098 0.000291 0.000043
v 0.000098 0.000291 0.000043
v 0.000094 0.000354 0.000058
v 0.000129 0.000357 0.000043
v 0.000130 0.000288 0.000021
v 0.000164 0.000360 0.000056
v 0.000156 0.000381 0.000060
v 0.000156 0.000382 0.000091
v 0.000159 0.000366 0.000089
v 0.000159 0.000366 0.000089
v 0.000156 0.000382 0.000091
v 0.000131 0.000384 0.000117
v 0.000132 0.000366 0.000111
v 0.000129 0.000357 0.000043
v 0.000125 0.000378 0.000048
v 0.000156 0.000381 0.000060
v 0.000164 0.000360 0.000056
v 0.000132 0.000366 0.000111
v 0.000131 0.000384 0.000117
v 0.000092 0.000379 0.000098
v 0.000093 0.000359 0.000097
v 0.000093 0.000359 0.000097
v 0.000092 0.000379 0.000098
v 0.000093 0.000376 0.000059
v 0.000094 0.000354 0.000058
v 0.000094 0.000354 0.000058
v 0.000093 0.000376 0.000059
v 0.000125 0.000378 0.000048
v 0.000129 0.000357 0.000043
v 0.000156 0.000381 0.000060
v 0.000156 0.000394 0.000051
v 0.000156 0.000401 0.000090
v 0.000156 0.000382 0.000091
v 0.000156 0.000382 0.000091
v 0.000156 0.000401 0.000090
v 0.000127 0.000407 0.000116
v 0.000131 0.000384 0.000117
v 0.000125 0.000378 0.000048
v 0.000121 0.000390 0.000040
v 0.000156 0.000394 0.000051
v 0.000156 0.000381 0.000060
v 0.000131 0.000384 0.000117
v 0.000127 0.000407 0.000116
v 0.000085 0.000400 0.000101
v 0.000092 0.000379 0.000098
v 0.000092 0.000379 0.000098
v 0.000085 0.000400 0.000101
v 0.000087 0.000391 0.000057
v 0.000093 0.000376 0.000059
v 0.000093 0.000376 0.000059
v 0.000087 0.000391 0.000057
v 0.000121 0.000390 0.000040
v 0.000125 0.000378 0.000048
v 0.000156 0.000394 0.000051
v 0.000153 0.000452 0.000031
v 0.000159 0.000462 0.000078
v 0.000156 0.000401 0.000090
v 0.000156 0.000401 0.000090
v 0.000159 0.000462 0.000078
v 0.000120 0.000479 0.000107
v 0.000127 0.000407 0.000116
v 0.000121 0.000390 0.000040
v 0.000112 0.000449 0.000011
v 0.000153 0.000452 0.000031
v 0.000156 0.000394 0.000051
v 0.000127 0.000407 0.000116
v 0.000120 0.000479 0.000107
v 0.000072 0.000478 0.000086
v 0.000085 0.000400 0.000101
v 0.000085 0.000400 0.000101
v 0.000072 0.000478 0.000086
v 0.000068 0.000465 0.000035
v 0.000087 0.000391 0.000057
v 0.000087 0.000391 0.000057
v 0.000068 0.000465 0.000035
v 0.000112 0.000449 0.000011
v 0.000121 0.000390 0.000040
v 0.000153 0.000452 0.000031
v 0.000147 0.000517 0.000008
v 0.000160 0.000534 0.000063
v 0.000159 0.000462 0.000078
v 0.000120 0.000479 0.000107
v 0.000159 0.000462 0.000078
v 0.000160 0.000534 0.000063
v 0.000115 0.000540 0.000099
v 0.000112 0.000449 0.000011
v 0.000103 0.000498 -0.000006
v 0.000147 0.000517 0.000008
v 0.000153 0.000452 0.000031
v 0.000141 0.000580 -0.000011
v 0.000135 0.000634 -0.000035
v 0.000146 0.000647 0.000037
v 0.000150 0.000601 0.000048
v 0.000150 0.000601 0.000048
v 0.000146 0.000647 0.000037
v 0.000109 0.000635 0.000067
v 0.000109 0.000602 0.000081
v 0.000094 0.000576 -0.000038
v 0.000087 0.000619 -0.000070
v 0.000135 0.000634 -0.000035
v 0.000141 0.000580 -0.000011
v 0.000045 0.000606 0.000054
v 0.000058 0.000645 0.000067
v 0.000024 0.000644 0.000069
v 0.000030 0.000606 0.000047
v 0.000045 0.000606 0.000054
v 0.000109 0.000602 0.000081
v 0.000109 0.000635 0.000067
v 0.000058 0.000645 0.000067
v 0.000058 0.000645 0.000067
v 0.000065 0.000680 0.000076
v 0.000026 0.000679 0.000077
v 0.000024 0.000644 0.000069
v 0.000109 0.000635 0.000067
v 0.000105 0.000685 0.000060
v 0.000065 0.000680 0.000076
v 0.000058 0.000645 0.000067
v 0.000135 0.000634 -0.000035
v 0.000134 0.000676 -0.000040
v 0.000146 0.000647 0.000037
v 0.000146 0.000647 0.000037
v 0.000134 0.000694 0.000029
v 0.000105 0.000685 0.000060
v 0.000087 0.000619 -0.000070
v 0.000093 0.000670 -0.000074
v 0.000134 0.000676 -0.000040
v 0.000135 0.000634 -0.000035
v 0.000093 0.000670 -0.000074
v 0.000100 0.000707 -0.000067
v 0.000134 0.000676 -0.000040
v 0.000134 0.000676 -0.000040
v 0.000129 0.000709 -0.000032
v 0.000134 0.000694 0.000029
v 0.000087 0.000619 -0.000070
v 0.000067 0.000667 -0.000083
v 0.000093 0.000670 -0.000074
v 0.000067 0.000667 -0.000083
v 0.000065 0.000704 -0.000077
v 0.000100 0.000707 -0.000067
v 0.000093 0.000670 -0.000074
v 0.000026 0.000679 0.000077
v 0.000065 0.000680 0.000076
v 0.000067 0.000707 0.000075
v 0.000027 0.000716 0.000081
v 0.000105 0.000685 0.000060
v 0.000104 0.000715 0.000057
v 0.000067 0.000707 0.000075
v 0.000134 0.000694 0.000029
v 0.000129 0.000726 0.000026
v 0.000104 0.000715 0.000057
v 0.000105 0.000685 0.000060
v 0.000129 0.000709 -0.000032
v 0.000100 0.000707 -0.000067
v 0.000100 0.000734 -0.000054
v 0.000119 0.000735 -0.000021
v 0.000129 0.000709 -0.000032
v 0.000119 0.000735 -0.000021
v 0.000129 0.000726 0.000026
v 0.000134 0.000694 0.000029
v 0.000065 0.000704 -0.000077
v 0.000064 0.000727 -0.000069
v 0.000100 0.000707 -0.000067
v 0.000027 0.000716 0.000081
v 0.000067 0.000707 0.000075
v 0.000064 0.000732 0.000074
v 0.000028 0.000732 0.000079
v 0.000104 0.000715 0.000057
v 0.000099 0.000737 0.000060
v 0.000064 0.000732 0.000074
v 0.000067 0.000707 0.000075
v 0.000129 0.000726 0.000026
v 0.000117 0.000750 0.000024
v 0.000099 0.000737 0.000060
v 0.000104 0.000715 0.000057
v 0.000100 0.000734 -0.000054
v 0.000101 0.000757 -0.000042
v 0.000111 0.000751 -0.000017
v 0.000119 0.000735 -0.000021
v 0.000119 0.000735 -0.000021
v 0.000111 0.000751 -0.000017
v 0.000117 0.000750 0.000024
v 0.000129 0.000726 0.000026
v 0.000100 0.000734 -0.000054
v 0.000064 0.000727 -0.000069
v 0.000063 0.000751 -0.000056
v 0.000101 0.000757 -0.000042
v 0.000031 0.000765 0.000077
v 0.000068 0.000768 0.000075
v 0.000063 0.000796 0.000072
v 0.000033 0.000794 0.000079
v 0.000090 0.000773 0.000054
v 0.000089 0.000799 0.000055
v 0.000063 0.000796 0.000072
v 0.000068 0.000768 0.000075
v 0.000114 0.000780 0.000017
v 0.000111 0.000805 0.000016
v 0.000089 0.000799 0.000055
v 0.000090 0.000773 0.000054
v 0.000101 0.000757 -0.000042
v 0.000100 0.000800 -0.000017
v 0.000111 0.000805 0.000016
v 0.000114 0.000780 0.000017
v 0.000101 0.000757 -0.000042
v 0.000063 0.000751 -0.000056
v 0.000063 0.000791 -0.000038
v 0.000100 0.000800 -0.000017
v 0.000062 0.000833 0.000072
v 0.000054 0.000854 0.000080
v 0.000036 0.000845 0.000074
v 0.000035 0.000826 0.000075
v 0.000090 0.000823 0.000060
v 0.000104 0.000858 0.000056
v 0.000074 0.000851 0.000071
v 0.000062 0.000833 0.000072
v 0.000113 0.000833 0.000013
v 0.000116 0.000881 0.000009
v 0.000104 0.000858 0.000056
v 0.000090 0.000823 0.000060
v 0.000103 0.000839 -0.000017
v 0.000107 0.000888 -0.000034
v 0.000116 0.000881 0.000009
v 0.000113 0.000833 0.000013
v 0.000065 0.000833 -0.000039
v 0.000069 0.000899 -0.000060
v 0.000107 0.000888 -0.000034
v 0.000103 0.000839 -0.000017
v 0.000054 0.000854 0.000080
v 0.000058 0.000877 0.000084
v 0.000035 0.000873 0.000078
v 0.000036 0.000845 0.000074
v 0.000104 0.000858 0.000056
v 0.000115 0.000891 0.000055
v 0.000086 0.000868 0.000076
v 0.000074 0.000851 0.000071
v 0.000116 0.000881 0.000009
v 0.000121 0.000932 0.000003
v 0.000115 0.000891 0.000055
v 0.000104 0.000858 0.000056
v 0.000107 0.000888 -0.000034
v 0.000124 0.000947 -0.000041
v 0.000121 0.000932 0.000003
v 0.000116 0.000881 0.000009
v 0.000069 0.000899 -0.000060
v 0.000067 0.000962 -0.000074
v 0.000105 0.000957 -0.000065
v 0.000107 0.000888 -0.000034
v 0.000086 0.000868 0.000076
v 0.000058 0.000877 0.000084
v 0.000054 0.000854 0.000080
v 0.000074 0.000851 0.000071
v 0.000054 0.000854 0.000080
v 0.000062 0.000833 0.000072
v 0.000074 0.000851 0.000071
v 0.000107 0.000888 -0.000034
v 0.000105 0.000957 -0.000065
v 0.000130 0.000974 -0.000050
v 0.000124 0.000947 -0.000041
v 0.000105 0.000957 -0.000065
v 0.000119 0.001009 -0.000043
v 0.000130 0.000974 -0.000050
v 0.000119 0.001009 -0.000043
v 0.000116 0.001017 -0.000009
v 0.000155 0.000989 -0.000002
v 0.000153 0.000987 -0.000032
v 0.000116 0.001017 -0.000009
v 0.000107 0.000999 0.000020
v 0.000138 0.000979 0.000019
v 0.000155 0.000989 -0.000002
v 0.000107 0.000999 0.000020
v 0.000114 0.000935 0.000051
v 0.000120 0.000955 0.000031
v 0.000114 0.000935 0.000051
v 0.000115 0.000891 0.000055
v 0.000121 0.000932 0.000003
v 0.000120 0.000955 0.000031
v 0.000124 0.000947 -0.000041
v 0.000138 0.000932 -0.000033
v 0.000114 0.000936 -0.000010
v 0.000121 0.000932 0.000003
v 0.000130 0.000974 -0.000050
v 0.000157 0.000937 -0.000041
v 0.000138 0.000932 -0.000033
v 0.000124 0.000947 -0.000041
v 0.000153 0.000987 -0.000032
v 0.000177 0.000951 -0.000021
v 0.000157 0.000937 -0.000041
v 0.000130 0.000974 -0.000050
v 0.000155 0.000989 -0.000002
v 0.000171 0.000952 0.000005
v 0.000177 0.000951 -0.000021
v 0.000153 0.000987 -0.000032
v 0.000138 0.000979 0.000019
v 0.000148 0.000949 0.000020
v 0.000171 0.000952 0.000005
v 0.000155 0.000989 -0.000002
v 0.000119 0.000963 0.000018
v 0.000135 0.000943 0.000019
v 0.000148 0.000949 0.000020
v 0.000138 0.000979 0.000019
v 0.000121 0.000932 0.000003
v 0.000114 0.000936 -0.000010
v 0.000135 0.000943 0.000019
v 0.000119 0.000963 0.000018
v 0.000138 0.000932 -0.000033
v 0.000138 0.000906 -0.000036
v 0.000123 0.000909 -0.000006
v 0.000114 0.000936 -0.000010
v 0.000157 0.000937 -0.000041
v 0.000169 0.000913 -0.000036
v 0.000138 0.000906 -0.000036
v 0.000138 0.000932 -0.000033
v 0.000177 0.000951 -0.000021
v 0.000184 0.000907 -0.000022
v 0.000169 0.000913 -0.000036
v 0.000157 0.000937 -0.000041
v 0.000171 0.000952 0.000005
v 0.000180 0.000898 0.000001
v 0.000184 0.000907 -0.000022
v 0.000177 0.000951 -0.000021
v 0.000148 0.000949 0.000020
v 0.000164 0.000906 0.000015
v 0.000180 0.000898 0.000001
v 0.000171 0.000952 0.000005
v 0.000135 0.000943 0.000019
v 0.000139 0.000907 0.000013
v 0.000164 0.000906 0.000015
v 0.000148 0.000949 0.000020
v 0.000114 0.000936 -0.000010
v 0.000123 0.000909 -0.000006
v 0.000139 0.000907 0.000013
v 0.000135 0.000943 0.000019
v 0.000138 0.000906 -0.000036
v 0.000148 0.000840 -0.000029
v 0.000139 0.000843 -0.000005
v 0.000123 0.000909 -0.000006
v 0.000169 0.000913 -0.000036
v 0.000173 0.000852 -0.000041
v 0.000148 0.000840 -0.000029
v 0.000138 0.000906 -0.000036
v 0.000184 0.000907 -0.000022
v 0.000190 0.000855 -0.000022
v 0.000173 0.000852 -0.000041
v 0.000169 0.000913 -0.000036
v 0.000180 0.000898 0.000001
v 0.000191 0.000857 -0.000003
v 0.000190 0.000855 -0.000022
v 0.000184 0.000907 -0.000022
v 0.000164 0.000906 0.000015
v 0.000176 0.000856 0.000012
v 0.000191 0.000857 -0.000003
v 0.000180 0.000898 0.000001
v 0.000139 0.000907 0.000013
v 0.000151 0.000850 0.000010
v 0.000176 0.000856 0.000012
v 0.000164 0.000906 0.000015
v 0.000123 0.000909 -0.000006
v 0.000139 0.000843 -0.000005
v 0.000151 0.000850 0.000010
v 0.000139 0.000907 0.000013
v 0.000148 0.000840 -0.000029
v 0.000163 0.000801 -0.000029
v 0.000154 0.000801 -0.000005
v 0.000139 0.000843 -0.000005
v 0.000173 0.000852 -0.000041
v 0.000186 0.000800 -0.000033
v 0.000163 0.000801 -0.000029
v 0.000148 0.000840 -0.000029
v 0.000190 0.000855 -0.000022
v 0.000199 0.000802 -0.000024
v 0.000186 0.000800 -0.000033
v 0.000173 0.000852 -0.000041
v 0.000191 0.000857 -0.000003
v 0.000198 0.000809 -0.000003
v 0.000199 0.000802 -0.000024
v 0.000190 0.000855 -0.000022
v 0.000176 0.000856 0.000012
v 0.000189 0.000806 0.000010
v 0.000198 0.000809 -0.000003
v 0.000191 0.000857 -0.000003
v 0.000151 0.000850 0.000010
v 0.000169 0.000794 0.000009
v 0.000189 0.000806 0.000010
v 0.000176 0.000856 0.000012
v 0.000139 0.000843 -0.000005
v 0.000154 0.000801 -0.000005
v 0.000169 0.000794 0.000009
v 0.000151 0.000850 0.000010
v 0.000163 0.000801 -0.000029
v 0.000165 0.000782 -0.000031
v 0.000153 0.000788 -0.000006
v 0.000154 0.000801 -0.000005
v 0.000186 0.000800 -0.000033
v 0.000187 0.000785 -0.000034
v 0.000165 0.000782 -0.000031
v 0.000163 0.000801 -0.000029
v 0.000199 0.000802 -0.000024
v 0.000204 0.000786 -0.000024
v 0.000187 0.000785 -0.000034
v 0.000186 0.000800 -0.000033
v 0.000198 0.000809 -0.000003
v 0.000203 0.000788 -0.000006
v 0.000204 0.000786 -0.000024
v 0.000199 0.000802 -0.000024
v 0.000189 0.000806 0.000010
v 0.000192 0.000789 0.000011
v 0.000203 0.000788 -0.000006
v 0.000198 0.000809 -0.000003
v 0.000169 0.000794 0.000009
v 0.000174 0.000782 0.000010
v 0.000192 0.000789 0.000011
v 0.000189 0.000806 0.000010
v 0.000154 0.000801 -0.000005
v 0.000153 0.000788 -0.000006
v 0.000174 0.000782 0.000010
v 0.000169 0.000794 0.000009
v 0.000165 0.000782 -0.000031
v 0.000167 0.000738 -0.000024
v 0.000159 0.000737 -0.000005
v 0.000153 0.000788 -0.000006
v 0.000187 0.000785 -0.000034
v 0.000193 0.000745 -0.000031
v 0.000167 0.000738 -0.000024
v 0.000165 0.000782 -0.000031
v 0.000204 0.000786 -0.000024
v 0.000211 0.000747 -0.000018
v 0.000193 0.000745 -0.000031
v 0.000187 0.000785 -0.000034
v 0.000203 0.000788 -0.000006
v 0.000214 0.000746 -0.000000
v 0.000211 0.000747 -0.000018
v 0.000204 0.000786 -0.000024
v 0.000192 0.000789 0.000011
v 0.000202 0.000744 0.000019
v 0.000214 0.000746 -0.000000
v 0.000203 0.000788 -0.000006
v 0.000174 0.000782 0.000010
v 0.000174 0.000742 0.000016
v 0.000202 0.000744 0.000019
v 0.000192 0.000789 0.000011
v 0.000153 0.000788 -0.000006
v 0.000159 0.000737 -0.000005
v 0.000174 0.000742 0.000016
v 0.000174 0.000782 0.000010
v 0.000159 0.000737 -0.000005
v 0.000167 0.000738 -0.000024
v 0.000185 0.000690 -0.000009
v 0.000179 0.000689 0.000006
v 0.000167 0.000738 -0.000024
v 0.000193 0.000745 -0.000031
v 0.000201 0.000695 -0.000019
v 0.000185 0.000690 -0.000009
v 0.000211 0.000747 -0.000018
v 0.000213 0.000695 -0.000011
v 0.000201 0.000695 -0.000019
v 0.000193 0.000745 -0.000031
v 0.000214 0.000746 -0.000000
v 0.000215 0.000693 0.000005
v 0.000213 0.000695 -0.000011
v 0.000211 0.000747 -0.000018
v 0.000202 0.000744 0.000019
v 0.000206 0.000692 0.000020
v 0.000215 0.000693 0.000005
v 0.000214 0.000746 -0.000000
v 0.000202 0.000744 0.000019
v 0.000174 0.000742 0.000016
v 0.000185 0.000691 0.000019
v 0.000206 0.000692 0.000020
v 0.000174 0.000742 0.000016
v 0.000159 0.000737 -0.000005
v 0.000179 0.000689 0.000006
v 0.000185 0.000691 0.000019
v 0.000191 0.000666 -0.000003
v 0.000194 0.000651 -0.000001
v 0.000190 0.000651 0.000011
v 0.000186 0.000666 0.000008
v 0.000204 0.000663 -0.000013
v 0.000205 0.000649 -0.000011
v 0.000194 0.000651 -0.000001
v 0.000191 0.000666 -0.000003
v 0.000214 0.000666 -0.000008
v 0.000215 0.000651 -0.000007
v 0.000205 0.000649 -0.000011
v 0.000204 0.000663 -0.000013
v 0.000217 0.000666 0.000005
v 0.000218 0.000652 0.000005
v 0.000215 0.000651 -0.000007
v 0.000214 0.000666 -0.000008
v 0.000209 0.000665 0.000019
v 0.000210 0.000654 0.000019
v 0.000218 0.000652 0.000005
v 0.000217 0.000666 0.000005
v 0.000190 0.000667 0.000019
v 0.000194 0.000653 0.000021
v 0.000210 0.000654 0.000019
v 0.000209 0.000665 0.000019
v 0.000186 0.000666 0.000008
v 0.000190 0.000651 0.000011
v 0.000194 0.000653 0.000021
v 0.000190 0.000667 0.000019
v 0.000194 0.000651 -0.000001
v 0.000193 0.000639 0.000005
v 0.000189 0.000642 0.000013
v 0.000190 0.000651 0.000011
v 0.000205 0.000649 -0.000011
v 0.000204 0.000633 -0.000008
v 0.000193 0.000639 0.000005
v 0.000194 0.000651 -0.000001
v 0.000215 0.000651 -0.000007
v 0.000215 0.000634 -0.000006
v 0.000204 0.000633 -0.000008
v 0.000205 0.000649 -0.000011
v 0.000218 0.000652 0.000005
v 0.000222 0.000637 0.000008
v 0.000215 0.000634 -0.000006
v 0.000215 0.000651 -0.000007
v 0.000210 0.000654 0.000019
v 0.000213 0.000644 0.000024
v 0.000222 0.000637 0.000008
v 0.000218 0.000652 0.000005
v 0.000194 0.000653 0.000021
v 0.000195 0.000646 0.000029
v 0.000213 0.000644 0.000024
v 0.000210 0.000654 0.000019
v 0.000190 0.000651 0.000011
v 0.000189 0.000642 0.000013
v 0.000195 0.000646 0.000029
v 0.000194 0.000653 0.000021
v 0.000215 0.000634 -0.000006
v 0.000221 0.000612 -0.000000
v 0.000208 0.000607 0.000002
v 0.000204 0.000633 -0.000008
v 0.000222 0.000637 0.000008
v 0.000229 0.000616 0.000014
v 0.000221 0.000612 -0.000000
v 0.000215 0.000634 -0.000006
v 0.000213 0.000644 0.000024
v 0.000217 0.000623 0.000041
v 0.000229 0.000616 0.000014
v 0.000222 0.000637 0.000008
v 0.000195 0.000646 0.000029
v 0.000193 0.000635 0.000043
v 0.000201 0.000629 0.000042
v 0.000195 0.000646 0.000029
v 0.000189 0.000642 0.000013
v 0.000181 0.000632 0.000029
v 0.000193 0.000635 0.000043
v 0.000193 0.000639 0.000005
v 0.000199 0.000615 0.000019
v 0.000186 0.000622 0.000022
v 0.000193 0.000639 0.000005
v 0.000204 0.000633 -0.000008
v 0.000208 0.000607 0.000002
v 0.000199 0.000615 0.000019
v 0.000213 0.000644 0.000024
v 0.000195 0.000646 0.000029
v 0.000201 0.000629 0.000042
v 0.000217 0.000623 0.000041
v 0.000189 0.000642 0.000013
v 0.000193 0.000639 0.000005
v 0.000186 0.000622 0.000022
v 0.000181 0.000632 0.000029
v 0.000200 0.000594 0.000039
v 0.000210 0.000596 0.000052
v 0.000197 0.000611 0.000049
v 0.000193 0.000602 0.000035
v 0.000174 0.000618 0.000041
v 0.000177 0.000594 0.000051
v 0.000187 0.000596 0.000058
v 0.000190 0.000622 0.000053
v 0.000193 0.000602 0.000035
v 0.000186 0.000587 0.000039
v 0.000177 0.000594 0.000051
v 0.000174 0.000618 0.000041
v 0.000190 0.000622 0.000053
v 0.000187 0.000596 0.000058
v 0.000193 0.000589 0.000052
v 0.000197 0.000611 0.000049
v 0.000197 0.000611 0.000049
v 0.000193 0.000589 0.000052
v 0.000186 0.000587 0.000039
v 0.000193 0.000602 0.000035
v 0.000177 0.000594 0.000051
v 0.000174 0.000574 0.000056
v 0.000184 0.000576 0.000064
v 0.000187 0.000596 0.000058
v 0.000186 0.000587 0.000039
v 0.000182 0.000572 0.000047
v 0.000174 0.000574 0.000056
v 0.000177 0.000594 0.000051
v 0.000187 0.000596 0.000058
v 0.000184 0.000576 0.000064
v 0.000192 0.000573 0.000057
v 0.000193 0.000589 0.000052
v 0.000193 0.000589 0.000052
v 0.000192 0.000573 0.000057
v 0.000182 0.000572 0.000047
v 0.000186 0.000587 0.000039
v 0.000184 0.000576 0.000064
v 0.000174 0.000574 0.000056
v 0.000182 0.000572 0.000047
v 0.000192 0.000573 0.000057
v 0.000208 0.000607 0.000002
v 0.000221 0.000612 -0.000000
v 0.000224 0.000595 -0.000000
v 0.000211 0.000591 0.000005
v 0.000224 0.000595 -0.000000
v 0.000221 0.000612 -0.000000
v 0.000229 0.000616 0.000014
v 0.000228 0.000591 0.000016
v 0.000221 0.000591 0.000042
v 0.000217 0.000623 0.000041
v 0.000210 0.000596 0.000052
v 0.000197 0.000611 0.000049
v 0.000201 0.000629 0.000042
v 0.000193 0.000635 0.000043
v 0.000190 0.000622 0.000053
v 0.000193 0.000635 0.000043
v 0.000181 0.000632 0.000029
v 0.000174 0.000618 0.000041
v 0.000190 0.000622 0.000053
v 0.000193 0.000602 0.000035
v 0.000186 0.000622 0.000022
v 0.000199 0.000615 0.000019
v 0.000200 0.000594 0.000039
v 0.000199 0.000615 0.000019
v 0.000208 0.000607 0.000002
v 0.000211 0.000591 0.000005
v 0.000200 0.000594 0.000039
v 0.000217 0.000623 0.000041
v 0.000201 0.000629 0.000042
v 0.000197 0.000611 0.000049
v 0.000210 0.000596 0.000052
v 0.000174 0.000618 0.000041
v 0.000181 0.000632 0.000029
v 0.000186 0.000622 0.000022
v 0.000193 0.000602 0.000035
v 0.000228 0.000591 0.000016
v 0.000229 0.000616 0.000014
v 0.000217 0.000623 0.000041
v 0.000221 0.000591 0.000042
v 0.000224 0.000595 -0.000000
v 0.000219 0.000574 0.000001
v 0.000208 0.000566 0.000008
v 0.000211 0.000591 0.000005
v 0.000228 0.000591 0.000016
v 0.000224 0.000574 0.000018
v 0.000219 0.000574 0.000001
v 0.000224 0.000595 -0.000000
v 0.000221 0.000591 0.000042
v 0.000216 0.000566 0.000042
v 0.000224 0.000574 0.000018
v 0.000228 0.000591 0.000016
v 0.000211 0.000591 0.000005
v 0.000208 0.000566 0.000008
v 0.000208 0.000568 0.000026
v 0.000200 0.000594 0.000039
v 0.000200 0.000594 0.000039
v 0.000198 0.000570 0.000052
v 0.000208 0.000571 0.000057
v 0.000210 0.000596 0.000052
v 0.000210 0.000596 0.000052
v 0.000208 0.000571 0.000057
v 0.000216 0.000566 0.000042
v 0.000221 0.000591 0.000042
v 0.000216 0.000566 0.000042
v 0.000206 0.000540 0.000043
v 0.000212 0.000538 0.000025
v 0.000218 0.000551 0.000022
v 0.000198 0.000570 0.000052
v 0.000191 0.000554 0.000053
v 0.000200 0.000550 0.000058
v 0.000208 0.000571 0.000057
v 0.000208 0.000571 0.000057
v 0.000200 0.000550 0.000058
v 0.000206 0.000540 0.000043
v 0.000216 0.000566 0.000042
v 0.000200 0.000594 0.000039
v 0.000208 0.000568 0.000026
v 0.000198 0.000570 0.000052
v 0.000191 0.000554 0.000053
v 0.000206 0.000554 0.000025
v 0.000201 0.000542 0.000025
v 0.000201 0.000542 0.000025
v 0.000212 0.000538 0.000025
v 0.000206 0.000540 0.000043
v 0.000191 0.000554 0.000053
v 0.000201 0.000542 0.000025
v 0.000206 0.000540 0.000043
v 0.000200 0.000550 0.000058
v 0.000216 0.000566 0.000042
v 0.000218 0.000551 0.000022
v 0.000224 0.000574 0.000018
v 0.000224 0.000574 0.000018
v 0.000218 0.000551 0.000022
v 0.000213 0.000555 0.000004
v 0.000219 0.000574 0.000001
v 0.000213 0.000555 0.000004
v 0.000206 0.000557 0.000010
v 0.000208 0.000566 0.000008
v 0.000219 0.000574 0.000001
v 0.000206 0.000557 0.000010
v 0.000206 0.000554 0.000025
v 0.000208 0.000568 0.000026
v 0.000208 0.000566 0.000008
v 0.000208 0.000568 0.000026
v 0.000206 0.000554 0.000025
v 0.000191 0.000554 0.000053
v 0.000198 0.000570 0.000052
v 0.000206 0.000557 0.000010
v 0.000213 0.000555 0.000004
v 0.000218 0.000551 0.000022
v 0.000206 0.000554 0.000025
v 0.000206 0.000554 0.000025
v 0.000218 0.000551 0.000022
v 0.000212 0.000538 0.000025
v 0.000201 0.000542 0.000025
v 0.000052 0.000963 0.000053
v 0.000051 0.001002 0.000025
v 0.000028 0.000998 0.000032
v 0.000032 0.000951 0.000052
v 0.000114 0.000935 0.000051
v 0.000107 0.000999 0.000020
v 0.000087 0.000999 0.000022
v 0.000086 0.000959 0.000055
v 0.000086 0.000959 0.000055
v 0.000087 0.000999 0.000022
v 0.000052 0.000963 0.000053
v 0.000107 0.000999 0.000020
v 0.000116 0.001017 -0.000009
v 0.000094 0.001021 -0.000012
v 0.000087 0.000999 0.000022
v 0.000087 0.000999 0.000022
v 0.000094 0.001021 -0.000012
v 0.000062 0.001027 0.000001
v 0.000051 0.001002 0.000025
v 0.000116 0.001017 -0.000009
v 0.000119 0.001009 -0.000043
v 0.000082 0.001017 -0.000048
v 0.000094 0.001021 -0.000012
v 0.000094 0.001021 -0.000012
v 0.000082 0.001017 -0.000048
v 0.000049 0.001037 -0.000028
v 0.000062 0.001027 0.000001
v 0.000067 0.000962 -0.000074
v 0.000082 0.001017 -0.000048
v 0.000119 0.001009 -0.000043
v 0.000105 0.000957 -0.000065
v 0.000049 0.001037 -0.000028
v 0.000082 0.001017 -0.000048
v 0.000029 0.001008 -0.000053
v 0.000026 0.001039 -0.000032
v 0.000067 0.000962 -0.000074
v 0.000034 0.000955 -0.000076
v 0.000029 0.001008 -0.000053
v 0.000082 0.001017 -0.000048
v 0.000051 0.001002 0.000025
v 0.000039 0.001037 0.000022
v 0.000025 0.001031 0.000030
v 0.000028 0.000998 0.000032
v 0.000062 0.001027 0.000001
v 0.000056 0.001054 0.000003
v 0.000039 0.001037 0.000022
v 0.000051 0.001002 0.000025
v 0.000049 0.001037 -0.000028
v 0.000047 0.001065 -0.000023
v 0.000056 0.001054 0.000003
v 0.000062 0.001027 0.000001
v 0.000039 0.001037 0.000022
v 0.000039 0.001055 0.000032
v 0.000023 0.001049 0.000036
v 0.000025 0.001031 0.000030
v 0.000039 0.001037 0.000022
v 0.000051 0.001067 0.000024
v 0.000039 0.001055 0.000032
v 0.000047 0.001065 -0.000023
v 0.000048 0.001092 -0.000026
v 0.000055 0.001080 0.000002
v 0.000056 0.001054 0.000003
v 0.000051 0.001067 0.000024
v 0.000039 0.001037 0.000022
v 0.000056 0.001054 0.000003
v 0.000055 0.001080 0.000002
v 0.000023 0.001049 0.000036
v 0.000039 0.001055 0.000032
v 0.000043 0.001064 0.000071
v 0.000022 0.001057 0.000078
v 0.000051 0.001067 0.000024
v 0.000058 0.001079 0.000056
v 0.000043 0.001064 0.000071
v 0.000039 0.001055 0.000032
v 0.000037 0.001079 0.000075
v 0.000053 0.001085 0.000067
v 0.000041 0.001089 0.000071
v 0.000034 0.001087 0.000078
v 0.000034 0.001087 0.000078
v 0.000041 0.001089 0.000071
v 0.000022 0.001088 0.000079
v 0.000022 0.001085 0.000081
v 0.000022 0.001088 0.000079
v 0.000041 0.001089 0.000071
v 0.000032 0.001093 0.000080
v 0.000022 0.001092 0.000082
v 0.000041 0.001089 0.000071
v 0.000059 0.001105 0.000066
v 0.000035 0.001105 0.000078
v 0.000032 0.001093 0.000080
v 0.000032 0.001093 0.000080
v 0.000035 0.001105 0.000078
v 0.000022 0.001104 0.000081
v 0.000022 0.001092 0.000082
v 0.000022 0.001104 0.000081
v 0.000035 0.001105 0.000078
v 0.000029 0.001110 0.000087
v 0.000022 0.001112 0.000090
v 0.000029 0.001110 0.000087
v 0.000024 0.001136 0.000070
v 0.000023 0.001137 0.000074
v 0.000022 0.001112 0.000090
v 0.000024 0.001136 0.000070
v 0.000036 0.001148 0.000072
v 0.000023 0.001146 0.000073
v 0.000023 0.001137 0.000074
v 0.000036 0.001148 0.000072
v 0.000038 0.001160 0.000067
v 0.000023 0.001163 0.000067
v 0.000023 0.001146 0.000073
v 0.000029 0.001110 0.000087
v 0.000035 0.001105 0.000078
v 0.000032 0.001121 0.000075
v 0.000043 0.001132 0.000064
v 0.000052 0.001145 0.000066
v 0.000036 0.001148 0.000072
v 0.000024 0.001136 0.000070
v 0.000043 0.001132 0.000064
v 0.000064 0.001130 0.000057
v 0.000060 0.001140 0.000060
v 0.000052 0.001145 0.000066
v 0.000029 0.001110 0.000087
v 0.000032 0.001121 0.000075
v 0.000024 0.001136 0.000070
v 0.000032 0.001121 0.000075
v 0.000043 0.001132 0.000064
v 0.000024 0.001136 0.000070
v 0.000032 0.001121 0.000075
v 0.000062 0.001118 0.000062
v 0.000064 0.001130 0.000057
v 0.000043 0.001132 0.000064
v 0.000035 0.001105 0.000078
v 0.000059 0.001105 0.000066
v 0.000062 0.001118 0.000062
v 0.000032 0.001121 0.000075
v 0.000053 0.001085 0.000067
v 0.000037 0.001079 0.000075
v 0.000043 0.001064 0.000071
v 0.000058 0.001079 0.000056
v 0.000043 0.001064 0.000071
v 0.000037 0.001079 0.000075
v 0.000022 0.001076 0.000078
v 0.000022 0.001057 0.000078
v 0.000059 0.001105 0.000066
v 0.000041 0.001089 0.000071
v 0.000053 0.001085 0.000067
v 0.000059 0.001105 0.000066
v 0.000069 0.001099 0.000047
v 0.000072 0.001116 0.000044
v 0.000062 0.001118 0.000062
v 0.000053 0.001085 0.000067
v 0.000058 0.001079 0.000056
v 0.000069 0.001099 0.000047
v 0.000059 0.001105 0.000066
v 0.000055 0.001080 0.000002
v 0.000066 0.001092 0.000022
v 0.000051 0.001067 0.000024
v 0.000052 0.001145 0.000066
v 0.000053 0.001160 0.000061
v 0.000038 0.001160 0.000067
v 0.000036 0.001148 0.000072
v 0.000060 0.001140 0.000060
v 0.000063 0.001157 0.000053
v 0.000053 0.001160 0.000061
v 0.000052 0.001145 0.000066
v 0.000064 0.001130 0.000057
v 0.000073 0.001132 0.000042
v 0.000063 0.001157 0.000053
v 0.000060 0.001140 0.000060
v 0.000062 0.001118 0.000062
v 0.000072 0.001116 0.000044
v 0.000073 0.001132 0.000042
v 0.000064 0.001130 0.000057
v 0.000038 0.001160 0.000067
v 0.000043 0.001190 0.000048
v 0.000023 0.001192 0.000050
v 0.000023 0.001163 0.000067
v 0.000053 0.001160 0.000061
v 0.000053 0.001182 0.000036
v 0.000043 0.001190 0.000048
v 0.000038 0.001160 0.000067
v 0.000063 0.001157 0.000053
v 0.000070 0.001163 0.000024
v 0.000053 0.001182 0.000036
v 0.000053 0.001160 0.000061
v 0.000073 0.001132 0.000042
v 0.000073 0.001137 0.000013
v 0.000070 0.001163 0.000024
v 0.000063 0.001157 0.000053
v 0.000072 0.001116 0.000044
v 0.000076 0.001121 0.000018
v 0.000073 0.001137 0.000013
v 0.000073 0.001132 0.000042
v 0.000051 0.001067 0.000024
v 0.000066 0.001092 0.000022
v 0.000069 0.001099 0.000047
v 0.000058 0.001079 0.000056
v 0.000066 0.001092 0.000022
v 0.000070 0.001106 0.000017
v 0.000072 0.001116 0.000044
v 0.000069 0.001099 0.000047
v 0.000072 0.001116 0.000044
v 0.000070 0.001106 0.000017
v 0.000076 0.001121 0.000018
v 0.000055 0.001080 0.000002
v 0.000064 0.001102 0.000001
v 0.000070 0.001106 0.000017
v 0.000066 0.001092 0.000022
v 0.000043 0.001190 0.000048
v 0.000044 0.001205 0.000008
v 0.000024 0.001208 0.000008
v 0.000023 0.001192 0.000050
v 0.000053 0.001182 0.000036
v 0.000053 0.001195 0.000007
v 0.000044 0.001205 0.000008
v 0.000043 0.001190 0.000048
v 0.000070 0.001163 0.000024
v 0.000071 0.001165 -0.000002
v 0.000053 0.001195 0.000007
v 0.000053 0.001182 0.000036
v 0.000073 0.001137 0.000013
v 0.000072 0.001137 -0.000002
v 0.000071 0.001165 -0.000002
v 0.000070 0.001163 0.000024
v 0.000048 0.001092 -0.000026
v 0.000047 0.001108 -0.000032
v 0.000064 0.001102 0.000001
v 0.000055 0.001080 0.000002
v 0.000044 0.001205 0.000008
v 0.000044 0.001184 -0.000034
v 0.000024 0.001186 -0.000036
v 0.000024 0.001208 0.000008
v 0.000053 0.001195 0.000007
v 0.000065 0.001171 -0.000028
v 0.000044 0.001184 -0.000034
v 0.000044 0.001205 0.000008
v 0.000071 0.001165 -0.000002
v 0.000072 0.001152 -0.000015
v 0.000065 0.001171 -0.000028
v 0.000053 0.001195 0.000007
v 0.000072 0.001137 -0.000002
v 0.000072 0.001152 -0.000015
v 0.000071 0.001165 -0.000002
v 0.000072 0.001137 -0.000002
v 0.000075 0.001123 -0.000008
v 0.000069 0.001129 -0.000022
v 0.000072 0.001152 -0.000015
v 0.000075 0.001123 -0.000008
v 0.000064 0.001102 0.000001
v 0.000047 0.001108 -0.000032
v 0.000069 0.001129 -0.000022
v 0.000076 0.001121 0.000018
v 0.000075 0.001123 -0.000007
v 0.000083 0.001138 0.000001
v 0.000073 0.001137 0.000013
v 0.000070 0.001106 0.000017
v 0.000072 0.001105 0.000005
v 0.000075 0.001123 -0.000007
v 0.000076 0.001121 0.000018
v 0.000075 0.001123 -0.000007
v 0.000075 0.001123 -0.000008
v 0.000072 0.001137 -0.000002
v 0.000083 0.001138 0.000001
v 0.000072 0.001105 0.000005
v 0.000064 0.001102 0.000001
v 0.000075 0.001123 -0.000008
v 0.000075 0.001123 -0.000007
v 0.000072 0.001137 -0.000002
v 0.000073 0.001137 0.000013
v 0.000083 0.001138 0.000001
v 0.000070 0.001106 0.000017
v 0.000064 0.001102 0.000001
v 0.000072 0.001105 0.000005
v 0.000044 0.001184 -0.000034
v 0.000048 0.001148 -0.000051
v 0.000024 0.001149 -0.000054
v 0.000024 0.001186 -0.000036
v 0.000065 0.001171 -0.000028
v 0.000065 0.001149 -0.000034
v 0.000048 0.001148 -0.000051
v 0.000044 0.001184 -0.000034
v 0.000048 0.001148 -0.000051
v 0.000047 0.001108 -0.000032
v 0.000024 0.001109 -0.000047
v 0.000024 0.001149 -0.000054
v 0.000047 0.001108 -0.000032
v 0.000048 0.001148 -0.000051
v 0.000065 0.001149 -0.000034
v 0.000069 0.001129 -0.000022
v 0.000065 0.001149 -0.000034
v 0.000065 0.001171 -0.000028
v 0.000072 0.001152 -0.000015
v 0.000069 0.001129 -0.000022
v 0.000156 0.000146 0.000043
v 0.000154 0.000104 0.000045
v 0.000139 0.000103 0.000034
v 0.000140 0.000146 0.000030
v 0.000139 0.000144 0.000095
v 0.000140 0.000108 0.000091
v 0.000158 0.000104 0.000074
v 0.000161 0.000145 0.000077
v 0.000161 0.000145 0.000077
v 0.000158 0.000104 0.000074
v 0.000154 0.000104 0.000045
v 0.000156 0.000146 0.000043
v 0.000120 0.000149 0.000082
v 0.000124 0.000107 0.000076
v 0.000140 0.000108 0.000091
v 0.000139 0.000144 0.000095
v 0.000123 0.000150 0.000048
v 0.000125 0.000104 0.000047
v 0.000124 0.000107 0.000076
v 0.000120 0.000149 0.000082
v 0.000140 0.000146 0.000030
v 0.000139 0.000103 0.000034
v 0.000125 0.000104 0.000047
v 0.000123 0.000150 0.000048
v 0.000154 0.000104 0.000045
v 0.000157 0.000081 0.000046
v 0.000139 0.000083 0.000032
v 0.000139 0.000103 0.000034
v 0.000140 0.000108 0.000091
v 0.000144 0.000088 0.000100
v 0.000163 0.000076 0.000075
v 0.000158 0.000104 0.000074
v 0.000158 0.000104 0.000074
v 0.000163 0.000076 0.000075
v 0.000157 0.000081 0.000046
v 0.000154 0.000104 0.000045
v 0.000124 0.000107 0.000076
v 0.000121 0.000085 0.000083
v 0.000144 0.000088 0.000100
v 0.000140 0.000108 0.000091
v 0.000125 0.000104 0.000047
v 0.000122 0.000086 0.000045
v 0.000121 0.000085 0.000083
v 0.000124 0.000107 0.000076
v 0.000139 0.000103 0.000034
v 0.000139 0.000083 0.000032
v 0.000122 0.000086 0.000045
v 0.000125 0.000104 0.000047
v 0.000157 0.000081 0.000046
v 0.000155 0.000061 0.000042
v 0.000132 0.000064 0.000029
v 0.000139 0.000083 0.000032
v 0.000163 0.000076 0.000075
v 0.000170 0.000050 0.000071
v 0.000155 0.000061 0.000042
v 0.000157 0.000081 0.000046
v 0.000122 0.000086 0.000045
v 0.000117 0.000069 0.000054
v 0.000129 0.000056 0.000081
v 0.000121 0.000085 0.000083
v 0.000139 0.000083 0.000032
v 0.000132 0.000064 0.000029
v 0.000117 0.000069 0.000054
v 0.000122 0.000086 0.000045
v 0.000144 0.000088 0.000100
v 0.000162 0.000045 0.000136
v 0.000180 0.000046 0.000101
v 0.000163 0.000076 0.000075
v 0.000121 0.000085 0.000083
v 0.000133 0.000046 0.000124
v 0.000162 0.000045 0.000136
v 0.000144 0.000088 0.000100
v 0.000163 0.000076 0.000075
v 0.000180 0.000046 0.000101
v 0.000195 0.000022 0.000103
v 0.000170 0.000050 0.000071
v 0.000129 0.000056 0.000081
v 0.000131 0.000012 0.000123
v 0.000133 0.000046 0.000124
v 0.000121 0.000085 0.000083
v 0.000162 0.000045 0.000136
v 0.000180 0.000027 0.000168
v 0.000196 0.000022 0.000138
v 0.000180 0.000046 0.000101
v 0.000133 0.000046 0.000124
v 0.000161 0.000022 0.000164
v 0.000180 0.000027 0.000168
v 0.000162 0.000045 0.000136
v 0.000180 0.000046 0.000101
v 0.000196 0.000022 0.000138
v 0.000211 0.000009 0.000143
v 0.000195 0.000022 0.000103
v 0.000131 0.000012 0.000123
v 0.000149 0.000007 0.000170
v 0.000161 0.000022 0.000164
v 0.000133 0.000046 0.000124
v 0.000180 0.000027 0.000168
v 0.000195 0.000018 0.000171
v 0.000196 0.000022 0.000138
v 0.000161 0.000022 0.000164
v 0.000173 0.000018 0.000180
v 0.000195 0.000018 0.000171
v 0.000180 0.000027 0.000168
v 0.000196 0.000022 0.000138
v 0.000195 0.000018 0.000171
v 0.000200 0.000009 0.000173
v 0.000211 0.000009 0.000143
v 0.000149 0.000007 0.000170
v 0.000170 0.000007 0.000185
v 0.000173 0.000018 0.000180
v 0.000161 0.000022 0.000164
v 0.000170 0.000007 0.000185
v 0.000200 0.000009 0.000173
v 0.000195 0.000018 0.000171
v 0.000173 0.000018 0.000180
v 0.000155 0.000061 0.000042
v 0.000152 0.000048 0.000045
v 0.000132 0.000048 0.000034
v 0.000132 0.000064 0.000029
v 0.000170 0.000050 0.000071
v 0.000166 0.000042 0.000068
v 0.000152 0.000048 0.000045
v 0.000155 0.000061 0.000042
v 0.000117 0.000069 0.000054
v 0.000121 0.000047 0.000058
v 0.000136 0.000042 0.000081
v 0.000129 0.000056 0.000081
v 0.000132 0.000064 0.000029
v 0.000132 0.000048 0.000034
v 0.000121 0.000047 0.000058
v 0.000117 0.000069 0.000054
v 0.000195 0.000022 0.000103
v 0.000185 0.000014 0.000089
v 0.000166 0.000042 0.000068
v 0.000170 0.000050 0.000071
v 0.000129 0.000056 0.000081
v 0.000136 0.000042 0.000081
v 0.000141 0.000006 0.000118
v 0.000131 0.000012 0.000123
v 0.000211 0.000009 0.000143
v 0.000203 0.000001 0.000140
v 0.000185 0.000014 0.000089
v 0.000195 0.000022 0.000103
v 0.000131 0.000012 0.000123
v 0.000141 0.000006 0.000118
v 0.000158 -0.000001 0.000164
v 0.000149 0.000007 0.000170
v 0.000200 0.000009 0.000173
v 0.000196 0.000004 0.000167
v 0.000203 0.000001 0.000140
v 0.000211 0.000009 0.000143
v 0.000149 0.000007 0.000170
v 0.000158 -0.000001 0.000164
v 0.000169 0.000003 0.000177
v 0.000170 0.000007 0.000185
v 0.000170 0.000007 0.000185
v 0.000169 0.000003 0.000177
v 0.000196 0.000004 0.000167
v 0.000200 0.000009 0.000173
v 0.000141 0.000006 0.000118
v 0.000185 0.000014 0.000089
v 0.000203 0.000001 0.000140
v 0.000158 -0.000001 0.000164
v 0.000158 -0.000001 0.000164
v 0.000203 0.000001 0.000140
v 0.000196 0.000004 0.000167
v 0.000169 0.000003 0.000177
v 0.000136 0.000042 0.000081
v 0.000166 0.000042 0.000068
v 0.000185 0.000014 0.000089
v 0.000141 0.000006 0.000118
v 0.000069 0.000899 -0.000060
v 0.000039 0.000901 -0.000059
v 0.000034 0.000955 -0.000076
v 0.000067 0.000962 -0.000074
v 0.000049 0.001037 -0.000028
v 0.000026 0.001039 -0.000032
v 0.000024 0.001064 -0.000029
v 0.000047 0.001065 -0.000023
v 0.000024 0.001064 -0.000029
v 0.000023 0.001091 -0.000033
v 0.000048 0.001092 -0.000026
v 0.000047 0.001065 -0.000023
v 0.000023 0.001091 -0.000033
v 0.000024 0.001109 -0.000047
v 0.000047 0.001108 -0.000032
v 0.000048 0.001092 -0.000026
v 0.000115 0.000891 0.000055
v 0.000101 0.000896 0.000089
v 0.000086 0.000868 0.000076
v 0.000086 0.000868 0.000076
v 0.000101 0.000896 0.000089
v 0.000082 0.000898 0.000096
v 0.000058 0.000877 0.000084
v 0.000114 0.000935 0.000051
v 0.000107 0.000914 0.000078
v 0.000101 0.000896 0.000089
v 0.000115 0.000891 0.000055
v 0.000052 0.000963 0.000053
v 0.000056 0.000913 0.000085
v 0.000087 0.000923 0.000087
v 0.000086 0.000959 0.000055
v 0.000082 0.000898 0.000096
v 0.000101 0.000896 0.000089
v 0.000107 0.000914 0.000078
v 0.000087 0.000923 0.000087
v 0.000109 0.000602 0.000081
v 0.000045 0.000606 0.000054
v 0.000064 0.000533 0.000078
v 0.000115 0.000540 0.000099
v 0.000103 0.000498 -0.000006
v 0.000112 0.000449 0.000011
v 0.000068 0.000465 0.000035
v 0.000056 0.000510 0.000020
v 0.000087 0.000619 -0.000070
v 0.000094 0.000576 -0.000038
v 0.000039 0.000609 -0.000046
v 0.000039 0.000630 -0.000074
v 0.000068 0.000768 0.000075
v 0.000064 0.000732 0.000074
v 0.000099 0.000737 0.000060
v 0.000090 0.000773 0.000054
v 0.000090 0.000773 0.000054
v 0.000099 0.000737 0.000060
v 0.000117 0.000750 0.000024
v 0.000114 0.000780 0.000017
v 0.000114 0.000780 0.000017
v 0.000117 0.000750 0.000024
v 0.000111 0.000751 -0.000017
v 0.000101 0.000757 -0.000042
v 0.000179 0.000689 0.000006
v 0.000185 0.000690 -0.000009
v 0.000191 0.000666 -0.000003
v 0.000186 0.000666 0.000008
v 0.000185 0.000690 -0.000009
v 0.000201 0.000695 -0.000019
v 0.000204 0.000663 -0.000013
v 0.000191 0.000666 -0.000003
v 0.000204 0.000663 -0.000013
v 0.000201 0.000695 -0.000019
v 0.000213 0.000695 -0.000011
v 0.000214 0.000666 -0.000008
v 0.000214 0.000666 -0.000008
v 0.000213 0.000695 -0.000011
v 0.000215 0.000693 0.000005
v 0.000217 0.000666 0.000005
v 0.000217 0.000666 0.000005
v 0.000215 0.000693 0.000005
v 0.000206 0.000692 0.000020
v 0.000209 0.000665 0.000019
v 0.000206 0.000692 0.000020
v 0.000185 0.000691 0.000019
v 0.000190 0.000667 0.000019
v 0.000209 0.000665 0.000019
v 0.000185 0.000691 0.000019
v 0.000179 0.000689 0.000006
v 0.000186 0.000666 0.000008
v 0.000190 0.000667 0.000019
v 0.000044 0.001206 0.000056
v 0.000051 0.001216 0.000004
v 0.000024 0.001221 0.000004
v 0.000023 0.001211 0.000058
v 0.000068 0.001196 0.000042
v 0.000063 0.001199 0.000003
v 0.000051 0.001216 0.000004
v 0.000044 0.001206 0.000056
v 0.000079 0.001177 0.000020
v 0.000079 0.001178 -0.000006
v 0.000063 0.001199 0.000003
v 0.000068 0.001196 0.000042
v 0.000024 0.001221 0.000004
v 0.000051 0.001216 0.000004
v 0.000055 0.001199 -0.000038
v 0.000024 0.001206 -0.000046
v 0.000063 0.001199 0.000003
v 0.000073 0.001184 -0.000032
v 0.000055 0.001199 -0.000038
v 0.000051 0.001216 0.000004
v 0.000073 0.001184 -0.000032
v 0.000078 0.001163 -0.000041
v 0.000056 0.001166 -0.000057
v 0.000055 0.001199 -0.000038
v 0.000044 0.001206 0.000056
v 0.000050 0.001176 0.000078
v 0.000064 0.001175 0.000055
v 0.000068 0.001196 0.000042
v 0.000050 0.001156 0.000073
v 0.000040 0.001157 0.000063
v 0.000055 0.001149 0.000055
v 0.000067 0.001149 0.000063
v 0.000079 0.001177 0.000020
v 0.000068 0.001196 0.000042
v 0.000064 0.001175 0.000055
v 0.000067 0.001149 0.000063
v 0.000079 0.001178 -0.000006
v 0.000073 0.001184 -0.000032
v 0.000063 0.001199 0.000003
v 0.000079 0.001177 0.000020
v 0.000090 0.001141 0.000013
v 0.000082 0.001144 -0.000007
v 0.000079 0.001178 -0.000006
v 0.000055 0.001149 0.000055
v 0.000067 0.001127 0.000029
v 0.000078 0.001128 0.000032
v 0.000067 0.001149 0.000063
v 0.000067 0.001149 0.000063
v 0.000078 0.001128 0.000032
v 0.000090 0.001141 0.000013
v 0.000079 0.001177 0.000020
v 0.000079 0.001178 -0.000006
v 0.000082 0.001144 -0.000007
v 0.000078 0.001163 -0.000041
v 0.000073 0.001184 -0.000032
v 0.000056 0.001166 -0.000057
v 0.000058 0.001121 -0.000065
v 0.000024 0.001124 -0.000075
v 0.000025 0.001168 -0.000065
v 0.000078 0.001163 -0.000041
v 0.000082 0.001123 -0.000048
v 0.000058 0.001121 -0.000065
v 0.000056 0.001166 -0.000057
v 0.000090 0.001141 0.000013
v 0.000093 0.001094 0.000009
v 0.000085 0.001104 -0.000018
v 0.000082 0.001144 -0.000007
v 0.000067 0.001127 0.000029
v 0.000061 0.001111 0.000029
v 0.000078 0.001100 0.000029
v 0.000078 0.001128 0.000032
v 0.000078 0.001128 0.000032
v 0.000078 0.001100 0.000029
v 0.000093 0.001094 0.000009
v 0.000090 0.001141 0.000013
v 0.000082 0.001144 -0.000007
v 0.000085 0.001104 -0.000018
v 0.000082 0.001123 -0.000048
v 0.000078 0.001163 -0.000041
v 0.000059 0.001076 -0.000065
v 0.000062 0.001049 -0.000042
v 0.000025 0.001050 -0.000053
v 0.000024 0.001080 -0.000077
v 0.000085 0.001084 -0.000047
v 0.000076 0.001051 -0.000030
v 0.000062 0.001049 -0.000042
v 0.000059 0.001076 -0.000065
v 0.000093 0.001094 0.000009
v 0.000081 0.001068 0.000001
v 0.000085 0.001061 -0.000015
v 0.000085 0.001104 -0.000018
v 0.000061 0.001111 0.000029
v 0.000054 0.001089 0.000022
v 0.000065 0.001087 0.000019
v 0.000078 0.001100 0.000029
v 0.000078 0.001100 0.000029
v 0.000065 0.001087 0.000019
v 0.000081 0.001068 0.000001
v 0.000093 0.001094 0.000009
v 0.000085 0.001104 -0.000018
v 0.000085 0.001061 -0.000015
v 0.000076 0.001051 -0.000030
v 0.000085 0.001084 -0.000047
v 0.000062 0.001049 -0.000042
v 0.000049 0.001057 -0.000013
v 0.000024 0.001054 -0.000020
v 0.000025 0.001050 -0.000053
v 0.000062 0.001049 -0.000042
v 0.000076 0.001051 -0.000030
v 0.000053 0.001061 0.000005
v 0.000049 0.001057 -0.000013
v 0.000076 0.001051 -0.000030
v 0.000085 0.001061 -0.000015
v 0.000081 0.001068 0.000001
v 0.000053 0.001061 0.000005
v 0.000146 0.000002 0.000054
v 0.000139 0.000002 0.000057
v 0.000139 0.000002 0.000049
v 0.000150 0.000601 0.000048
v 0.000160 0.000534 0.000063
v 0.000147 0.000517 0.000008
v 0.000141 0.000580 -0.000011
v 0.000115 0.000540 0.000099
v 0.000160 0.000534 0.000063
v 0.000150 0.000601 0.000048
v 0.000109 0.000602 0.000081
v 0.000147 0.000517 0.000008
v 0.000103 0.000498 -0.000006
v 0.000094 0.000576 -0.000038
v 0.000141 0.000580 -0.000011
v 0.000115 0.000540 0.000099
v 0.000064 0.000533 0.000078
v 0.000072 0.000478 0.000086
v 0.000120 0.000479 0.000107
v 0.000064 0.000533 0.000078
v 0.000056 0.000510 0.000020
v 0.000068 0.000465 0.000035
v 0.000072 0.000478 0.000086
v 0.000062 0.000833 0.000072
v 0.000063 0.000796 0.000072
v 0.000089 0.000799 0.000055
v 0.000090 0.000823 0.000060
v 0.000090 0.000823 0.000060
v 0.000089 0.000799 0.000055
v 0.000111 0.000805 0.000016
v 0.000113 0.000833 0.000013
v 0.000113 0.000833 0.000013
v 0.000111 0.000805 0.000016
v 0.000100 0.000800 -0.000017
v 0.000103 0.000839 -0.000017
v 0.000100 0.000800 -0.000017
v 0.000063 0.000791 -0.000038
v 0.000065 0.000833 -0.000039
v 0.000103 0.000839 -0.000017
v 0.000065 0.000833 -0.000039
v 0.000063 0.000791 -0.000038
v 0.000040 0.000792 -0.000043
v 0.000040 0.000833 -0.000044
v 0.000058 0.000877 0.000084
v 0.000082 0.000898 0.000096
v 0.000087 0.000923 0.000087
v 0.000056 0.000913 0.000085
v 0.000058 0.000877 0.000084
v 0.000056 0.000913 0.000085
v 0.000034 0.000910 0.000078
v 0.000035 0.000873 0.000078
v 0.000086 0.000959 0.000055
v 0.000087 0.000923 0.000087
v 0.000107 0.000914 0.000078
v 0.000114 0.000935 0.000051
v 0.000052 0.000963 0.000053
v 0.000087 0.000999 0.000022
v 0.000051 0.001002 0.000025
v 0.000107 0.000999 0.000020
v 0.000120 0.000955 0.000031
v 0.000119 0.000963 0.000018
v 0.000138 0.000979 0.000019
v 0.000120 0.000955 0.000031
v 0.000121 0.000932 0.000003
v 0.000119 0.000963 0.000018
v 0.000130 0.000974 -0.000050
v 0.000119 0.001009 -0.000043
v 0.000153 0.000987 -0.000032
v 0.000050 0.001176 0.000078
v 0.000023 0.001190 0.000072
v 0.000023 0.001175 0.000069
v 0.000050 0.001156 0.000073
v 0.000067 0.001149 0.000063
v 0.000064 0.001175 0.000055
v 0.000050 0.001176 0.000078
v 0.000050 0.001156 0.000073
v 0.000152 0.000048 0.000045
v 0.000143 0.000028 0.000048
v 0.000137 0.000028 0.000044
v 0.000132 0.000048 0.000034
v 0.000121 0.000047 0.000058
v 0.000132 0.000048 0.000034
v 0.000137 0.000028 0.000044
v 0.000134 0.000028 0.000052
v 0.000121 0.000047 0.000058
v 0.000134 0.000028 0.000052
v 0.000138 0.000028 0.000059
v 0.000136 0.000042 0.000081
v 0.000136 0.000042 0.000081
v 0.000138 0.000028 0.000059
v 0.000148 0.000028 0.000055
v 0.000166 0.000042 0.000068
v 0.000152 0.000048 0.000045
v 0.000166 0.000042 0.000068
v 0.000148 0.000028 0.000055
v 0.000143 0.000028 0.000048
v 0.000137 0.000028 0.000044
v 0.000143 0.000028 0.000048
v 0.000139 0.000002 0.000049
v 0.000134 0.000028 0.000052
v 0.000137 0.000028 0.000044
v 0.000139 0.000002 0.000049
v 0.000139 0.000002 0.000057
v 0.000138 0.000028 0.000059
v 0.000134 0.000028 0.000052
v 0.000139 0.000002 0.000049
v 0.000146 0.000002 0.000054
v 0.000148 0.000028 0.000055
v 0.000138 0.000028 0.000059
v 0.000139 0.000002 0.000057
v 0.000143 0.000028 0.000048
v 0.000148 0.000028 0.000055
v 0.000146 0.000002 0.000054
v 0.000139 0.000002 0.000049
v 0.000056 0.000510 0.000020
v 0.000046 0.000568 -0.000000
v 0.000094 0.000576 -0.000038
v 0.000103 0.000498 -0.000006
v 0.000056 0.000510 0.000020
v 0.000064 0.000533 0.000078
v 0.000045 0.000606 0.000054
v 0.000046 0.000568 -0.000000
v 0.000046 0.000568 -0.000000
v 0.000039 0.000574 -0.000006
v 0.000039 0.000609 -0.000046
v 0.000094 0.000576 -0.000038
v 0.000046 0.000568 -0.000000
v 0.000045 0.000606 0.000054
v 0.000030 0.000606 0.000047
v 0.000039 0.000574 -0.000006
v 0.000054 0.001089 0.000022
v 0.000041 0.001081 0.000024
v 0.000046 0.001075 0.000017
v 0.000065 0.001087 0.000019
v 0.000065 0.001087 0.000019
v 0.000046 0.001075 0.000017
v 0.000053 0.001061 0.000005
v 0.000081 0.001068 0.000001
v 0.000055 0.001199 -0.000038
v 0.000056 0.001166 -0.000057
v 0.000025 0.001168 -0.000065
v 0.000024 0.001206 -0.000046
v 0.000105 0.000685 0.000060
v 0.000067 0.000707 0.000075
v 0.000065 0.000680 0.000076
v 0.000146 0.000647 0.000037
v 0.000105 0.000685 0.000060
v 0.000109 0.000635 0.000067
v 0.000146 0.000647 0.000037
v 0.000134 0.000676 -0.000040
v 0.000134 0.000694 0.000029
v 0.000134 0.000676 -0.000040
v 0.000100 0.000707 -0.000067
v 0.000129 0.000709 -0.000032
v 0.000100 0.000707 -0.000067
v 0.000064 0.000727 -0.000069
v 0.000100 0.000734 -0.000054
v 0.000058 0.001121 -0.000065
v 0.000082 0.001123 -0.000048
v 0.000085 0.001084 -0.000047
v 0.000059 0.001076 -0.000065
v 0.000082 0.001123 -0.000048
v 0.000085 0.001104 -0.000018
v 0.000085 0.001084 -0.000047
v 0.000032 0.000951 0.000052
v 0.000034 0.000910 0.000078
v 0.000056 0.000913 0.000085
v 0.000052 0.000963 0.000053
v 0.000039 0.000630 -0.000074
v 0.000039 0.000670 -0.000088
v 0.000067 0.000667 -0.000083
v 0.000087 0.000619 -0.000070
v 0.000039 0.000670 -0.000088
v 0.000040 0.000706 -0.000083
v 0.000065 0.000704 -0.000077
v 0.000067 0.000667 -0.000083
v 0.000040 0.000706 -0.000083
v 0.000040 0.000732 -0.000070
v 0.000064 0.000727 -0.000069
v 0.000065 0.000704 -0.000077
v 0.000040 0.000732 -0.000070
v 0.000040 0.000757 -0.000060
v 0.000063 0.000751 -0.000056
v 0.000064 0.000727 -0.000069
v 0.000040 0.000757 -0.000060
v 0.000040 0.000792 -0.000043
v 0.000063 0.000791 -0.000038
v 0.000063 0.000751 -0.000056
v 0.000040 0.000833 -0.000044
v 0.000039 0.000901 -0.000059
v 0.000069 0.000899 -0.000060
v 0.000065 0.000833 -0.000039
v 0.000034 0.001087 0.000078
v 0.000022 0.001085 0.000081
v 0.000022 0.001076 0.000078
v 0.000037 0.001079 0.000075
v 0.000031 0.000765 0.000077
v 0.000028 0.000732 0.000079
v 0.000064 0.000732 0.000074
v 0.000068 0.000768 0.000075
v 0.000044 0.001206 0.000056
v 0.000023 0.001211 0.000058
v 0.000023 0.001190 0.000072
v 0.000050 0.001176 0.000078
v 0.000023 0.001175 0.000069
v 0.000023 0.001167 0.000058
v 0.000040 0.001157 0.000063
v 0.000050 0.001156 0.000073
v 0.000035 0.000826 0.000075
v 0.000033 0.000794 0.000079
v 0.000063 0.000796 0.000072
v 0.000062 0.000833 0.000072
v 0.000024 0.001080 -0.000077
v 0.000024 0.001124 -0.000075
v 0.000058 0.001121 -0.000065
v 0.000059 0.001076 -0.000065
vn -0.9119 -0.2508 -0.3250
vn -0.9363 -0.2284 -0.2668
vn -0.9273 -0.2372 -0.2895
vn -0.8987 -0.2611 -0.3523
vn -0.7437 -0.2427 0.6229
vn -0.7490 -0.2406 0.6173
vn -0.7309 -0.2478 0.6359
vn -0.7260 -0.2497 0.6407
vn -0.2167 -0.0770 -0.9732
vn -0.4199 -0.0479 -0.9063
vn -0.3656 -0.0561 -0.9291
vn -0.1754 -0.0825 -0.9810
vn 0.2276 -0.0833 0.9702
vn 0.3982 0.0360 0.9166
vn 0.3358 -0.0089 0.9419
vn 0.1739 -0.1186 0.9776
vn 0.9668 -0.1003 0.2349
vn 0.9932 -0.0171 0.1153
vn 0.9839 -0.0550 0.1701
vn 0.9482 -0.1368 0.2868
vn 0.7224 0.0897 -0.6857
vn 0.8714 -0.0344 -0.4894
vn 0.8066 0.0262 -0.5905
vn 0.6728 0.1220 -0.7297
vn -0.9597 -0.1211 -0.2535
vn -0.9578 -0.1135 -0.2639
vn -0.9608 -0.1258 -0.2471
vn -0.9622 -0.1328 -0.2377
vn -0.7441 -0.2489 0.6200
vn -0.7253 -0.2586 0.6380
vn -0.7923 -0.2215 0.5685
vn -0.8102 -0.2104 0.5472
vn -0.1363 -0.0269 -0.9903
vn -0.1751 -0.0483 -0.9834
vn -0.0779 0.0051 -0.9970
vn -0.0484 0.0212 -0.9986
vn 0.1566 -0.1843 0.9703
vn 0.1780 -0.1915 0.9652
vn 0.1277 -0.1745 0.9763
vn 0.1095 -0.1683 0.9796
vn 0.9532 0.0510 0.2981
vn 0.9506 0.0538 0.3056
vn 0.9560 0.0477 0.2893
vn 0.9579 0.0454 0.2833
vn 0.6899 0.0509 -0.7222
vn 0.6758 0.0400 -0.7360
vn 0.7072 0.0645 -0.7041
vn 0.7196 0.0748 -0.6903
vn -0.9763 -0.0921 -0.1958
vn -0.9667 -0.0371 -0.2534
vn -0.9795 -0.1346 -0.1500
vn -0.9759 -0.2066 -0.0698
vn -0.8090 -0.1285 0.5736
vn -0.8212 -0.1162 0.5586
vn -0.7945 -0.1425 0.5903
vn -0.7827 -0.1534 0.6032
vn -0.1265 0.3639 -0.9228
vn -0.1024 0.3814 -0.9187
vn -0.1606 0.3383 -0.9272
vn -0.1842 0.3201 -0.9293
vn 0.1251 -0.1663 0.9781
vn 0.1104 -0.1573 0.9814
vn 0.1362 -0.1731 0.9754
vn 0.1524 -0.1830 0.9712
vn 0.9655 0.0568 0.2543
vn 0.9556 0.0700 0.2861
vn 0.9723 0.0463 0.2291
vn 0.9807 0.0314 0.1929
vn 0.6059 0.3758 -0.7012
vn 0.6294 0.3926 -0.6706
vn 0.5739 0.3531 -0.7389
vn 0.5442 0.3321 -0.7704
vn -0.9843 0.1017 -0.1440
vn -0.9953 -0.0553 -0.0789
vn -0.9922 0.0394 -0.1186
vn -0.9711 0.1672 -0.1703
vn -0.7921 -0.3247 0.5168
vn -0.6928 -0.4839 0.5347
vn -0.7355 -0.4222 0.5299
vn -0.8262 -0.2528 0.5035
vn -0.1856 0.3772 -0.9073
vn -0.1883 0.3729 -0.9086
vn -0.1870 0.3757 -0.9077
vn -0.1838 0.3805 -0.9063
vn 0.2370 -0.3812 0.8936
vn 0.1525 -0.2107 0.9656
vn 0.1806 -0.2670 0.9466
vn 0.2626 -0.4339 0.8619
vn 0.9745 0.1156 0.1924
vn 0.9730 0.1213 0.1962
vn 0.9735 0.1194 0.1948
vn 0.9752 0.1129 0.1906
vn 0.5119 0.3087 -0.8016
vn 0.5359 0.3700 -0.7589
vn 0.5233 0.3367 -0.7828
vn 0.4957 0.2697 -0.8256
vn -0.9679 -0.1106 -0.2258
vn -0.9679 -0.1077 -0.2270
vn -0.9679 -0.1088 -0.2265
vn -0.9679 -0.1117 -0.2254
vn -0.8288 -0.1587 0.5365
vn -0.8498 -0.1105 0.5154
vn -0.8398 -0.1344 0.5260
vn -0.8168 -0.1837 0.5469
vn -0.0758 -0.3054 -0.9492
vn -0.0977 -0.3691 -0.9242
vn -0.0904 -0.3480 -0.9331
vn -0.0687 -0.2845 -0.9562
vn 0.1828 -0.2207 0.9580
vn 0.2626 -0.3633 0.8939
vn 0.2277 -0.3006 0.9262
vn 0.1477 -0.1585 0.9762
vn 0.9661 -0.1859 0.1792
vn 0.9579 -0.2522 0.1369
vn 0.9620 -0.2253 0.1543
vn 0.9673 -0.1663 0.1914
vn 0.6033 -0.1224 -0.7881
vn 0.4868 -0.3563 -0.7975
vn 0.5330 -0.2742 -0.8005
vn 0.6293 -0.0522 -0.7754
vn -0.9463 -0.1717 -0.2738
vn -0.9524 -0.2043 -0.2264
vn -0.9419 -0.1544 -0.2983
vn -0.9325 -0.1249 -0.3389
vn -0.8071 -0.1235 0.5773
vn -0.8314 -0.1026 0.5461
vn -0.7913 -0.1363 0.5960
vn -0.7656 -0.1559 0.6242
vn -0.1236 -0.1676 -0.9781
vn -0.0834 -0.1396 -0.9867
vn -0.1524 -0.1878 -0.9703
vn -0.1836 -0.2099 -0.9603
vn 0.1597 -0.0497 0.9859
vn 0.1415 -0.0397 0.9891
vn 0.1733 -0.0572 0.9832
vn 0.1915 -0.0672 0.9792
vn 0.9689 -0.0598 0.2401
vn 0.9769 -0.0885 0.1943
vn 0.9605 -0.0368 0.2759
vn 0.9490 -0.0113 0.3151
vn 0.6728 -0.1568 -0.7230
vn 0.6264 -0.1963 -0.7544
vn 0.7070 -0.1254 -0.6961
vn 0.7369 -0.0958 -0.6692
vn -0.9153 -0.1328 -0.3802
vn -0.9266 -0.1644 -0.3383
vn -0.9095 -0.1196 -0.3981
vn -0.8956 -0.0902 -0.4357
vn -0.7737 -0.1229 0.6215
vn -0.7716 -0.1190 0.6249
vn -0.7732 -0.1219 0.6224
vn -0.7752 -0.1257 0.6191
vn -0.1773 -0.1073 -0.9783
vn -0.2018 -0.1264 -0.9712
vn -0.1682 -0.1002 -0.9807
vn -0.1397 -0.0779 -0.9871
vn -0.9319 -0.0754 -0.3549
vn -0.9285 -0.0627 -0.3659
vn -0.9311 -0.0725 -0.3574
vn -0.9338 -0.0833 -0.3479
vn -0.7567 -0.0297 0.6531
vn -0.7715 -0.0024 0.6362
vn -0.7591 -0.0253 0.6505
vn -0.7448 -0.0504 0.6653
vn -0.3643 -0.2813 -0.8878
vn -0.2710 -0.1838 -0.9449
vn -0.3562 -0.2728 -0.8937
vn -0.4462 -0.3685 -0.8155
vn -0.0973 -0.4982 0.8616
vn -0.0229 -0.5141 0.8574
vn -0.1855 -0.4752 0.8601
vn -0.2296 -0.4619 0.8567
vn -0.0287 -0.1755 0.9841
vn -0.1058 -0.4074 0.9071
vn 0.0121 -0.0505 0.9986
vn 0.0826 0.1693 0.9821
vn -0.2207 -0.2330 0.9471
vn -0.2468 -0.2073 0.9466
vn -0.2196 -0.2340 0.9471
vn -0.1970 -0.2554 0.9465
vn -0.3615 -0.0979 0.9272
vn -0.1699 -0.2523 0.9526
vn -0.3749 -0.0862 0.9231
vn -0.5139 0.0450 0.8567
vn -0.9366 -0.0196 -0.3497
vn -0.7979 0.2108 0.5648
vn -0.7976 0.2108 0.5652
vn -0.4685 -0.0736 -0.8804
vn -0.4256 -0.0163 -0.9048
vn -0.4569 -0.0578 -0.8876
vn -0.5002 -0.1182 -0.8578
vn -0.4824 0.0580 -0.8740
vn -0.4824 0.0575 -0.8741
vn -0.9383 0.2684 -0.2181
vn -0.1915 -0.0607 -0.9796
vn -0.1109 0.1551 -0.9817
vn -0.1492 0.1248 -0.9809
vn -0.1069 0.1582 -0.9816
vn -0.0774 0.1810 -0.9804
vn -0.2472 -0.0226 0.9687
vn -0.2922 -0.0811 0.9529
vn -0.2276 0.0024 0.9738
vn -0.1709 0.0729 0.9826
vn -0.5408 0.1978 0.8175
vn -0.7938 0.2560 0.5517
vn -0.7917 0.2276 0.5670
vn -0.7933 0.2477 0.5562
vn -0.7948 0.2762 0.5404
vn -0.6193 0.4662 -0.6317
vn -0.6311 0.5309 -0.5655
vn -0.6104 0.4267 -0.6673
vn -0.5925 0.3632 -0.7191
vn -0.8870 0.3873 -0.2516
vn -0.9400 0.2600 -0.2208
vn -0.9197 0.3148 -0.2344
vn -0.8467 0.4599 -0.2676
vn -0.0418 0.3520 -0.9351
vn -0.3000 0.0946 0.9492
vn -0.2938 0.1059 0.9500
vn -0.3068 0.0822 0.9482
vn -0.3110 0.0745 0.9475
vn -0.5472 0.0444 0.8358
vn -0.5641 0.1279 0.8157
vn -0.5560 0.0850 0.8268
vn -0.5348 -0.0067 0.8450
vn -0.8077 0.3939 0.4387
vn -0.8421 0.1465 0.5190
vn -0.8314 0.2777 0.4813
vn -0.7716 0.5029 0.3895
vn -0.7562 0.3887 -0.5263
vn -0.6099 0.5694 -0.5511
vn -0.6984 0.4690 -0.5406
vn -0.8325 0.2524 -0.4931
vn -0.7956 0.5581 -0.2356
vn -0.8020 0.5498 -0.2335
vn -0.7998 0.5527 -0.2342
vn -0.7924 0.5622 -0.2369
vn -0.0837 0.4950 -0.8649
vn -0.0869 0.5030 -0.8599
vn -0.0807 0.4877 -0.8693
vn -0.0776 0.4799 -0.8739
vn -0.2742 0.0391 0.9609
vn -0.3345 -0.0180 0.9422
vn -0.2592 0.0537 0.9643
vn -0.2021 0.1053 0.9737
vn -0.6907 0.1480 0.7078
vn -0.7264 0.2616 0.6355
vn -0.6978 0.1669 0.6966
vn -0.6502 0.0500 0.7581
vn -0.8963 0.1468 0.4184
vn -0.8930 0.0914 0.4406
vn -0.8949 0.1167 0.4307
vn -0.8968 0.1724 0.4076
vn -0.8805 0.2426 -0.4072
vn -0.9170 0.1690 -0.3614
vn -0.8956 0.2143 -0.3899
vn -0.8437 0.3029 -0.4432
vn -0.1679 0.4954 -0.8523
vn -0.2264 0.5545 -0.8008
vn -0.1722 0.4999 -0.8488
vn -0.1088 0.4327 -0.8949
vn -0.0769 -0.2471 0.9659
vn -0.2081 0.0212 0.9779
vn -0.0951 -0.2119 0.9726
vn 0.0476 -0.4705 0.8811
vn -0.4848 -0.1524 0.8613
vn -0.3890 -0.2359 0.8905
vn -0.4529 -0.1818 0.8728
vn -0.5300 -0.1098 0.8409
vn -0.9594 -0.1781 0.2188
vn -0.9068 -0.3165 0.2785
vn -0.9419 -0.2324 0.2427
vn -0.9776 -0.1015 0.1843
vn -0.9099 -0.1665 -0.3799
vn -0.8955 -0.1275 -0.4265
vn -0.9135 -0.1777 -0.3661
vn -0.9219 -0.2091 -0.3262
vn -0.4026 -0.3282 -0.8545
vn -0.4057 -0.3312 -0.8519
vn -0.4016 -0.3272 -0.8554
vn -0.3991 -0.3248 -0.8574
vn 0.1997 -0.1156 0.9730
vn 0.2031 -0.1178 0.9721
vn 0.1991 -0.1148 0.9732
vn 0.1961 -0.1121 0.9742
vn -0.6377 -0.3513 0.6855
vn -0.4963 -0.5547 0.6678
vn -0.5711 -0.4570 0.6819
vn -0.6823 -0.2656 0.6811
vn -0.9656 -0.2594 0.0172
vn -0.9204 -0.3888 0.0416
vn -0.9462 -0.3222 0.0290
vn -0.9791 -0.2034 0.0072
vn -0.9170 -0.3297 -0.2246
vn -0.9137 -0.2386 -0.3290
vn -0.9140 -0.3596 -0.1876
vn -0.8965 -0.4340 -0.0889
vn -0.2756 -0.3669 -0.8885
vn -0.3478 -0.4243 -0.8361
vn -0.2014 -0.3062 -0.9304
vn -0.1102 -0.2298 -0.9670
vn -0.3123 -0.3402 0.8870
vn -0.3355 -0.4605 0.8218
vn -0.3042 -0.3034 0.9030
vn -0.2837 -0.2159 0.9343
vn -0.4146 -0.2546 0.8737
vn -0.4146 -0.2545 0.8737
vn -0.5788 -0.4110 -0.7043
vn -0.8485 -0.4440 -0.2878
vn -0.5772 -0.4107 -0.7058
vn -0.5363 -0.4002 -0.7431
vn -0.2720 0.2502 -0.9292
vn -0.6645 0.7344 -0.1383
vn -0.6209 0.7811 -0.0660
vn -0.6515 0.7497 -0.1159
vn -0.6844 0.7078 -0.1748
vn -0.5623 0.5919 0.5775
vn -0.4915 0.5960 0.6350
vn -0.5411 0.5937 0.5956
vn -0.6115 0.5857 0.5320
vn -0.8466 0.2071 0.4903
vn -0.9840 -0.1551 0.0881
vn -0.9564 -0.2788 0.0869
vn -0.9786 -0.1862 0.0879
vn -0.9913 -0.0977 0.0882
vn 0.6883 -0.5798 -0.4360
vn 0.4161 0.8712 0.2605
vn 0.6378 0.7554 0.1504
vn 0.5878 -0.6731 -0.4487
vn 0.2152 -0.2525 -0.9434
vn 0.1448 -0.2462 -0.9584
vn 0.2397 -0.2544 -0.9369
vn 0.2859 -0.2577 -0.9230
vn -0.5131 0.2453 -0.8225
vn -0.4380 0.2563 -0.8617
vn -0.5528 0.2386 -0.7984
vn -0.6244 0.2241 -0.7483
vn -0.8936 0.4488 0.0030
vn -0.8646 0.4938 -0.0931
vn -0.9080 0.4125 0.0732
vn -0.9187 0.3505 0.1819
vn -0.6443 0.2205 0.7323
vn -0.6816 0.3069 0.6642
vn -0.6283 0.1877 0.7550
vn -0.5696 0.0811 0.8179
vn 0.0071 -0.1059 0.9944
vn -0.0181 -0.0679 0.9975
vn 0.0299 -0.1402 0.9897
vn 0.0693 -0.1989 0.9776
vn -0.2524 -0.9634 0.0904
vn 0.3807 -0.3490 0.8563
vn 0.2510 -0.5935 0.7647
vn -0.4238 -0.8672 -0.2615
vn 0.8327 0.0256 -0.5532
vn 0.7199 -0.1768 -0.6712
vn 0.8074 -0.0296 -0.5892
vn 0.8814 0.1810 -0.4363
vn 0.1566 0.0672 -0.9854
vn 0.4007 0.2498 -0.8815
vn 0.1602 0.0700 -0.9846
vn -0.0306 -0.0701 -0.9971
vn -0.6733 0.1764 -0.7181
vn -0.6340 0.2019 -0.7465
vn -0.6948 0.1615 -0.7008
vn -0.7276 0.1375 -0.6721
vn -0.9788 0.0515 0.1983
vn -0.9809 0.0617 0.1844
vn -0.9755 0.0381 0.2168
vn -0.9732 0.0297 0.2282
vn -0.6150 -0.0659 0.7858
vn -0.5883 -0.0886 0.8038
vn -0.6613 -0.0243 0.7498
vn -0.7106 0.0240 0.7032
vn 0.0647 -0.2477 0.9667
vn 0.0547 -0.2414 0.9689
vn 0.0789 -0.2564 0.9633
vn 0.0880 -0.2620 0.9611
vn 0.7642 -0.1647 0.6236
vn 0.7701 -0.1746 0.6135
vn 0.7635 -0.1636 0.6248
vn 0.7539 -0.1477 0.6401
vn 0.9075 -0.0751 -0.4133
vn 0.8963 -0.0842 -0.4355
vn 0.9289 -0.0560 -0.3661
vn 0.9401 -0.0448 -0.3380
vn 0.1030 0.0560 -0.9931
vn -0.0205 0.0059 -0.9998
vn 0.2861 0.1299 -0.9493
vn 0.4275 0.1866 -0.8846
vn -0.7272 0.0996 -0.6792
vn -0.7211 0.1043 -0.6850
vn -0.7409 0.0889 -0.6657
vn -0.7470 0.0841 -0.6595
vn -0.9862 0.0214 0.1643
vn -0.9776 -0.0090 0.2101
vn -0.9941 0.0960 0.0495
vn -0.9893 0.1434 -0.0257
vn -0.6999 -0.0491 0.7125
vn -0.6897 -0.0577 0.7218
vn -0.7125 -0.0382 0.7007
vn -0.7195 -0.0322 0.6938
vn 0.0674 -0.1763 0.9820
vn 0.0784 -0.1825 0.9801
vn 0.0526 -0.1679 0.9844
vn 0.0437 -0.1628 0.9857
vn 0.7505 -0.1747 0.6374
vn 0.7540 -0.1767 0.6327
vn 0.7415 -0.1699 0.6491
vn 0.7382 -0.1681 0.6533
vn 0.9180 -0.2179 -0.3315
vn 0.9217 -0.2144 -0.3233
vn 0.9138 -0.2221 -0.3401
vn 0.9098 -0.2252 -0.3486
vn 0.3112 -0.0156 -0.9502
vn 0.3727 0.0048 -0.9279
vn 0.2385 -0.0390 -0.9704
vn 0.1768 -0.0583 -0.9825
vn -0.7153 0.1044 -0.6910
vn -0.7468 0.0880 -0.6592
vn -0.6075 0.1533 -0.7794
vn -0.5492 0.1763 -0.8169
vn -0.9976 0.0649 -0.0239
vn -0.9975 0.0662 -0.0264
vn -0.9979 0.0623 -0.0189
vn -0.9980 0.0609 -0.0163
vn -0.7369 -0.0228 0.6757
vn -0.7194 -0.0368 0.6936
vn -0.7774 0.0118 0.6289
vn -0.7938 0.0268 0.6076
vn 0.0444 -0.1518 0.9874
vn 0.0451 -0.1523 0.9873
vn 0.0432 -0.1509 0.9876
vn 0.0425 -0.1504 0.9877
vn 0.7186 -0.2595 0.6452
vn 0.7109 -0.2542 0.6557
vn 0.7385 -0.2732 0.6165
vn 0.7517 -0.2826 0.5960
vn 0.9000 0.1756 -0.3988
vn 0.8997 0.2990 -0.3179
vn 0.9023 0.2352 -0.3612
vn 0.8946 0.1245 -0.4291
vn 0.1433 0.1986 -0.9695
vn 0.1492 0.2076 -0.9668
vn 0.1453 0.2020 -0.9685
vn 0.1388 0.1924 -0.9714
vn -0.5313 0.1732 -0.8293
vn -0.5514 0.1501 -0.8206
vn -0.5325 0.1722 -0.8287
vn -0.5158 0.1919 -0.8349
vn -0.9851 0.1707 -0.0195
vn -0.9796 0.1961 -0.0429
vn -0.9848 0.1726 -0.0211
vn -0.9890 0.1481 0.0009
vn -0.8159 0.0057 0.5782
vn -0.7997 -0.0277 0.5998
vn -0.8170 0.0082 0.5766
vn -0.8314 0.0413 0.5542
vn 0.0765 -0.0274 0.9967
vn 0.0868 -0.0592 0.9945
vn 0.0809 -0.0399 0.9959
vn 0.0682 -0.0026 0.9977
vn 0.6518 -0.0580 0.7561
vn 0.7337 -0.1788 0.6555
vn 0.6893 -0.1098 0.7161
vn 0.6225 -0.0206 0.7823
vn 0.9106 0.0148 -0.4131
vn 0.9093 0.0131 -0.4160
vn 0.9127 0.0175 -0.4082
vn 0.9146 0.0200 -0.4039
vn 0.1704 -0.0325 -0.9848
vn 0.1279 -0.0567 -0.9902
vn 0.2073 -0.0112 -0.9782
vn 0.2472 0.0121 -0.9689
vn -0.5353 0.0174 -0.8445
vn -0.5115 0.0301 -0.8587
vn -0.5678 -0.0006 -0.8231
vn -0.5881 -0.0121 -0.8087
vn -0.9954 0.0896 -0.0326
vn -0.9971 0.0765 0.0018
vn -0.9884 0.1149 -0.0988
vn -0.9832 0.1273 -0.1310
vn -0.8265 0.1328 0.5471
vn -0.8255 0.1319 0.5487
vn -0.8278 0.1341 0.5448
vn -0.8285 0.1349 0.5434
vn 0.0992 0.0736 0.9923
vn 0.0899 0.0790 0.9928
vn 0.1099 0.0673 0.9917
vn 0.1182 0.0623 0.9910
vn 0.6811 0.0427 0.7309
vn 0.5826 0.1020 0.8064
vn 0.7515 -0.0058 0.6597
vn 0.8089 -0.0511 0.5858
vn 0.8629 -0.2947 -0.4105
vn 0.8672 -0.2987 -0.3984
vn 0.8662 -0.2976 -0.4015
vn 0.8618 -0.2935 -0.4137
vn 0.2644 -0.1806 -0.9473
vn 0.4180 -0.2732 -0.8664
vn 0.3635 -0.2406 -0.9000
vn 0.2176 -0.1525 -0.9640
vn -0.5715 -0.0898 -0.8157
vn -0.5823 -0.0941 -0.8075
vn -0.5341 -0.0749 -0.8421
vn -0.5186 -0.0691 -0.8522
vn -0.9848 -0.0790 -0.1544
vn -0.9834 -0.0755 -0.1652
vn -0.9889 -0.0913 -0.1173
vn -0.9898 -0.0950 -0.1061
vn -0.8445 -0.0743 0.5303
vn -0.8439 -0.0748 0.5313
vn -0.8464 -0.0730 0.5275
vn -0.8473 -0.0724 0.5262
vn 0.0975 -0.0535 0.9938
vn 0.0206 -0.0879 0.9959
vn 0.0510 -0.0744 0.9959
vn 0.1225 -0.0421 0.9916
vn 0.8204 -0.1497 0.5519
vn 0.9145 -0.1015 0.3917
vn 0.8872 -0.1179 0.4461
vn 0.7960 -0.1594 0.5840
vn 0.9338 -0.1668 -0.3165
vn 0.9176 -0.1933 -0.3474
vn 0.9403 -0.1552 -0.3029
vn 0.9537 -0.1288 -0.2718
vn 0.6859 -0.1052 -0.7200
vn 0.6585 -0.1452 -0.7384
vn 0.6832 -0.1092 -0.7220
vn 0.7115 -0.0649 -0.6997
vn -0.3866 -0.0118 -0.9222
vn -0.4178 -0.0370 -0.9078
vn -0.3775 -0.0041 -0.9260
vn -0.3427 0.0227 -0.9392
vn -0.9613 0.0301 -0.2739
vn -0.9692 -0.0014 -0.2463
vn -0.9608 0.0314 -0.2754
vn -0.9499 0.0665 -0.3054
vn -0.8530 -0.0547 0.5191
vn -0.8554 -0.0487 0.5157
vn -0.8535 -0.0533 0.5183
vn -0.8508 -0.0600 0.5220
vn -0.0977 -0.0509 0.9939
vn -0.0237 -0.1383 0.9901
vn -0.0775 -0.0748 0.9942
vn -0.1475 0.0099 0.9890
vn 0.8851 -0.1503 0.4404
vn 0.8999 -0.1949 0.3900
vn 0.8742 -0.1234 0.4696
vn 0.8518 -0.0754 0.5184
vn 0.9398 -0.1533 -0.3053
vn 0.9565 -0.1038 -0.2725
vn 0.9376 -0.1591 -0.3091
vn 0.9165 -0.2084 -0.3414
vn 0.8056 -0.1138 -0.5814
vn 0.6842 -0.3359 -0.6473
vn 0.7871 -0.1559 -0.5968
vn 0.8556 0.0372 -0.5163
vn -0.2244 -0.0494 -0.9732
vn -0.3566 -0.1531 -0.9216
vn -0.1516 0.0054 -0.9884
vn -0.0160 0.1067 -0.9942
vn -0.8873 0.1117 -0.4475
vn -0.9510 -0.0296 -0.3079
vn -0.8698 0.1401 -0.4730
vn -0.7625 0.2727 -0.5867
vn -0.8835 0.3352 0.3271
vn -0.8515 0.1145 0.5117
vn -0.8815 0.2678 0.3890
vn -0.8613 0.4751 0.1798
vn -0.3203 0.5651 0.7603
vn -0.1526 0.2214 0.9632
vn -0.2750 0.4712 0.8381
vn -0.3794 0.6925 0.6136
vn 0.8508 0.0743 0.5202
vn 0.8625 0.0284 0.5053
vn 0.8521 0.0696 0.5187
vn 0.8433 0.1000 0.5281
vn 0.0865 -0.1884 -0.9783
vn -0.0324 -0.2168 -0.9757
vn 0.2657 -0.1396 -0.9539
vn 0.3846 -0.1027 -0.9173
vn -0.7414 0.2039 -0.6394
vn -0.7865 0.1764 -0.5919
vn -0.7064 0.2231 -0.6717
vn -0.6606 0.2459 -0.7093
vn -0.8957 0.4330 0.1011
vn -0.9055 0.3556 0.2317
vn -0.8949 0.4358 0.0959
vn -0.8776 0.4793 0.0124
vn -0.6633 0.6558 0.3606
vn 0.6483 0.5839 0.4886
vn 0.5222 0.5461 0.6551
vn 0.6179 0.5765 0.5347
vn 0.7228 0.5950 0.3516
vn 0.5384 -0.5184 -0.6644
vn 0.9092 -0.3196 -0.2670
vn 0.9173 -0.3980 -0.0150
vn 0.9198 -0.3532 -0.1708
vn 0.8641 -0.2493 -0.4372
vn -0.4092 0.6296 0.6605
vn -0.4242 0.6227 0.6575
vn -0.4160 0.6266 0.6591
vn -0.4003 0.6332 0.6625
vn 0.9333 -0.1884 -0.3056
vn 0.9705 -0.1459 -0.1919
vn 0.9607 -0.1595 -0.2270
vn 0.9173 -0.2026 -0.3428
vn 0.5020 -0.3442 0.7934
vn 0.4743 -0.3581 0.8042
vn 0.5083 -0.3412 0.7907
vn 0.5297 -0.3300 0.7814
vn 0.3576 0.1317 0.9245
vn 0.3581 0.1313 0.9244
vn 0.3575 0.1321 0.9245
vn 0.3570 0.1325 0.9247
vn 0.7859 -0.1401 -0.6023
vn 0.6408 -0.3373 -0.6897
vn 0.8254 -0.0664 -0.5607
vn 0.9049 0.1898 -0.3809
vn -0.8571 0.0027 0.5152
vn -0.8025 -0.0165 0.5964
vn -0.9029 0.0219 0.4293
vn -0.9364 0.0389 0.3489
vn -0.6732 -0.1589 -0.7222
vn -0.6681 -0.1544 -0.7278
vn -0.6756 -0.1611 -0.7195
vn -0.6784 -0.1637 -0.7163
vn 0.3617 0.1687 0.9169
vn 0.3593 0.1703 0.9176
vn 0.3640 0.1671 0.9163
vn 0.3665 0.1656 0.9156
vn 0.9329 -0.0389 -0.3581
vn 0.9439 -0.0025 -0.3302
vn 0.9265 -0.0573 -0.3720
vn 0.9052 -0.1099 -0.4105
vn -0.9230 0.0562 0.3807
vn -0.9429 0.0760 0.3244
vn -0.9081 0.0432 0.4165
vn -0.8909 0.0295 0.4532
vn -0.5771 -0.2451 -0.7790
vn -0.6510 -0.3163 -0.6900
vn -0.5514 -0.2214 -0.8043
vn -0.4545 -0.1362 -0.8803
vn -0.0007 -0.9961 0.0879
vn 0.0377 -0.9939 0.1041
vn -0.0054 -0.9963 0.0859
vn -0.0414 -0.9966 0.0712
vn 0.4573 -0.1074 -0.8828
vn 0.5414 -0.2069 -0.8149
vn 0.4954 -0.1516 -0.8553
vn 0.4031 -0.0483 -0.9139
vn -0.8454 -0.0090 -0.5340
vn -0.9029 -0.0845 -0.4214
vn -0.7923 0.0452 -0.6085
vn -0.6864 0.1333 -0.7149
vn -0.7956 0.0212 0.6054
vn -0.8125 0.2353 0.5334
vn -0.9043 0.2589 0.3394
vn -0.7452 0.2174 0.6304
vn -0.5816 0.1732 0.7948
vn 0.4479 0.5265 0.7227
vn 0.3806 0.4675 0.7979
vn 0.4552 0.5328 0.7134
vn 0.5133 0.5825 0.6303
vn 0.7402 -0.5057 -0.4432
vn 0.8023 -0.4372 -0.4063
vn 0.5883 -0.6314 -0.5052
vn 0.5144 -0.6776 -0.5255
vn 0.9772 -0.1942 -0.0863
vn 0.9771 -0.1952 -0.0843
vn 0.9772 -0.1940 -0.0863
vn 0.9773 -0.1924 -0.0889
vn -0.3280 0.2651 0.9067
vn -0.2573 0.3506 0.9005
vn -0.2948 0.3066 0.9050
vn -0.3659 0.2162 0.9052
vn 0.8170 -0.4586 -0.3496
vn 0.6677 -0.6492 -0.3642
vn 0.8671 -0.3671 -0.3368
vn 0.9607 -0.0540 -0.2723
vn -0.9974 0.0096 0.0714
vn -0.9985 0.0401 0.0365
vn -0.9975 0.0113 0.0694
vn -0.9946 -0.0179 0.1027
vn 0.6410 -0.1274 -0.7569
vn 0.5465 -0.1932 -0.8149
vn 0.7168 -0.0671 -0.6940
vn 0.8311 0.0457 -0.5543
vn -0.8684 -0.2325 -0.4381
vn -0.8703 -0.2376 -0.4313
vn -0.8680 -0.2309 -0.4395
vn -0.8655 -0.2256 -0.4472
vn -0.9976 -0.0695 0.0051
vn -0.9908 -0.1246 0.0520
vn -0.9962 -0.0847 0.0179
vn -0.9991 -0.0363 -0.0228
vn 0.9862 -0.1574 0.0512
vn 0.9578 -0.2789 -0.0698
vn 0.9879 -0.1400 0.0674
vn 0.9706 0.0420 0.2371
vn 0.5545 0.2312 0.7994
vn 0.6455 0.1222 0.7539
vn 0.3936 0.3861 0.8343
vn 0.2568 0.4913 0.8322
vn -0.8797 0.1205 0.4600
vn -0.8022 0.0613 0.5939
vn -0.9178 0.1582 0.3642
vn -0.9528 0.2077 0.2213
vn -0.9814 -0.1420 0.1295
vn -0.9789 -0.1471 0.1416
vn -0.9812 -0.1424 0.1306
vn -0.9829 -0.1387 0.1213
vn 0.2155 0.2769 0.9364
vn 0.2105 0.2792 0.9369
vn 0.2228 0.2741 0.9355
vn 0.2295 0.2706 0.9349
vn -0.9442 -0.0794 0.3197
vn -0.9408 -0.0816 0.3291
vn -0.9458 -0.0777 0.3154
vn -0.9495 -0.0748 0.3046
vn 0.9584 -0.2732 -0.0822
vn 0.9671 0.1348 -0.2158
vn 0.1390 -0.9697 0.2010
vn 0.3400 -0.8053 0.4858
vn 0.2674 -0.7878 0.5549
vn 0.4086 -0.8145 0.4118
vn 0.4466 -0.8160 0.3671
vn -0.9999 0.0128 -0.0114
vn -0.8687 -0.1549 -0.4706
vn -0.8719 -0.1592 -0.4630
vn -0.8676 -0.1536 -0.4729
vn -0.8647 -0.1498 -0.4794
vn 0.7388 -0.2323 -0.6326
vn 0.7194 -0.2100 -0.6621
vn 0.7325 -0.2249 -0.6426
vn 0.7578 -0.2548 -0.6007
vn 0.9716 -0.0022 0.2367
vn 0.9681 -0.0166 0.2500
vn 0.9729 0.0036 0.2314
vn 0.9754 0.0159 0.2199
vn 0.9821 0.0357 -0.1847
vn 0.9784 0.1571 -0.1346
vn 0.9824 0.0994 -0.1584
vn 0.9783 -0.0191 -0.2062
vn 0.2243 -0.9744 0.0130
vn 0.1688 -0.9826 -0.0769
vn 0.1990 -0.9796 -0.0277
vn 0.2540 -0.9651 0.0641
vn 0.3445 -0.2260 -0.9112
vn 0.2490 -0.1658 -0.9542
vn 0.3360 -0.2203 -0.9157
vn 0.4189 -0.2727 -0.8661
vn 0.0712 0.4512 0.8896
vn 0.1767 0.4039 0.8976
vn -0.1322 0.5245 0.8411
vn -0.2390 0.5533 0.7980
vn -0.5241 0.4291 0.7356
vn -0.6249 0.4244 0.6553
vn -0.3471 0.4219 0.8376
vn -0.2321 0.4089 0.8826
vn -0.1962 0.5979 0.7772
vn -0.2121 0.8159 0.5378
vn -0.2165 0.8160 0.5360
vn -0.2055 0.8160 0.5404
vn -0.2002 0.8159 0.5424
vn -0.3850 0.6661 0.6388
vn -0.2589 0.6364 0.7266
vn -0.4018 0.6690 0.6253
vn -0.5136 0.6800 0.5232
vn -0.2862 0.9361 -0.2043
vn -0.2662 0.9464 -0.1831
vn -0.2910 0.9336 -0.2090
vn -0.3042 0.9262 -0.2228
vn -0.5084 0.8573 -0.0807
vn -0.4269 0.8803 0.2068
vn -0.5034 0.8621 -0.0573
vn -0.5399 0.7889 -0.2936
vn -0.2225 0.2986 -0.9281
vn -0.2491 0.2617 -0.9324
vn -0.2036 0.3242 -0.9238
vn -0.1767 0.3595 -0.9163
vn -0.1131 0.6128 -0.7821
vn -0.2124 0.5406 -0.8141
vn -0.1030 0.6196 -0.7782
vn -0.0334 0.6630 -0.7479
vn -0.0114 0.4074 -0.9132
vn -0.0379 0.4193 -0.9071
vn -0.0225 0.4125 -0.9107
vn 0.0086 0.3983 -0.9172
vn -0.3696 0.0474 0.9280
vn -0.3055 0.0030 0.9522
vn -0.4334 0.0931 0.8964
vn -0.4979 0.1410 0.8557
vn -0.7743 0.0633 0.6296
vn -0.7941 0.1607 0.5861
vn -0.7747 0.0647 0.6291
vn -0.7418 -0.0450 0.6691
vn -0.9395 0.0284 -0.3413
vn -0.9303 0.0704 -0.3600
vn -0.9387 0.0328 -0.3433
vn -0.9463 -0.0111 -0.3230
vn -0.5060 -0.3430 0.7914
vn -0.5641 -0.2754 0.7784
vn -0.4918 -0.3583 0.7935
vn -0.4318 -0.4195 0.7985
vn -0.6803 -0.3679 0.6339
vn -0.9407 -0.0605 -0.3339
vn -0.9393 -0.0505 -0.3394
vn -0.9405 -0.0589 -0.3347
vn -0.9417 -0.0685 -0.3294
vn -0.9269 -0.2273 0.2987
vn -0.9842 -0.0437 0.1717
vn -0.9072 -0.2671 0.3252
vn -0.8038 -0.4190 0.4223
vn -0.3709 -0.9155 0.1559
vn -0.3570 -0.9192 0.1661
vn -0.3621 -0.9179 0.1625
vn -0.3770 -0.9138 0.1514
vn -0.6792 -0.7299 0.0764
vn -0.6516 -0.7551 0.0721
vn -0.7040 -0.7056 0.0804
vn -0.7278 -0.6805 0.0844
vn -0.6137 0.0362 0.7887
vn -0.7345 -0.0521 0.6766
vn -0.5394 0.0834 0.8379
vn -0.4237 0.1497 0.8934
vn -0.1679 0.8713 0.4611
vn -0.1622 0.5120 0.8435
vn -0.1673 0.6022 0.7806
vn -0.1648 0.9012 0.4008
vn -0.2716 -0.6717 0.6892
vn -0.2556 -0.6428 0.7222
vn -0.2914 -0.7085 0.6428
vn -0.3003 -0.7233 0.6219
vn -0.5434 -0.1400 0.8277
vn -0.7117 -0.0338 0.7017
vn -0.5534 -0.1342 0.8220
vn -0.4280 -0.2005 0.8813
vn -0.2591 0.1333 0.9566
vn -0.2701 0.1433 0.9521
vn -0.2573 0.1318 0.9573
vn -0.2480 0.1234 0.9609
vn -0.2158 -0.7675 0.6036
vn -0.1670 -0.7520 0.6376
vn -0.2022 -0.7634 0.6134
vn -0.2437 -0.7753 0.5827
vn -0.5325 0.4616 0.7094
vn -0.4848 0.4647 0.7409
vn -0.8534 0.3765 0.3604
vn -0.8849 0.3560 0.3004
vn -0.6611 -0.1131 0.7417
vn -0.9311 0.0634 0.3592
vn -0.3969 -0.2136 0.8927
vn -0.1624 -0.2774 0.9469
vn -0.0720 0.3317 0.9406
vn -0.0573 0.3200 0.9457
vn -0.0732 0.3327 0.9402
vn -0.0895 0.3455 0.9341
vn -0.8563 0.2815 0.4329
vn -0.2872 -0.3468 0.8929
vn -0.2554 -0.3622 0.8964
vn -0.2809 -0.3496 0.8938
vn -0.3138 -0.3331 0.8891
vn -0.3692 -0.2778 0.8868
vn -0.4058 -0.3884 0.8273
vn -0.3558 -0.2404 0.9031
vn -0.3187 -0.1431 0.9370
vn -0.6573 0.4911 0.5716
vn -0.3965 0.4380 0.8068
vn -0.3698 0.4257 0.8259
vn -0.3378 0.4899 0.8037
vn -0.3894 0.3826 0.8378
vn -0.4071 0.3414 0.8472
vn -0.4176 0.2330 0.8783
vn -0.4107 0.2469 0.8777
vn -0.4288 0.2097 0.8787
vn -0.4381 0.1887 0.8789
vn -0.7144 -0.1570 0.6819
vn -0.8042 -0.2322 0.5471
vn -0.6177 -0.0877 0.7815
vn -0.4734 0.0034 0.8809
vn -0.3168 -0.0381 0.9477
vn -0.3399 0.0053 0.9404
vn -0.3195 -0.0331 0.9470
vn -0.2857 -0.0941 0.9537
vn -0.3560 -0.1039 0.9287
vn -0.8925 -0.0394 0.4493
vn -0.8911 -0.0312 0.4527
vn -0.8931 -0.0428 0.4478
vn -0.8943 -0.0484 0.4449
vn -0.8322 -0.2232 0.5076
vn -0.8363 -0.2670 0.4789
vn -0.8338 -0.2361 0.4990
vn -0.8274 -0.1854 0.5301
vn -0.8473 -0.5127 -0.1384
vn -0.3982 0.2625 0.8789
vn -0.4013 0.2656 0.8766
vn -0.3987 0.2629 0.8786
vn -0.3954 0.2595 0.8811
vn -0.6707 0.1774 0.7202
vn -0.6908 0.1865 0.6985
vn -0.6631 0.1741 0.7280
vn -0.6482 0.1676 0.7428
vn -0.8204 0.1002 0.5629
vn -0.7409 0.1130 0.6620
vn -0.8148 0.1010 0.5709
vn -0.8488 0.0942 0.5203
vn -0.8692 0.0848 0.4871
vn -0.8390 0.1570 0.5209
vn -0.8774 0.0621 0.4758
vn -0.8930 0.0123 0.4498
vn -0.1372 0.4969 0.8569
vn -0.1160 0.4901 0.8639
vn -0.1611 0.5042 0.8484
vn -0.1768 0.5089 0.8425
vn -0.5034 0.4715 0.7241
vn -0.3648 0.4616 0.8086
vn -0.7372 0.4540 0.5005
vn -0.8262 0.4271 0.3673
vn -0.6851 0.5806 0.4400
vn -0.5951 0.6007 0.5339
vn -0.7511 0.5559 0.3560
vn -0.8024 0.5280 0.2780
vn -0.9756 0.1886 0.1128
vn -0.9370 0.2543 0.2397
vn -0.9771 0.1848 0.1057
vn -0.9932 0.1141 -0.0248
vn -0.9983 0.0549 0.0189
vn -0.9965 -0.0599 -0.0589
vn -0.9850 0.1507 0.0844
vn -0.9490 0.2686 0.1649
vn -0.8729 -0.4879 0.0001
vn -0.8838 -0.4661 -0.0406
vn -0.8745 -0.4851 -0.0049
vn -0.8604 -0.5079 0.0405
vn -0.9822 -0.1813 -0.0483
vn -0.9852 -0.1481 -0.0862
vn -0.9839 -0.1658 -0.0663
vn -0.9798 -0.1979 -0.0290
vn -0.9218 -0.3843 0.0506
vn -0.9054 -0.3279 -0.2697
vn -0.8977 -0.2962 -0.3264
vn -0.9050 -0.3253 -0.2742
vn -0.9092 -0.3540 -0.2192
vn -0.1365 0.9286 0.3450
vn -0.1397 0.9288 0.3433
vn -0.1306 0.9284 0.3479
vn -0.1275 0.9282 0.3496
vn -0.7634 0.6055 0.2248
vn -0.7717 0.5983 0.2158
vn -0.7389 0.6258 0.2497
vn -0.7251 0.6362 0.2635
vn -0.8374 0.5280 0.1414
vn -0.7987 0.5561 0.2299
vn -0.8334 0.5314 0.1515
vn -0.8644 0.4989 0.0621
vn -0.9980 0.0487 -0.0397
vn -0.9955 0.0881 0.0350
vn -0.9979 0.0646 -0.0092
vn -0.9948 0.0167 -0.1007
vn -0.8461 -0.2329 -0.4794
vn -0.8348 -0.3480 -0.4266
vn -0.8415 -0.2975 -0.4510
vn -0.8466 -0.1740 -0.5030
vn -0.1083 0.8923 -0.4382
vn -0.1050 0.8933 -0.4371
vn -0.1149 0.8904 -0.4405
vn -0.1184 0.8893 -0.4416
vn -0.6352 0.6935 -0.3398
vn -0.6593 0.6706 -0.3400
vn -0.5836 0.7384 -0.3378
vn -0.5640 0.7540 -0.3367
vn -0.9001 0.4084 -0.1518
vn -0.8382 0.5351 -0.1055
vn -0.9031 0.4006 -0.1544
vn -0.9538 0.2130 -0.2119
vn -0.9999 0.0159 -0.0055
vn -0.9811 0.0886 -0.1719
vn -0.9913 -0.0749 -0.1085
vn -0.9771 0.1118 -0.1812
vn -0.9144 0.3154 -0.2538
vn -0.7114 -0.5007 -0.4931
vn -0.7118 -0.4984 -0.4950
vn -0.7114 -0.5009 -0.4929
vn -0.7109 -0.5030 -0.4915
vn -0.9616 -0.0537 0.2691
vn -0.7174 0.3506 0.6020
vn -0.9698 -0.1032 0.2211
vn -0.9219 -0.3793 -0.0786
vn -0.9690 -0.2459 0.0227
vn -0.9239 -0.3746 -0.0783
vn -0.9671 -0.2538 0.0169
vn -0.9843 -0.0435 0.1709
vn -0.6113 0.3979 -0.6841
vn -0.1964 0.3621 -0.9112
vn -0.2265 0.3673 -0.9021
vn -0.8032 0.3750 -0.4629
vn -0.5648 -0.5054 -0.6524
vn -0.1913 -0.5650 -0.8026
vn -0.3226 -0.5553 -0.7665
vn -0.5724 -0.5033 -0.6473
vn 0.0963 0.9953 0.0025
vn -0.3418 -0.9306 0.1310
vn -0.0915 0.4220 -0.9020
vn -0.1044 0.4156 -0.9035
vn -0.0762 0.4291 -0.9000
vn -0.0641 0.4353 -0.8980
vn -0.5554 0.3409 -0.7585
vn -0.4782 0.4155 -0.7737
vn -0.5895 0.3048 -0.7480
vn -0.6854 0.1875 -0.7036
vn -0.2217 -0.2396 -0.9452
vn -0.0663 -0.1530 -0.9860
vn -0.3547 -0.3104 -0.8819
vn -0.4684 -0.3681 -0.8032
vn -0.6376 -0.2937 -0.7122
vn -0.6002 -0.2801 -0.7492
vn -0.6459 -0.2967 -0.7034
vn -0.6711 -0.3055 -0.6755
vn -0.9278 0.0575 -0.3686
vn -0.9315 0.0164 -0.3633
vn -0.9277 0.0577 -0.3688
vn -0.9225 0.0983 -0.3733
vn -0.4200 -0.0799 -0.9040
vn -0.4152 -0.0762 -0.9065
vn -0.4280 -0.0861 -0.8997
vn -0.4333 -0.0903 -0.8967
vn -0.7381 -0.2869 0.6107
vn -0.7380 -0.2870 0.6108
vn -0.7382 -0.2868 0.6106
vn -0.7384 -0.2867 0.6104
vn -0.9154 -0.2049 -0.3464
vn -0.9152 -0.2036 -0.3477
vn -0.9155 -0.2055 -0.3458
vn -0.9158 -0.2070 -0.3443
vn 0.4814 -0.1076 0.8698
vn 0.4465 -0.0972 0.8895
vn 0.5157 -0.1179 0.8486
vn 0.5450 -0.1268 0.8288
vn 0.9839 0.1090 0.1418
vn 0.9863 0.1028 0.1293
vn 0.9822 0.1130 0.1499
vn 0.9795 0.1192 0.1625
vn 0.8189 0.1684 -0.5486
vn 0.8323 0.1840 -0.5229
vn 0.7929 0.1393 -0.5932
vn 0.7715 0.1181 -0.6252
vn -0.4777 0.0771 -0.8751
vn -0.4547 0.1074 -0.8842
vn -0.4801 0.0740 -0.8741
vn -0.4983 0.0488 -0.8657
vn -0.8789 0.1293 0.4592
vn -0.8114 0.0153 0.5843
vn -0.8644 0.1006 0.4926
vn -0.9089 0.2068 0.3622
vn -0.9449 0.0280 -0.3260
vn -0.9458 0.0243 -0.3237
vn -0.9451 0.0273 -0.3256
vn -0.9442 0.0308 -0.3278
vn 0.4620 0.3093 0.8312
vn 0.4892 0.2795 0.8262
vn 0.4653 0.3057 0.8307
vn 0.4449 0.3272 0.8337
vn 0.9508 0.2688 0.1538
vn 0.9506 0.2694 0.1542
vn 0.9507 0.2690 0.1540
vn 0.9511 0.2682 0.1534
vn 0.7109 0.2739 -0.6478
vn 0.7278 0.3206 -0.6063
vn 0.7112 0.2747 -0.6471
vn 0.6940 0.2327 -0.6813
vn -0.4226 0.0242 -0.9060
vn -0.4693 -0.0859 -0.8789
vn -0.4308 0.0060 -0.9024
vn -0.3824 0.1087 -0.9176
vn -0.8861 0.1527 -0.4375
vn -0.9324 -0.0887 -0.3503
vn -0.9086 0.0718 -0.4115
vn -0.8380 0.2749 -0.4713
vn 0.9126 0.1128 0.3930
vn 0.9749 -0.1914 0.1137
vn 0.9582 -0.0108 0.2859
vn 0.6375 0.4420 0.6311
vn 0.8265 0.2138 -0.5207
vn 0.7498 -0.0998 -0.6540
vn 0.8207 0.1625 -0.5479
vn 0.8238 0.3955 -0.4062
vn -0.7752 0.6009 0.1948
vn -0.7829 0.6127 0.1078
vn -0.7693 0.5935 0.2365
vn -0.7569 0.5794 0.3024
vn 0.3535 0.5206 0.7772
vn 0.4255 0.4519 0.7840
vn 0.2751 0.5864 0.7619
vn 0.2054 0.6378 0.7423
vn -0.8461 0.3506 -0.4015
vn -0.8148 0.2758 -0.5099
vn -0.8623 0.4260 -0.2739
vn -0.8422 0.5386 -0.0257
vn 0.9756 -0.1334 0.1746
vn 0.9678 -0.1968 0.1571
vn 0.9779 0.0026 0.2092
vn 0.9727 0.0631 0.2232
vn -0.5294 0.8327 0.1622
vn -0.5245 0.8260 0.2065
vn -0.5308 0.8346 0.1475
vn -0.5346 0.8394 0.0978
vn 0.1914 0.7931 0.5783
vn 0.1315 0.8408 0.5252
vn 0.2433 0.7449 0.6212
vn 0.2903 0.6952 0.6576
vn -0.7881 0.5903 -0.1745
vn -0.8198 0.5039 -0.2723
vn -0.7214 0.6916 -0.0356
vn -0.5973 0.7883 0.1478
vn 0.7664 0.2039 0.6092
vn 0.7592 0.0527 0.6488
vn 0.7312 0.4652 0.4989
vn 0.6621 0.6434 0.3842
vn -0.4828 0.8732 0.0665
vn -0.4828 0.8732 0.0666
vn 0.0084 0.8329 0.5533
vn 0.1546 0.0412 0.9871
vn 0.0304 0.7613 0.6477
vn -0.0675 0.9829 0.1715
vn -0.6505 0.7492 0.1245
vn -0.5976 0.7883 0.1467
vn -0.7535 0.6532 0.0750
vn -0.8257 0.5632 0.0329
vn 0.5220 0.5820 0.6236
vn 0.5277 0.6293 0.5705
vn 0.5171 0.5519 0.6542
vn 0.5052 0.4913 0.7095
vn -0.3694 0.3807 0.8477
vn -0.3823 0.3578 0.8520
vn -0.3454 0.4216 0.8385
vn -0.3365 0.4363 0.8346
vn -0.3151 -0.2834 -0.9058
vn -0.3084 -0.2675 -0.9129
vn -0.3118 -0.2754 -0.9094
vn -0.3194 -0.2933 -0.9011
vn -0.7291 -0.2534 -0.6358
vn -0.7221 -0.2941 -0.6261
vn -0.7236 -0.2859 -0.6282
vn -0.7315 -0.2371 -0.6393
vn 0.8217 -0.1695 0.5441
vn 0.8632 -0.4089 0.2960
vn 0.8477 -0.2557 0.4648
vn 0.7583 -0.0317 0.6511
vn 0.9436 -0.1653 -0.2870
vn 0.9202 -0.2291 -0.3174
vn 0.9358 -0.1881 -0.2981
vn 0.9600 -0.1078 -0.2583
vn -0.7142 0.0296 -0.6993
vn -0.6431 -0.1657 -0.7476
vn -0.6624 -0.1206 -0.7394
vn -0.7254 0.0725 -0.6845
vn 0.8622 -0.4457 -0.2407
vn 0.6968 -0.5510 -0.4592
vn 0.7298 -0.5362 -0.4242
vn 0.8976 -0.4064 -0.1705
vn -0.7267 -0.5148 -0.4547
vn -0.7904 -0.3739 -0.4852
vn -0.7719 -0.4207 -0.4767
vn -0.7142 -0.5376 -0.4482
vn 0.5170 -0.8457 0.1326
vn 0.5719 -0.7979 0.1904
vn 0.5621 -0.8073 0.1799
vn 0.5065 -0.8536 0.1220
vn -0.6545 -0.7140 0.2485
vn -0.7152 -0.6583 0.2348
vn -0.7027 -0.6705 0.2378
vn -0.6233 -0.7394 0.2546
vn 0.2897 -0.7843 0.5486
vn 0.2900 -0.7842 0.5486
vn 0.2899 -0.7843 0.5484
vn 0.2902 -0.7839 0.5489
vn -0.2676 -0.8192 0.5072
vn -0.2965 -0.7871 0.5409
vn -0.2908 -0.7937 0.5343
vn -0.2601 -0.8272 0.4982
vn 0.0183 -0.9857 -0.1674
vn 0.0337 -0.9930 -0.1131
vn 0.0185 -0.9858 -0.1667
vn 0.0044 -0.9765 -0.2156
vn -0.1427 -0.9708 0.1926
vn -0.1424 -0.9704 0.1949
vn -0.1427 -0.9712 0.1906
vn -0.1429 -0.9715 0.1890
vn 0.3573 -0.7135 -0.6027
vn 0.3605 -0.7174 -0.5961
vn 0.3576 -0.7139 -0.6020
vn 0.3537 -0.7080 -0.6113
vn 0.0904 -0.2622 -0.9608
vn -0.0148 -0.2201 -0.9754
vn 0.0306 -0.2386 -0.9706
vn 0.1449 -0.2829 -0.9481
vn -0.1791 0.1477 -0.9727
vn -0.2231 0.1778 -0.9584
vn -0.1870 0.1531 -0.9704
vn -0.1375 0.1191 -0.9833
vn -0.2290 -0.1336 -0.9642
vn -0.2083 -0.1146 -0.9713
vn -0.2333 -0.1375 -0.9626
vn -0.2541 -0.1568 -0.9544
vn -0.3501 -0.4905 -0.7980
vn -0.2433 -0.3423 -0.9075
vn -0.3215 -0.4508 -0.8328
vn -0.4056 -0.5675 -0.7165
vn -0.6777 -0.6520 0.3400
vn -0.1244 -0.5852 0.8013
vn -0.0619 -0.5898 0.8052
vn -0.1523 -0.5824 0.7985
vn -0.2289 -0.5723 0.7875
vn -0.9430 -0.1176 0.3112
vn -0.9338 -0.0699 0.3509
vn -0.9461 -0.1401 0.2920
vn -0.9309 -0.3546 0.0879
vn -0.0950 0.6126 0.7846
vn -0.2111 0.6496 0.7303
vn -0.0007 0.5751 0.8181
vn 0.1005 0.5276 0.8436
vn -0.5276 0.2213 0.8201
vn -0.5492 0.1690 0.8184
vn -0.5282 0.2200 0.8201
vn -0.4971 0.2879 0.8186
vn 0.1326 0.0344 0.9906
vn 0.1531 0.0547 0.9867
vn 0.1361 0.0379 0.9900
vn 0.1183 0.0204 0.9928
vn 0.7312 -0.1021 -0.6744
vn 0.7253 -0.1124 -0.6792
vn 0.7306 -0.1028 -0.6750
vn 0.7363 -0.0923 -0.6703
vn 0.2809 -0.5859 -0.7601
vn 0.0333 -0.8062 -0.5906
vn 0.2329 -0.6383 -0.7338
vn 0.4094 -0.4173 -0.8113
vn -0.6211 0.1838 0.7619
vn -0.6858 0.3752 0.6236
vn -0.6169 0.1741 0.7675
vn -0.5323 0.0048 0.8465
vn -0.8287 0.3851 0.4062
vn -0.8385 0.3029 0.4529
vn -0.8330 0.3546 0.4246
vn -0.8199 0.4295 0.3785
vn -0.9053 0.2856 -0.3145
vn -0.7793 0.4663 -0.4185
vn -0.8179 0.4203 -0.3929
vn -0.9301 0.2338 -0.2831
vn 0.9093 -0.1576 -0.3850
vn 0.9205 -0.1787 -0.3475
vn 0.9152 -0.1684 -0.3661
vn 0.9046 -0.1493 -0.3993
vn 0.5343 -0.0871 -0.8408
vn 0.6597 -0.1774 -0.7303
vn 0.5926 -0.1277 -0.7953
vn 0.4772 -0.0491 -0.8774
vn -0.4473 -0.0444 -0.8933
vn -0.4172 -0.0288 -0.9084
vn -0.4955 -0.0700 -0.8658
vn -0.5165 -0.0813 -0.8524
vn -0.9802 -0.0160 -0.1974
vn -0.9694 0.0151 -0.2448
vn -0.9885 -0.0519 -0.1417
vn -0.9917 -0.0769 -0.1026
vn -0.8525 -0.0593 0.5193
vn -0.8554 -0.0553 0.5149
vn -0.8500 -0.0627 0.5230
vn -0.8473 -0.0663 0.5270
vn 0.0027 -0.1179 0.9930
vn -0.0237 -0.1388 0.9900
vn -0.0044 -0.1235 0.9923
vn 0.0217 -0.1027 0.9945
vn 0.9068 -0.1665 0.3873
vn 0.9047 -0.1687 0.3912
vn 0.9057 -0.1677 0.3893
vn 0.9076 -0.1657 0.3858
vn -0.2165 0.9590 0.1828
vn -0.2270 0.9575 0.1779
vn -0.1992 0.9612 0.1906
vn -0.1896 0.9623 0.1952
vn -0.5634 0.8136 0.1437
vn -0.4813 0.8528 0.2026
vn -0.6995 0.7140 0.0290
vn -0.7895 0.6101 -0.0666
vn -0.8167 0.5756 -0.0419
vn -0.8268 0.5574 -0.0760
vn -0.8149 0.5785 -0.0362
vn -0.8010 0.5987 0.0043
vn -0.2104 0.9220 -0.3250
vn -0.2690 0.9206 -0.2831
vn -0.2396 0.9219 -0.3044
vn -0.1716 0.9203 -0.3515
vn -0.7416 0.6472 -0.1766
vn -0.7721 0.6086 -0.1828
vn -0.6912 0.7033 -0.1663
vn -0.6559 0.7378 -0.1594
vn -0.5694 0.4351 -0.6974
vn -0.5778 0.4258 -0.6963
vn -0.5671 0.4378 -0.6976
vn -0.5571 0.4491 -0.6986
vn -0.6970 0.4202 0.5810
vn -0.5984 0.3532 0.7192
vn -0.7126 0.4308 0.5536
vn -0.7752 0.4737 0.4179
vn 0.2712 -0.9161 0.2952
vn 0.2296 -0.9236 0.3071
vn 0.2565 -0.9189 0.2997
vn 0.2988 -0.9100 0.2874
vn -0.9123 0.1459 0.3826
vn -0.8990 0.2164 0.3808
vn -0.9075 0.1745 0.3821
vn -0.9191 0.0937 0.3827
vn -0.7836 0.6172 -0.0706
vn -0.9755 0.1738 -0.1347
vn -0.9968 0.0778 -0.0209
vn -0.9502 0.2334 -0.2065
vn -0.8930 0.3219 -0.3145
vn 0.2692 -0.8328 0.4837
vn 0.3103 -0.8381 0.4486
vn 0.1295 -0.7981 0.5885
vn 0.0714 -0.7767 0.6258
vn -0.9184 0.0649 0.3904
vn -0.9099 0.1921 0.3677
vn -0.9184 0.0638 0.3905
vn -0.8982 -0.1489 0.4136
vn -0.9782 0.1591 -0.1334
vn -0.9369 0.2955 -0.1869
vn -0.9728 0.1823 -0.1426
vn -0.9914 0.0813 -0.1022
vn -0.2280 0.1957 -0.9538
vn -0.2044 0.2142 -0.9552
vn -0.2388 0.1871 -0.9529
vn -0.2608 0.1695 -0.9504
vn -0.5707 0.1676 -0.8039
vn -0.5876 0.1543 -0.7943
vn -0.5579 0.1775 -0.8107
vn -0.5395 0.1914 -0.8199
vn -0.9362 0.1501 -0.3178
vn -0.9208 0.1761 -0.3479
vn -0.9494 0.1247 -0.2884
vn -0.9584 0.1050 -0.2653
vn 0.1389 -0.0592 0.9885
vn 0.2096 -0.0880 0.9738
vn 0.0919 -0.0400 0.9950
vn 0.0103 -0.0066 0.9999
vn -0.8433 0.0031 0.5374
vn -0.8571 0.0243 0.5146
vn -0.8295 -0.0166 0.5583
vn -0.8046 -0.0491 0.5918
vn -0.9900 0.1134 -0.0835
vn -0.9900 0.1138 -0.0838
vn -0.9896 0.1159 -0.0848
vn -0.9897 0.1156 -0.0847
vn -0.1507 -0.6282 -0.7633
vn -0.1456 -0.6234 -0.7682
vn -0.1506 -0.6282 -0.7634
vn -0.1557 -0.6326 -0.7587
vn -0.5609 -0.5109 -0.6515
vn -0.5658 -0.5132 -0.6454
vn -0.5565 -0.5088 -0.6568
vn -0.5501 -0.5056 -0.6647
vn -0.9720 -0.1508 -0.1804
vn -0.9469 -0.0515 -0.3174
vn -0.9582 -0.2851 0.0252
vn -0.8073 -0.4679 0.3598
vn 0.1314 -0.3856 0.9133
vn 0.2804 -0.3965 0.8741
vn 0.0343 -0.3738 0.9269
vn -0.1561 -0.3403 0.9273
vn -0.4007 -0.5717 0.7160
vn -0.6509 -0.4646 0.6004
vn -0.4253 -0.5641 0.7078
vn -0.0598 -0.6337 0.7713
vn -0.9793 -0.1898 -0.0709
vn -0.9662 -0.2264 0.1231
vn -0.9563 -0.1481 -0.2522
vn -0.8305 -0.0609 -0.5537
vn 0.1121 -0.9792 0.1692
vn 0.1425 -0.9825 0.1199
vn 0.1124 -0.9792 0.1691
vn 0.0740 -0.9705 0.2294
vn 0.1193 -0.9704 0.2100
vn 0.1309 -0.9693 0.2083
vn 0.1232 -0.9700 0.2094
vn 0.1168 -0.9706 0.2104
vn -0.3077 -0.8489 0.4297
vn -0.3159 -0.8473 0.4268
vn -0.3102 -0.8484 0.4289
vn -0.2880 -0.8524 0.4364
vn 0.0107 -0.9999 -0.0066
vn -0.9151 -0.0581 -0.3990
vn -0.9277 -0.0906 -0.3623
vn -0.9132 -0.0536 -0.4040
vn -0.8979 -0.0209 -0.4397
vn -0.7767 -0.0336 0.6289
vn -0.7715 -0.0262 0.6357
vn -0.7756 -0.0320 0.6305
vn -0.7803 -0.0388 0.6242
vn -0.2023 -0.1421 -0.9690
vn -0.2857 -0.0848 -0.9546
vn -0.2321 -0.1219 -0.9650
vn -0.1551 -0.1738 -0.9725
vn 0.1772 -0.0749 0.9813
vn 0.1902 -0.0603 0.9799
vn 0.1788 -0.0732 0.9812
vn 0.1654 -0.0881 0.9823
vn 0.9339 -0.0512 0.3539
vn 0.9490 -0.0078 0.3151
vn 0.9314 -0.0574 0.3594
vn 0.9127 -0.1000 0.3963
vn -0.5583 -0.0522 0.8280
vn -0.3908 -0.2316 0.8909
vn -0.5432 -0.0703 0.8367
vn -0.6484 0.0667 0.7583
vn -0.9268 -0.0881 0.3651
vn -0.9390 -0.0160 0.3437
vn -0.9350 -0.0434 0.3521
vn -0.9191 -0.1222 0.3746
vn -0.9075 -0.0649 -0.4150
vn -0.9059 -0.0599 -0.4192
vn -0.9073 -0.0643 -0.4155
vn -0.9091 -0.0701 -0.4105
vn -0.4015 -0.0149 -0.9157
vn -0.4076 -0.0066 -0.9132
vn -0.4003 -0.0166 -0.9162
vn -0.3945 -0.0245 -0.9186
vn -0.1031 -0.0131 -0.9946
vn -0.1057 -0.0151 -0.9943
vn -0.1005 -0.0115 -0.9949
vn -0.0977 -0.0098 -0.9952
vn 0.2646 0.1708 0.9491
vn 0.0251 -0.0260 0.9993
vn 0.2915 0.1932 0.9368
vn 0.5894 0.4474 0.6726
vn 0.2093 -0.0098 0.9778
vn 0.2004 -0.0042 0.9797
vn 0.2160 -0.0141 0.9763
vn 0.2252 -0.0199 0.9741
vn -0.6553 0.4874 0.5770
vn -0.6704 0.4848 0.5617
vn -0.6473 0.4887 0.5849
vn -0.6308 0.4911 0.6008
vn -0.2472 0.5514 0.7967
vn -0.4693 -0.0207 0.8828
vn -0.0634 -0.1286 0.9897
vn -0.7381 0.0712 0.6710
vn -0.9444 0.1749 0.2786
vn -0.9679 -0.2435 0.0619
vn -0.4332 0.2676 -0.8606
vn 0.2747 -0.2471 0.9293
vn 0.2714 -0.2744 0.9225
vn 0.2801 -0.2006 0.9388
vn 0.2835 -0.1666 0.9444
vn -0.7457 0.0616 0.6634
vn -0.4577 -0.2284 0.8592
vn -0.7489 0.0663 0.6594
vn -0.8483 0.2352 0.4744
vn -0.3114 -0.3458 -0.8851
vn -0.2979 -0.3358 -0.8936
vn -0.2982 -0.3358 -0.8935
vn -0.2977 -0.3356 -0.8937
vn 0.8845 -0.4132 -0.2164
vn 0.8845 -0.4131 -0.2167
vn 0.8845 -0.4131 -0.2166
vn 0.8864 -0.3952 -0.2410
vn 0.8864 -0.3954 -0.2407
vn 0.6734 -0.5893 0.4464
vn 0.6865 -0.5980 0.4136
vn 0.6584 -0.5791 0.4808
vn 0.6275 -0.5575 0.5435
vn -0.2782 -0.8154 0.5076
vn -0.2792 -0.8150 0.5077
vn -0.6502 -0.4578 -0.6064
vn -0.6986 -0.4410 -0.5635
vn -0.6662 -0.4526 -0.5928
vn -0.6316 -0.4635 -0.6215
vn -0.3170 -0.1429 -0.9376
vn 0.9634 -0.1310 -0.2340
vn 0.9633 -0.1310 -0.2342
vn 0.9483 -0.1619 0.2730
vn 0.9673 -0.1826 0.1763
vn 0.8064 -0.0772 0.5863
vn 0.7470 -0.0511 0.6629
vn -0.4956 -0.0556 0.8667
vn -0.4968 -0.0553 0.8661
vn -0.4927 -0.0570 0.8683
vn -0.4922 -0.0568 0.8686
vn -0.7273 -0.0820 -0.6814
vn -0.4608 -0.1620 -0.8726
vn -0.5313 -0.1439 -0.8349
vn -0.7817 -0.0603 -0.6207
vn 0.7517 -0.0477 -0.6578
vn 0.7233 -0.0857 -0.6852
vn 0.7533 -0.0455 -0.6561
vn 0.7845 0.0009 -0.6201
vn 0.9437 -0.0187 0.3303
vn 0.9436 -0.0189 0.3305
vn 0.9171 -0.0650 0.3932
vn 0.9173 -0.0648 0.3928
vn 0.3495 -0.7044 -0.6178
vn 0.4403 -0.6826 -0.5832
vn 0.4288 -0.6858 -0.5880
vn 0.2934 -0.7142 -0.6355
vn 0.1005 -0.8421 0.5298
vn 0.1201 -0.8399 0.5292
vn -0.0033 -0.8487 0.5289
vn -0.0110 -0.8487 0.5288
vn -0.2535 -0.4017 0.8800
vn -0.1486 -0.3625 0.9201
vn -0.3761 -0.4417 0.8146
vn -0.4867 -0.4714 0.7355
vn -0.2737 -0.5031 0.8197
vn -0.2948 -0.5082 0.8092
vn -0.2425 -0.4952 0.8343
vn -0.2460 0.4592 -0.8536
vn -0.2806 0.4288 -0.8587
vn -0.2346 0.4689 -0.8515
vn -0.1965 0.5002 -0.8433
vn -0.5060 0.0927 0.8576
vn -0.7211 0.0576 0.6904
vn -0.9508 0.2278 -0.2100
vn -0.5994 0.3420 -0.7237
vn -0.0900 0.4501 -0.8884
vn -0.5504 0.0353 -0.8341
vn -0.5389 0.0227 -0.8420
vn -0.5461 0.0308 -0.8372
vn -0.5590 0.0444 -0.8280
vn -0.9906 0.0941 -0.0995
vn 0.2130 0.5246 0.8243
vn 0.2219 0.5205 0.8245
vn 0.1923 0.5338 0.8235
vn 0.1816 0.5387 0.8227
vn 0.0743 -0.2546 -0.9642
vn 0.1366 -0.2149 -0.9670
vn 0.0580 -0.2647 -0.9626
vn -0.0257 -0.3150 -0.9488
vn -0.0230 0.1537 -0.9879
vn 0.0074 0.1733 -0.9848
vn -0.0379 0.1445 -0.9888
vn -0.0698 0.1236 -0.9899
vn 0.0018 0.4047 -0.9144
vn -0.0592 0.3530 -0.9338
vn 0.0097 0.4113 -0.9114
vn 0.0653 0.4559 -0.8876
vn -0.0021 0.4227 -0.9062
vn 0.0607 0.4772 -0.8767
vn -0.0155 0.4107 -0.9116
vn -0.0802 0.3507 -0.9330
vn -0.0965 0.4321 -0.8966
vn -0.0942 0.4334 -0.8962
vn -0.0991 0.4306 -0.8971
vn -0.1017 0.4291 -0.8975
vn -0.0280 -0.2921 -0.9560
vn -0.0865 -0.3185 -0.9440
vn 0.0852 -0.2372 -0.9677
vn 0.1321 -0.2130 -0.9681
vn -0.3018 -0.2971 0.9059
vn -0.3049 -0.3007 0.9036
vn -0.2995 -0.2944 0.9076
vn -0.2955 -0.2897 0.9104
vn -0.2601 0.0307 0.9651
vn -0.2203 -0.0221 0.9752
vn -0.2567 0.0263 0.9661
vn -0.2965 0.0805 0.9516
vn -0.1811 0.5794 0.7947
vn -0.1385 0.6153 0.7760
vn -0.1700 0.5890 0.7901
vn -0.2228 0.5414 0.8107
vn 0.5234 -0.6844 0.5077
vn 0.5060 -0.6783 0.5328
vn 0.5120 -0.6804 0.5243
vn 0.5315 -0.6871 0.4954
vn -0.2593 0.0689 0.9633
vn -0.2091 0.0163 0.9778
vn -0.2723 0.0828 0.9586
vn -0.3203 0.1350 0.9376
vn -0.2829 0.0354 -0.9585
vn -0.3032 0.0171 -0.9528
vn -0.2754 0.0421 -0.9604
vn -0.2535 0.0615 -0.9654
vn 0.9873 -0.1147 -0.1102
vn 0.9816 -0.1299 -0.1401
vn 0.9929 -0.0951 -0.0719
vn 0.9955 -0.0825 -0.0476
vn 0.6279 -0.0621 0.7758
vn 0.6004 -0.0740 0.7963
vn 0.6080 -0.0707 0.7908
vn 0.6362 -0.0583 0.7693
vn 0.4300 -0.1098 -0.8961
vn 0.3925 -0.1226 -0.9115
vn 0.5595 -0.0613 -0.8265
vn 0.6058 -0.0423 -0.7945
vn -0.4145 -0.0486 0.9088
vn -0.3601 -0.0728 0.9301
vn -0.5223 0.0023 0.8528
vn -0.5822 0.0327 0.8124
vn -0.9674 -0.2485 0.0479
vn -0.9555 -0.2763 0.1036
vn -0.9768 -0.2134 -0.0205
vn -0.9801 -0.1830 -0.0775
vn -0.5641 -0.0861 -0.8212
vn -0.5106 -0.0483 -0.8585
vn -0.6576 -0.1571 -0.7368
vn -0.7334 -0.2213 -0.6427
vn 0.9988 0.0255 -0.0410
vn 0.9996 0.0154 -0.0235
vn 0.9992 0.0215 -0.0339
vn 0.9981 0.0318 -0.0518
vn 0.6221 -0.0740 0.7795
vn 0.6942 -0.0310 0.7192
vn 0.6747 -0.0431 0.7369
vn 0.6019 -0.0852 0.7940
vn 0.3492 -0.0732 -0.9342
vn 0.2588 -0.0415 -0.9650
vn 0.2892 -0.0522 -0.9558
vn 0.3877 -0.0871 -0.9177
vn -0.3301 -0.1400 0.9335
vn -0.2864 -0.1140 0.9513
vn -0.3033 -0.1241 0.9448
vn -0.3497 -0.1517 0.9245
vn -0.9915 -0.0904 0.0937
vn -0.9921 -0.0982 0.0780
vn -0.9919 -0.0950 0.0844
vn -0.9911 -0.0864 0.1014
vn -0.5190 -0.1173 -0.8467
vn -0.5590 -0.0961 -0.8235
vn -0.5423 -0.1051 -0.8336
vn -0.5001 -0.1269 -0.8566
vn 0.9981 0.0600 0.0170
vn 0.9853 -0.0518 0.1630
vn 0.9974 0.0205 0.0690
vn 0.9929 0.1090 -0.0481
vn 0.6746 0.0501 0.7365
vn 0.6425 0.0208 0.7660
vn 0.6568 0.0336 0.7533
vn 0.6884 0.0632 0.7226
vn 0.2609 0.3289 -0.9076
vn 0.3154 0.2999 -0.9003
vn 0.2923 0.3124 -0.9039
vn 0.2377 0.3407 -0.9096
vn -0.3001 -0.1134 0.9471
vn -0.3197 -0.1321 0.9383
vn -0.3083 -0.1214 0.9435
vn -0.2892 -0.1035 0.9517
vn -0.9948 -0.0896 0.0476
vn -0.9926 -0.1208 -0.0107
vn -0.9944 -0.1029 0.0229
vn -0.9942 -0.0727 0.0788
vn -0.4863 0.2346 -0.8417
vn -0.4015 0.1937 -0.8952
vn -0.4428 0.2139 -0.8707
vn -0.5208 0.2511 -0.8159
vn 0.9624 0.2702 0.0287
vn 0.9431 0.3322 -0.0148
vn 0.9753 0.2093 0.0702
vn 0.9843 0.1224 0.1275
vn 0.6936 -0.0744 0.7165
vn 0.7185 -0.0031 0.6956
vn 0.6555 -0.1653 0.7369
vn 0.6245 -0.2286 0.7468
vn 0.3197 0.2643 -0.9099
vn 0.3179 0.2665 -0.9099
vn 0.3209 0.2629 -0.9099
vn 0.3222 0.2614 -0.9099
vn -0.3708 -0.2512 0.8941
vn -0.3811 -0.3097 0.8711
vn -0.3464 -0.1351 0.9283
vn -0.3316 -0.0740 0.9405
vn -0.9988 -0.0424 -0.0258
vn -0.9985 -0.0464 -0.0276
vn -0.9990 -0.0370 -0.0235
vn -0.9992 -0.0333 -0.0218
vn -0.3592 0.0721 -0.9305
vn -0.3343 0.0342 -0.9419
vn -0.3806 0.1055 -0.9187
vn -0.4016 0.1396 -0.9051
vn 0.9991 0.0410 -0.0077
vn 0.9992 0.0400 -0.0070
vn 0.9990 0.0428 -0.0090
vn 0.9990 0.0440 -0.0097
vn 0.7002 0.1096 0.7055
vn 0.6904 0.0856 0.7184
vn 0.7089 0.1317 0.6929
vn 0.7171 0.1539 0.6797
vn 0.3338 -0.4599 -0.8228
vn 0.3255 -0.4421 -0.8359
vn 0.3508 -0.4955 -0.7946
vn 0.3591 -0.5129 -0.7797
vn -0.3583 -0.0715 0.9309
vn -0.3377 -0.0018 0.9412
vn -0.3821 -0.1613 0.9099
vn -0.3992 -0.2346 0.8863
vn -0.9420 -0.3345 0.0281
vn -0.9491 -0.3129 0.0356
vn -0.9258 -0.3777 0.0131
vn -0.9133 -0.4074 0.0025
vn -0.3856 -0.3867 -0.8377
vn -0.4238 -0.3221 -0.8466
vn -0.2921 -0.5218 -0.8015
vn -0.2365 -0.5906 -0.7715
vn 0.9986 -0.0306 -0.0442
vn 0.9928 -0.0001 -0.1195
vn 0.9972 -0.0193 -0.0723
vn 0.9986 -0.0522 0.0096
vn 0.6648 0.1450 0.7328
vn 0.6190 0.1142 0.7770
vn 0.6472 0.1330 0.7506
vn 0.6921 0.1642 0.7029
vn 0.3654 -0.3160 -0.8756
vn 0.4264 -0.3417 -0.8376
vn 0.3947 -0.3284 -0.8581
vn 0.3248 -0.2984 -0.8975
vn -0.3685 0.1028 0.9239
vn -0.3955 0.0780 0.9151
vn -0.3801 0.0922 0.9203
vn -0.3529 0.1169 0.9283
vn -0.9774 -0.2029 0.0588
vn -0.9826 -0.1383 0.1237
vn -0.9809 -0.1724 0.0897
vn -0.9704 -0.2406 0.0198
vn -0.4616 -0.4150 -0.7841
vn -0.5430 -0.3599 -0.7587
vn -0.5044 -0.3869 -0.7719
vn -0.4051 -0.4491 -0.7964
vn 0.9867 -0.0166 -0.1617
vn 0.9736 0.0105 -0.2279
vn 0.9832 -0.0081 -0.1826
vn 0.9930 -0.0368 -0.1118
vn 0.6236 0.1528 0.7667
vn 0.6259 0.1501 0.7654
vn 0.6228 0.1537 0.7671
vn 0.6204 0.1565 0.7685
vn 0.4084 -0.2524 -0.8772
vn 0.3699 -0.2334 -0.8993
vn 0.3989 -0.2478 -0.8829
vn 0.4329 -0.2644 -0.8618
vn 0.9860 0.0385 -0.1620
vn 0.9865 0.0369 -0.1598
vn 0.9858 0.0393 -0.1630
vn 0.9853 0.0414 -0.1658
vn 0.5788 0.2630 0.7719
vn 0.5658 0.2374 0.7896
vn 0.5834 0.2723 0.7652
vn 0.5965 0.2998 0.7445
vn 0.5509 -0.3579 -0.7540
vn 0.6068 -0.4010 -0.6863
vn 0.5494 -0.3560 -0.7560
vn 0.4875 -0.3097 -0.8164
vn -0.2042 -0.4686 0.8595
vn 0.0681 -0.3463 0.9356
vn -0.0386 -0.3986 0.9163
vn -0.3574 -0.5205 0.7755
vn -0.1839 -0.0506 0.9816
vn -0.3456 0.3668 0.8637
vn -0.2663 0.1474 0.9526
vn -0.0617 -0.3088 0.9491
vn 0.0525 -0.2373 0.9700
vn 0.0405 -0.2477 0.9680
vn 0.0647 -0.2260 0.9720
vn 0.1804 -0.0121 0.9835
vn 0.3537 0.1688 0.9200
vn 0.1558 -0.0367 0.9871
vn -0.0461 -0.2305 0.9720
vn 0.9881 0.0016 -0.1539
vn 0.6537 0.2905 0.6988
vn 0.6533 0.2906 0.6991
vn 0.6161 -0.1169 -0.7789
vn 0.6343 -0.1418 -0.7600
vn 0.6110 -0.1100 -0.7840
vn 0.5911 -0.0841 -0.8022
vn 0.6276 0.0165 -0.7784
vn 0.9827 0.1786 -0.0491
vn 0.3494 -0.1199 -0.9293
vn 0.3494 -0.1202 -0.9292
vn 0.2878 0.1335 -0.9483
vn 0.2525 0.1643 -0.9535
vn 0.2809 0.1396 -0.9495
vn 0.3240 0.1005 -0.9407
vn 0.0911 -0.0502 0.9946
vn 0.0336 0.0351 0.9988
vn 0.0770 -0.0289 0.9966
vn 0.1244 -0.1004 0.9871
vn 0.4258 0.1139 0.8976
vn 0.7201 0.1537 0.6767
vn 0.7262 0.1818 0.6629
vn 0.7162 0.1377 0.6842
vn 0.7088 0.1094 0.6969
vn 0.7551 0.3961 -0.5224
vn 0.7335 0.2981 -0.6109
vn 0.7482 0.3597 -0.5575
vn 0.7621 0.4590 -0.4565
vn 0.9513 0.2925 -0.0979
vn 0.9211 0.3702 -0.1203
vn 0.9748 0.2105 -0.0740
vn 0.9872 0.1493 -0.0564
vn 0.2258 0.3391 -0.9133
vn 0.1495 0.0732 0.9861
vn 0.1581 0.0534 0.9860
vn 0.1548 0.0610 0.9861
vn 0.1446 0.0844 0.9859
vn 0.4057 0.0002 0.9140
vn 0.3877 -0.0484 0.9205
vn 0.4193 0.0395 0.9070
vn 0.4331 0.0818 0.8976
vn 0.7618 0.3093 0.5692
vn 0.7467 0.4172 0.5181
vn 0.7659 0.1967 0.6121
vn 0.7573 0.0675 0.6496
vn 0.8675 0.2918 -0.4029
vn 0.9198 0.1616 -0.3575
vn 0.8278 0.3660 -0.4253
vn 0.7561 0.4722 -0.4531
vn 0.8855 0.4534 -0.1019
vn 0.8830 0.4578 -0.1036
vn 0.8883 0.4483 -0.0999
vn 0.8899 0.4453 -0.0988
vn 0.2593 0.4477 -0.8558
vn 0.2628 0.4562 -0.8502
vn 0.2610 0.4516 -0.8532
vn 0.2574 0.4426 -0.8590
vn 0.1485 0.0187 0.9887
vn 0.0681 0.1015 0.9925
vn 0.1321 0.0365 0.9906
vn 0.2199 -0.0567 0.9739
vn 0.5965 0.0959 0.7968
vn 0.5547 0.0199 0.8318
vn 0.6035 0.1096 0.7898
vn 0.6385 0.1831 0.7475
vn 0.8451 0.1020 0.5247
vn 0.8491 0.1350 0.5108
vn 0.8396 0.0661 0.5391
vn 0.8336 0.0337 0.5513
vn 0.9373 0.1656 -0.3066
vn 0.9142 0.2148 -0.3436
vn 0.9450 0.1468 -0.2923
vn 0.9591 0.1076 -0.2619
vn 0.3135 0.4320 -0.8456
vn 0.2731 0.3904 -0.8792
vn 0.3190 0.4376 -0.8407
vn 0.3552 0.4744 -0.8055
vn -0.0038 -0.2414 0.9704
vn -0.0963 -0.4288 0.8983
vn 0.0196 -0.1932 0.9810
vn 0.1095 0.0016 0.9940
vn 0.4088 -0.1415 0.9016
vn 0.4717 -0.0934 0.8768
vn 0.3898 -0.1553 0.9077
vn 0.3046 -0.2147 0.9280
vn 0.9462 -0.1498 0.2869
vn 0.9726 -0.0410 0.2289
vn 0.9297 -0.1972 0.3111
vn 0.8769 -0.3114 0.3661
vn 0.9516 -0.1111 -0.2865
vn 0.9602 -0.1425 -0.2401
vn 0.9550 -0.1221 -0.2703
vn 0.9427 -0.0860 -0.3224
vn 0.4978 -0.3003 -0.8137
vn 0.4917 -0.2952 -0.8192
vn 0.4956 -0.2985 -0.8156
vn 0.5026 -0.3043 -0.8092
vn -0.2591 -0.1150 0.9590
vn -0.2529 -0.1086 0.9614
vn -0.2582 -0.1134 0.9594
vn -0.2643 -0.1194 0.9570
vn 0.6182 -0.2930 0.7293
vn 0.6620 -0.1945 0.7238
vn 0.5634 -0.3946 0.7258
vn 0.4902 -0.5061 0.7096
vn 0.9845 -0.1641 0.0618
vn 0.9944 -0.0946 0.0466
vn 0.9710 -0.2267 0.0755
vn 0.9466 -0.3087 0.0934
vn 0.9684 -0.1980 -0.1518
vn 0.9566 -0.2889 -0.0385
vn 0.9671 -0.2250 -0.1190
vn 0.9634 -0.1244 -0.2375
vn 0.3893 -0.3175 -0.8647
vn 0.1977 -0.2068 -0.9582
vn 0.2977 -0.2652 -0.9171
vn 0.4652 -0.3597 -0.8088
vn 0.2744 -0.3029 0.9127
vn 0.2342 -0.1955 0.9523
vn 0.2667 -0.2811 0.9219
vn 0.3156 -0.4188 0.8514
vn 0.3618 -0.2553 0.8966
vn 0.3616 -0.2551 0.8967
vn 0.6871 -0.3108 -0.6568
vn 0.6428 -0.3070 -0.7019
vn 0.6812 -0.3104 -0.6631
vn 0.8947 -0.3063 -0.3252
vn 0.3736 0.2744 -0.8861
vn 0.5887 0.7998 -0.1172
vn 0.5985 0.7905 -0.1302
vn 0.5828 0.8052 -0.1095
vn 0.5696 0.8167 -0.0924
vn 0.4316 0.6898 0.5813
vn 0.4617 0.6897 0.5578
vn 0.4188 0.6897 0.5908
vn 0.3901 0.6887 0.6112
vn 0.7474 0.3547 0.5618
vn 0.9889 -0.0172 0.1473
vn 0.9890 0.0294 0.1453
vn 0.9884 -0.0352 0.1480
vn 0.9827 -0.1082 0.1501
vn -0.6722 -0.6081 -0.4223
vn -0.5655 -0.7074 -0.4240
vn -0.2840 0.9288 0.2380
vn -0.0702 0.9479 0.3109
vn -0.0670 -0.3745 -0.9248
vn -0.2502 -0.3917 -0.8854
vn -0.1396 -0.3828 -0.9132
vn 0.1632 -0.3345 -0.9282
vn 0.5678 0.1905 -0.8008
vn 0.6321 0.1874 -0.7519
vn 0.5931 0.1897 -0.7825
vn 0.5275 0.1924 -0.8275
vn 0.8629 0.5053 -0.0052
vn 0.8854 0.4339 0.1667
vn 0.8761 0.4776 0.0665
vn 0.8397 0.5352 -0.0922
vn 0.5912 0.3400 0.7314
vn 0.5320 0.2199 0.8177
vn 0.5778 0.3098 0.7551
vn 0.6198 0.4087 0.6699
vn -0.0730 -0.0081 0.9973
vn -0.1026 -0.0689 0.9923
vn -0.0827 -0.0284 0.9962
vn -0.0608 0.0160 0.9980
vn 0.7955 -0.5084 -0.3298
vn 0.8146 -0.2636 -0.5167
vn -0.4363 -0.5178 0.7358
vn -0.5361 -0.4030 0.7417
vn -0.8310 -0.1111 -0.5451
vn -0.8931 0.0489 -0.4472
vn -0.8020 -0.1654 -0.5739
vn -0.7020 -0.3125 -0.6399
vn -0.1566 -0.0582 -0.9859
vn 0.0458 -0.1788 -0.9828
vn -0.1536 -0.0601 -0.9863
vn -0.4139 0.1082 -0.9039
vn 0.6740 0.1559 -0.7221
vn 0.7240 0.1291 -0.6776
vn 0.6938 0.1457 -0.7053
vn 0.6392 0.1732 -0.7493
vn 0.9672 0.1518 0.2037
vn 0.9641 0.1373 0.2271
vn 0.9654 0.1431 0.2179
vn 0.9684 0.1586 0.1927
vn 0.5939 0.0645 0.8019
vn 0.6959 0.1676 0.6983
vn 0.6430 0.1119 0.7577
vn 0.5642 0.0372 0.8248
vn -0.0738 -0.1551 0.9851
vn -0.0850 -0.1637 0.9828
vn -0.0807 -0.1604 0.9837
vn -0.0690 -0.1514 0.9861
vn -0.7705 -0.1661 0.6154
vn -0.7568 -0.1353 0.6395
vn -0.7695 -0.1637 0.6174
vn -0.7783 -0.1843 0.6002
vn -0.8947 -0.2085 -0.3951
vn -0.9289 -0.1744 -0.3267
vn -0.9169 -0.1872 -0.3525
vn -0.8828 -0.2186 -0.4157
vn -0.0977 -0.0694 -0.9928
vn -0.4375 0.0409 -0.8983
vn -0.2903 -0.0086 -0.9569
vn 0.0304 -0.1076 -0.9937
vn 0.7251 0.0978 -0.6816
vn 0.7385 0.0906 -0.6682
vn 0.7343 0.0929 -0.6725
vn 0.7210 0.1000 -0.6857
vn 0.9749 0.1474 0.1670
vn 0.9651 0.2573 -0.0489
vn 0.9760 0.2143 0.0389
vn 0.9682 0.1181 0.2204
vn 0.6950 0.1103 0.7105
vn 0.7134 0.1282 0.6889
vn 0.7070 0.1221 0.6966
vn 0.6849 0.1008 0.7216
vn -0.0654 -0.0763 0.9949
vn -0.0339 -0.0532 0.9980
vn -0.0458 -0.0620 0.9970
vn -0.0809 -0.0877 0.9929
vn -0.7463 -0.1797 0.6409
vn -0.7239 -0.1608 0.6709
vn -0.7299 -0.1658 0.6632
vn -0.7527 -0.1853 0.6318
vn -0.8901 -0.3424 -0.3009
vn -0.8804 -0.3515 -0.3184
vn -0.8853 -0.3467 -0.3098
vn -0.8945 -0.3381 -0.2925
vn -0.3009 -0.1561 -0.9408
vn -0.1612 -0.1893 -0.9686
vn -0.2252 -0.1747 -0.9585
vn -0.3647 -0.1393 -0.9207
vn 0.7070 0.0914 -0.7013
vn 0.5359 0.1317 -0.8340
vn 0.5958 0.1190 -0.7943
vn 0.7397 0.0820 -0.6680
vn 0.9869 0.1576 -0.0350
vn 0.9877 0.1542 -0.0253
vn 0.9874 0.1553 -0.0289
vn 0.9866 0.1588 -0.0382
vn 0.7306 0.1274 0.6708
vn 0.7826 0.1735 0.5978
vn 0.7679 0.1599 0.6203
vn 0.7149 0.1143 0.6899
vn -0.0372 -0.0387 0.9986
vn -0.0370 -0.0385 0.9986
vn -0.0370 -0.0386 0.9986
vn -0.0373 -0.0388 0.9986
vn -0.6955 -0.2499 0.6737
vn -0.7261 -0.2822 0.6269
vn -0.7139 -0.2692 0.6464
vn -0.6884 -0.2432 0.6833
vn -0.9093 0.0417 -0.4141
vn -0.8987 -0.0116 -0.4385
vn -0.9176 0.1044 -0.3835
vn -0.9215 0.1720 -0.3481
vn -0.1533 0.0742 -0.9854
vn -0.1486 0.0685 -0.9865
vn -0.1554 0.0764 -0.9849
vn -0.1591 0.0814 -0.9839
vn 0.5160 0.1337 -0.8461
vn 0.4979 0.1509 -0.8540
vn 0.5179 0.1322 -0.8452
vn 0.5397 0.1119 -0.8344
vn 0.9629 0.2665 -0.0425
vn 0.9691 0.2459 -0.0184
vn 0.9622 0.2688 -0.0448
vn 0.9542 0.2907 -0.0701
vn 0.8070 0.1516 0.5708
vn 0.8188 0.1853 0.5433
vn 0.8074 0.1540 0.5695
vn 0.7943 0.1197 0.5956
vn -0.0805 0.0674 0.9945
vn -0.0758 0.0881 0.9932
vn -0.0825 0.0567 0.9950
vn -0.0865 0.0409 0.9954
vn -0.6467 -0.0433 0.7615
vn -0.6189 0.0030 0.7855
vn -0.6808 -0.1063 0.7247
vn -0.7202 -0.1909 0.6670
vn -0.9038 -0.1246 -0.4095
vn -0.9079 -0.1197 -0.4018
vn -0.9061 -0.1219 -0.4052
vn -0.9024 -0.1262 -0.4120
vn -0.1589 -0.1437 -0.9768
vn -0.2378 -0.1073 -0.9654
vn -0.1964 -0.1266 -0.9723
vn -0.1148 -0.1630 -0.9799
vn 0.5344 -0.0027 -0.8452
vn 0.5876 -0.0219 -0.8088
vn 0.5669 -0.0143 -0.8236
vn 0.5103 0.0057 -0.8600
vn 0.9788 0.1993 -0.0469
vn 0.9629 0.2256 -0.1479
vn 0.9693 0.2172 -0.1150
vn 0.9818 0.1895 -0.0115
vn 0.8030 0.2761 0.5282
vn 0.8034 0.2764 0.5274
vn 0.8032 0.2763 0.5277
vn 0.8031 0.2761 0.5280
vn -0.1128 0.1538 0.9817
vn -0.1311 0.1404 0.9814
vn -0.1227 0.1463 0.9816
vn -0.1042 0.1602 0.9816
vn -0.6861 0.0355 0.7266
vn -0.8016 -0.0839 0.5920
vn -0.7503 -0.0266 0.6606
vn -0.5955 0.1114 0.7956
vn -0.8211 -0.4267 -0.3791
vn -0.8204 -0.4262 -0.3811
vn -0.8232 -0.4285 -0.3726
vn -0.8237 -0.4291 -0.3705
vn -0.2346 -0.2963 -0.9258
vn -0.1917 -0.2649 -0.9450
vn -0.3255 -0.3614 -0.8738
vn -0.3761 -0.3967 -0.8374
vn 0.5811 -0.1010 -0.8075
vn 0.5317 -0.0909 -0.8420
vn 0.5455 -0.0940 -0.8328
vn 0.5912 -0.1031 -0.7999
vn 0.9884 0.0162 -0.1508
vn 0.9955 0.0044 -0.0949
vn 0.9941 0.0071 -0.1078
vn 0.9864 0.0188 -0.1634
vn 0.8425 0.0693 0.5342
vn 0.8438 0.0702 0.5321
vn 0.8434 0.0700 0.5327
vn 0.8422 0.0691 0.5347
vn -0.0987 0.0306 0.9946
vn -0.1233 0.0383 0.9916
vn -0.0523 0.0157 0.9985
vn -0.0219 0.0060 0.9997
vn -0.8022 -0.1872 0.5669
vn -0.7766 -0.1912 0.6003
vn -0.8732 -0.1726 0.4558
vn -0.9020 -0.1644 0.3991
vn -0.9097 -0.2514 -0.3304
vn -0.9248 -0.2269 -0.3055
vn -0.9137 -0.2452 -0.3242
vn -0.8971 -0.2702 -0.3495
vn -0.6567 -0.2065 -0.7253
vn -0.6802 -0.1734 -0.7122
vn -0.6534 -0.2106 -0.7271
vn -0.6305 -0.2407 -0.7379
vn 0.4302 -0.0495 -0.9014
vn 0.4103 -0.0368 -0.9112
vn 0.4251 -0.0464 -0.9039
vn 0.4445 -0.0587 -0.8938
vn 0.9665 0.0684 -0.2474
vn 0.9580 0.0900 -0.2722
vn 0.9658 0.0702 -0.2495
vn 0.9727 0.0499 -0.2267
vn 0.8547 0.0619 0.5154
vn 0.8557 0.0648 0.5134
vn 0.8544 0.0611 0.5160
vn 0.8537 0.0590 0.5174
vn 0.0789 0.0697 0.9944
vn 0.1120 0.1186 0.9866
vn 0.0642 0.0484 0.9968
vn 0.0284 -0.0037 0.9996
vn -0.8905 -0.1759 0.4197
vn -0.8742 -0.1145 0.4718
vn -0.8861 -0.1574 0.4360
vn -0.8979 -0.2165 0.3833
vn -0.9193 -0.0777 -0.3858
vn -0.8736 -0.1922 -0.4470
vn -0.9186 -0.0798 -0.3870
vn -0.9475 0.0372 -0.3177
vn -0.7441 -0.1631 -0.6479
vn -0.7815 -0.0701 -0.6199
vn -0.7323 -0.1883 -0.6544
vn -0.6675 -0.3074 -0.6782
vn 0.3549 -0.1540 -0.9222
vn 0.2327 -0.0777 -0.9694
vn 0.3053 -0.1227 -0.9443
vn 0.4294 -0.2017 -0.8803
vn 0.9337 0.0455 -0.3551
vn 0.8807 0.1132 -0.4600
vn 0.9238 0.0602 -0.3782
vn 0.9648 -0.0125 -0.2627
vn 0.8553 0.3521 0.3802
vn 0.8613 0.4080 0.3027
vn 0.8506 0.3312 0.4083
vn 0.8348 0.2748 0.4770
vn 0.1970 0.6322 0.7493
vn 0.2535 0.7124 0.6544
vn 0.1551 0.5691 0.8075
vn 0.0836 0.4556 0.8863
vn -0.9115 0.2000 0.3594
vn -0.9227 0.1604 0.3505
vn -0.9043 0.2229 0.3642
vn -0.8814 0.2860 0.3760
vn 0.1513 -0.3223 -0.9345
vn -0.0833 -0.2683 -0.9597
vn 0.0153 -0.2930 -0.9560
vn 0.2389 -0.3381 -0.9103
vn 0.8629 0.1301 -0.4884
vn 0.8351 0.1438 -0.5309
vn 0.8521 0.1355 -0.5056
vn 0.8788 0.1211 -0.4615
vn 0.8668 0.4041 0.2921
vn 0.8681 0.4099 0.2799
vn 0.8668 0.4043 0.2918
vn 0.8644 0.3968 0.3088
vn 0.5492 0.6224 0.5576
vn 0.5493 0.6224 0.5576
vn -0.6774 0.6962 0.2376
vn -0.6942 0.7109 0.1125
vn -0.6752 0.6943 0.2493
vn -0.6450 0.6668 0.3732
vn -0.4158 -0.5338 -0.7363
vn -0.8354 -0.3550 -0.4197
vn -0.7970 -0.3308 -0.5053
vn -0.8542 -0.3675 -0.3679
vn -0.8780 -0.3846 -0.2849
vn 0.2620 0.6466 0.7164
vn 0.2637 0.6456 0.7167
vn 0.2610 0.6472 0.7162
vn 0.2593 0.6482 0.7160
vn -0.8742 -0.0984 -0.4755
vn -0.8751 -0.0970 -0.4740
vn -0.8723 -0.0996 -0.4787
vn -0.8713 -0.1005 -0.4803
vn -0.7060 -0.4226 0.5683
vn -0.6653 -0.4372 0.6052
vn -0.7028 -0.4236 0.5715
vn -0.7502 -0.4037 0.5237
vn -0.6197 0.2280 0.7510
vn -0.6225 0.2250 0.7495
vn -0.6209 0.2268 0.7504
vn -0.6182 0.2296 0.7517
vn -0.6406 -0.1741 -0.7479
vn -0.7291 0.1446 -0.6690
vn -0.6458 -0.1610 -0.7463
vn -0.5377 -0.3805 -0.7524
vn 0.6012 0.0435 0.7979
vn 0.7689 0.0655 0.6361
vn 0.6953 0.0556 0.7166
vn 0.4890 0.0299 0.8718
vn 0.9111 -0.3242 -0.2548
vn 0.8653 -0.2239 -0.4485
vn 0.9028 -0.2980 -0.3102
vn 0.9130 -0.4033 -0.0623
vn -0.6221 0.3001 0.7232
vn -0.6263 0.2968 0.7209
vn -0.6243 0.2984 0.7220
vn -0.6200 0.3016 0.7243
vn -0.7765 -0.0913 -0.6235
vn -0.7354 -0.1726 -0.6553
vn -0.7666 -0.1123 -0.6322
vn -0.7948 -0.0492 -0.6049
vn 0.7585 0.1111 0.6421
vn 0.7046 0.0953 0.7031
vn 0.7328 0.1033 0.6726
vn 0.7946 0.1225 0.5947
vn 0.7788 -0.3566 -0.5161
vn 0.6998 -0.2658 -0.6631
vn 0.7633 -0.3371 -0.5511
vn 0.8178 -0.4132 -0.4006
vn -0.0740 -0.9722 0.2221
vn -0.0301 -0.9752 0.2192
vn -0.0690 -0.9726 0.2218
vn -0.1146 -0.9677 0.2245
vn -0.2424 -0.1229 -0.9624
vn -0.1819 -0.0349 -0.9827
vn -0.2560 -0.1430 -0.9560
vn -0.3130 -0.2287 -0.9218
vn 0.9359 0.0237 -0.3514
vn 0.8291 0.1662 -0.5339
vn 0.9154 0.0590 -0.3981
vn 0.9697 -0.0577 -0.2373
vn 0.6675 0.1102 0.7364
vn 0.5983 0.2934 0.7456
vn 0.3298 0.2825 0.9008
vn 0.5091 0.2925 0.8095
vn 0.7343 0.2858 0.6158
vn -0.6107 0.6314 0.4780
vn -0.6394 0.6760 0.3662
vn -0.6134 0.6355 0.4689
vn -0.5748 0.5802 0.5771
vn -0.4093 -0.6247 -0.6650
vn -0.4374 -0.6075 -0.6630
vn -0.4299 -0.6123 -0.6635
vn -0.4001 -0.6301 -0.6655
vn -0.9089 -0.2748 -0.3137
vn -0.8981 -0.2383 -0.3697
vn -0.9072 -0.2680 -0.3244
vn -0.9122 -0.2899 -0.2894
vn 0.1574 0.3321 0.9300
vn 0.1567 0.3332 0.9298
vn 0.1578 0.3316 0.9301
vn 0.1586 0.3305 0.9304
vn -0.7352 -0.3914 -0.5534
vn -0.8347 -0.0304 -0.5499
vn -0.7610 -0.3300 -0.5585
vn -0.6333 -0.5722 -0.5211
vn 0.9434 0.0725 0.3235
vn 0.9174 0.0049 0.3979
vn 0.9434 0.0723 0.3237
vn 0.9586 0.1344 0.2509
vn -0.4512 0.0002 -0.8924
vn -0.6106 0.1246 -0.7821
vn -0.5104 0.0442 -0.8588
vn -0.3695 -0.0572 -0.9275
vn 0.9261 -0.2613 -0.2723
vn 0.9263 -0.2665 -0.2665
vn 0.9261 -0.2625 -0.2710
vn 0.9258 -0.2578 -0.2763
vn 0.9477 -0.2080 0.2419
vn 0.9505 -0.2009 0.2370
vn 0.9467 -0.2105 0.2437
vn 0.9433 -0.2190 0.2496
vn -0.9822 -0.0426 -0.1829
vn -0.9904 0.1377 0.0153
vn -0.9844 -0.0336 -0.1728
vn -0.9375 -0.1616 -0.3083
vn -0.6982 0.2589 0.6674
vn -0.3790 0.4752 0.7941
vn -0.5365 0.3839 0.7515
vn -0.7874 0.1682 0.5930
vn 0.7286 -0.0637 0.6819
vn 0.8793 0.0309 0.4752
vn 0.7997 -0.0239 0.5999
vn 0.6152 -0.1172 0.7796
vn 0.8673 -0.3520 0.3519
vn 0.8728 -0.3474 0.3428
vn 0.8666 -0.3530 0.3528
vn 0.8588 -0.3595 0.3650
vn -0.4086 0.2056 0.8893
vn -0.4350 0.1995 0.8780
vn -0.4228 0.2023 0.8834
vn -0.3985 0.2077 0.8933
vn 0.7922 -0.2978 0.5327
vn 0.8141 -0.2872 0.5048
vn 0.7988 -0.2946 0.5246
vn 0.7788 -0.3037 0.5488
vn -0.9248 -0.1321 -0.3569
vn -0.8233 0.3714 -0.4293
vn -0.3389 -0.9408 -0.0097
vn -0.3387 -0.9408 -0.0096
vn -0.5773 -0.7789 0.2450
vn -0.6520 -0.7522 0.0955
vn -0.6271 -0.7643 0.1502
vn -0.5219 -0.7843 0.3354
vn 0.9528 -0.1794 0.2450
vn 0.9146 -0.2927 -0.2788
vn 0.9131 -0.2793 -0.2969
vn 0.9143 -0.2896 -0.2831
vn 0.9156 -0.3043 -0.2629
vn -0.5730 0.0005 -0.8196
vn -0.5835 -0.0070 -0.8121
vn -0.5698 0.0024 -0.8217
vn -0.5628 0.0078 -0.8266
vn -0.9785 0.2055 0.0155
vn -0.9816 0.1889 0.0275
vn -0.9797 0.1996 0.0198
vn -0.9760 0.2177 0.0064
vn -0.8694 0.2507 -0.4259
vn -0.8690 0.2032 -0.4511
vn -0.8667 0.3040 -0.3955
vn -0.8616 0.3499 -0.3677
vn -0.3151 -0.9408 -0.1252
vn -0.3590 -0.9302 -0.0766
vn -0.2809 -0.9460 -0.1617
vn -0.2360 -0.9493 -0.2080
vn -0.1041 -0.0285 -0.9942
vn -0.1986 -0.0677 -0.9777
vn -0.0947 -0.0243 -0.9952
vn 0.0136 0.0200 -0.9997
vn -0.1917 0.4285 0.8830
vn 0.0999 0.5819 0.8071
vn -0.0020 0.5353 0.8447
vn -0.2876 0.3645 0.8857
vn 0.4152 0.5076 0.7550
vn 0.1072 0.4371 0.8930
vn 0.2267 0.4703 0.8529
vn 0.5250 0.5189 0.6746
vn 0.0556 0.6207 0.7821
vn 0.0667 0.8430 0.5337
vn 0.0781 0.8443 0.5301
vn 0.0733 0.8437 0.5318
vn 0.0620 0.8424 0.5352
vn 0.2453 0.7167 0.6528
vn 0.3769 0.7497 0.5440
vn 0.2619 0.7219 0.6406
vn 0.1187 0.6676 0.7350
vn 0.2073 0.9608 -0.1843
vn 0.2301 0.9515 -0.2044
vn 0.2130 0.9585 -0.1893
vn 0.1810 0.9701 -0.1619
vn 0.3648 0.9297 -0.0505
vn 0.4126 0.8812 -0.2307
vn 0.3569 0.9338 -0.0248
vn 0.2777 0.9400 0.1982
vn 0.2334 0.3418 -0.9103
vn 0.1971 0.3786 -0.9043
vn 0.2184 0.3572 -0.9081
vn 0.2559 0.3181 -0.9128
vn 0.0497 0.6266 -0.7777
vn -0.0345 0.6607 -0.7499
vn 0.0404 0.6307 -0.7750
vn 0.1567 0.5749 -0.8031
vn -0.0094 0.4094 -0.9123
vn -0.0303 0.3950 -0.9182
vn 0.0017 0.4170 -0.9089
vn 0.0176 0.4276 -0.9038
vn 0.3106 0.1148 0.9436
vn 0.4291 0.2370 0.8716
vn 0.3685 0.1736 0.9133
vn 0.2511 0.0557 0.9664
vn 0.7081 0.2085 0.6747
vn 0.6959 0.1012 0.7110
vn 0.7086 0.2157 0.6719
vn 0.7111 0.3069 0.6326
vn 0.9395 0.1741 -0.2949
vn 0.9553 0.1203 -0.2699
vn 0.9358 0.1852 -0.2999
vn 0.9165 0.2365 -0.3227
vn 0.4979 -0.2937 0.8160
vn 0.4061 -0.4121 0.8156
vn 0.4821 -0.3151 0.8175
vn 0.5657 -0.1899 0.8024
vn 0.6861 -0.3131 0.6567
vn 0.9560 -0.0174 -0.2929
vn 0.9595 -0.0445 -0.2782
vn 0.9550 -0.0100 -0.2964
vn 0.9503 0.0172 -0.3110
vn 0.9330 -0.1617 0.3216
vn 0.8370 -0.3535 0.4176
vn 0.9275 -0.1765 0.3295
vn 0.9775 0.0400 0.2073
vn 0.3997 -0.9021 0.1625
vn 0.4122 -0.8980 0.1538
vn 0.3803 -0.9080 0.1758
vn 0.3706 -0.9107 0.1824
vn 0.7080 -0.7016 0.0810
vn 0.7257 -0.6827 0.0852
vn 0.7168 -0.6924 0.0830
vn 0.6978 -0.7120 0.0788
vn 0.5943 0.0311 0.8036
vn 0.3986 0.1483 0.9051
vn 0.5149 0.0816 0.8534
vn 0.7166 -0.0579 0.6951
vn 0.1512 0.8721 0.4654
vn 0.1501 0.9019 0.4051
vn 0.1431 0.6011 0.7863
vn 0.1365 0.5109 0.8487
vn 0.2518 -0.6761 0.6924
vn 0.2834 -0.7293 0.6228
vn 0.2739 -0.7139 0.6445
vn 0.2343 -0.6454 0.7271
vn 0.5235 -0.1518 0.8384
vn 0.4055 -0.2104 0.8896
vn 0.5316 -0.1479 0.8340
vn 0.6923 -0.0504 0.7199
vn 0.2328 0.1271 0.9642
vn 0.2222 0.1179 0.9679
vn 0.2314 0.1260 0.9647
vn 0.2438 0.1366 0.9602
vn 0.1958 -0.7680 0.6098
vn 0.2228 -0.7754 0.5908
vn 0.1822 -0.7639 0.6191
vn 0.1474 -0.7526 0.6418
vn 0.5151 0.4598 0.7234
vn 0.8776 0.3532 0.3241
vn 0.8449 0.3735 0.3830
vn 0.4666 0.4631 0.7536
vn 0.6408 -0.1157 0.7590
vn 0.1363 -0.2779 0.9509
vn 0.3723 -0.2150 0.9029
vn 0.9215 0.0602 0.3837
vn 0.0481 0.3315 0.9422
vn 0.0659 0.3453 0.9362
vn 0.0494 0.3324 0.9418
vn 0.0333 0.3198 0.9469
vn 0.8472 0.2762 0.4538
vn 0.2621 -0.3478 0.9002
vn 0.2892 -0.3342 0.8970
vn 0.2559 -0.3509 0.9008
vn 0.2299 -0.3634 0.9028
vn 0.3447 -0.2796 0.8961
vn 0.2932 -0.1443 0.9451
vn 0.3308 -0.2413 0.9123
vn 0.3824 -0.3898 0.8378
vn 0.6436 0.4888 0.5889
vn 0.3764 0.4367 0.8171
vn 0.3488 0.4251 0.8352
vn 0.3851 0.3417 0.8573
vn 0.3676 0.3829 0.8475
vn 0.3180 0.4889 0.8123
vn 0.3945 0.2304 0.8896
vn 0.4168 0.1827 0.8904
vn 0.4063 0.2055 0.8903
vn 0.3872 0.2452 0.8888
vn 0.7010 -0.1577 0.6955
vn 0.4487 0.0059 0.8937
vn 0.5967 -0.0852 0.7979
vn 0.7942 -0.2326 0.5614
vn 0.2903 -0.0362 0.9562
vn 0.2595 -0.0931 0.9612
vn 0.2932 -0.0307 0.9556
vn 0.3133 0.0082 0.9496
vn 0.3312 -0.1107 0.9370
vn 0.8822 -0.0588 0.4673
vn 0.8836 -0.0685 0.4632
vn 0.8827 -0.0624 0.4657
vn 0.8808 -0.0505 0.4708
vn 0.8195 -0.2347 0.5228
vn 0.8137 -0.1930 0.5483
vn 0.8211 -0.2491 0.5136
vn 0.8240 -0.2832 0.4907
vn 0.8437 -0.5143 -0.1536
vn 0.3752 0.2609 0.8895
vn 0.3730 0.2584 0.8911
vn 0.3759 0.2616 0.8890
vn 0.3786 0.2643 0.8870
vn 0.6519 0.1751 0.7378
vn 0.6287 0.1652 0.7599
vn 0.6441 0.1719 0.7454
vn 0.6726 0.1842 0.7167
vn 0.8059 0.0969 0.5841
vn 0.8354 0.0914 0.5420
vn 0.8000 0.0982 0.5919
vn 0.7235 0.1105 0.6814
vn 0.8586 0.0743 0.5072
vn 0.8836 -0.0021 0.4683
vn 0.8670 0.0508 0.4957
vn 0.8264 0.1509 0.5425
vn 0.1161 0.4964 0.8603
vn 0.1562 0.5083 0.8469
vn 0.1403 0.5037 0.8524
vn 0.0947 0.4897 0.8667
vn 0.4859 0.4698 0.7371
vn 0.8177 0.4244 0.3890
vn 0.7249 0.4517 0.5202
vn 0.3449 0.4604 0.8180
vn 0.6754 0.5780 0.4579
vn 0.7966 0.5254 0.2990
vn 0.7436 0.5531 0.3757
vn 0.5828 0.5988 0.5493
vn 0.9730 0.1845 0.1388
vn 0.9940 0.1098 0.0017
vn 0.9747 0.1806 0.1315
vn 0.9314 0.2503 0.2644
vn 0.9984 0.0366 0.0431
vn 0.9473 0.2573 0.1906
vn 0.9847 0.1355 0.1094
vn 0.9962 -0.0799 -0.0352
vn 0.8699 -0.4932 0.0062
vn 0.8594 -0.5099 0.0383
vn 0.8711 -0.4912 0.0024
vn 0.8792 -0.4757 -0.0260
vn 0.9765 -0.2141 -0.0242
vn 0.9722 -0.2342 -0.0012
vn 0.9800 -0.1935 -0.0471
vn 0.9825 -0.1721 -0.0708
vn 0.9102 -0.4082 0.0704
vn 0.9101 -0.4084 0.0701
vn 0.8994 -0.3674 -0.2369
vn 0.8989 -0.3961 -0.1870
vn 0.8991 -0.3627 -0.2450
vn 0.8958 -0.3329 -0.2944
vn 0.1305 0.9282 0.3485
vn 0.1209 0.9278 0.3530
vn 0.1247 0.9279 0.3513
vn 0.1341 0.9282 0.3470
vn 0.7590 0.6032 0.2451
vn 0.7201 0.6338 0.2824
vn 0.7343 0.6232 0.2692
vn 0.7677 0.5956 0.2362
vn 0.8352 0.5251 0.1635
vn 0.8642 0.4959 0.0851
vn 0.8310 0.5285 0.1734
vn 0.7942 0.5532 0.2512
vn 0.9989 0.0450 -0.0124
vn 0.9972 0.0132 -0.0731
vn 0.9980 0.0607 0.0177
vn 0.9946 0.0839 0.0614
vn 0.8594 -0.2467 -0.4478
vn 0.8616 -0.1808 -0.4744
vn 0.8513 -0.3225 -0.4138
vn 0.8406 -0.3817 -0.3844
vn 0.1230 0.8919 -0.4351
vn 0.1335 0.8889 -0.4383
vn 0.1297 0.8900 -0.4372
vn 0.1197 0.8929 -0.4341
vn 0.6464 0.6913 -0.3228
vn 0.5753 0.7521 -0.3216
vn 0.5949 0.7364 -0.3221
vn 0.6705 0.6682 -0.3223
vn 0.9051 0.4054 -0.1278
vn 0.9598 0.2099 -0.1863
vn 0.9082 0.3977 -0.1303
vn 0.8427 0.5319 -0.0832
vn 0.9997 0.0124 0.0215
vn 0.9855 0.0778 -0.1510
vn 0.9258 0.2995 -0.2308
vn 0.9827 0.0964 -0.1583
vn 0.9925 -0.0842 -0.0887
vn 0.7181 -0.5166 -0.4663
vn 0.7175 -0.5202 -0.4633
vn 0.7181 -0.5170 -0.4660
vn 0.7189 -0.5119 -0.4702
vn 0.9530 -0.0657 0.2957
vn 0.9153 -0.3989 -0.0559
vn 0.9623 -0.1215 0.2433
vn 0.7023 0.3485 0.6207
vn 0.9623 -0.2678 0.0485
vn 0.9777 -0.0573 0.2018
vn 0.9606 -0.2746 0.0432
vn 0.9156 -0.3983 -0.0558
vn 0.6279 0.3830 -0.6775
vn 0.8154 0.3608 -0.4527
vn 0.2545 0.3550 -0.8996
vn 0.2233 0.3504 -0.9096
vn 0.5696 -0.5212 -0.6355
vn 0.5769 -0.5187 -0.6310
vn 0.3308 -0.5668 -0.7545
vn 0.2022 -0.5742 -0.7934
vn -0.0927 0.9957 -0.0008
vn 0.3285 -0.9344 0.1379
vn 0.1169 0.4216 -0.8992
vn 0.0893 0.4350 -0.8960
vn 0.1014 0.4292 -0.8975
vn 0.1297 0.4152 -0.9004
vn 0.5766 0.3395 -0.7432
vn 0.7047 0.1850 -0.6849
vn 0.6101 0.3032 -0.7320
vn 0.4999 0.4137 -0.7609
vn 0.2494 -0.2445 -0.9370
vn 0.4946 -0.3773 -0.7830
vn 0.3812 -0.3173 -0.8683
vn 0.0919 -0.1540 -0.9838
vn 0.6540 -0.3067 -0.6915
vn 0.6851 -0.3185 -0.6551
vn 0.6616 -0.3096 -0.6830
vn 0.6186 -0.2931 -0.7290
vn 0.9379 0.0498 -0.3433
vn 0.9324 0.0952 -0.3486
vn 0.9414 0.0039 -0.3372
vn 0.6069 -0.0836 -0.7904
vn 0.6116 -0.0864 -0.7865
vn 0.6097 -0.0853 -0.7881
vn 0.6054 -0.0830 -0.7916
vn 0.6451 -0.0924 0.7585
vn 0.6647 -0.0750 0.7433
vn 0.6517 -0.0866 0.7535
vn 0.6345 -0.1015 0.7663
vn 0.9867 -0.0694 -0.1471
vn 0.9852 -0.0583 -0.1609
vn 0.9863 -0.0662 -0.1511
vn 0.9874 -0.0758 -0.1387
vn -0.6283 -0.1264 0.7676
vn -0.6706 -0.1555 0.7253
vn -0.6507 -0.1416 0.7460
vn -0.6043 -0.1105 0.7891
vn -0.9967 -0.0618 -0.0527
vn -0.9991 -0.0385 -0.0162
vn -0.9978 -0.0532 -0.0392
vn -0.9943 -0.0761 -0.0751
vn -0.7057 -0.0205 -0.7083
vn -0.6485 -0.0615 -0.7587
vn -0.6739 -0.0435 -0.7375
vn -0.7232 -0.0073 -0.6906
vn 0.6184 0.0717 -0.7826
vn 0.6292 0.0591 -0.7750
vn 0.6192 0.0708 -0.7820
vn 0.6057 0.0861 -0.7910
vn 0.7769 0.2857 0.5610
vn 0.8193 0.3839 0.4259
vn 0.7629 0.2602 0.5918
vn 0.6853 0.1425 0.7142
vn 0.9758 0.1403 -0.1677
vn 0.9726 0.1514 -0.1765
vn 0.9765 0.1378 -0.1658
vn 0.9798 0.1253 -0.1558
vn -0.6257 0.2762 0.7296
vn -0.5923 0.3232 0.7381
vn -0.6304 0.2692 0.7281
vn -0.6733 0.2012 0.7115
vn -0.9905 0.1363 -0.0191
vn -0.9889 0.1481 -0.0130
vn -0.9918 0.1255 -0.0248
vn -0.9932 0.1118 -0.0320
vn -0.6143 0.1268 -0.7788
vn -0.5946 0.0953 -0.7983
vn -0.6160 0.1294 -0.7770
vn -0.6374 0.1652 -0.7526
vn 0.5557 0.0342 -0.8307
vn 0.5051 0.1287 -0.8534
vn 0.5676 0.0099 -0.8232
vn 0.6154 -0.0990 -0.7820
vn 0.9342 0.1866 -0.3041
vn 0.8873 0.3042 -0.3467
vn 0.9533 0.1186 -0.2776
vn 0.9767 -0.0392 -0.2111
vn -0.9664 0.0704 0.2472
vn -0.7297 0.4515 0.5136
vn -0.9885 -0.0801 0.1280
vn -0.9654 -0.2598 -0.0239
vn -0.7516 0.1515 -0.6420
vn -0.7739 0.3545 -0.5248
vn -0.7324 0.0737 -0.6769
vn -0.6102 -0.2247 -0.7597
vn 0.7261 0.6169 0.3036
vn 0.7064 0.6015 0.3732
vn 0.7185 0.6110 0.3323
vn 0.7389 0.6267 0.2476
vn -0.4951 0.4673 0.7325
vn -0.2767 0.6529 0.7051
vn -0.3815 0.5731 0.7253
vn -0.5878 0.3616 0.7237
vn 0.8816 0.3751 -0.2864
vn 0.8400 0.5375 0.0741
vn 0.8832 0.4388 -0.1655
vn 0.8642 0.3061 -0.3994
vn -0.9805 -0.1893 0.0530
vn -0.9922 0.0512 0.1134
vn -0.9952 -0.0212 0.0958
vn -0.9639 -0.2641 0.0328
vn 0.5235 0.8199 0.2317
vn 0.5344 0.8302 0.1590
vn 0.5267 0.8226 0.2143
vn 0.5145 0.8103 0.2807
vn -0.2500 0.7635 0.5954
vn -0.3081 0.7090 0.6344
vn -0.2804 0.7358 0.6164
vn -0.2145 0.7928 0.5705
vn 0.8028 0.5908 -0.0805
vn 0.6135 0.7616 0.2087
vn 0.7341 0.6775 0.0460
vn 0.8407 0.5114 -0.1778
vn -0.8135 0.1818 0.5524
vn -0.6840 0.6442 0.3424
vn -0.7653 0.4629 0.4472
vn -0.8091 0.0296 0.5869
vn 0.5023 0.8536 0.1382
vn -0.0162 0.8024 0.5965
vn 0.0860 0.9709 0.2234
vn -0.0444 0.7297 0.6823
vn -0.2085 -0.0094 0.9780
vn 0.6633 0.7219 0.1974
vn 0.8385 0.5350 0.1037
vn 0.7658 0.6258 0.1478
vn 0.6102 0.7613 0.2193
vn -0.5365 0.5658 0.6260
vn -0.5275 0.4708 0.7072
vn -0.5345 0.5334 0.6556
vn -0.5380 0.6149 0.5766
vn 0.3354 0.3267 0.8836
vn 0.3052 0.3828 0.8719
vn 0.3133 0.3681 0.8754
vn 0.3473 0.3032 0.8874
vn 0.4556 -0.2668 -0.8493
vn 0.4555 -0.2663 -0.8495
vn 0.4558 -0.2671 -0.8491
vn 0.4559 -0.2674 -0.8489
vn 0.8155 -0.2253 -0.5331
vn 0.8182 -0.2065 -0.5366
vn 0.8095 -0.2610 -0.5259
vn 0.8077 -0.2708 -0.5237
vn -0.8842 -0.1926 0.4256
vn -0.8395 -0.0447 0.5415
vn -0.8958 -0.2850 0.3411
vn -0.8823 -0.4330 0.1845
vn -0.8855 -0.1901 -0.4240
vn -0.9103 -0.1239 -0.3950
vn -0.8723 -0.2204 -0.4365
vn -0.8496 -0.2670 -0.4548
vn 0.7850 0.0512 -0.6174
vn 0.7936 0.0897 -0.6018
vn 0.7444 -0.0820 -0.6627
vn 0.7289 -0.1222 -0.6736
vn -0.8183 -0.4566 -0.3491
vn -0.8590 -0.4224 -0.2893
vn -0.6807 -0.5350 -0.5004
vn -0.6483 -0.5480 -0.5286
vn 0.7505 -0.5157 -0.4133
vn 0.7289 -0.5510 -0.4063
vn 0.8206 -0.3728 -0.4331
vn 0.8463 -0.3022 -0.4386
vn -0.5229 -0.8497 0.0685
vn -0.5090 -0.8589 0.0565
vn -0.5829 -0.8033 0.1225
vn -0.5951 -0.7925 0.1339
vn 0.6200 -0.7455 0.2446
vn 0.5864 -0.7712 0.2478
vn 0.6725 -0.7007 0.2383
vn 0.6856 -0.6885 0.2366
vn -0.3422 -0.8004 0.4923
vn -0.3424 -0.8001 0.4926
vn -0.3422 -0.8006 0.4918
vn -0.3423 -0.8007 0.4916
vn 0.2159 -0.8524 0.4763
vn 0.2084 -0.8598 0.4661
vn 0.2391 -0.8283 0.5067
vn 0.2451 -0.8219 0.5142
vn -0.0133 -0.9796 -0.2004
vn 0.0095 -0.9654 -0.2607
vn -0.0138 -0.9796 -0.2003
vn -0.0381 -0.9903 -0.1339
vn 0.1032 -0.9836 0.1483
vn 0.1033 -0.9840 0.1448
vn 0.1033 -0.9839 0.1461
vn 0.1028 -0.9831 0.1512
vn -0.2777 -0.7005 -0.6574
vn -0.2647 -0.6839 -0.6799
vn -0.2787 -0.7019 -0.6554
vn -0.2870 -0.7122 -0.6406
vn 0.0058 -0.2706 -0.9627
vn -0.0440 -0.2991 -0.9532
vn 0.0611 -0.2379 -0.9694
vn 0.1014 -0.2133 -0.9717
vn 0.1791 0.1628 -0.9703
vn 0.1544 0.1395 -0.9781
vn 0.1831 0.1667 -0.9689
vn 0.2055 0.1879 -0.9604
vn 0.2521 -0.1174 -0.9606
vn 0.2829 -0.1449 -0.9482
vn 0.2558 -0.1206 -0.9592
vn 0.2229 -0.0913 -0.9706
vn 0.3773 -0.5006 -0.7791
vn 0.4289 -0.5772 -0.6948
vn 0.3483 -0.4578 -0.8180
vn 0.2736 -0.3488 -0.8964
vn 0.7245 -0.5718 0.3848
vn 0.1402 -0.5460 0.8260
vn 0.2583 -0.5225 0.8126
vn 0.1796 -0.5391 0.8229
vn 0.0747 -0.5554 0.8282
vn 0.9462 -0.0169 0.3233
vn 0.9510 -0.3081 0.0254
vn 0.9503 -0.0317 0.3097
vn 0.9218 0.0509 0.3842
vn -0.0487 0.6172 0.7853
vn -0.2284 0.5009 0.8348
vn -0.1364 0.5644 0.8142
vn 0.0641 0.6744 0.7355
vn 0.4397 0.2754 0.8549
vn 0.4038 0.3303 0.8531
vn 0.4439 0.2686 0.8549
vn 0.4693 0.2267 0.8534
vn -0.3811 0.2072 0.9010
vn -0.3750 0.2031 0.9045
vn -0.3828 0.2083 0.9000
vn -0.3903 0.2133 0.8956
vn -0.5309 -0.3746 -0.7602
vn -0.5430 -0.3606 -0.7584
vn -0.5297 -0.3759 -0.7603
vn -0.5175 -0.3903 -0.7615
vn -0.2079 -0.6749 -0.7080
vn -0.2509 -0.5966 -0.7623
vn -0.1826 -0.7159 -0.6739
vn -0.1215 -0.8011 -0.5860
vn 0.5145 0.1101 0.8504
vn 0.3879 -0.0501 0.9203
vn 0.5011 0.0918 0.8605
vn 0.6165 0.2640 0.7418
vn 0.8128 0.2421 0.5299
vn 0.8167 0.2774 0.5060
vn 0.8109 0.2261 0.5397
vn 0.8046 0.1889 0.5630
vn 0.9770 0.1138 -0.1804
vn 0.9894 0.0566 -0.1337
vn 0.9327 0.2323 -0.2757
vn 0.9024 0.2885 -0.3201
vn -0.8792 -0.2957 -0.3736
vn -0.8763 -0.2901 -0.3847
vn -0.8826 -0.3025 -0.3599
vn -0.8857 -0.3091 -0.3463
vn -0.5117 -0.2260 -0.8289
vn -0.4589 -0.1850 -0.8690
vn -0.5643 -0.2679 -0.7809
vn -0.6268 -0.3196 -0.7106
vn 0.4726 -0.0823 -0.8774
vn 0.5306 -0.1029 -0.8414
vn 0.5127 -0.0965 -0.8531
vn 0.4470 -0.0735 -0.8915
vn 0.9812 0.0618 -0.1827
vn 0.9955 0.0176 -0.0934
vn 0.9908 0.0358 -0.1304
vn 0.9703 0.0832 -0.2270
vn 0.8491 0.0757 0.5228
vn 0.8440 0.0683 0.5320
vn 0.8466 0.0721 0.5273
vn 0.8519 0.0798 0.5176
vn -0.0026 -0.0215 0.9998
vn -0.0213 -0.0094 0.9997
vn 0.0050 -0.0258 0.9997
vn 0.0238 -0.0379 0.9990
vn -0.8903 -0.2266 0.3949
vn -0.8881 -0.2286 0.3988
vn -0.8935 -0.2243 0.3891
vn -0.8964 -0.2221 0.3837
vn 0.2149 0.9583 0.1885
vn 0.1877 0.9616 0.2002
vn 0.1975 0.9605 0.1959
vn 0.2255 0.9567 0.1839
vn 0.5622 0.8117 0.1586
vn 0.7930 0.6075 -0.0454
vn 0.7010 0.7116 0.0476
vn 0.4787 0.8510 0.2158
vn 0.8194 0.5728 -0.0200
vn 0.8025 0.5961 0.0259
vn 0.8175 0.5757 -0.0144
vn 0.8304 0.5545 -0.0540
vn 0.2222 0.9212 -0.3193
vn 0.1843 0.9197 -0.3466
vn 0.2508 0.9210 -0.2979
vn 0.2800 0.9196 -0.2756
vn 0.7483 0.6446 -0.1568
vn 0.6626 0.7354 -0.1421
vn 0.6978 0.7009 -0.1479
vn 0.7788 0.6059 -0.1622
vn 0.5896 0.4330 -0.6818
vn 0.5773 0.4469 -0.6833
vn 0.5870 0.4358 -0.6823
vn 0.5973 0.4239 -0.6808
vn 0.6829 0.4179 0.5992
vn 0.7653 0.4716 0.4381
vn 0.6991 0.4280 0.5727
vn 0.5800 0.3514 0.7350
vn -0.2824 -0.9150 0.2883
vn -0.3094 -0.9091 0.2791
vn -0.2676 -0.9179 0.2929
vn -0.2411 -0.9227 0.3010
vn 0.9023 0.1426 0.4069
vn 0.9089 0.0907 0.4069
vn 0.8977 0.1712 0.4060
vn 0.8894 0.2133 0.4044
vn 0.7871 0.6148 -0.0500
vn 0.9794 0.1700 -0.1091
vn 0.9021 0.3189 -0.2908
vn 0.9562 0.2300 -0.1811
vn 0.9972 0.0746 0.0056
vn -0.2851 -0.8311 0.4775
vn -0.0904 -0.7754 0.6250
vn -0.1479 -0.7967 0.5860
vn -0.3255 -0.8364 0.4410
vn 0.9079 0.0601 0.4148
vn 0.8855 -0.1561 0.4375
vn 0.9079 0.0597 0.4149
vn 0.9005 0.1888 0.3916
vn 0.9819 0.1556 -0.1076
vn 0.9941 0.0776 -0.0760
vn 0.9769 0.1789 -0.1170
vn 0.9425 0.2923 -0.1622
vn 0.2547 0.1931 -0.9475
vn 0.2882 0.1658 -0.9431
vn 0.2656 0.1843 -0.9463
vn 0.2304 0.2124 -0.9496
vn 0.5929 0.1613 -0.7890
vn 0.5632 0.1847 -0.8054
vn 0.5811 0.1707 -0.7957
vn 0.6089 0.1482 -0.7792
vn 0.9461 0.1372 -0.2933
vn 0.9664 0.0912 -0.2402
vn 0.9578 0.1122 -0.2645
vn 0.9315 0.1645 -0.3246
vn -0.1626 -0.0525 0.9853
vn -0.0309 -0.0002 0.9995
vn -0.1145 -0.0334 0.9929
vn -0.2359 -0.0820 0.9683
vn 0.8281 -0.0088 0.5606
vn 0.7845 -0.0655 0.6167
vn 0.8133 -0.0295 0.5811
vn 0.8447 0.0151 0.5351
vn 0.9929 0.1039 -0.0577
vn 0.9930 0.1034 -0.0574
vn 0.9925 0.1067 -0.0592
vn 0.9925 0.1070 -0.0593
vn 0.1977 -0.6188 -0.7603
vn 0.2030 -0.6236 -0.7549
vn 0.1976 -0.6189 -0.7602
vn 0.1927 -0.6142 -0.7653
vn 0.5968 -0.4899 -0.6355
vn 0.6032 -0.4931 -0.6269
vn 0.5988 -0.4914 -0.6324
vn 0.5936 -0.4888 -0.6394
vn 0.9794 -0.1515 -0.1332
vn 0.7742 -0.4893 0.4016
vn 0.9567 -0.2853 0.0582
vn 0.9588 -0.0374 -0.2817
vn -0.1454 -0.3960 0.9066
vn 0.1458 -0.3512 0.9249
vn -0.0480 -0.3847 0.9218
vn -0.3006 -0.4061 0.8630
vn 0.3738 -0.5980 0.7090
vn 0.0597 -0.6604 0.7485
vn 0.4048 -0.5878 0.7005
vn 0.6252 -0.4877 0.6093
vn 0.9841 -0.1704 -0.0503
vn 0.8731 -0.0468 -0.4852
vn 0.9711 -0.1326 -0.1986
vn 0.9677 -0.2117 0.1368
vn -0.0305 -0.9820 0.1863
vn 0.0234 -0.9617 0.2730
vn -0.0288 -0.9815 0.1891
vn -0.0729 -0.9905 0.1166
vn -0.0898 -0.9708 0.2226
vn -0.0847 -0.9710 0.2235
vn -0.1006 -0.9702 0.2205
vn -0.1174 -0.9690 0.2174
vn 0.2760 -0.8588 0.4315
vn 0.2532 -0.8629 0.4374
vn 0.2799 -0.8581 0.4305
vn 0.2865 -0.8568 0.4287
vn 0.0174 -0.9995 -0.0255
vn 0.9765 0.0646 -0.2056
vn 0.9647 0.0859 -0.2488
vn 0.9754 0.0668 -0.2103
vn 0.9849 0.0457 -0.1672
vn 0.6095 0.2610 0.7486
vn 0.6148 0.2558 0.7460
vn 0.6080 0.2625 0.7493
vn 0.6020 0.2682 0.7521
vn 0.4310 -0.2798 -0.8579
vn 0.3942 -0.3165 -0.8628
vn 0.4535 -0.2555 -0.8538
vn 0.4946 -0.2100 -0.8434
vn -0.3880 0.0814 0.9181
vn -0.3812 0.0762 0.9213
vn -0.3889 0.0821 0.9176
vn -0.3954 0.0872 0.9143
vn -0.9732 -0.1594 0.1659
vn -0.9585 -0.1889 0.2134
vn -0.9716 -0.1629 0.1716
vn -0.9837 -0.1321 0.1223
vn 0.4578 -0.0728 0.8861
vn 0.5537 0.0307 0.8322
vn 0.4515 -0.0792 0.8888
vn 0.3044 -0.2164 0.9276
vn 0.8792 -0.1085 0.4638
vn 0.8669 -0.1508 0.4751
vn 0.8912 -0.0594 0.4496
vn 0.8981 -0.0255 0.4391
vn 0.9459 -0.0909 -0.3114
vn 0.9486 -0.1026 -0.2995
vn 0.9459 -0.0908 -0.3115
vn 0.9434 -0.0806 -0.3217
vn 0.4993 -0.0393 -0.8655
vn 0.5018 -0.0358 -0.8642
vn 0.4996 -0.0389 -0.8654
vn 0.4971 -0.0429 -0.8666
vn 0.2136 -0.0174 -0.9768
vn 0.2185 -0.0205 -0.9756
vn 0.2160 -0.0189 -0.9762
vn 0.2112 -0.0159 -0.9773
vn -0.3390 0.1528 0.9283
vn -0.6696 0.3776 0.6395
vn -0.3617 0.1677 0.9171
vn -0.0694 -0.0199 0.9974
vn -0.2705 -0.0253 0.9624
vn -0.2766 -0.0301 0.9605
vn -0.2732 -0.0273 0.9616
vn -0.2671 -0.0226 0.9634
vn 0.5521 0.5850 0.5941
vn 0.5270 0.5848 0.6166
vn 0.5440 0.5850 0.6015
vn 0.5680 0.5846 0.5793
vn 0.1161 0.5811 0.8055
vn 0.3396 0.0767 0.9374
vn 0.9280 0.3164 0.1965
vn 0.7498 0.2349 0.6185
vn -0.0048 -0.0469 0.9989
vn 0.9983 0.0529 0.0226
vn 0.4713 0.2944 -0.8314
vn -0.3000 -0.2460 0.9217
vn -0.3091 -0.1655 0.9365
vn -0.3055 -0.1995 0.9311
vn -0.2965 -0.2732 0.9151
vn 0.7285 0.0593 0.6825
vn 0.8362 0.2326 0.4967
vn 0.7315 0.0636 0.6789
vn 0.4338 -0.2301 0.8711
vn 0.4201 -0.3058 -0.8544
vn 0.4470 -0.3276 -0.8324
vn -0.8398 -0.4028 -0.3640
vn -0.8394 -0.3971 -0.3712
vn -0.8401 -0.4076 -0.3579
vn -0.8407 -0.4209 -0.3408
vn -0.7086 -0.6129 0.3496
vn -0.6760 -0.5819 0.4521
vn -0.6980 -0.6030 0.3863
vn -0.7173 -0.6210 0.3160
vn 0.2399 -0.8140 0.5290
vn 0.2417 -0.8132 0.5294
vn 0.7366 -0.4339 -0.5187
vn 0.7218 -0.4388 -0.5352
vn 0.7512 -0.4286 -0.5020
vn 0.7770 -0.4184 -0.4704
vn 0.4371 -0.1150 -0.8920
vn -0.9217 -0.1345 -0.3639
vn -0.9217 -0.1344 -0.3638
vn -0.9720 -0.1807 0.1504
vn -0.8257 -0.0790 0.5585
vn -0.8731 -0.1032 0.4766
vn -0.9785 -0.1989 0.0538
vn 0.3872 -0.0690 0.9194
vn 0.3812 -0.0711 0.9218
vn 0.3823 -0.0711 0.9213
vn 0.3891 -0.0683 0.9187
vn 0.8114 -0.0534 -0.5820
vn 0.8573 -0.0325 -0.5137
vn 0.6328 -0.1154 -0.7656
vn 0.5672 -0.1334 -0.8127
vn -0.5276 -0.3719 -0.7637
vn -0.5435 -0.3586 -0.7589
vn -0.5314 -0.3688 -0.7626
vn -0.5174 -0.3803 -0.7666
vn -0.9752 -0.1584 0.1548
vn -0.9621 -0.1754 0.2086
vn -0.9766 -0.1560 0.1478
vn -0.9873 -0.1348 0.0838
vn -0.2693 -0.7357 -0.6215
vn -0.0968 -0.7465 -0.6583
vn -0.3278 -0.7264 -0.6041
vn -0.3505 -0.7220 -0.5966
vn -0.7173 -0.6370 0.2824
vn -0.2506 -0.7891 0.5608
vn -0.3052 -0.7848 0.5393
vn -0.7730 -0.5922 0.2275
vn 0.2377 -0.4130 0.8792
vn 0.4685 -0.4809 0.7411
vn 0.3622 -0.4529 0.8147
vn 0.1382 -0.3762 0.9162
vn 0.2591 -0.5468 0.7962
vn 0.2585 -0.5467 0.7965
vn 0.2596 -0.5469 0.7959
vn 0.2702 0.4583 -0.8467
vn 0.2205 0.4995 -0.8378
vn 0.2587 0.4680 -0.8450
vn 0.3047 0.4278 -0.8509
vn 0.3767 0.0071 0.9263
vn 0.5887 0.1679 0.7907
vn 0.9701 0.2340 -0.0639
vn 0.7383 0.2794 -0.6139
vn 0.2730 0.4296 -0.8608
vn 0.5755 0.0341 -0.8171
vn 0.5824 0.0422 -0.8118
vn 0.5721 0.0303 -0.8196
vn 0.5658 0.0239 -0.8242
vn 0.9936 0.0920 -0.0650
vn -0.3406 0.4797 0.8086
vn -0.3097 0.5000 0.8088
vn -0.3208 0.4928 0.8088
vn -0.3493 0.4738 0.8084
vn 0.0657 -0.2796 -0.9579
vn 0.1161 -0.3143 -0.9422
vn 0.0784 -0.2884 -0.9543
vn 0.0383 -0.2603 -0.9648
vn 0.1989 0.1434 -0.9695
vn 0.2413 0.1108 -0.9641
vn 0.2134 0.1328 -0.9679
vn 0.1739 0.1633 -0.9711
vn 0.1841 0.3960 -0.8996
vn 0.1216 0.4533 -0.8830
vn 0.1764 0.4034 -0.8979
vn 0.2426 0.3385 -0.9091
vn 0.1814 0.4104 -0.8937
vn 0.2510 0.3383 -0.9069
vn 0.1937 0.3981 -0.8966
vn 0.1242 0.4653 -0.8764
vn 0.2461 0.4013 -0.8823
vn 0.2119 0.4228 -0.8811
vn 0.2287 0.4123 -0.8819
vn 0.2606 0.3918 -0.8823
vn 0.1394 -0.2902 -0.9468
vn -0.0391 -0.2194 -0.9748
vn 0.0138 -0.2412 -0.9704
vn 0.1999 -0.3119 -0.9288
vn 0.2787 -0.3001 0.9123
vn 0.2713 -0.2917 0.9172
vn 0.2758 -0.2968 0.9143
vn 0.2825 -0.3044 0.9097
vn 0.1126 0.0111 0.9936
vn 0.1446 0.0435 0.9885
vn 0.1104 0.0089 0.9938
vn 0.0797 -0.0219 0.9966
vn 0.1620 0.5788 0.7992
vn 0.2031 0.5407 0.8164
vn 0.1510 0.5884 0.7943
vn 0.1200 0.6149 0.7794
vn -0.5390 -0.6825 0.4936
vn -0.5469 -0.6852 0.4811
vn -0.5281 -0.6786 0.5105
vn -0.5223 -0.6765 0.5192
vn 0.1493 0.0600 0.9870
vn 0.2057 0.1137 0.9720
vn 0.1617 0.0718 0.9842
vn 0.1053 0.0186 0.9943
vn 0.3108 0.0357 -0.9498
vn 0.2821 0.0612 -0.9574
vn 0.3037 0.0420 -0.9518
vn 0.3309 0.0174 -0.9435
vt 0.280556 0.086111
vt 0.286111 0.091667
vt 0.313889 0.141667
vt 0.283333 0.075000
vt 0.344444 0.386111
vt 0.355556 0.386111
vt 0.330556 0.383333
vt 0.077778 0.011111
vt 0.058333 0.019444
vt 0.066667 0.013889
vt 0.077778 0.052778
vt 0.075000 0.061111
vt 0.061111 0.019444
vt 0.113889 0.750000
vt 0.144444 0.769444
vt 0.619444 0.030556
vt 0.102778 0.405556
vt 0.155556 0.411111
vt 0.183333 0.402778
vt 0.127778 0.411111
vt 0.197222 0.402778
vt 0.205556 0.402778
vt 0.327778 0.041667
s 1
f 1/1/1 2/1/2 3/1/3
f 3/1/3 4/1/4 1/1/1
f 5/1/5 6/1/6 7/1/7
f 7/1/7 8/1/8 5/1/5
f 9/1/9 10/1/10 11/1/11
f 11/1/11 12/1/12 9/1/9
f 13/1/13 14/1/14 15/1/15
f 15/1/15 16/1/16 13/1/13
f 17/1/17 18/1/18 19/1/19
f 19/1/19 20/1/20 17/1/17
f 21/1/21 22/1/22 23/1/23
f 23/1/23 24/1/24 21/1/21
f 25/1/25 26/1/26 27/1/27
f 27/1/27 28/1/28 25/1/25
f 29/1/29 30/1/30 31/1/31
f 31/1/31 32/1/32 29/1/29
f 33/2/33 34/2/34 35/2/35
f 35/2/35 36/2/36 33/2/33
f 37/3/37 38/3/38 39/3/39
f 39/3/39 40/3/40 37/3/37
f 41/1/41 42/1/42 43/1/43
f 43/1/43 44/1/44 41/1/41
f 45/1/45 46/1/46 47/1/47
f 47/1/47 48/1/48 45/1/45
f 49/1/49 50/1/50 51/1/51
f 51/1/51 52/1/52 49/1/49
f 53/1/53 54/1/54 55/1/55
f 55/1/55 56/1/56 53/1/53
f 57/2/57 58/2/58 59/2/59
f 59/2/59 60/2/60 57/2/57
f 61/1/61 62/1/62 63/1/63
f 63/1/63 64/1/64 61/1/61
f 65/1/65 66/1/66 67/1/67
f 67/1/67 68/1/68 65/1/65
f 69/1/69 70/1/70 71/1/71
f 71/1/71 72/1/72 69/1/69
f 73/1/73 74/1/74 75/1/75
f 75/1/75 76/1/76 73/1/73
f 77/2/77 78/2/78 79/2/79
f 79/2/79 80/2/80 77/2/77
f 81/1/81 82/1/82 83/1/83
f 83/1/83 84/1/84 81/1/81
f 85/1/85 86/1/86 87/1/87
f 87/1/87 88/1/88 85/1/85
f 89/1/89 90/1/90 91/1/91
f 91/1/91 92/1/92 89/1/89
f 93/1/93 94/1/94 95/1/95
f 95/1/95 96/1/96 93/1/93
f 97/1/97 98/1/98 99/1/99
f 99/1/99 100/1/100 97/1/97
f 101/4/101 102/4/102 103/4/103
f 103/4/103 104/4/104 101/4/101
f 105/1/105 106/1/106 107/1/107
f 107/1/107 108/1/108 105/1/105
f 109/4/109 110/4/110 111/4/111
f 111/4/111 112/4/112 109/4/109
f 113/1/113 114/1/114 115/1/115
f 115/1/115 116/1/116 113/1/113
f 117/1/117 118/1/118 119/1/119
f 119/1/119 120/1/120 117/1/117
f 121/1/121 122/1/122 123/1/123
f 123/1/123 124/1/124 121/1/121
f 125/1/125 126/1/126 127/1/127
f 127/1/127 128/1/128 125/1/125
f 129/1/129 130/1/130 131/1/131
f 131/1/131 132/1/132 129/1/129
f 133/1/133 134/1/134 135/1/135
f 135/1/135 136/1/136 133/1/133
f 137/1/137 138/1/138 139/1/139
f 139/1/139 140/1/140 137/1/137
f 141/1/141 142/1/142 143/1/143
f 143/1/143 144/1/144 141/1/141
f 145/1/145 146/1/146 147/1/147
f 147/1/147 148/1/148 145/1/145
f 149/3/149 150/3/150 151/3/151
f 151/3/151 152/3/152 149/3/149
f 153/1/153 154/1/154 155/1/155
f 155/1/155 156/1/156 153/1/153
f 157/1/157 158/1/158 159/1/159
f 159/1/159 160/1/160 157/1/157
f 161/2/161 162/2/162 163/2/163
f 163/2/163 164/2/164 161/2/161
f 165/1/165 166/1/166 167/1/167
f 167/1/167 168/1/168 165/1/165
f 169/1/169 170/1/170 171/1/171
f 171/1/171 172/1/172 169/1/169
f 173/1/173 174/1/174 175/1/175
f 175/1/175 176/1/176 173/1/173
f 177/1/177 178/1/178 179/1/179
f 179/1/179 180/1/180 177/1/177
f 181/1/181 182/1/182 183/1/183
f 183/1/183 184/1/184 181/1/181
s 0
f 185/1/185 186/1/185 187/1/185
s 1
f 188/5/186 189/5/186 190/5/187
f 191/2/188 192/2/189 193/2/190
f 193/2/190 194/2/191 191/2/188
f 195/2/192 196/2/192 197/2/193
f 198/5/194 199/5/194 200/5/194
s 0
f 201/2/195 202/2/195 203/2/195
s 1
f 204/2/196 205/2/197 206/2/198
f 206/2/198 207/2/199 204/2/196
f 208/1/200 209/1/201 210/1/202
f 210/1/202 211/1/203 208/1/200
s 0
f 212/6/204 213/6/204 214/6/204
s 1
f 215/5/205 216/5/206 217/5/207
f 217/5/207 218/5/208 215/5/205
f 219/6/209 220/6/210 221/6/211
f 221/6/211 222/6/212 219/6/209
f 223/5/213 224/5/214 225/5/215
f 225/5/215 226/5/216 223/5/213
s 0
f 227/2/217 228/2/217 229/2/217
s 1
f 230/5/218 231/5/219 232/5/220
f 232/5/220 233/5/221 230/5/218
f 234/6/222 235/6/223 236/6/224
f 236/6/224 237/6/225 234/6/222
f 238/5/226 239/5/227 240/5/228
f 240/5/228 241/5/229 238/5/226
f 242/6/230 243/6/231 244/6/232
f 244/6/232 245/6/233 242/6/230
f 246/5/234 247/5/235 248/5/236
f 248/5/236 249/5/237 246/5/234
f 250/6/238 251/6/239 252/6/240
f 252/6/240 253/6/241 250/6/238
f 254/5/242 255/5/243 256/5/244
f 256/5/244 257/5/245 254/5/242
f 258/5/246 259/5/247 260/5/248
f 260/5/248 261/5/249 258/5/246
f 262/5/250 263/5/251 264/5/252
f 264/5/252 265/5/253 262/5/250
f 266/5/254 267/5/255 268/5/256
f 268/5/256 269/5/257 266/5/254
f 270/5/258 271/5/259 272/5/260
f 272/5/260 273/5/261 270/5/258
f 274/5/262 275/5/263 276/5/264
f 276/5/264 277/5/265 274/5/262
f 278/5/266 279/5/267 280/5/268
f 280/5/268 281/5/269 278/5/266
f 282/5/270 283/5/271 284/5/272
f 284/5/272 285/5/273 282/5/270
f 286/7/274 287/7/275 288/7/276
f 288/7/276 289/7/277 286/7/274
f 290/5/278 291/5/279 292/5/280
f 292/5/280 293/5/281 290/5/278
f 294/5/282 295/5/283 296/5/284
f 296/5/284 297/5/285 294/5/282
f 298/7/286 299/7/287 300/7/288
f 300/7/288 301/7/289 298/7/286
f 302/7/290 303/7/291 304/7/292
f 304/7/292 305/7/293 302/7/290
f 306/7/294 307/7/295 308/7/296
f 308/7/296 309/7/297 306/7/294
f 310/5/298 311/5/299 312/5/300
f 312/5/300 313/5/301 310/5/298
f 314/7/302 315/7/303 316/7/304
f 316/7/304 317/7/305 314/7/302
f 318/5/306 319/5/307 320/5/306
f 321/5/308 322/5/309 323/5/310
f 323/5/310 324/5/311 321/5/308
s 0
f 325/5/312 326/5/312 327/5/312
s 1
f 328/6/313 329/6/314 330/6/315
f 330/6/315 331/6/316 328/6/313
f 332/5/317 333/5/318 334/5/319
f 334/5/319 335/5/320 332/5/317
f 336/5/321 337/5/321 338/5/321
f 339/5/322 340/5/323 341/5/324
f 341/5/324 342/5/325 339/5/322
f 343/7/326 344/7/327 345/7/328
f 345/7/328 346/7/329 343/7/326
f 347/5/330 348/5/331 349/5/332
f 349/5/332 350/5/333 347/5/330
f 351/5/334 352/5/335 353/5/336
f 353/5/336 354/5/337 351/5/334
f 355/6/338 356/6/339 357/6/340
f 357/6/340 358/6/341 355/6/338
f 359/5/342 360/5/343 361/5/344
f 361/5/344 362/5/345 359/5/342
f 363/5/346 364/5/347 365/5/348
f 365/5/348 366/5/349 363/5/346
f 367/5/350 368/5/351 369/5/352
f 369/5/352 370/5/353 367/5/350
f 371/7/354 372/7/355 373/7/356
f 373/7/356 374/7/357 371/7/354
f 375/5/358 376/5/359 377/5/360
f 377/5/360 378/5/361 375/5/358
f 379/5/362 380/5/363 381/5/364
f 381/5/364 382/5/365 379/5/362
f 383/6/366 384/6/367 385/6/368
f 385/6/368 386/6/369 383/6/366
f 387/5/370 388/5/371 389/5/372
f 389/5/372 390/5/373 387/5/370
f 391/5/374 392/5/375 393/5/376
f 393/5/376 394/5/377 391/5/374
f 395/5/378 396/5/379 397/5/380
f 397/5/380 398/5/381 395/5/378
f 399/5/382 400/5/383 401/5/384
f 401/5/384 402/5/385 399/5/382
f 403/5/386 404/5/387 405/5/388
f 405/5/388 406/5/389 403/5/386
f 407/5/390 408/5/391 409/5/392
f 409/5/392 410/5/393 407/5/390
f 411/5/394 412/5/395 413/5/396
f 413/5/396 414/5/397 411/5/394
f 415/5/398 416/5/399 417/5/400
f 417/5/400 418/5/401 415/5/398
f 419/5/402 420/5/403 421/5/404
f 421/5/404 422/5/405 419/5/402
f 423/5/406 424/5/407 425/5/408
f 425/5/408 426/5/409 423/5/406
f 427/8/410 428/8/411 429/8/412
f 429/8/412 430/8/413 427/8/410
f 431/8/414 432/8/415 433/8/416
f 433/8/416 434/8/417 431/8/414
f 435/8/418 436/8/419 437/8/420
f 437/8/420 438/8/421 435/8/418
f 439/8/422 440/8/423 441/8/424
f 441/8/424 442/8/425 439/8/422
f 443/8/426 444/8/427 445/8/428
f 445/8/428 446/8/429 443/8/426
f 447/8/430 448/8/431 449/8/432
f 449/8/432 450/8/433 447/8/430
f 451/8/434 452/8/435 453/8/436
f 453/8/436 454/8/437 451/8/434
f 455/8/438 456/8/439 457/8/440
f 457/8/440 458/8/441 455/8/438
f 459/8/442 460/8/443 461/8/444
f 461/8/444 462/8/445 459/8/442
f 463/8/446 464/8/447 465/8/448
f 465/8/448 466/8/449 463/8/446
f 467/8/450 468/8/451 469/8/452
f 469/8/452 470/8/453 467/8/450
f 471/8/454 472/8/455 473/8/456
f 473/8/456 474/8/457 471/8/454
f 475/8/458 476/8/459 477/8/460
f 477/8/460 478/8/461 475/8/458
f 479/8/462 480/8/463 481/8/464
f 481/8/464 482/8/465 479/8/462
f 483/8/466 484/8/467 485/8/468
f 485/8/468 486/8/469 483/8/466
f 487/8/470 488/8/471 489/8/472
f 489/8/472 490/8/473 487/8/470
f 491/8/474 492/8/475 493/8/476
f 493/8/476 494/8/477 491/8/474
f 495/8/478 496/8/479 497/8/480
f 497/8/480 498/8/481 495/8/478
f 499/8/482 500/8/483 501/8/484
f 501/8/484 502/8/485 499/8/482
f 503/8/486 504/8/487 505/8/488
f 505/8/488 506/8/489 503/8/486
f 507/8/490 508/8/491 509/8/492
f 509/8/492 510/8/493 507/8/490
f 511/8/494 512/8/495 513/8/496
f 513/8/496 514/8/497 511/8/494
f 515/8/498 516/8/499 517/8/500
f 517/8/500 518/8/501 515/8/498
f 519/8/502 520/8/503 521/8/504
f 521/8/504 522/8/505 519/8/502
f 523/8/506 524/8/507 525/8/508
f 525/8/508 526/8/509 523/8/506
f 527/8/510 528/8/511 529/8/512
f 529/8/512 530/8/513 527/8/510
f 531/8/514 532/8/515 533/8/516
f 533/8/516 534/8/517 531/8/514
f 535/8/518 536/8/519 537/8/520
f 537/8/520 538/8/521 535/8/518
f 539/9/522 540/9/523 541/9/524
f 541/9/524 542/9/525 539/9/522
f 543/9/526 544/9/527 545/9/528
f 545/9/528 546/9/529 543/9/526
f 547/8/530 548/8/531 549/8/532
f 549/8/532 550/8/533 547/8/530
f 551/8/534 552/8/535 553/8/536
f 553/8/536 554/8/537 551/8/534
f 555/8/538 556/8/539 557/8/540
f 557/8/540 558/8/541 555/8/538
f 559/8/542 560/8/543 561/8/544
f 561/8/544 562/8/545 559/8/542
f 563/8/546 564/8/547 565/8/548
f 565/8/548 566/8/549 563/8/546
f 567/8/550 568/8/551 569/8/552
f 569/8/552 570/8/553 567/8/550
f 571/9/554 572/9/555 573/9/556
f 573/9/556 574/9/557 571/9/554
f 575/8/558 576/8/559 577/8/560
f 577/8/560 578/8/561 575/8/558
f 579/8/562 580/8/563 581/8/564
f 581/8/564 582/8/565 579/8/562
f 583/8/566 584/8/567 585/8/568
f 585/8/568 586/8/569 583/8/566
f 587/8/570 588/8/571 589/8/572
f 589/8/572 590/8/573 587/8/570
f 591/8/574 592/8/575 593/8/576
f 593/8/576 594/8/577 591/8/574
f 595/8/578 596/8/579 597/8/580
f 597/8/580 598/8/581 595/8/578
f 599/8/582 600/8/583 601/8/584
f 601/8/584 602/8/585 599/8/582
f 603/8/586 604/8/587 605/8/588
f 605/8/588 606/8/589 603/8/586
s 0
f 607/8/590 608/8/590 609/8/590
s 1
f 610/8/591 611/8/592 612/8/593
f 612/8/593 613/8/594 610/8/591
f 614/8/595 615/8/595 616/8/595
f 617/8/596 618/8/597 619/8/598
f 619/8/598 620/8/599 617/8/596
f 621/8/600 622/8/601 623/8/602
f 623/8/602 624/8/603 621/8/600
f 625/8/604 626/8/605 627/8/606
f 627/8/606 628/8/607 625/8/604
f 629/9/608 630/9/609 631/9/610
f 631/9/610 632/9/611 629/9/608
f 633/8/612 634/8/613 635/8/614
f 635/8/614 636/8/615 633/8/612
f 637/8/616 638/8/617 639/8/618
f 639/8/618 640/8/619 637/8/616
f 641/8/620 642/8/621 643/8/622
f 643/8/622 644/8/623 641/8/620
f 645/9/624 646/9/625 647/9/626
f 647/9/626 648/9/627 645/9/624
f 649/8/628 650/8/629 651/8/630
f 651/8/630 652/8/631 649/8/628
f 653/8/632 654/8/633 655/8/634
f 655/8/634 656/8/635 653/8/632
f 657/8/636 658/8/637 659/8/638
f 659/8/638 660/8/639 657/8/636
f 661/9/640 662/9/641 663/9/642
f 663/9/642 664/9/643 661/9/640
f 665/8/644 666/8/645 667/8/646
f 667/8/646 668/8/647 665/8/644
f 669/8/648 670/8/649 671/8/650
f 671/8/650 672/8/651 669/8/648
f 673/8/652 674/8/653 675/8/654
f 675/8/654 676/8/655 673/8/652
f 677/8/656 678/8/656 679/8/656
f 680/8/657 681/8/658 682/8/659
f 682/8/659 683/8/660 680/8/657
f 684/8/661 685/8/662 686/8/663
f 686/8/663 687/8/664 684/8/661
f 688/8/665 689/8/666 690/8/667
f 690/8/667 691/8/668 688/8/665
f 692/8/669 693/8/670 694/8/671
f 694/8/671 695/8/672 692/8/669
f 696/8/673 697/8/674 698/8/675
f 698/8/675 699/8/676 696/8/673
f 700/8/677 701/8/678 702/8/679
f 702/8/679 703/8/680 700/8/677
f 704/8/681 705/8/682 706/8/683
f 706/8/683 707/8/684 704/8/681
f 708/8/685 709/8/686 710/8/687
f 710/8/687 711/8/688 708/8/685
f 712/8/689 713/8/690 714/8/691
f 714/8/691 715/8/692 712/8/689
f 716/8/693 717/8/694 718/8/695
f 718/8/695 719/8/696 716/8/693
f 720/8/697 721/8/698 722/8/699
f 722/8/699 723/8/700 720/8/697
f 724/9/701 725/9/702 726/9/703
f 726/9/703 727/9/704 724/9/701
f 728/8/705 729/8/706 730/8/707
f 730/8/707 731/8/708 728/8/705
f 732/8/709 733/8/710 734/8/711
f 734/8/711 735/8/712 732/8/709
f 736/9/713 737/9/714 738/9/715
f 738/9/715 739/9/716 736/9/713
f 740/8/717 741/8/718 742/8/719
f 742/8/719 743/8/720 740/8/717
s 0
f 744/8/721 745/8/721 746/8/721
f 747/8/722 748/8/722 749/8/722
s 1
f 750/8/723 751/8/723 752/8/723
f 753/8/724 754/8/725 755/8/726
f 755/8/726 756/8/727 753/8/724
f 757/8/728 758/8/728 759/8/728
f 760/8/729 761/8/730 762/8/731
f 762/8/731 763/8/732 760/8/729
f 764/8/733 765/8/734 766/8/735
f 766/8/735 767/8/736 764/8/733
f 768/8/737 769/8/738 770/8/739
f 770/8/739 771/8/740 768/8/737
f 772/8/741 773/8/742 774/8/743
f 774/8/743 775/8/744 772/8/741
f 776/8/745 777/8/746 778/8/747
f 778/8/747 779/8/748 776/8/745
f 780/8/749 781/8/750 782/8/751
f 782/8/751 783/8/752 780/8/749
f 784/8/753 785/8/754 786/8/755
f 786/8/755 787/8/756 784/8/753
f 788/6/757 789/6/758 790/6/759
f 790/6/759 791/6/760 788/6/757
f 792/6/761 793/6/761 794/6/761
f 795/6/762 796/6/763 797/6/764
f 797/6/764 798/6/765 795/6/762
f 799/8/766 800/8/767 801/8/768
f 801/8/768 802/8/769 799/8/766
f 803/6/770 804/6/771 805/6/772
f 805/6/772 806/6/773 803/6/770
f 807/8/774 808/8/775 809/8/776
f 809/8/776 810/8/777 807/8/774
f 811/6/778 812/6/779 813/6/780
f 813/6/780 814/6/781 811/6/778
f 815/8/782 816/8/783 817/8/784
f 817/8/784 818/8/785 815/8/782
f 819/6/786 820/6/787 821/6/788
f 821/6/788 822/6/789 819/6/786
f 823/10/790 824/10/791 825/10/792
f 825/10/792 826/10/793 823/10/790
f 827/8/794 828/8/795 829/8/796
f 829/8/796 830/8/797 827/8/794
f 831/8/798 832/8/799 833/8/800
f 833/8/800 834/8/801 831/8/798
f 835/10/802 836/10/803 837/10/804
f 837/10/804 838/10/805 835/10/802
s 0
f 839/8/806 840/8/806 841/8/806
s 1
f 842/8/807 843/8/808 844/8/809
f 844/8/809 845/8/810 842/8/807
f 846/8/811 847/8/812 848/8/813
f 848/8/813 849/8/814 846/8/811
f 850/10/815 851/10/816 852/10/817
f 852/10/817 853/10/818 850/10/815
f 854/10/819 855/10/820 856/10/821
f 856/10/821 857/10/822 854/10/819
f 858/8/823 859/8/824 860/8/825
f 860/8/825 861/8/826 858/8/823
f 862/11/827 863/11/828 864/11/829
f 864/11/829 865/11/830 862/11/827
f 866/12/831 867/12/832 868/12/833
f 868/12/833 869/12/834 866/12/831
f 870/8/835 871/8/836 872/8/837
f 872/8/837 873/8/838 870/8/835
f 874/8/839 875/8/840 876/8/841
f 876/8/841 877/8/842 874/8/839
f 878/10/843 879/10/844 880/10/845
f 880/10/845 881/10/846 878/10/843
f 882/8/847 883/8/848 884/8/849
f 884/8/849 885/8/850 882/8/847
f 886/8/851 887/8/852 888/8/853
f 888/8/853 889/8/854 886/8/851
f 890/8/855 891/8/856 892/8/857
f 892/8/857 893/8/858 890/8/855
s 0
f 894/10/859 895/10/859 896/10/859
s 1
f 897/13/860 898/13/861 899/13/862
f 899/13/862 900/13/863 897/13/860
f 901/13/864 902/13/865 903/13/866
f 903/13/866 904/13/867 901/13/864
f 905/10/868 906/10/868 907/10/868
s 0
f 908/10/869 909/10/869 910/10/869
s 1
f 911/8/870 912/8/871 913/8/872
f 913/8/872 914/8/873 911/8/870
f 915/8/874 916/8/875 917/8/876
f 917/8/876 918/8/877 915/8/874
f 919/8/878 920/8/879 921/8/880
f 921/8/880 922/8/881 919/8/878
f 923/8/882 924/8/883 925/8/884
f 925/8/884 926/8/885 923/8/882
s 0
f 927/8/886 928/8/886 929/8/886
s 1
f 930/8/887 931/8/888 932/8/889
f 932/8/889 933/8/890 930/8/887
f 934/8/891 935/8/892 936/8/893
f 936/8/893 937/8/894 934/8/891
s 0
f 938/8/895 939/8/895 940/8/895
s 1
f 941/8/896 942/8/897 943/8/898
f 943/8/898 944/8/899 941/8/896
f 945/8/900 946/8/901 947/8/902
f 947/8/902 948/8/903 945/8/900
f 949/8/904 950/8/905 951/8/906
f 951/8/906 952/8/907 949/8/904
f 953/8/908 954/8/909 955/8/910
f 955/8/910 956/8/911 953/8/908
f 957/8/912 958/8/913 959/8/914
f 959/8/914 960/8/915 957/8/912
f 961/8/916 962/8/917 963/8/918
f 963/8/918 964/8/919 961/8/916
f 965/8/920 966/8/921 967/8/922
f 967/8/922 968/8/923 965/8/920
f 969/8/924 970/8/925 971/8/926
f 971/8/926 972/8/927 969/8/924
f 973/8/928 974/8/929 975/8/930
f 975/8/930 976/8/931 973/8/928
f 977/10/932 978/10/933 979/10/934
f 979/10/934 980/10/935 977/10/932
f 981/8/936 982/8/937 983/8/938
f 983/8/938 984/8/939 981/8/936
f 985/8/940 986/8/940 987/8/940
f 988/8/941 989/8/942 990/8/943
f 990/8/943 991/8/944 988/8/941
f 992/8/945 993/8/946 994/8/947
f 994/8/947 995/8/948 992/8/945
f 996/8/949 997/8/950 998/8/951
f 998/8/951 999/8/952 996/8/949
f 1000/8/953 1001/8/954 1002/8/955
f 1002/8/955 1003/8/956 1000/8/953
f 1004/8/957 1005/8/958 1006/8/959
f 1006/8/959 1007/8/960 1004/8/957
f 1008/8/961 1009/8/962 1010/8/963
f 1010/8/963 1011/8/964 1008/8/961
f 1012/8/965 1013/8/966 1014/8/967
f 1014/8/967 1015/8/968 1012/8/965
f 1016/8/969 1017/8/970 1018/8/971
f 1018/8/971 1019/8/972 1016/8/969
f 1020/8/973 1021/8/974 1022/8/975
f 1022/8/975 1023/8/976 1020/8/973
s 0
f 1024/8/977 1025/8/977 1026/8/977
s 1
f 1027/8/978 1028/8/979 1029/8/980
f 1029/8/980 1030/8/981 1027/8/978
f 1031/8/982 1032/8/983 1033/8/984
f 1033/8/984 1034/8/985 1031/8/982
f 1035/8/986 1036/8/987 1037/8/988
f 1037/8/988 1038/8/989 1035/8/986
f 1039/8/990 1040/8/991 1041/8/992
f 1041/8/992 1042/8/993 1039/8/990
f 1043/8/994 1044/8/995 1045/8/996
f 1045/8/996 1046/8/997 1043/8/994
f 1047/8/998 1048/8/999 1049/8/1000
f 1049/8/1000 1050/8/1001 1047/8/998
s 0
f 1051/8/1002 1052/8/1002 1053/8/1002
s 1
f 1054/8/1003 1055/8/1003 1056/8/1003
f 1057/8/1004 1058/8/1005 1059/8/1006
f 1059/8/1006 1060/8/1007 1057/8/1004
f 1061/8/1008 1062/8/1009 1063/8/1010
f 1063/8/1010 1064/8/1011 1061/8/1008
f 1065/8/1012 1066/8/1013 1067/8/1014
f 1067/8/1014 1068/8/1015 1065/8/1012
f 1069/8/1016 1070/8/1017 1071/8/1018
f 1071/8/1018 1072/8/1019 1069/8/1016
f 1073/8/1020 1074/8/1021 1075/8/1022
f 1075/8/1022 1076/8/1023 1073/8/1020
f 1077/4/1024 1078/4/1025 1079/4/1026
f 1079/4/1026 1080/4/1027 1077/4/1024
f 1081/4/1028 1082/4/1029 1083/4/1030
f 1083/4/1030 1084/4/1031 1081/4/1028
f 1085/4/1032 1086/4/1033 1087/4/1034
f 1087/4/1034 1088/4/1035 1085/4/1032
f 1089/4/1036 1090/4/1037 1091/4/1038
f 1091/4/1038 1092/4/1039 1089/4/1036
f 1093/4/1040 1094/4/1041 1095/4/1042
f 1095/4/1042 1096/4/1043 1093/4/1040
f 1097/4/1044 1098/4/1045 1099/4/1046
f 1099/4/1046 1100/4/1047 1097/4/1044
f 1101/8/1048 1102/8/1049 1103/8/1050
f 1103/8/1050 1104/8/1051 1101/8/1048
f 1105/8/1052 1106/8/1053 1107/8/1054
f 1107/8/1054 1108/8/1055 1105/8/1052
f 1109/8/1056 1110/8/1057 1111/8/1058
f 1111/8/1058 1112/8/1059 1109/8/1056
f 1113/8/1060 1114/8/1061 1115/8/1062
f 1115/8/1062 1116/8/1063 1113/8/1060
f 1117/8/1064 1118/8/1065 1119/8/1066
f 1119/8/1066 1120/8/1067 1117/8/1064
f 1121/8/1068 1122/8/1069 1123/8/1070
f 1123/8/1070 1124/8/1071 1121/8/1068
f 1125/14/1072 1126/14/1073 1127/14/1074
f 1127/14/1074 1128/14/1075 1125/14/1072
f 1129/14/1076 1130/14/1077 1131/14/1078
f 1131/14/1078 1132/14/1079 1129/14/1076
f 1133/14/1080 1134/14/1081 1135/14/1082
f 1135/14/1082 1136/14/1083 1133/14/1080
f 1137/14/1084 1138/14/1085 1139/14/1086
f 1139/14/1086 1140/14/1087 1137/14/1084
f 1141/8/1088 1142/8/1089 1143/8/1090
f 1143/8/1090 1144/8/1091 1141/8/1088
f 1145/8/1092 1146/8/1093 1147/8/1094
f 1147/8/1094 1148/8/1095 1145/8/1092
f 1149/14/1096 1150/14/1097 1151/14/1098
f 1151/14/1098 1152/14/1099 1149/14/1096
f 1153/14/1100 1154/14/1101 1155/14/1102
f 1155/14/1102 1156/14/1103 1153/14/1100
f 1157/8/1104 1158/8/1105 1159/8/1106
f 1159/8/1106 1160/8/1107 1157/8/1104
f 1161/8/1108 1162/8/1109 1163/8/1110
f 1163/8/1110 1164/8/1111 1161/8/1108
f 1165/14/1112 1166/14/1113 1167/14/1114
f 1167/14/1114 1168/14/1115 1165/14/1112
f 1169/14/1116 1170/14/1117 1171/14/1118
f 1171/14/1118 1172/14/1119 1169/14/1116
f 1173/15/1120 1174/15/1120 1175/15/1121
f 1176/15/1122 1177/15/1123 1178/15/1124
f 1178/15/1124 1179/15/1125 1176/15/1122
f 1180/14/1126 1181/14/1127 1182/14/1128
f 1182/14/1128 1183/14/1129 1180/14/1126
f 1184/14/1130 1185/14/1131 1186/14/1132
f 1186/14/1132 1187/14/1133 1184/14/1130
f 1188/14/1134 1189/14/1135 1190/14/1136
f 1190/14/1136 1191/14/1137 1188/14/1134
f 1192/14/1138 1193/14/1139 1194/14/1140
f 1194/14/1140 1195/14/1141 1192/14/1138
f 1196/14/1142 1197/14/1143 1198/14/1144
f 1198/14/1144 1199/14/1145 1196/14/1142
f 1200/14/1146 1201/14/1147 1202/14/1148
f 1202/14/1148 1203/14/1149 1200/14/1146
f 1204/14/1150 1205/14/1151 1206/14/1152
f 1206/14/1152 1207/14/1153 1204/14/1150
f 1208/14/1154 1209/14/1155 1210/14/1156
f 1210/14/1156 1211/14/1157 1208/14/1154
f 1212/14/1158 1213/14/1159 1214/14/1160
f 1214/14/1160 1215/14/1161 1212/14/1158
f 1216/14/1162 1217/14/1163 1218/14/1164
f 1218/14/1164 1219/14/1165 1216/14/1162
f 1220/14/1166 1221/14/1167 1222/14/1168
f 1222/14/1168 1223/14/1169 1220/14/1166
f 1224/14/1170 1225/14/1171 1226/14/1172
f 1226/14/1172 1227/14/1173 1224/14/1170
f 1228/14/1174 1229/14/1175 1230/14/1176
f 1230/14/1176 1231/14/1177 1228/14/1174
f 1232/14/1178 1233/14/1179 1234/14/1180
f 1234/14/1180 1235/14/1181 1232/14/1178
f 1236/16/1182 1237/16/1183 1238/16/1184
f 1238/16/1184 1239/16/1185 1236/16/1182
f 1240/16/1186 1241/16/1187 1242/16/1188
f 1242/16/1188 1243/16/1189 1240/16/1186
f 1244/16/1190 1245/16/1191 1246/16/1192
f 1246/16/1192 1247/16/1193 1244/16/1190
f 1248/5/1194 1249/5/1195 1250/5/1196
f 1250/5/1196 1251/5/1197 1248/5/1194
f 1252/8/1198 1253/8/1199 1254/8/1200
f 1254/8/1200 1255/8/1201 1252/8/1198
f 1256/8/1202 1257/8/1203 1258/8/1204
f 1258/8/1204 1259/8/1205 1256/8/1202
f 1260/8/1206 1261/8/1207 1262/8/1208
f 1262/8/1208 1263/8/1209 1260/8/1206
s 0
f 1264/7/1210 1265/7/1210 1266/7/1210
s 1
f 1267/7/1211 1268/7/1212 1269/7/1213
f 1269/7/1213 1270/7/1214 1267/7/1211
f 1271/5/1215 1272/5/1216 1273/5/1217
f 1273/5/1217 1274/5/1218 1271/5/1215
f 1275/6/1219 1276/6/1220 1277/6/1221
f 1277/6/1221 1278/6/1222 1275/6/1219
f 1279/5/1223 1280/5/1224 1281/5/1225
f 1281/5/1225 1282/5/1226 1279/5/1223
f 1283/1/1227 1284/1/1228 1285/1/1229
f 1285/1/1229 1286/1/1230 1283/1/1227
f 1287/1/1231 1288/1/1232 1289/1/1233
f 1289/1/1233 1290/1/1234 1287/1/1231
f 1291/1/1235 1292/1/1236 1293/1/1237
f 1293/1/1237 1294/1/1238 1291/1/1235
f 1295/5/1239 1296/5/1240 1297/5/1241
f 1297/5/1241 1298/5/1242 1295/5/1239
f 1299/5/1243 1300/5/1244 1301/5/1245
f 1301/5/1245 1302/5/1246 1299/5/1243
f 1303/5/1247 1304/5/1248 1305/5/1249
f 1305/5/1249 1306/5/1250 1303/5/1247
f 1307/9/1251 1308/9/1252 1309/9/1253
f 1309/9/1253 1310/9/1254 1307/9/1251
f 1311/9/1255 1312/9/1256 1313/9/1257
f 1313/9/1257 1314/9/1258 1311/9/1255
f 1315/8/1259 1316/8/1260 1317/8/1261
f 1317/8/1261 1318/8/1262 1315/8/1259
f 1319/8/1263 1320/8/1264 1321/8/1265
f 1321/8/1265 1322/8/1266 1319/8/1263
f 1323/8/1267 1324/8/1268 1325/8/1269
f 1325/8/1269 1326/8/1270 1323/8/1267
f 1327/8/1271 1328/8/1272 1329/8/1273
f 1329/8/1273 1330/8/1274 1327/8/1271
f 1331/8/1275 1332/8/1276 1333/8/1277
f 1333/8/1277 1334/8/1278 1331/8/1275
f 1335/17/1279 1336/17/1280 1337/17/1281
f 1337/17/1281 1338/17/1282 1335/17/1279
f 1339/17/1283 1340/17/1284 1341/17/1285
f 1341/17/1285 1342/17/1286 1339/17/1283
f 1343/18/1287 1344/18/1288 1345/18/1289
f 1345/18/1289 1346/18/1290 1343/18/1287
f 1347/18/1291 1348/18/1292 1349/18/1293
f 1349/18/1293 1350/18/1294 1347/18/1291
f 1351/18/1295 1352/18/1296 1353/18/1297
f 1353/18/1297 1354/18/1298 1351/18/1295
f 1355/19/1299 1356/19/1300 1357/19/1301
f 1357/19/1301 1358/19/1302 1355/19/1299
f 1359/17/1303 1360/17/1304 1361/17/1305
f 1361/17/1305 1362/17/1306 1359/17/1303
f 1363/20/1307 1364/20/1308 1365/20/1309
f 1365/20/1309 1366/20/1310 1363/20/1307
f 1367/18/1311 1368/18/1312 1369/18/1313
f 1369/18/1313 1370/18/1314 1367/18/1311
s 0
f 1371/18/1315 1372/18/1315 1373/18/1315
s 1
f 1374/19/1316 1375/19/1317 1376/19/1318
f 1376/19/1318 1377/19/1319 1374/19/1316
f 1378/20/1320 1379/20/1321 1380/20/1322
f 1380/20/1322 1381/20/1323 1378/20/1320
f 1382/19/1324 1383/19/1325 1384/19/1326
f 1384/19/1326 1385/19/1327 1382/19/1324
f 1386/19/1328 1387/19/1329 1388/19/1330
f 1388/19/1330 1389/19/1331 1386/19/1328
f 1390/21/1332 1391/21/1333 1392/21/1334
f 1392/21/1334 1393/21/1335 1390/21/1332
f 1394/21/1336 1395/21/1337 1396/21/1338
f 1396/21/1338 1397/21/1339 1394/21/1336
f 1398/21/1340 1399/21/1341 1400/21/1342
f 1400/21/1342 1401/21/1343 1398/21/1340
f 1402/20/1344 1403/20/1345 1404/20/1346
f 1404/20/1346 1405/20/1347 1402/20/1344
f 1406/21/1348 1407/21/1349 1408/21/1350
f 1408/21/1350 1409/21/1351 1406/21/1348
f 1410/21/1352 1411/21/1353 1412/21/1352
s 0
f 1412/21/1354 1413/21/1355 1410/21/1354
s 1
f 1414/22/1356 1415/22/1357 1416/22/1358
f 1416/22/1358 1417/22/1359 1414/22/1356
f 1418/22/1360 1419/22/1361 1420/22/1362
f 1420/22/1362 1421/22/1363 1418/22/1360
f 1422/22/1364 1423/22/1365 1424/22/1366
f 1424/22/1366 1425/22/1367 1422/22/1364
f 1426/20/1368 1427/20/1369 1428/20/1370
f 1428/20/1370 1429/20/1371 1426/20/1368
f 1430/22/1372 1431/22/1373 1432/22/1374
f 1432/22/1374 1433/22/1375 1430/22/1372
f 1434/22/1376 1435/22/1377 1436/22/1378
f 1436/22/1378 1437/22/1379 1434/22/1376
f 1438/22/1380 1439/22/1381 1440/22/1382
f 1440/22/1382 1441/22/1383 1438/22/1380
f 1442/22/1384 1443/22/1385 1444/22/1386
f 1444/22/1386 1445/22/1387 1442/22/1384
f 1446/22/1388 1447/22/1389 1448/22/1390
f 1448/22/1390 1449/22/1391 1446/22/1388
s 0
f 1450/23/1392 1451/23/1392 1452/23/1392
s 1
f 1453/1/1393 1454/1/1394 1455/1/1395
f 1455/1/1395 1456/1/1396 1453/1/1393
f 1457/2/1397 1458/2/1398 1459/2/1399
f 1459/2/1399 1460/2/1400 1457/2/1397
f 1461/1/1401 1462/1/1402 1463/1/1403
f 1463/1/1403 1464/1/1404 1461/1/1401
f 1465/1/1405 1466/1/1406 1467/1/1407
f 1467/1/1407 1468/1/1408 1465/1/1405
f 1469/1/1409 1470/1/1410 1471/1/1411
f 1471/1/1411 1472/1/1412 1469/1/1409
f 1473/5/1413 1474/5/1414 1475/5/1415
f 1475/5/1415 1476/5/1416 1473/5/1413
f 1477/5/1417 1478/5/1418 1479/5/1419
f 1479/5/1419 1480/5/1420 1477/5/1417
f 1481/5/1421 1482/5/1422 1483/5/1423
f 1483/5/1423 1484/5/1424 1481/5/1421
f 1485/5/1425 1486/5/1426 1487/5/1427
f 1487/5/1427 1488/5/1428 1485/5/1425
f 1489/7/1429 1490/7/1430 1491/7/1431
f 1491/7/1431 1492/7/1432 1489/7/1429
f 1493/5/1433 1494/5/1434 1495/5/1435
f 1495/5/1435 1496/5/1436 1493/5/1433
f 1497/5/1437 1498/5/1438 1499/5/1439
f 1499/5/1439 1500/5/1440 1497/5/1437
f 1501/6/1441 1502/6/1442 1503/6/1443
f 1503/6/1443 1504/6/1444 1501/6/1441
s 0
f 1505/8/1445 1506/8/1445 1507/8/1445
s 1
f 1508/5/1446 1509/5/1447 1510/5/1448
f 1510/5/1448 1511/5/1449 1508/5/1446
f 1512/5/1450 1513/5/1450 1514/5/1450
s 0
f 1515/5/1451 1516/5/1451 1517/5/1451
s 1
f 1518/17/1452 1519/17/1453 1520/17/1454
f 1520/17/1454 1521/17/1455 1518/17/1452
f 1522/18/1456 1523/18/1457 1524/18/1458
f 1524/18/1458 1525/18/1459 1522/18/1456
s 0
f 1526/14/1460 1527/14/1460 1528/14/1460
s 1
f 1528/14/1461 1529/14/1462 1526/14/1463
f 1530/14/1464 1531/14/1465 1532/14/1466
s 0
f 1532/14/1467 1533/14/1467 1530/14/1468
s 1
f 1534/14/1469 1535/14/1470 1536/14/1471
f 1536/14/1471 1537/14/1472 1534/14/1469
s 0
f 1538/16/1473 1539/16/1473 1540/16/1473
f 1540/16/1474 1541/16/1474 1538/16/1474
s 1
f 1542/14/1475 1543/14/1476 1544/14/1477
f 1544/14/1477 1545/14/1478 1542/14/1475
s 0
f 1546/14/1479 1547/14/1479 1548/14/1479
s 1
f 1549/14/1480 1550/14/1481 1551/14/1480
f 1552/14/1482 1553/14/1483 1554/14/1484
f 1554/14/1484 1555/14/1485 1552/14/1482
f 1556/16/1486 1557/16/1487 1558/16/1488
f 1558/16/1488 1559/16/1489 1556/16/1486
f 1560/14/1490 1561/14/1491 1562/14/1492
f 1562/14/1492 1563/14/1493 1560/14/1490
f 1564/1/1494 1565/1/1495 1566/1/1496
f 1566/1/1496 1567/1/1497 1564/1/1494
s 0
f 1568/1/1498 1569/1/1499 1570/1/1499
s 1
f 1570/1/1500 1571/1/1501 1568/1/1501
f 1572/4/1502 1573/4/1503 1574/4/1504
f 1574/4/1504 1575/4/1505 1572/4/1502
f 1576/4/1506 1577/4/1507 1578/4/1508
f 1578/4/1508 1579/4/1509 1576/4/1506
f 1580/20/1510 1581/20/1511 1582/20/1512
f 1582/20/1512 1583/20/1513 1580/20/1510
f 1584/22/1514 1585/22/1515 1586/22/1514
f 1586/22/1514 1587/22/1516 1584/22/1514
f 1588/19/1517 1589/19/1518 1590/19/1519
f 1590/19/1519 1591/19/1520 1588/19/1517
f 1592/1/1521 1593/1/1521 1594/1/1521
f 1595/1/1522 1596/1/1522 1597/1/1522
f 1598/5/1523 1599/5/1523 1600/5/1523
s 0
f 1601/6/1524 1602/6/1524 1603/6/1524
s 1
f 1604/6/1525 1605/6/1525 1606/6/1525
f 1607/21/1526 1608/21/1527 1609/21/1528
f 1609/21/1528 1610/21/1529 1607/21/1526
s 0
f 1611/21/1530 1612/21/1530 1613/21/1530
s 1
f 1614/5/1531 1615/5/1532 1616/5/1533
f 1616/5/1533 1617/5/1534 1614/5/1531
f 1618/1/1535 1619/1/1536 1620/1/1537
f 1620/1/1537 1621/1/1538 1618/1/1535
f 1622/1/1539 1623/1/1540 1624/1/1541
f 1624/1/1541 1625/1/1542 1622/1/1539
f 1626/1/1543 1627/1/1544 1628/1/1545
f 1628/1/1545 1629/1/1546 1626/1/1543
f 1630/5/1547 1631/5/1548 1632/5/1549
f 1632/5/1549 1633/5/1550 1630/5/1547
f 1634/5/1551 1635/5/1552 1636/5/1553
f 1636/5/1553 1637/5/1554 1634/5/1551
f 1638/5/1555 1639/5/1556 1640/5/1557
f 1640/5/1557 1641/5/1558 1638/5/1555
f 1642/10/1559 1643/10/1560 1644/10/1561
f 1644/10/1561 1645/10/1562 1642/10/1559
f 1646/5/1563 1647/5/1564 1648/5/1565
f 1648/5/1565 1649/5/1566 1646/5/1563
f 1650/17/1567 1651/17/1568 1652/17/1569
f 1652/17/1569 1653/17/1570 1650/17/1567
f 1654/17/1571 1655/17/1572 1656/17/1573
f 1656/17/1573 1657/17/1574 1654/17/1571
f 1658/5/1575 1659/5/1576 1660/5/1577
f 1660/5/1577 1661/5/1578 1658/5/1575
f 1662/21/1579 1663/21/1580 1664/21/1581
f 1664/21/1581 1665/21/1582 1662/21/1579
f 1666/1/1583 1667/1/1584 1668/1/1585
f 1668/1/1585 1669/1/1586 1666/1/1583
f 1670/1/1587 1671/1/1588 1672/1/1589
f 1672/1/1589 1673/1/1590 1670/1/1587
f 1674/1/1591 1675/1/1592 1676/1/1593
f 1676/1/1593 1677/1/1594 1674/1/1591
f 1678/1/1595 1679/1/1596 1680/1/1597
f 1680/1/1597 1681/1/1598 1678/1/1595
f 1682/1/1599 1683/1/1600 1684/1/1601
f 1684/1/1601 1685/1/1602 1682/1/1599
f 1686/1/1603 1687/1/1604 1688/1/1605
f 1688/1/1605 1689/1/1606 1686/1/1603
f 1690/1/1607 1691/1/1608 1692/1/1609
f 1692/1/1609 1693/1/1610 1690/1/1607
f 1694/1/1611 1695/1/1612 1696/1/1613
f 1696/1/1613 1697/1/1614 1694/1/1611
f 1698/2/1615 1699/2/1616 1700/2/1617
f 1700/2/1617 1701/2/1618 1698/2/1615
f 1702/3/1619 1703/3/1620 1704/3/1621
f 1704/3/1621 1705/3/1622 1702/3/1619
f 1706/1/1623 1707/1/1624 1708/1/1625
f 1708/1/1625 1709/1/1626 1706/1/1623
f 1710/1/1627 1711/1/1628 1712/1/1629
f 1712/1/1629 1713/1/1630 1710/1/1627
f 1714/1/1631 1715/1/1632 1716/1/1633
f 1716/1/1633 1717/1/1634 1714/1/1631
f 1718/1/1635 1719/1/1636 1720/1/1637
f 1720/1/1637 1721/1/1638 1718/1/1635
f 1722/2/1639 1723/2/1640 1724/2/1641
f 1724/2/1641 1725/2/1642 1722/2/1639
f 1726/1/1643 1727/1/1644 1728/1/1645
f 1728/1/1645 1729/1/1646 1726/1/1643
f 1730/1/1647 1731/1/1648 1732/1/1649
f 1732/1/1649 1733/1/1650 1730/1/1647
f 1734/1/1651 1735/1/1652 1736/1/1653
f 1736/1/1653 1737/1/1654 1734/1/1651
f 1738/1/1655 1739/1/1656 1740/1/1657
f 1740/1/1657 1741/1/1658 1738/1/1655
f 1742/2/1659 1743/2/1660 1744/2/1661
f 1744/2/1661 1745/2/1662 1742/2/1659
f 1746/1/1663 1747/1/1664 1748/1/1665
f 1748/1/1665 1749/1/1666 1746/1/1663
f 1750/1/1667 1751/1/1668 1752/1/1669
f 1752/1/1669 1753/1/1670 1750/1/1667
f 1754/1/1671 1755/1/1672 1756/1/1673
f 1756/1/1673 1757/1/1674 1754/1/1671
f 1758/1/1675 1759/1/1676 1760/1/1677
f 1760/1/1677 1761/1/1678 1758/1/1675
f 1762/1/1679 1763/1/1680 1764/1/1681
f 1764/1/1681 1765/1/1682 1762/1/1679
f 1766/4/1683 1767/4/1684 1768/4/1685
f 1768/4/1685 1769/4/1686 1766/4/1683
f 1770/1/1687 1771/1/1688 1772/1/1689
f 1772/1/1689 1773/1/1690 1770/1/1687
f 1774/4/1691 1775/4/1692 1776/4/1693
f 1776/4/1693 1777/4/1694 1774/4/1691
f 1778/1/1695 1779/1/1696 1780/1/1697
f 1780/1/1697 1781/1/1698 1778/1/1695
f 1782/1/1699 1783/1/1700 1784/1/1701
f 1784/1/1701 1785/1/1702 1782/1/1699
f 1786/1/1703 1787/1/1704 1788/1/1705
f 1788/1/1705 1789/1/1706 1786/1/1703
f 1790/1/1707 1791/1/1708 1792/1/1709
f 1792/1/1709 1793/1/1710 1790/1/1707
f 1794/1/1711 1795/1/1712 1796/1/1713
f 1796/1/1713 1797/1/1714 1794/1/1711
f 1798/1/1715 1799/1/1716 1800/1/1717
f 1800/1/1717 1801/1/1718 1798/1/1715
f 1802/1/1719 1803/1/1720 1804/1/1721
f 1804/1/1721 1805/1/1722 1802/1/1719
f 1806/1/1723 1807/1/1724 1808/1/1725
f 1808/1/1725 1809/1/1726 1806/1/1723
f 1810/1/1727 1811/1/1728 1812/1/1729
f 1812/1/1729 1813/1/1730 1810/1/1727
f 1814/3/1731 1815/3/1732 1816/3/1733
f 1816/3/1733 1817/3/1734 1814/3/1731
f 1818/1/1735 1819/1/1736 1820/1/1737
f 1820/1/1737 1821/1/1738 1818/1/1735
f 1822/1/1739 1823/1/1740 1824/1/1741
f 1824/1/1741 1825/1/1742 1822/1/1739
f 1826/2/1743 1827/2/1744 1828/2/1745
f 1828/2/1745 1829/2/1746 1826/2/1743
f 1830/1/1747 1831/1/1748 1832/1/1749
f 1832/1/1749 1833/1/1750 1830/1/1747
f 1834/1/1751 1835/1/1752 1836/1/1753
f 1836/1/1753 1837/1/1754 1834/1/1751
f 1838/1/1755 1839/1/1756 1840/1/1757
f 1840/1/1757 1841/1/1758 1838/1/1755
f 1842/1/1759 1843/1/1760 1844/1/1759
f 1844/1/1759 1845/1/1761 1842/1/1759
f 1846/1/1762 1847/1/1763 1848/1/1764
f 1848/1/1764 1849/1/1765 1846/1/1762
s 0
f 1850/1/1766 1851/1/1766 1852/1/1766
s 1
f 1853/5/1767 1854/5/1767 1855/5/1768
f 1856/2/1769 1857/2/1770 1858/2/1771
f 1858/2/1771 1859/2/1772 1856/2/1769
s 0
f 1860/2/1773 1861/2/1773 1862/2/1773
f 1863/5/1774 1864/5/1774 1865/5/1774
f 1866/2/1775 1867/2/1776 1868/2/1775
s 1
f 1869/2/1777 1870/2/1778 1871/2/1779
f 1871/2/1779 1872/2/1780 1869/2/1777
f 1873/1/1781 1874/1/1782 1875/1/1783
f 1875/1/1783 1876/1/1784 1873/1/1781
s 0
f 1877/6/1785 1878/6/1785 1879/6/1785
s 1
f 1880/5/1786 1881/5/1787 1882/5/1788
f 1882/5/1788 1883/5/1789 1880/5/1786
f 1884/6/1790 1885/6/1791 1886/6/1792
f 1886/6/1792 1887/6/1793 1884/6/1790
f 1888/5/1794 1889/5/1795 1890/5/1796
f 1890/5/1796 1891/5/1797 1888/5/1794
f 1892/2/1798 1893/2/1798 1894/2/1798
f 1895/5/1799 1896/5/1800 1897/5/1801
f 1897/5/1801 1898/5/1802 1895/5/1799
f 1899/6/1803 1900/6/1804 1901/6/1805
f 1901/6/1805 1902/6/1806 1899/6/1803
f 1903/5/1807 1904/5/1808 1905/5/1809
f 1905/5/1809 1906/5/1810 1903/5/1807
f 1907/6/1811 1908/6/1812 1909/6/1813
f 1909/6/1813 1910/6/1814 1907/6/1811
f 1911/5/1815 1912/5/1816 1913/5/1817
f 1913/5/1817 1914/5/1818 1911/5/1815
f 1915/6/1819 1916/6/1820 1917/6/1821
f 1917/6/1821 1918/6/1822 1915/6/1819
f 1919/5/1823 1920/5/1824 1921/5/1825
f 1921/5/1825 1922/5/1826 1919/5/1823
f 1923/5/1827 1924/5/1828 1925/5/1829
f 1925/5/1829 1926/5/1830 1923/5/1827
f 1927/5/1831 1928/5/1832 1929/5/1833
f 1929/5/1833 1930/5/1834 1927/5/1831
f 1931/5/1835 1932/5/1836 1933/5/1837
f 1933/5/1837 1934/5/1838 1931/5/1835
f 1935/5/1839 1936/5/1840 1937/5/1841
f 1937/5/1841 1938/5/1842 1935/5/1839
f 1939/5/1843 1940/5/1844 1941/5/1845
f 1941/5/1845 1942/5/1846 1939/5/1843
f 1943/5/1847 1944/5/1848 1945/5/1849
f 1945/5/1849 1946/5/1850 1943/5/1847
f 1947/5/1851 1948/5/1852 1949/5/1853
f 1949/5/1853 1950/5/1854 1947/5/1851
f 1951/7/1855 1952/7/1856 1953/7/1857
f 1953/7/1857 1954/7/1858 1951/7/1855
f 1955/5/1859 1956/5/1860 1957/5/1861
f 1957/5/1861 1958/5/1862 1955/5/1859
f 1959/5/1863 1960/5/1864 1961/5/1865
f 1961/5/1865 1962/5/1866 1959/5/1863
f 1963/7/1867 1964/7/1868 1965/7/1869
f 1965/7/1869 1966/7/1870 1963/7/1867
f 1967/7/1871 1968/7/1872 1969/7/1873
f 1969/7/1873 1970/7/1874 1967/7/1871
f 1971/7/1875 1972/7/1876 1973/7/1877
f 1973/7/1877 1974/7/1878 1971/7/1875
f 1975/5/1879 1976/5/1880 1977/5/1881
f 1977/5/1881 1978/5/1882 1975/5/1879
f 1979/7/1883 1980/7/1884 1981/7/1885
f 1981/7/1885 1982/7/1886 1979/7/1883
s 0
f 1983/5/1887 1984/5/1888 1985/5/1887
s 1
f 1986/5/1889 1987/5/1890 1988/5/1891
f 1988/5/1891 1989/5/1892 1986/5/1889
s 0
f 1990/5/1893 1991/5/1893 1992/5/1893
s 1
f 1993/6/1894 1994/6/1895 1995/6/1896
f 1995/6/1896 1996/6/1897 1993/6/1894
f 1997/5/1898 1998/5/1899 1999/5/1900
f 1999/5/1900 2000/5/1901 1997/5/1898
f 2001/5/1902 2002/5/1902 2003/5/1902
f 2004/5/1903 2005/5/1904 2006/5/1905
f 2006/5/1905 2007/5/1906 2004/5/1903
f 2008/7/1907 2009/7/1908 2010/7/1909
f 2010/7/1909 2011/7/1910 2008/7/1907
f 2012/5/1911 2013/5/1912 2014/5/1913
f 2014/5/1913 2015/5/1914 2012/5/1911
f 2016/5/1915 2017/5/1916 2018/5/1917
f 2018/5/1917 2019/5/1918 2016/5/1915
f 2020/6/1919 2021/6/1920 2022/6/1921
f 2022/6/1921 2023/6/1922 2020/6/1919
f 2024/5/1923 2025/5/1924 2026/5/1925
f 2026/5/1925 2027/5/1926 2024/5/1923
f 2028/5/1927 2029/5/1928 2030/5/1929
f 2030/5/1929 2031/5/1930 2028/5/1927
f 2032/5/1931 2033/5/1932 2034/5/1933
f 2034/5/1933 2035/5/1934 2032/5/1931
f 2036/7/1935 2037/7/1936 2038/7/1937
f 2038/7/1937 2039/7/1938 2036/7/1935
f 2040/5/1939 2041/5/1940 2042/5/1941
f 2042/5/1941 2043/5/1942 2040/5/1939
f 2044/5/1943 2045/5/1944 2046/5/1945
f 2046/5/1945 2047/5/1946 2044/5/1943
f 2048/6/1947 2049/6/1948 2050/6/1949
f 2050/6/1949 2051/6/1950 2048/6/1947
f 2052/5/1951 2053/5/1952 2054/5/1953
f 2054/5/1953 2055/5/1954 2052/5/1951
f 2056/5/1955 2057/5/1956 2058/5/1957
f 2058/5/1957 2059/5/1958 2056/5/1955
f 2060/5/1959 2061/5/1960 2062/5/1961
f 2062/5/1961 2063/5/1962 2060/5/1959
f 2064/5/1963 2065/5/1964 2066/5/1965
f 2066/5/1965 2067/5/1966 2064/5/1963
f 2068/5/1967 2069/5/1968 2070/5/1969
f 2070/5/1969 2071/5/1970 2068/5/1967
f 2072/5/1971 2073/5/1972 2074/5/1973
f 2074/5/1973 2075/5/1974 2072/5/1971
f 2076/5/1975 2077/5/1976 2078/5/1977
f 2078/5/1977 2079/5/1978 2076/5/1975
f 2080/5/1979 2081/5/1980 2082/5/1981
f 2082/5/1981 2083/5/1982 2080/5/1979
f 2084/5/1983 2085/5/1984 2086/5/1985
f 2086/5/1985 2087/5/1986 2084/5/1983
f 2088/5/1987 2089/5/1988 2090/5/1989
f 2090/5/1989 2091/5/1990 2088/5/1987
f 2092/8/1991 2093/8/1992 2094/8/1993
f 2094/8/1993 2095/8/1994 2092/8/1991
f 2096/8/1995 2097/8/1996 2098/8/1997
f 2098/8/1997 2099/8/1998 2096/8/1995
f 2100/8/1999 2101/8/2000 2102/8/2001
f 2102/8/2001 2103/8/2002 2100/8/1999
f 2104/8/2003 2105/8/2004 2106/8/2005
f 2106/8/2005 2107/8/2006 2104/8/2003
f 2108/8/2007 2109/8/2008 2110/8/2009
f 2110/8/2009 2111/8/2010 2108/8/2007
f 2112/8/2011 2113/8/2012 2114/8/2013
f 2114/8/2013 2115/8/2014 2112/8/2011
f 2116/8/2015 2117/8/2016 2118/8/2017
f 2118/8/2017 2119/8/2018 2116/8/2015
f 2120/8/2019 2121/8/2020 2122/8/2021
f 2122/8/2021 2123/8/2022 2120/8/2019
f 2124/8/2023 2125/8/2024 2126/8/2025
f 2126/8/2025 2127/8/2026 2124/8/2023
f 2128/8/2027 2129/8/2028 2130/8/2029
f 2130/8/2029 2131/8/2030 2128/8/2027
f 2132/8/2031 2133/8/2032 2134/8/2033
f 2134/8/2033 2135/8/2034 2132/8/2031
f 2136/8/2035 2137/8/2036 2138/8/2037
f 2138/8/2037 2139/8/2038 2136/8/2035
f 2140/8/2039 2141/8/2040 2142/8/2041
f 2142/8/2041 2143/8/2042 2140/8/2039
f 2144/8/2043 2145/8/2044 2146/8/2045
f 2146/8/2045 2147/8/2046 2144/8/2043
f 2148/8/2047 2149/8/2048 2150/8/2049
f 2150/8/2049 2151/8/2050 2148/8/2047
f 2152/8/2051 2153/8/2052 2154/8/2053
f 2154/8/2053 2155/8/2054 2152/8/2051
f 2156/8/2055 2157/8/2056 2158/8/2057
f 2158/8/2057 2159/8/2058 2156/8/2055
f 2160/8/2059 2161/8/2060 2162/8/2061
f 2162/8/2061 2163/8/2062 2160/8/2059
f 2164/8/2063 2165/8/2064 2166/8/2065
s 0
f 2166/8/2066 2167/8/2066 2164/8/2066
s 1
f 2168/8/2067 2169/8/2068 2170/8/2069
f 2170/8/2069 2171/8/2070 2168/8/2067
f 2172/8/2071 2173/8/2072 2174/8/2073
f 2174/8/2073 2175/8/2074 2172/8/2071
f 2176/8/2075 2177/8/2076 2178/8/2077
f 2178/8/2077 2179/8/2078 2176/8/2075
f 2180/8/2079 2181/8/2080 2182/8/2081
f 2182/8/2081 2183/8/2082 2180/8/2079
f 2184/8/2083 2185/8/2084 2186/8/2085
f 2186/8/2085 2187/8/2086 2184/8/2083
f 2188/8/2087 2189/8/2088 2190/8/2089
f 2190/8/2089 2191/8/2090 2188/8/2087
f 2192/8/2091 2193/8/2092 2194/8/2093
f 2194/8/2093 2195/8/2094 2192/8/2091
f 2196/8/2095 2197/8/2096 2198/8/2097
f 2198/8/2097 2199/8/2098 2196/8/2095
f 2200/8/2099 2201/8/2100 2202/8/2101
f 2202/8/2101 2203/8/2102 2200/8/2099
f 2204/9/2103 2205/9/2104 2206/9/2105
f 2206/9/2105 2207/9/2106 2204/9/2103
f 2208/9/2107 2209/9/2108 2210/9/2109
f 2210/9/2109 2211/9/2110 2208/9/2107
f 2212/8/2111 2213/8/2112 2214/8/2113
f 2214/8/2113 2215/8/2114 2212/8/2111
f 2216/8/2115 2217/8/2116 2218/8/2117
f 2218/8/2117 2219/8/2118 2216/8/2115
f 2220/8/2119 2221/8/2120 2222/8/2121
f 2222/8/2121 2223/8/2122 2220/8/2119
f 2224/8/2123 2225/8/2124 2226/8/2125
f 2226/8/2125 2227/8/2126 2224/8/2123
f 2228/8/2127 2229/8/2128 2230/8/2129
f 2230/8/2129 2231/8/2130 2228/8/2127
f 2232/8/2131 2233/8/2132 2234/8/2133
f 2234/8/2133 2235/8/2134 2232/8/2131
f 2236/9/2135 2237/9/2136 2238/9/2137
f 2238/9/2137 2239/9/2138 2236/9/2135
f 2240/8/2139 2241/8/2140 2242/8/2141
f 2242/8/2141 2243/8/2142 2240/8/2139
f 2244/8/2143 2245/8/2144 2246/8/2145
f 2246/8/2145 2247/8/2146 2244/8/2143
f 2248/8/2147 2249/8/2148 2250/8/2149
f 2250/8/2149 2251/8/2150 2248/8/2147
f 2252/8/2151 2253/8/2152 2254/8/2153
f 2254/8/2153 2255/8/2154 2252/8/2151
f 2256/8/2155 2257/8/2156 2258/8/2157
f 2258/8/2157 2259/8/2158 2256/8/2155
f 2260/8/2159 2261/8/2160 2262/8/2161
f 2262/8/2161 2263/8/2162 2260/8/2159
f 2264/8/2163 2265/8/2164 2266/8/2165
f 2266/8/2165 2267/8/2166 2264/8/2163
f 2268/8/2167 2269/8/2168 2270/8/2169
f 2270/8/2169 2271/8/2170 2268/8/2167
f 2272/8/2171 2273/8/2171 2274/8/2172
f 2275/8/2173 2276/8/2174 2277/8/2175
f 2277/8/2175 2278/8/2176 2275/8/2173
s 0
f 2279/8/2177 2280/8/2177 2281/8/2177
s 1
f 2282/8/2178 2283/8/2179 2284/8/2180
f 2284/8/2180 2285/8/2181 2282/8/2178
f 2286/8/2182 2287/8/2183 2288/8/2184
f 2288/8/2184 2289/8/2185 2286/8/2182
f 2290/8/2186 2291/8/2187 2292/8/2188
f 2292/8/2188 2293/8/2189 2290/8/2186
f 2294/9/2190 2295/9/2191 2296/9/2192
f 2296/9/2192 2297/9/2193 2294/9/2190
f 2298/8/2194 2299/8/2195 2300/8/2196
f 2300/8/2196 2301/8/2197 2298/8/2194
f 2302/8/2198 2303/8/2199 2304/8/2200
f 2304/8/2200 2305/8/2201 2302/8/2198
f 2306/8/2202 2307/8/2203 2308/8/2204
f 2308/8/2204 2309/8/2205 2306/8/2202
f 2310/9/2206 2311/9/2207 2312/9/2208
f 2312/9/2208 2313/9/2209 2310/9/2206
f 2314/8/2210 2315/8/2211 2316/8/2212
f 2316/8/2212 2317/8/2213 2314/8/2210
f 2318/8/2214 2319/8/2215 2320/8/2216
f 2320/8/2216 2321/8/2217 2318/8/2214
f 2322/8/2218 2323/8/2219 2324/8/2220
f 2324/8/2220 2325/8/2221 2322/8/2218
f 2326/9/2222 2327/9/2223 2328/9/2224
f 2328/9/2224 2329/9/2225 2326/9/2222
f 2330/8/2226 2331/8/2227 2332/8/2228
f 2332/8/2228 2333/8/2229 2330/8/2226
f 2334/8/2230 2335/8/2231 2336/8/2232
f 2336/8/2232 2337/8/2233 2334/8/2230
f 2338/8/2234 2339/8/2235 2340/8/2236
f 2340/8/2236 2341/8/2237 2338/8/2234
s 0
f 2342/8/2238 2343/8/2238 2344/8/2238
s 1
f 2345/8/2239 2346/8/2240 2347/8/2241
f 2347/8/2241 2348/8/2242 2345/8/2239
f 2349/8/2243 2350/8/2244 2351/8/2245
f 2351/8/2245 2352/8/2246 2349/8/2243
f 2353/8/2247 2354/8/2248 2355/8/2249
f 2355/8/2249 2356/8/2250 2353/8/2247
f 2357/8/2251 2358/8/2252 2359/8/2253
f 2359/8/2253 2360/8/2254 2357/8/2251
f 2361/8/2255 2362/8/2256 2363/8/2257
f 2363/8/2257 2364/8/2258 2361/8/2255
f 2365/8/2259 2366/8/2260 2367/8/2261
f 2367/8/2261 2368/8/2262 2365/8/2259
f 2369/8/2263 2370/8/2264 2371/8/2265
f 2371/8/2265 2372/8/2266 2369/8/2263
f 2373/8/2267 2374/8/2268 2375/8/2269
f 2375/8/2269 2376/8/2270 2373/8/2267
f 2377/8/2271 2378/8/2272 2379/8/2273
f 2379/8/2273 2380/8/2274 2377/8/2271
f 2381/8/2275 2382/8/2276 2383/8/2277
f 2383/8/2277 2384/8/2278 2381/8/2275
f 2385/8/2279 2386/8/2280 2387/8/2281
f 2387/8/2281 2388/8/2282 2385/8/2279
f 2389/9/2283 2390/9/2284 2391/9/2285
f 2391/9/2285 2392/9/2286 2389/9/2283
f 2393/8/2287 2394/8/2288 2395/8/2289
f 2395/8/2289 2396/8/2290 2393/8/2287
f 2397/8/2291 2398/8/2292 2399/8/2293
f 2399/8/2293 2400/8/2294 2397/8/2291
f 2401/9/2295 2402/9/2296 2403/9/2297
f 2403/9/2297 2404/9/2298 2401/9/2295
f 2405/8/2299 2406/8/2300 2407/8/2301
f 2407/8/2301 2408/8/2302 2405/8/2299
f 2409/8/2303 2410/8/2303 2411/8/2303
s 0
f 2412/8/2304 2413/8/2304 2414/8/2304
s 1
f 2415/8/2305 2416/8/2306 2417/8/2306
f 2418/8/2307 2419/8/2308 2420/8/2309
f 2420/8/2309 2421/8/2310 2418/8/2307
s 0
f 2422/8/2311 2423/8/2311 2424/8/2311
s 1
f 2425/8/2312 2426/8/2313 2427/8/2314
f 2427/8/2314 2428/8/2315 2425/8/2312
f 2429/8/2316 2430/8/2317 2431/8/2318
f 2431/8/2318 2432/8/2319 2429/8/2316
f 2433/8/2320 2434/8/2321 2435/8/2322
f 2435/8/2322 2436/8/2323 2433/8/2320
f 2437/8/2324 2438/8/2325 2439/8/2326
f 2439/8/2326 2440/8/2327 2437/8/2324
f 2441/8/2328 2442/8/2329 2443/8/2330
f 2443/8/2330 2444/8/2331 2441/8/2328
f 2445/8/2332 2446/8/2333 2447/8/2334
f 2447/8/2334 2448/8/2335 2445/8/2332
f 2449/8/2336 2450/8/2337 2451/8/2338
f 2451/8/2338 2452/8/2339 2449/8/2336
f 2453/6/2340 2454/6/2341 2455/6/2342
f 2455/6/2342 2456/6/2343 2453/6/2340
f 2457/6/2344 2458/6/2344 2459/6/2344
f 2460/6/2345 2461/6/2346 2462/6/2347
f 2462/6/2347 2463/6/2348 2460/6/2345
f 2464/8/2349 2465/8/2350 2466/8/2351
f 2466/8/2351 2467/8/2352 2464/8/2349
f 2468/6/2353 2469/6/2354 2470/6/2355
f 2470/6/2355 2471/6/2356 2468/6/2353
f 2472/8/2357 2473/8/2358 2474/8/2359
f 2474/8/2359 2475/8/2360 2472/8/2357
f 2476/6/2361 2477/6/2362 2478/6/2363
f 2478/6/2363 2479/6/2364 2476/6/2361
f 2480/8/2365 2481/8/2366 2482/8/2367
f 2482/8/2367 2483/8/2368 2480/8/2365
f 2484/6/2369 2485/6/2370 2486/6/2371
f 2486/6/2371 2487/6/2372 2484/6/2369
f 2488/10/2373 2489/10/2374 2490/10/2375
f 2490/10/2375 2491/10/2376 2488/10/2373
f 2492/8/2377 2493/8/2378 2494/8/2379
f 2494/8/2379 2495/8/2380 2492/8/2377
f 2496/8/2381 2497/8/2382 2498/8/2383
f 2498/8/2383 2499/8/2384 2496/8/2381
f 2500/10/2385 2501/10/2386 2502/10/2387
f 2502/10/2387 2503/10/2388 2500/10/2385
s 0
f 2504/8/2389 2505/8/2389 2506/8/2389
s 1
f 2507/8/2390 2508/8/2391 2509/8/2392
f 2509/8/2392 2510/8/2393 2507/8/2390
f 2511/8/2394 2512/8/2395 2513/8/2396
f 2513/8/2396 2514/8/2397 2511/8/2394
f 2515/10/2398 2516/10/2399 2517/10/2400
f 2517/10/2400 2518/10/2401 2515/10/2398
f 2519/10/2402 2520/10/2403 2521/10/2404
f 2521/10/2404 2522/10/2405 2519/10/2402
f 2523/8/2406 2524/8/2407 2525/8/2408
f 2525/8/2408 2526/8/2409 2523/8/2406
f 2527/11/2410 2528/11/2411 2529/11/2412
f 2529/11/2412 2530/11/2413 2527/11/2410
f 2531/12/2414 2532/12/2415 2533/12/2416
f 2533/12/2416 2534/12/2417 2531/12/2414
f 2535/8/2418 2536/8/2419 2537/8/2420
f 2537/8/2420 2538/8/2421 2535/8/2418
f 2539/8/2422 2540/8/2423 2541/8/2424
f 2541/8/2424 2542/8/2425 2539/8/2422
f 2543/10/2426 2544/10/2427 2545/10/2428
f 2545/10/2428 2546/10/2429 2543/10/2426
f 2547/8/2430 2548/8/2431 2549/8/2432
f 2549/8/2432 2550/8/2433 2547/8/2430
f 2551/8/2434 2552/8/2435 2553/8/2436
f 2553/8/2436 2554/8/2437 2551/8/2434
f 2555/8/2438 2556/8/2439 2557/8/2440
f 2557/8/2440 2558/8/2441 2555/8/2438
s 0
f 2559/10/2442 2560/10/2442 2561/10/2442
s 1
f 2562/13/2443 2563/13/2444 2564/13/2445
f 2564/13/2445 2565/13/2446 2562/13/2443
f 2566/13/2447 2567/13/2448 2568/13/2449
f 2568/13/2449 2569/13/2450 2566/13/2447
s 0
f 2570/10/2451 2571/10/2451 2572/10/2451
f 2573/10/2452 2574/10/2452 2575/10/2452
s 1
f 2576/8/2453 2577/8/2454 2578/8/2455
f 2578/8/2455 2579/8/2456 2576/8/2453
f 2580/8/2457 2581/8/2458 2582/8/2459
f 2582/8/2459 2583/8/2460 2580/8/2457
f 2584/8/2461 2585/8/2462 2586/8/2463
f 2586/8/2463 2587/8/2464 2584/8/2461
f 2588/8/2465 2589/8/2466 2590/8/2467
f 2590/8/2467 2591/8/2468 2588/8/2465
s 0
f 2592/8/2469 2593/8/2469 2594/8/2469
s 1
f 2595/8/2470 2596/8/2471 2597/8/2472
f 2597/8/2472 2598/8/2473 2595/8/2470
f 2599/8/2474 2600/8/2475 2601/8/2476
f 2601/8/2476 2602/8/2477 2599/8/2474
f 2603/8/2478 2604/8/2478 2605/8/2478
f 2606/8/2479 2607/8/2480 2608/8/2481
f 2608/8/2481 2609/8/2482 2606/8/2479
f 2610/8/2483 2611/8/2484 2612/8/2485
f 2612/8/2485 2613/8/2486 2610/8/2483
f 2614/8/2487 2615/8/2488 2616/8/2489
f 2616/8/2489 2617/8/2490 2614/8/2487
f 2618/8/2491 2619/8/2492 2620/8/2493
f 2620/8/2493 2621/8/2494 2618/8/2491
f 2622/8/2495 2623/8/2496 2624/8/2497
f 2624/8/2497 2625/8/2498 2622/8/2495
f 2626/8/2499 2627/8/2500 2628/8/2501
f 2628/8/2501 2629/8/2502 2626/8/2499
f 2630/8/2503 2631/8/2504 2632/8/2505
f 2632/8/2505 2633/8/2506 2630/8/2503
f 2634/8/2507 2635/8/2508 2636/8/2509
f 2636/8/2509 2637/8/2510 2634/8/2507
f 2638/8/2511 2639/8/2512 2640/8/2513
f 2640/8/2513 2641/8/2514 2638/8/2511
f 2642/10/2515 2643/10/2516 2644/10/2517
f 2644/10/2517 2645/10/2518 2642/10/2515
f 2646/8/2519 2647/8/2520 2648/8/2521
f 2648/8/2521 2649/8/2522 2646/8/2519
s 0
f 2650/8/2523 2651/8/2524 2652/8/2523
s 1
f 2653/8/2525 2654/8/2526 2655/8/2527
f 2655/8/2527 2656/8/2528 2653/8/2525
f 2657/8/2529 2658/8/2530 2659/8/2531
f 2659/8/2531 2660/8/2532 2657/8/2529
f 2661/8/2533 2662/8/2534 2663/8/2535
f 2663/8/2535 2664/8/2536 2661/8/2533
f 2665/8/2537 2666/8/2538 2667/8/2539
f 2667/8/2539 2668/8/2540 2665/8/2537
f 2669/8/2541 2670/8/2542 2671/8/2543
f 2671/8/2543 2672/8/2544 2669/8/2541
f 2673/8/2545 2674/8/2546 2675/8/2547
f 2675/8/2547 2676/8/2548 2673/8/2545
f 2677/8/2549 2678/8/2550 2679/8/2551
f 2679/8/2551 2680/8/2552 2677/8/2549
f 2681/8/2553 2682/8/2554 2683/8/2555
f 2683/8/2555 2684/8/2556 2681/8/2553
f 2685/8/2557 2686/8/2558 2687/8/2559
f 2687/8/2559 2688/8/2560 2685/8/2557
s 0
f 2689/8/2561 2690/8/2561 2691/8/2561
s 1
f 2692/8/2562 2693/8/2563 2694/8/2564
f 2694/8/2564 2695/8/2565 2692/8/2562
f 2696/8/2566 2697/8/2567 2698/8/2568
f 2698/8/2568 2699/8/2569 2696/8/2566
f 2700/8/2570 2701/8/2571 2702/8/2572
f 2702/8/2572 2703/8/2573 2700/8/2570
f 2704/8/2574 2705/8/2575 2706/8/2576
f 2706/8/2576 2707/8/2577 2704/8/2574
f 2708/8/2578 2709/8/2579 2710/8/2580
f 2710/8/2580 2711/8/2581 2708/8/2578
f 2712/8/2582 2713/8/2583 2714/8/2584
f 2714/8/2584 2715/8/2585 2712/8/2582
s 0
f 2716/8/2586 2717/8/2586 2718/8/2586
s 1
f 2719/8/2587 2720/8/2587 2721/8/2587
f 2722/8/2588 2723/8/2589 2724/8/2590
f 2724/8/2590 2725/8/2591 2722/8/2588
f 2726/8/2592 2727/8/2593 2728/8/2594
f 2728/8/2594 2729/8/2595 2726/8/2592
f 2730/8/2596 2731/8/2597 2732/8/2598
f 2732/8/2598 2733/8/2599 2730/8/2596
f 2734/8/2600 2735/8/2601 2736/8/2602
f 2736/8/2602 2737/8/2603 2734/8/2600
f 2738/8/2604 2739/8/2605 2740/8/2604
f 2740/8/2604 2741/8/2606 2738/8/2604
f 2742/4/2607 2743/4/2608 2744/4/2609
f 2744/4/2609 2745/4/2610 2742/4/2607
f 2746/4/2611 2747/4/2612 2748/4/2613
f 2748/4/2613 2749/4/2614 2746/4/2611
f 2750/4/2615 2751/4/2616 2752/4/2617
f 2752/4/2617 2753/4/2618 2750/4/2615
f 2754/4/2619 2755/4/2620 2756/4/2621
f 2756/4/2621 2757/4/2622 2754/4/2619
f 2758/4/2623 2759/4/2624 2760/4/2625
f 2760/4/2625 2761/4/2626 2758/4/2623
f 2762/4/2627 2763/4/2628 2764/4/2629
f 2764/4/2629 2765/4/2630 2762/4/2627
f 2766/8/2631 2767/8/2632 2768/8/2633
f 2768/8/2633 2769/8/2634 2766/8/2631
f 2770/8/2635 2771/8/2636 2772/8/2637
f 2772/8/2637 2773/8/2638 2770/8/2635
f 2774/8/2639 2775/8/2640 2776/8/2641
f 2776/8/2641 2777/8/2642 2774/8/2639
f 2778/8/2643 2779/8/2644 2780/8/2645
f 2780/8/2645 2781/8/2646 2778/8/2643
f 2782/8/2647 2783/8/2648 2784/8/2649
f 2784/8/2649 2785/8/2650 2782/8/2647
f 2786/8/2651 2787/8/2652 2788/8/2653
f 2788/8/2653 2789/8/2654 2786/8/2651
f 2790/14/2655 2791/14/2656 2792/14/2657
f 2792/14/2657 2793/14/2658 2790/14/2655
f 2794/14/2659 2795/14/2660 2796/14/2661
f 2796/14/2661 2797/14/2662 2794/14/2659
f 2798/14/2663 2799/14/2664 2800/14/2665
f 2800/14/2665 2801/14/2666 2798/14/2663
f 2802/14/2667 2803/14/2668 2804/14/2669
f 2804/14/2669 2805/14/2670 2802/14/2667
f 2806/8/2671 2807/8/2672 2808/8/2673
f 2808/8/2673 2809/8/2674 2806/8/2671
f 2810/8/2675 2811/8/2676 2812/8/2677
f 2812/8/2677 2813/8/2678 2810/8/2675
f 2814/14/2679 2815/14/2680 2816/14/2681
f 2816/14/2681 2817/14/2682 2814/14/2679
f 2818/14/2683 2819/14/2684 2820/14/2685
f 2820/14/2685 2821/14/2686 2818/14/2683
f 2822/8/2687 2823/8/2688 2824/8/2689
f 2824/8/2689 2825/8/2690 2822/8/2687
f 2826/8/2691 2827/8/2692 2828/8/2693
f 2828/8/2693 2829/8/2694 2826/8/2691
f 2830/14/2695 2831/14/2696 2832/14/2697
f 2832/14/2697 2833/14/2698 2830/14/2695
f 2834/14/2699 2835/14/2700 2836/14/2701
f 2836/14/2701 2837/14/2702 2834/14/2699
f 2838/15/2703 2839/15/2703 2840/15/2703
f 2841/15/2704 2842/15/2705 2843/15/2706
f 2843/15/2706 2844/15/2707 2841/15/2704
f 2845/14/2708 2846/14/2709 2847/14/2710
f 2847/14/2710 2848/14/2711 2845/14/2708
f 2849/14/2712 2850/14/2713 2851/14/2714
f 2851/14/2714 2852/14/2715 2849/14/2712
f 2853/14/2716 2854/14/2717 2855/14/2718
f 2855/14/2718 2856/14/2719 2853/14/2716
f 2857/14/2720 2858/14/2721 2859/14/2722
f 2859/14/2722 2860/14/2723 2857/14/2720
f 2861/14/2724 2862/14/2725 2863/14/2726
f 2863/14/2726 2864/14/2727 2861/14/2724
f 2865/14/2728 2866/14/2729 2867/14/2730
f 2867/14/2730 2868/14/2731 2865/14/2728
f 2869/14/2732 2870/14/2733 2871/14/2734
f 2871/14/2734 2872/14/2735 2869/14/2732
f 2873/14/2736 2874/14/2737 2875/14/2738
f 2875/14/2738 2876/14/2739 2873/14/2736
f 2877/14/2740 2878/14/2741 2879/14/2742
f 2879/14/2742 2880/14/2743 2877/14/2740
f 2881/14/2744 2882/14/2745 2883/14/2746
f 2883/14/2746 2884/14/2747 2881/14/2744
f 2885/14/2748 2886/14/2749 2887/14/2750
f 2887/14/2750 2888/14/2751 2885/14/2748
f 2889/14/2752 2890/14/2753 2891/14/2754
f 2891/14/2754 2892/14/2755 2889/14/2752
f 2893/14/2756 2894/14/2757 2895/14/2758
f 2895/14/2758 2896/14/2759 2893/14/2756
f 2897/14/2760 2898/14/2761 2899/14/2762
f 2899/14/2762 2900/14/2763 2897/14/2760
f 2901/16/2764 2902/16/2765 2903/16/2766
f 2903/16/2766 2904/16/2767 2901/16/2764
f 2905/16/2768 2906/16/2769 2907/16/2770
f 2907/16/2770 2908/16/2771 2905/16/2768
f 2909/16/2772 2910/16/2773 2911/16/2774
f 2911/16/2774 2912/16/2775 2909/16/2772
f 2913/5/2776 2914/5/2777 2915/5/2778
f 2915/5/2778 2916/5/2779 2913/5/2776
f 2917/8/2780 2918/8/2781 2919/8/2782
f 2919/8/2782 2920/8/2783 2917/8/2780
f 2921/8/2784 2922/8/2785 2923/8/2786
f 2923/8/2786 2924/8/2787 2921/8/2784
f 2925/8/2788 2926/8/2789 2927/8/2790
f 2927/8/2790 2928/8/2791 2925/8/2788
s 0
f 2929/7/2792 2930/7/2792 2931/7/2792
s 1
f 2932/7/2793 2933/7/2794 2934/7/2795
f 2934/7/2795 2935/7/2796 2932/7/2793
f 2936/5/2797 2937/5/2798 2938/5/2799
f 2938/5/2799 2939/5/2800 2936/5/2797
f 2940/6/2801 2941/6/2802 2942/6/2803
f 2942/6/2803 2943/6/2804 2940/6/2801
f 2944/5/2805 2945/5/2806 2946/5/2807
f 2946/5/2807 2947/5/2808 2944/5/2805
f 2948/1/2809 2949/1/2810 2950/1/2811
f 2950/1/2811 2951/1/2812 2948/1/2809
f 2952/1/2813 2953/1/2814 2954/1/2815
f 2954/1/2815 2955/1/2816 2952/1/2813
f 2956/1/2817 2957/1/2818 2958/1/2819
f 2958/1/2819 2959/1/2820 2956/1/2817
f 2960/5/2821 2961/5/2822 2962/5/2823
f 2962/5/2823 2963/5/2824 2960/5/2821
f 2964/5/2825 2965/5/2826 2966/5/2827
f 2966/5/2827 2967/5/2828 2964/5/2825
f 2968/5/2829 2969/5/2830 2970/5/2831
f 2970/5/2831 2971/5/2832 2968/5/2829
f 2972/9/2833 2973/9/2834 2974/9/2835
f 2974/9/2835 2975/9/2836 2972/9/2833
f 2976/9/2837 2977/9/2838 2978/9/2839
f 2978/9/2839 2979/9/2840 2976/9/2837
f 2980/8/2841 2981/8/2842 2982/8/2843
f 2982/8/2843 2983/8/2844 2980/8/2841
f 2984/8/2845 2985/8/2846 2986/8/2847
f 2986/8/2847 2987/8/2848 2984/8/2845
f 2988/8/2849 2989/8/2850 2990/8/2851
f 2990/8/2851 2991/8/2852 2988/8/2849
f 2992/8/2853 2993/8/2854 2994/8/2855
f 2994/8/2855 2995/8/2856 2992/8/2853
f 2996/8/2857 2997/8/2858 2998/8/2859
f 2998/8/2859 2999/8/2860 2996/8/2857
f 3000/17/2861 3001/17/2862 3002/17/2863
f 3002/17/2863 3003/17/2864 3000/17/2861
f 3004/17/2865 3005/17/2866 3006/17/2867
f 3006/17/2867 3007/17/2868 3004/17/2865
f 3008/18/2869 3009/18/2870 3010/18/2871
f 3010/18/2871 3011/18/2872 3008/18/2869
f 3012/18/2873 3013/18/2874 3014/18/2875
f 3014/18/2875 3015/18/2876 3012/18/2873
f 3016/18/2877 3017/18/2878 3018/18/2879
f 3018/18/2879 3019/18/2880 3016/18/2877
f 3020/19/2881 3021/19/2882 3022/19/2883
f 3022/19/2883 3023/19/2884 3020/19/2881
f 3024/17/2885 3025/17/2886 3026/17/2887
f 3026/17/2887 3027/17/2888 3024/17/2885
f 3028/20/2889 3029/20/2890 3030/20/2891
f 3030/20/2891 3031/20/2892 3028/20/2889
f 3032/18/2893 3033/18/2894 3034/18/2895
f 3034/18/2895 3035/18/2896 3032/18/2893
f 3036/18/2897 3037/18/2897 3038/18/2897
f 3039/19/2898 3040/19/2899 3041/19/2900
f 3041/19/2900 3042/19/2901 3039/19/2898
f 3043/20/2902 3044/20/2903 3045/20/2904
f 3045/20/2904 3046/20/2905 3043/20/2902
f 3047/19/2906 3048/19/2907 3049/19/2908
f 3049/19/2908 3050/19/2909 3047/19/2906
f 3051/19/2910 3052/19/2911 3053/19/2912
f 3053/19/2912 3054/19/2913 3051/19/2910
f 3055/21/2914 3056/21/2915 3057/21/2916
f 3057/21/2916 3058/21/2917 3055/21/2914
f 3059/21/2918 3060/21/2919 3061/21/2920
f 3061/21/2920 3062/21/2921 3059/21/2918
f 3063/21/2922 3064/21/2923 3065/21/2924
f 3065/21/2924 3066/21/2925 3063/21/2922
f 3067/20/2926 3068/20/2927 3069/20/2928
f 3069/20/2928 3070/20/2929 3067/20/2926
f 3071/21/2930 3072/21/2931 3073/21/2932
f 3073/21/2932 3074/21/2933 3071/21/2930
f 3075/21/2934 3076/21/2935 3077/21/2934
s 0
f 3077/21/2936 3078/21/2937 3075/21/2936
s 1
f 3079/22/2938 3080/22/2939 3081/22/2940
f 3081/22/2940 3082/22/2941 3079/22/2938
f 3083/22/2942 3084/22/2943 3085/22/2944
f 3085/22/2944 3086/22/2945 3083/22/2942
f 3087/22/2946 3088/22/2947 3089/22/2948
f 3089/22/2948 3090/22/2949 3087/22/2946
f 3091/20/2950 3092/20/2951 3093/20/2952
f 3093/20/2952 3094/20/2953 3091/20/2950
f 3095/22/2954 3096/22/2955 3097/22/2956
f 3097/22/2956 3098/22/2957 3095/22/2954
f 3099/22/2958 3100/22/2959 3101/22/2960
f 3101/22/2960 3102/22/2961 3099/22/2958
f 3103/22/2962 3104/22/2963 3105/22/2964
f 3105/22/2964 3106/22/2965 3103/22/2962
f 3107/22/2966 3108/22/2967 3109/22/2968
f 3109/22/2968 3110/22/2969 3107/22/2966
f 3111/22/2970 3112/22/2971 3113/22/2972
f 3113/22/2972 3114/22/2973 3111/22/2970
s 0
f 3115/23/2974 3116/23/2974 3117/23/2974
s 1
f 3118/1/2975 3119/1/2976 3120/1/2977
f 3120/1/2977 3121/1/2978 3118/1/2975
f 3122/2/2979 3123/2/2980 3124/2/2981
f 3124/2/2981 3125/2/2982 3122/2/2979
f 3126/1/2983 3127/1/2984 3128/1/2985
f 3128/1/2985 3129/1/2986 3126/1/2983
f 3130/1/2987 3131/1/2988 3132/1/2989
f 3132/1/2989 3133/1/2990 3130/1/2987
f 3134/1/2991 3135/1/2992 3136/1/2993
f 3136/1/2993 3137/1/2994 3134/1/2991
f 3138/5/2995 3139/5/2996 3140/5/2997
f 3140/5/2997 3141/5/2998 3138/5/2995
f 3142/5/2999 3143/5/3000 3144/5/3001
f 3144/5/3001 3145/5/3002 3142/5/2999
f 3146/5/3003 3147/5/3004 3148/5/3005
f 3148/5/3005 3149/5/3006 3146/5/3003
f 3150/5/3007 3151/5/3008 3152/5/3009
f 3152/5/3009 3153/5/3010 3150/5/3007
f 3154/7/3011 3155/7/3012 3156/7/3013
f 3156/7/3013 3157/7/3014 3154/7/3011
f 3158/5/3015 3159/5/3016 3160/5/3017
f 3160/5/3017 3161/5/3018 3158/5/3015
f 3162/5/3019 3163/5/3020 3164/5/3021
f 3164/5/3021 3165/5/3022 3162/5/3019
f 3166/6/3023 3167/6/3024 3168/6/3025
f 3168/6/3025 3169/6/3026 3166/6/3023
f 3170/8/3027 3171/8/3027 3172/8/3027
f 3173/5/3028 3174/5/3029 3175/5/3030
f 3175/5/3030 3176/5/3031 3173/5/3028
s 0
f 3177/5/3032 3178/5/3032 3179/5/3032
f 3180/5/3033 3181/5/3033 3182/5/3033
s 1
f 3183/17/3034 3184/17/3035 3185/17/3036
f 3185/17/3036 3186/17/3037 3183/17/3034
f 3187/18/3038 3188/18/3039 3189/18/3040
f 3189/18/3040 3190/18/3041 3187/18/3038
s 0
f 3191/14/3042 3192/14/3042 3193/14/3042
f 3193/14/3043 3194/14/3043 3191/14/3043
s 1
f 3195/14/3044 3196/14/3045 3197/14/3046
f 3197/14/3046 3198/14/3047 3195/14/3044
f 3199/14/3048 3200/14/3049 3201/14/3050
f 3201/14/3050 3202/14/3051 3199/14/3048
s 0
f 3203/16/3052 3204/16/3052 3205/16/3052
f 3205/16/3053 3206/16/3053 3203/16/3053
s 1
f 3207/14/3054 3208/14/3055 3209/14/3056
f 3209/14/3056 3210/14/3057 3207/14/3054
s 0
f 3211/14/3058 3212/14/3058 3213/14/3058
s 1
f 3214/14/3059 3215/14/3060 3216/14/3059
f 3217/14/3061 3218/14/3062 3219/14/3063
f 3219/14/3063 3220/14/3064 3217/14/3061
f 3221/16/3065 3222/16/3066 3223/16/3067
f 3223/16/3067 3224/16/3068 3221/16/3065
f 3225/14/3069 3226/14/3070 3227/14/3071
f 3227/14/3071 3228/14/3072 3225/14/3069
f 3229/1/3073 3230/1/3074 3231/1/3075
f 3231/1/3075 3232/1/3076 3229/1/3073
f 3233/1/3077 3234/1/3078 3235/1/3079
f 3235/1/3079 3236/1/3080 3233/1/3077
f 3237/4/3081 3238/4/3082 3239/4/3083
f 3239/4/3083 3240/4/3084 3237/4/3081
f 3241/4/3085 3242/4/3086 3243/4/3087
f 3243/4/3087 3244/4/3088 3241/4/3085
f 3245/20/3089 3246/20/3090 3247/20/3091
f 3247/20/3091 3248/20/3092 3245/20/3089
f 3249/22/3093 3250/22/3094 3251/22/3093
f 3251/22/3093 3252/22/3095 3249/22/3093
f 3253/19/3096 3254/19/3097 3255/19/3098
f 3255/19/3098 3256/19/3099 3253/19/3096
s 0
f 3257/1/3100 3258/1/3100 3259/1/3100
f 3260/1/3101 3261/1/3101 3262/1/3101
f 3263/5/3102 3264/5/3102 3265/5/3102
f 3266/6/3103 3267/6/3103 3268/6/3103
s 1
f 3269/6/3104 3270/6/3104 3271/6/3104
f 3272/21/3105 3273/21/3106 3274/21/3107
f 3274/21/3107 3275/21/3108 3272/21/3105
s 0
f 3276/21/3109 3277/21/3109 3278/21/3109
s 1
f 3279/5/3110 3280/5/3111 3281/5/3112
f 3281/5/3112 3282/5/3113 3279/5/3110
f 3283/1/3114 3284/1/3115 3285/1/3116
f 3285/1/3116 3286/1/3117 3283/1/3114
f 3287/1/3118 3288/1/3119 3289/1/3120
f 3289/1/3120 3290/1/3121 3287/1/3118
f 3291/1/3122 3292/1/3123 3293/1/3124
f 3293/1/3124 3294/1/3125 3291/1/3122
f 3295/5/3126 3296/5/3127 3297/5/3128
f 3297/5/3128 3298/5/3129 3295/5/3126
f 3299/5/3130 3300/5/3131 3301/5/3132
f 3301/5/3132 3302/5/3133 3299/5/3130
f 3303/5/3134 3304/5/3135 3305/5/3136
f 3305/5/3136 3306/5/3137 3303/5/3134
f 3307/10/3138 3308/10/3139 3309/10/3140
f 3309/10/3140 3310/10/3141 3307/10/3138
f 3311/5/3142 3312/5/3143 3313/5/3144
f 3313/5/3144 3314/5/3145 3311/5/3142
f 3315/17/3146 3316/17/3147 3317/17/3148
f 3317/17/3148 3318/17/3149 3315/17/3146
f 3319/17/3150 3320/17/3151 3321/17/3152
f 3321/17/3152 3322/17/3153 3319/17/3150
f 3323/5/3154 3324/5/3155 3325/5/3156
f 3325/5/3156 3326/5/3157 3323/5/3154
f 3327/21/3158 3328/21/3159 3329/21/3160
f 3329/21/3160 3330/21/3161 3327/21/3158
