# Blender 4.1.1
# www.blender.org
mtllib female.mtl
o Object_7
v -0.003125 0.014132 0.012297
v -0.002817 0.021926 0.013046
v -0.007029 0.021834 0.012772
v -0.006493 0.014338 0.011809
v -0.003125 0.014132 0.012297
v -0.001286 0.014096 0.010072
v -0.001094 0.021271 0.010726
v -0.002817 0.021926 0.013046
v -0.008042 0.021303 0.010153
v -0.007758 0.014312 0.010116
v -0.006493 0.014338 0.011809
v -0.007029 0.021834 0.012772
v -0.001094 0.021271 0.010726
v -0.001286 0.014096 0.010072
v -0.002633 0.014640 0.008214
v -0.002470 0.020958 0.007118
v -0.002470 0.020958 0.007118
v -0.002633 0.014640 0.008214
v -0.005971 0.014785 0.008444
v -0.005927 0.020903 0.006726
v -0.005927 0.020903 0.006726
v -0.005971 0.014785 0.008444
v -0.007758 0.014312 0.010116
v -0.008042 0.021303 0.010153
v -0.007029 0.021834 0.012772
v -0.002817 0.021926 0.013046
v -0.002197 0.029985 0.012914
v -0.007653 0.028635 0.012714
v -0.002817 0.021926 0.013046
v -0.001094 0.021271 0.010726
v -0.000039 0.029751 0.010735
v -0.002197 0.029985 0.012914
v -0.008042 0.021303 0.010153
v -0.007029 0.021834 0.012772
v -0.007653 0.028635 0.012714
v -0.008507 0.028630 0.009321
v -0.001094 0.021271 0.010726
v -0.002470 0.020958 0.007118
v -0.001387 0.028782 0.006525
v -0.000039 0.029751 0.010735
v -0.002470 0.020958 0.007118
v -0.005927 0.020903 0.006726
v -0.006286 0.028957 0.006060
v -0.001387 0.028782 0.006525
v -0.005927 0.020903 0.006726
v -0.008042 0.021303 0.010153
v -0.008507 0.028630 0.009321
v -0.006286 0.028957 0.006060
v -0.007653 0.028635 0.012714
v -0.002197 0.029985 0.012914
v -0.001732 0.036123 0.012328
v -0.005052 0.035963 0.012740
v -0.002197 0.029985 0.012914
v -0.000039 0.029751 0.010735
v 0.000580 0.035746 0.009702
v -0.001732 0.036123 0.012328
v -0.008507 0.028630 0.009321
v -0.007653 0.028635 0.012714
v -0.005052 0.035963 0.012740
v -0.006330 0.035956 0.009210
v -0.000039 0.029751 0.010735
v -0.001387 0.028782 0.006525
v -0.000845 0.035350 0.005788
v 0.000580 0.035746 0.009702
v -0.001387 0.028782 0.006525
v -0.006286 0.028957 0.006060
v -0.004793 0.035524 0.005784
v -0.000845 0.035350 0.005788
v -0.006286 0.028957 0.006060
v -0.008507 0.028630 0.009321
v -0.006330 0.035956 0.009210
v -0.004793 0.035524 0.005784
v -0.005052 0.035963 0.012740
v -0.001732 0.036123 0.012328
v -0.001154 0.037521 0.012146
v -0.004182 0.038263 0.012021
v -0.001732 0.036123 0.012328
v 0.000580 0.035746 0.009702
v 0.001541 0.037105 0.009702
v -0.001154 0.037521 0.012146
v -0.006330 0.035956 0.009210
v -0.005052 0.035963 0.012740
v -0.004182 0.038263 0.012021
v -0.005306 0.038281 0.008875
v 0.000580 0.035746 0.009702
v -0.000845 0.035350 0.005788
v -0.000311 0.037113 0.005744
v 0.001541 0.037105 0.009702
v -0.000845 0.035350 0.005788
v -0.004793 0.035524 0.005784
v -0.004178 0.037824 0.005739
v -0.000311 0.037113 0.005744
v -0.004793 0.035524 0.005784
v -0.006330 0.035956 0.009210
v -0.005306 0.038281 0.008875
v -0.004178 0.037824 0.005739
v -0.004182 0.038263 0.012021
v -0.001154 0.037521 0.012146
v -0.000738 0.039411 0.012101
v -0.004641 0.039812 0.011962
v -0.001154 0.037521 0.012146
v 0.001541 0.037105 0.009702
v 0.002073 0.039265 0.009385
v -0.000738 0.039411 0.012101
v -0.005306 0.038281 0.008875
v -0.004182 0.038263 0.012021
v -0.004641 0.039812 0.011962
v -0.005691 0.039702 0.008466
v 0.001541 0.037105 0.009702
v -0.000311 0.037113 0.005744
v 0.000574 0.039070 0.005104
v 0.002073 0.039265 0.009385
v -0.000311 0.037113 0.005744
v -0.004178 0.037824 0.005739
v -0.003923 0.039406 0.005080
v 0.000574 0.039070 0.005104
v -0.004178 0.037824 0.005739
v -0.005306 0.038281 0.008875
v -0.005691 0.039702 0.008466
v -0.003923 0.039406 0.005080
v -0.004641 0.039812 0.011962
v -0.000738 0.039411 0.012101
v -0.000090 0.045532 0.012535
v -0.004876 0.045943 0.011789
v -0.000738 0.039411 0.012101
v 0.002073 0.039265 0.009385
v 0.003276 0.046368 0.008774
v -0.000090 0.045532 0.012535
v -0.005691 0.039702 0.008466
v -0.004641 0.039812 0.011962
v -0.004876 0.045943 0.011789
v -0.006702 0.046301 0.007592
v 0.002073 0.039265 0.009385
v 0.000574 0.039070 0.005104
v 0.001467 0.046888 0.003966
v 0.003276 0.046368 0.008774
v 0.000574 0.039070 0.005104
v -0.003923 0.039406 0.005080
v -0.003775 0.047142 0.003305
v 0.001467 0.046888 0.003966
v -0.003923 0.039406 0.005080
v -0.005691 0.039702 0.008466
v -0.006702 0.046301 0.007592
v -0.003775 0.047142 0.003305
v -0.004876 0.045943 0.011789
v -0.000090 0.045532 0.012535
v 0.000576 0.052861 0.012762
v -0.005155 0.052831 0.011264
v 0.003276 0.046368 0.008774
v 0.004289 0.052431 0.008367
v 0.000576 0.052861 0.012762
v -0.000090 0.045532 0.012535
v -0.006702 0.046301 0.007592
v -0.004876 0.045943 0.011789
v -0.005155 0.052831 0.011264
v -0.006823 0.051439 0.006726
v -0.005060 0.059311 0.010753
v 0.001225 0.059765 0.011934
v 0.001504 0.064757 0.011673
v -0.005856 0.064873 0.010148
v 0.001225 0.059765 0.011934
v 0.004573 0.058978 0.007918
v 0.004326 0.062818 0.008079
v 0.001504 0.064757 0.011673
v -0.007524 0.059514 0.005880
v -0.005060 0.059311 0.010753
v -0.005856 0.064873 0.010148
v -0.009220 0.063749 0.005099
v 0.002499 0.059952 0.001536
v 0.002110 0.059969 0.000000
v 0.005460 0.064057 -0.000000
v 0.004969 0.064130 0.003155
v 0.002499 0.059952 0.001536
v 0.004969 0.064130 0.003155
v 0.004326 0.062818 0.008079
v 0.004573 0.058978 0.007918
v 0.004969 0.064130 0.003155
v 0.005460 0.064057 -0.000000
v 0.006635 0.068213 -0.000000
v 0.006234 0.068341 0.003899
v 0.004326 0.062818 0.008079
v 0.004969 0.064130 0.003155
v 0.006234 0.068341 0.003899
v 0.004388 0.068944 0.007738
v -0.005856 0.064873 0.010148
v 0.001504 0.064757 0.011673
v -0.005879 0.068738 0.009899
v 0.001504 0.064757 0.011673
v 0.004388 0.068944 0.007738
v 0.001063 0.070209 0.010352
v -0.009220 0.063749 0.005099
v -0.005856 0.064873 0.010148
v -0.005879 0.068738 0.009899
v -0.008975 0.068108 0.005542
v -0.008975 0.068108 0.005542
v -0.005879 0.068738 0.009899
v -0.008356 0.071503 0.006064
v -0.005879 0.068738 0.009899
v 0.001063 0.070209 0.010352
v -0.005077 0.071764 0.009200
v -0.009220 0.063749 0.005099
v -0.008975 0.068108 0.005542
v -0.009733 0.067547 0.002848
v -0.009733 0.067547 0.002848
v -0.008975 0.068108 0.005542
v -0.008356 0.071503 0.006064
v -0.009053 0.071044 0.002498
v 0.006635 0.068213 -0.000000
v 0.007026 0.071868 -0.000000
v 0.006098 0.071182 0.003972
v 0.006234 0.068341 0.003899
v 0.004388 0.068944 0.007738
v 0.006098 0.071182 0.003972
v 0.003990 0.072182 0.007408
v 0.001063 0.070209 0.010352
v 0.004388 0.068944 0.007738
v 0.003990 0.072182 0.007408
v 0.000692 0.073401 0.009668
v -0.005077 0.071764 0.009200
v -0.003841 0.074310 0.008266
v -0.006950 0.074205 0.006082
v -0.008356 0.071503 0.006064
v -0.005077 0.071764 0.009200
v 0.001063 0.070209 0.010352
v 0.000692 0.073401 0.009668
v -0.003841 0.074310 0.008266
v -0.009053 0.071044 0.002498
v -0.008356 0.071503 0.006064
v -0.008192 0.073320 0.002339
v 0.007026 0.071868 -0.000000
v 0.006888 0.073526 -0.000000
v 0.006069 0.073662 0.003563
v 0.006098 0.071182 0.003972
v 0.003990 0.072182 0.007408
v 0.006098 0.071182 0.003972
v 0.006069 0.073662 0.003563
v 0.004386 0.074418 0.006847
v 0.000692 0.073401 0.009668
v 0.003990 0.072182 0.007408
v 0.004386 0.074418 0.006847
v 0.000676 0.075730 0.008303
v -0.006950 0.074205 0.006082
v -0.003841 0.074310 0.008266
v -0.003367 0.075868 0.007409
v -0.005697 0.076359 0.006158
v -0.003841 0.074310 0.008266
v 0.000692 0.073401 0.009668
v 0.000676 0.075730 0.008303
v -0.003367 0.075868 0.007409
v -0.006950 0.074205 0.006082
v -0.005697 0.076359 0.006158
v -0.006864 0.075693 0.002259
v -0.008192 0.073320 0.002339
v 0.006752 0.076988 -0.000000
v 0.006868 0.080040 -0.000000
v 0.006027 0.080265 0.002933
v 0.006218 0.077435 0.003604
v 0.004093 0.077909 0.005630
v 0.006218 0.077435 0.003604
v 0.006027 0.080265 0.002933
v 0.004125 0.080526 0.005425
v 0.000231 0.078579 0.007796
v 0.004093 0.077909 0.005630
v 0.004125 0.080526 0.005425
v 0.000124 0.081032 0.007416
v -0.005697 0.076359 0.006158
v 0.000231 0.078579 0.007796
v 0.000124 0.081032 0.007416
v -0.003102 0.080386 0.006126
v -0.005697 0.076359 0.006158
v -0.003102 0.080386 0.006126
v -0.004997 0.079523 0.002273
v -0.006864 0.075693 0.002259
v 0.005947 0.084082 0.002678
v 0.006400 0.083459 -0.000000
v 0.006348 0.085471 -0.000000
v 0.006856 0.086337 0.001832
v 0.004615 0.082945 0.005537
v 0.005947 0.084082 0.002678
v 0.005878 0.085843 0.003826
v 0.004167 0.086379 0.006825
v -0.000165 0.083727 0.007581
v 0.004615 0.082945 0.005537
v 0.004167 0.086379 0.006825
v -0.000668 0.088333 0.008148
v -0.003123 0.084123 0.006438
v -0.000165 0.083727 0.007581
v -0.000668 0.088333 0.008148
v -0.004926 0.088779 0.006881
v -0.005094 0.083595 0.002500
v -0.003123 0.084123 0.006438
v -0.004926 0.088779 0.006881
v -0.007476 0.089841 0.003057
v 0.006856 0.086337 0.001832
v 0.006348 0.085471 -0.000000
v 0.006558 0.088459 -0.000000
v 0.007098 0.088710 0.002296
v 0.004167 0.086379 0.006825
v 0.005878 0.085843 0.003826
v 0.006177 0.087537 0.005021
v 0.003897 0.089577 0.008058
v -0.000668 0.088333 0.008148
v 0.004167 0.086379 0.006825
v 0.003897 0.089577 0.008058
v -0.001415 0.093155 0.010130
v -0.004926 0.088779 0.006881
v -0.000668 0.088333 0.008148
v -0.001415 0.093155 0.010130
v -0.005931 0.093895 0.009916
v -0.007476 0.089841 0.003057
v -0.004926 0.088779 0.006881
v -0.008514 0.095035 0.007137
v -0.009375 0.095848 0.003317
v 0.006177 0.087537 0.005021
v 0.005878 0.085843 0.003826
v 0.006856 0.086337 0.001832
v 0.007098 0.088710 0.002296
v 0.006856 0.086337 0.001832
v 0.005878 0.085843 0.003826
v 0.005947 0.084082 0.002678
v -0.004926 0.088779 0.006881
v -0.005931 0.093895 0.009916
v -0.007429 0.096778 0.009718
v -0.008514 0.095035 0.007137
v -0.008514 0.095035 0.007137
v -0.007429 0.096778 0.009718
v -0.007378 0.100760 0.007834
v -0.007378 0.100760 0.007834
v -0.006923 0.100052 0.010819
v -0.004324 0.101616 0.011332
v -0.004086 0.102129 0.007967
v -0.004086 0.102129 0.007967
v -0.004324 0.101616 0.011332
v -0.001395 0.100259 0.011409
v -0.000631 0.100377 0.007911
v -0.000631 0.100377 0.007911
v 0.000998 0.095904 0.009746
v 0.003187 0.093966 0.008575
v 0.003187 0.093966 0.008575
v 0.000998 0.095904 0.009746
v -0.001415 0.093155 0.010130
v 0.003897 0.089577 0.008058
v -0.005931 0.093895 0.009916
v -0.001415 0.093155 0.010130
v -0.002406 0.095484 0.014199
v -0.005655 0.096552 0.015180
v -0.007429 0.096778 0.009718
v -0.005931 0.093895 0.009916
v -0.005655 0.096552 0.015180
v -0.007382 0.097900 0.015008
v -0.006923 0.100052 0.010819
v -0.007429 0.096778 0.009718
v -0.007382 0.097900 0.015008
v -0.006805 0.101008 0.014325
v -0.004324 0.101616 0.011332
v -0.006923 0.100052 0.010819
v -0.006805 0.101008 0.014325
v -0.004327 0.101899 0.014363
v -0.001395 0.100259 0.011409
v -0.004324 0.101616 0.011332
v -0.004327 0.101899 0.014363
v -0.001700 0.100524 0.014273
v -0.000399 0.097384 0.011375
v -0.001395 0.100259 0.011409
v -0.001700 0.100524 0.014273
v -0.001079 0.099015 0.014382
v -0.001415 0.093155 0.010130
v -0.000399 0.097384 0.011375
v -0.001079 0.099015 0.014382
v -0.002406 0.095484 0.014199
v -0.005655 0.096552 0.015180
v -0.002406 0.095484 0.014199
v -0.002380 0.096346 0.017215
v -0.005786 0.096077 0.017671
v -0.007382 0.097900 0.015008
v -0.005655 0.096552 0.015180
v -0.005786 0.096077 0.017671
v -0.007479 0.098884 0.017615
v -0.006805 0.101008 0.014325
v -0.007382 0.097900 0.015008
v -0.007479 0.098884 0.017615
v -0.006984 0.100798 0.018471
v -0.004327 0.101899 0.014363
v -0.006805 0.101008 0.014325
v -0.006984 0.100798 0.018471
v -0.004778 0.101513 0.019323
v -0.001700 0.100524 0.014273
v -0.004327 0.101899 0.014363
v -0.004778 0.101513 0.019323
v -0.002823 0.101010 0.018431
v -0.001079 0.099015 0.014382
v -0.001700 0.100524 0.014273
v -0.002823 0.101010 0.018431
v -0.001630 0.098711 0.017793
v -0.002406 0.095484 0.014199
v -0.001079 0.099015 0.014382
v -0.001630 0.098711 0.017793
v -0.002380 0.096346 0.017215
v -0.005786 0.096077 0.017671
v -0.002380 0.096346 0.017215
v -0.002758 0.096927 0.023901
v -0.005268 0.096346 0.024305
v -0.007479 0.098884 0.017615
v -0.005786 0.096077 0.017671
v -0.005268 0.096346 0.024305
v -0.007714 0.098040 0.023562
v -0.006984 0.100798 0.018471
v -0.007479 0.098884 0.017615
v -0.007714 0.098040 0.023562
v -0.007005 0.100519 0.023636
v -0.004778 0.101513 0.019323
v -0.006984 0.100798 0.018471
v -0.007005 0.100519 0.023636
v -0.005492 0.101554 0.023492
v -0.002823 0.101010 0.018431
v -0.004778 0.101513 0.019323
v -0.005492 0.101554 0.023492
v -0.003484 0.101151 0.023295
v -0.001630 0.098711 0.017793
v -0.002823 0.101010 0.018431
v -0.003484 0.101151 0.023295
v -0.002189 0.098848 0.023427
v -0.002380 0.096346 0.017215
v -0.001630 0.098711 0.017793
v -0.002189 0.098848 0.023427
v -0.002758 0.096927 0.023901
v -0.005268 0.096346 0.024305
v -0.002758 0.096927 0.023901
v -0.003357 0.097536 0.028244
v -0.005868 0.096995 0.028457
v -0.007714 0.098040 0.023562
v -0.005268 0.096346 0.024305
v -0.005868 0.096995 0.028457
v -0.007370 0.098684 0.028929
v -0.007005 0.100519 0.023636
v -0.007714 0.098040 0.023562
v -0.007370 0.098684 0.028929
v -0.007331 0.100194 0.028992
v -0.005492 0.101554 0.023492
v -0.007005 0.100519 0.023636
v -0.007331 0.100194 0.028992
v -0.005546 0.101395 0.028335
v -0.003484 0.101151 0.023295
v -0.005492 0.101554 0.023492
v -0.005546 0.101395 0.028335
v -0.003914 0.101260 0.028416
v -0.002189 0.098848 0.023427
v -0.003484 0.101151 0.023295
v -0.003914 0.101260 0.028416
v -0.002883 0.099351 0.029177
v -0.002758 0.096927 0.023901
v -0.002189 0.098848 0.023427
v -0.002883 0.099351 0.029177
v -0.003357 0.097536 0.028244
v -0.005868 0.096995 0.028457
v -0.003357 0.097536 0.028244
v -0.003258 0.097063 0.029411
v -0.005873 0.096670 0.030312
v -0.007370 0.098684 0.028929
v -0.005868 0.096995 0.028457
v -0.005873 0.096670 0.030312
v -0.007362 0.098463 0.030513
v -0.007331 0.100194 0.028992
v -0.007370 0.098684 0.028929
v -0.007362 0.098463 0.030513
v -0.007370 0.100323 0.030783
v -0.005546 0.101395 0.028335
v -0.007331 0.100194 0.028992
v -0.007370 0.100323 0.030783
v -0.005802 0.101320 0.030531
v -0.003914 0.101260 0.028416
v -0.005546 0.101395 0.028335
v -0.005802 0.101320 0.030531
v -0.003783 0.101268 0.030141
v -0.002883 0.099351 0.029177
v -0.003914 0.101260 0.028416
v -0.003783 0.101268 0.030141
v -0.002797 0.099566 0.030382
v -0.003357 0.097536 0.028244
v -0.002883 0.099351 0.029177
v -0.002797 0.099566 0.030382
v -0.003258 0.097063 0.029411
v -0.005873 0.096670 0.030312
v -0.003258 0.097063 0.029411
v -0.002402 0.096625 0.034265
v -0.004460 0.096357 0.034544
v -0.007362 0.098463 0.030513
v -0.005873 0.096670 0.030312
v -0.004460 0.096357 0.034544
v -0.006487 0.098279 0.034672
v -0.007370 0.100323 0.030783
v -0.007362 0.098463 0.030513
v -0.006487 0.098279 0.034672
v -0.006288 0.100504 0.034866
v -0.005802 0.101320 0.030531
v -0.007370 0.100323 0.030783
v -0.006288 0.100504 0.034866
v -0.004876 0.101640 0.034921
v -0.003783 0.101268 0.030141
v -0.005802 0.101320 0.030531
v -0.004876 0.101640 0.034921
v -0.002549 0.101591 0.034581
v -0.002797 0.099566 0.030382
v -0.003783 0.101268 0.030141
v -0.002549 0.101591 0.034581
v -0.001438 0.099044 0.034033
v -0.003258 0.097063 0.029411
v -0.002797 0.099566 0.030382
v -0.001438 0.099044 0.034033
v -0.002402 0.096625 0.034265
v -0.002402 0.096625 0.034265
v -0.001387 0.097848 0.039266
v -0.003004 0.097613 0.039493
v -0.004460 0.096357 0.034544
v -0.004460 0.096357 0.034544
v -0.003004 0.097613 0.039493
v -0.004665 0.098540 0.039567
v -0.006487 0.098279 0.034672
v -0.006288 0.100504 0.034866
v -0.006487 0.098279 0.034672
v -0.004665 0.098540 0.039567
v -0.004586 0.099955 0.039868
v -0.004876 0.101640 0.034921
v -0.006288 0.100504 0.034866
v -0.004586 0.099955 0.039868
v -0.003221 0.100892 0.039949
v -0.002549 0.101591 0.034581
v -0.004876 0.101640 0.034921
v -0.003221 0.100892 0.039949
v -0.001529 0.100858 0.039724
v -0.002549 0.101591 0.034581
v -0.001529 0.100858 0.039724
v -0.000534 0.099050 0.039197
v -0.001438 0.099044 0.034033
v -0.001438 0.099044 0.034033
v -0.000534 0.099050 0.039197
v -0.001387 0.097848 0.039266
v -0.002402 0.096625 0.034265
v -0.002187 0.097880 0.041913
v -0.000988 0.098100 0.041731
v -0.000642 0.098160 0.043275
v -0.001854 0.097953 0.043400
v -0.003610 0.098385 0.042628
v -0.002187 0.097880 0.041913
v -0.001854 0.097953 0.043400
v -0.003313 0.098410 0.043870
v -0.003724 0.099582 0.042645
v -0.003610 0.098385 0.042628
v -0.003313 0.098410 0.043870
v -0.003370 0.099523 0.043937
v -0.002710 0.100541 0.042608
v -0.003724 0.099582 0.042645
v -0.003370 0.099523 0.043937
v -0.002411 0.100406 0.043918
v -0.001138 0.100526 0.042375
v -0.002710 0.100541 0.042608
v -0.002411 0.100406 0.043918
v -0.000817 0.100352 0.043568
v -0.000299 0.099048 0.041592
v -0.001138 0.100526 0.042375
v -0.000817 0.100352 0.043568
v 0.000014 0.099059 0.043217
v -0.000988 0.098100 0.041731
v -0.000299 0.099048 0.041592
v 0.000014 0.099059 0.043217
v -0.000642 0.098160 0.043275
v -0.001854 0.097953 0.043400
v -0.000642 0.098160 0.043275
v -0.000562 0.097667 0.044218
v -0.001466 0.097777 0.044410
v -0.003313 0.098410 0.043870
v -0.001854 0.097953 0.043400
v -0.001466 0.097777 0.044410
v -0.003178 0.098157 0.044986
v -0.003370 0.099523 0.043937
v -0.003313 0.098410 0.043870
v -0.003178 0.098157 0.044986
v -0.003258 0.099249 0.045320
v -0.002411 0.100406 0.043918
v -0.003370 0.099523 0.043937
v -0.003258 0.099249 0.045320
v -0.002112 0.100253 0.045608
v -0.000817 0.100352 0.043568
v -0.002411 0.100406 0.043918
v -0.002112 0.100253 0.045608
v -0.000215 0.100109 0.045171
v 0.000014 0.099059 0.043217
v -0.000817 0.100352 0.043568
v -0.000215 0.100109 0.045171
v 0.000743 0.098712 0.044483
v -0.000642 0.098160 0.043275
v 0.000014 0.099059 0.043217
v 0.000743 0.098712 0.044483
v -0.000562 0.097667 0.044218
v -0.003258 0.099249 0.045320
v -0.003178 0.098157 0.044986
v -0.003168 0.097585 0.047591
v -0.003554 0.098936 0.047535
v -0.002112 0.100253 0.045608
v -0.003258 0.099249 0.045320
v -0.003554 0.098936 0.047535
v -0.002326 0.100005 0.047865
v -0.000215 0.100109 0.045171
v -0.002112 0.100253 0.045608
v -0.002326 0.100005 0.047865
v 0.000724 0.099508 0.047646
v 0.000743 0.098712 0.044483
v 0.001440 0.098461 0.046564
v 0.001782 0.098040 0.045578
v 0.000743 0.098712 0.044483
v 0.001782 0.098040 0.045578
v 0.000666 0.096648 0.045185
v -0.000562 0.097667 0.044218
v -0.001466 0.097777 0.044410
v -0.000283 0.096540 0.046128
v -0.001097 0.097340 0.047076
v -0.001466 0.097777 0.044410
v -0.001097 0.097340 0.047076
v -0.003168 0.097585 0.047591
v -0.003178 0.098157 0.044986
v -0.000215 0.100109 0.045171
v 0.000724 0.099508 0.047646
v 0.001440 0.098461 0.046564
v 0.000743 0.098712 0.044483
v -0.000562 0.097667 0.044218
v 0.000666 0.096648 0.045185
v -0.000283 0.096540 0.046128
v -0.001466 0.097777 0.044410
v 0.000355 0.096922 0.049607
v 0.000977 0.096381 0.048354
v 0.001972 0.097339 0.048059
v 0.001502 0.098080 0.049673
v 0.001892 0.095622 0.046118
v 0.002756 0.097369 0.046607
v 0.003412 0.096027 0.048710
v 0.002866 0.094909 0.048373
v 0.000977 0.096381 0.048354
v 0.001892 0.095622 0.046118
v 0.002866 0.094909 0.048373
v 0.001585 0.095138 0.049363
v 0.002756 0.097369 0.046607
v 0.001972 0.097339 0.048059
v 0.002676 0.096064 0.049622
v 0.003412 0.096027 0.048710
v 0.001972 0.097339 0.048059
v 0.000977 0.096381 0.048354
v 0.001585 0.095138 0.049363
v 0.002676 0.096064 0.049622
v 0.002866 0.094909 0.048373
v 0.003412 0.096027 0.048710
v 0.004194 0.095007 0.050368
v 0.003647 0.093889 0.050031
v 0.001585 0.095138 0.049363
v 0.002866 0.094909 0.048373
v 0.003647 0.093889 0.050031
v 0.002603 0.094313 0.050596
v 0.003412 0.096027 0.048710
v 0.002676 0.096064 0.049622
v 0.003303 0.095393 0.050947
v 0.004194 0.095007 0.050368
v 0.002676 0.096064 0.049622
v 0.001585 0.095138 0.049363
v 0.002603 0.094313 0.050596
v 0.003303 0.095393 0.050947
v 0.004194 0.095007 0.050368
v 0.003303 0.095393 0.050947
v 0.002603 0.094313 0.050596
v 0.003647 0.093889 0.050031
v -0.003168 0.097585 0.047591
v -0.003135 0.097609 0.049893
v -0.003836 0.098904 0.049715
v -0.003554 0.098936 0.047535
v -0.003836 0.098904 0.049715
v -0.002277 0.099381 0.050294
v -0.002326 0.100005 0.047865
v -0.003554 0.098936 0.047535
v 0.000360 0.099019 0.050306
v 0.001502 0.098080 0.049673
v 0.000724 0.099508 0.047646
v 0.001972 0.097339 0.048059
v 0.002756 0.097369 0.046607
v 0.001782 0.098040 0.045578
v 0.001440 0.098461 0.046564
v 0.001782 0.098040 0.045578
v 0.002756 0.097369 0.046607
v 0.001892 0.095622 0.046118
v 0.000666 0.096648 0.045185
v 0.000977 0.096381 0.048354
v 0.000355 0.096922 0.049607
v -0.001097 0.097340 0.047076
v -0.000283 0.096540 0.046128
v -0.001097 0.097340 0.047076
v 0.000355 0.096922 0.049607
v -0.003135 0.097609 0.049893
v -0.003168 0.097585 0.047591
v 0.000724 0.099508 0.047646
v 0.001502 0.098080 0.049673
v 0.001972 0.097339 0.048059
v 0.001440 0.098461 0.046564
v 0.001892 0.095622 0.046118
v 0.000977 0.096381 0.048354
v -0.000283 0.096540 0.046128
v 0.000666 0.096648 0.045185
v -0.002277 0.099381 0.050294
v 0.000360 0.099019 0.050306
v 0.000724 0.099508 0.047646
v -0.002326 0.100005 0.047865
v -0.003836 0.098904 0.049715
v -0.003135 0.097609 0.049893
v -0.002941 0.096713 0.052085
v -0.003741 0.097925 0.051700
v -0.002277 0.099381 0.050294
v -0.003836 0.098904 0.049715
v -0.003741 0.097925 0.051700
v -0.002113 0.098563 0.051942
v 0.000360 0.099019 0.050306
v -0.002277 0.099381 0.050294
v -0.002113 0.098563 0.051942
v 0.000348 0.097718 0.052685
v -0.003135 0.097609 0.049893
v 0.000355 0.096922 0.049607
v -0.001184 0.096961 0.052075
v -0.002941 0.096713 0.052085
v 0.000355 0.096922 0.049607
v 0.001502 0.098080 0.049673
v 0.001871 0.097261 0.052060
v 0.001545 0.096239 0.051790
v 0.001502 0.098080 0.049673
v 0.000360 0.099019 0.050306
v 0.000348 0.097718 0.052685
v 0.001871 0.097261 0.052060
v 0.000348 0.097718 0.052685
v -0.001732 0.097357 0.053957
v -0.001441 0.096640 0.055131
v 0.000473 0.096304 0.054898
v 0.001545 0.096239 0.051790
v 0.001871 0.097261 0.052060
v 0.002023 0.096077 0.053874
v 0.001641 0.095202 0.053365
v 0.001871 0.097261 0.052060
v 0.000348 0.097718 0.052685
v 0.000473 0.096304 0.054898
v 0.002023 0.096077 0.053874
v 0.000355 0.096922 0.049607
v 0.001545 0.096239 0.051790
v -0.001184 0.096961 0.052075
v 0.001641 0.095202 0.053365
v -0.001278 0.095578 0.054573
v -0.001325 0.096213 0.053441
v -0.001278 0.095578 0.054573
v 0.000473 0.096304 0.054898
v -0.001441 0.096640 0.055131
v 0.001641 0.095202 0.053365
v 0.002023 0.096077 0.053874
v 0.000473 0.096304 0.054898
v -0.001278 0.095578 0.054573
v 0.000348 0.097718 0.052685
v -0.002113 0.098563 0.051942
v -0.001732 0.097357 0.053957
v -0.002113 0.098563 0.051942
v -0.003741 0.097925 0.051700
v -0.003459 0.096815 0.053341
v -0.001732 0.097357 0.053957
v -0.003459 0.096815 0.053341
v -0.003741 0.097925 0.051700
v -0.002941 0.096713 0.052085
v -0.002820 0.096216 0.052912
v -0.002820 0.096216 0.052912
v -0.002941 0.096713 0.052085
v -0.001184 0.096961 0.052075
v -0.001325 0.096213 0.053441
v -0.001184 0.096961 0.052075
v 0.001545 0.096239 0.051790
v 0.001641 0.095202 0.053365
v -0.001325 0.096213 0.053441
v -0.002820 0.096216 0.052912
v -0.001325 0.096213 0.053441
v -0.001732 0.097357 0.053957
v -0.003459 0.096815 0.053341
v -0.001325 0.096213 0.053441
v -0.001278 0.095578 0.054573
v -0.001441 0.096640 0.055131
v -0.001732 0.097357 0.053957
v 0.003346 0.097227 0.002126
v 0.003349 0.096157 -0.000000
v 0.000901 0.100641 -0.000000
v 0.000194 0.100853 0.002323
v 0.003187 0.093966 0.008575
v 0.003436 0.096513 0.005493
v -0.000180 0.100291 0.005933
v -0.000631 0.100377 0.007911
v 0.003436 0.096513 0.005493
v 0.003346 0.097227 0.002126
v -0.000180 0.100291 0.005933
v -0.000631 0.100377 0.007911
v -0.000180 0.100291 0.005933
v -0.003979 0.102152 0.006252
v -0.004086 0.102129 0.007967
v -0.000180 0.100291 0.005933
v 0.000194 0.100853 0.002323
v -0.002443 0.102986 0.003564
v -0.003979 0.102152 0.006252
v -0.004086 0.102129 0.007967
v -0.003979 0.102152 0.006252
v -0.007380 0.101377 0.005050
v -0.007378 0.100760 0.007834
v -0.003979 0.102152 0.006252
v -0.002443 0.102986 0.003564
v -0.005306 0.103983 0.002316
v -0.007380 0.101377 0.005050
v -0.009375 0.095848 0.003317
v -0.008514 0.095035 0.007137
v -0.007378 0.100760 0.007834
v -0.007380 0.101377 0.005050
v -0.005306 0.103983 0.002316
v -0.005543 0.104332 -0.000000
v -0.007632 0.100938 -0.000000
v -0.007380 0.101377 0.005050
v -0.009375 0.095848 0.003317
v -0.007380 0.101377 0.005050
v -0.007632 0.100938 -0.000000
v -0.009444 0.095431 -0.000000
v 0.000194 0.100853 0.002323
v 0.000901 0.100641 -0.000000
v 0.000745 0.103589 -0.000000
v -0.000154 0.104076 0.001479
v -0.002443 0.102986 0.003564
v 0.000194 0.100853 0.002323
v -0.000154 0.104076 0.001479
v -0.001920 0.105664 0.003206
v -0.005306 0.103983 0.002316
v -0.002443 0.102986 0.003564
v -0.001920 0.105664 0.003206
v -0.004518 0.106879 0.002320
v -0.000154 0.104076 0.001479
v 0.000745 0.103589 -0.000000
v 0.001503 0.105235 -0.000000
v 0.001060 0.105796 0.001529
v -0.000154 0.104076 0.001479
v 0.001060 0.105796 0.001529
v 0.000359 0.106901 0.002808
v -0.004518 0.106879 0.002320
v -0.001920 0.105664 0.003206
v -0.001711 0.108292 0.003207
v -0.004466 0.109574 0.002385
v 0.000359 0.106901 0.002808
v -0.001711 0.108292 0.003207
v -0.001920 0.105664 0.003206
v -0.000154 0.104076 0.001479
v 0.001503 0.105235 -0.000000
v 0.005908 0.105902 -0.000000
v 0.005204 0.106609 0.002075
v 0.001060 0.105796 0.001529
v 0.000359 0.106901 0.002808
v 0.001060 0.105796 0.001529
v 0.005204 0.106609 0.002075
v 0.003660 0.108065 0.003580
v 0.005558 0.108075 0.001441
v 0.005924 0.108878 0.001166
v 0.005226 0.109087 0.001844
v 0.004747 0.108710 0.003021
v 0.005924 0.108878 0.001166
v 0.006229 0.108703 -0.000000
v 0.006039 0.109035 -0.000000
v 0.005226 0.109087 0.001844
v 0.006039 0.109035 -0.000000
v 0.006389 0.109427 -0.000000
v 0.006122 0.109496 0.000965
v 0.005226 0.109087 0.001844
v 0.005226 0.109087 0.001844
v 0.006122 0.109496 0.000965
v 0.005897 0.110797 0.001280
v 0.004756 0.110731 0.003686
v 0.006122 0.109496 0.000965
v 0.006389 0.109427 -0.000000
v 0.006223 0.110658 -0.000000
v 0.005897 0.110797 0.001280
v 0.006223 0.110658 -0.000000
v 0.007159 0.111430 -0.000000
v 0.006844 0.111299 0.000624
v 0.005897 0.110797 0.001280
v 0.006844 0.111299 0.000624
v 0.007159 0.111430 -0.000000
v 0.005636 0.113968 -0.000000
v 0.005194 0.113913 0.000181
v 0.005194 0.113913 0.000181
v 0.005636 0.113968 -0.000000
v 0.005506 0.114830 -0.000000
v 0.005369 0.115061 0.001318
v 0.005369 0.115061 0.001318
v 0.005506 0.114830 -0.000000
v 0.004952 0.116554 -0.000000
v 0.004931 0.116251 0.001545
v 0.006844 0.111299 0.000624
v 0.005651 0.112372 0.000908
v 0.005897 0.110797 0.001280
v 0.004538 0.113525 0.001997
v 0.005194 0.113913 0.000181
v 0.005369 0.115061 0.001318
v 0.004740 0.114826 0.002898
v 0.004538 0.113525 0.001997
v 0.004740 0.114826 0.002898
v 0.004127 0.114318 0.003667
v 0.003821 0.113314 0.004088
v 0.006844 0.111299 0.000624
v 0.005194 0.113913 0.000181
v 0.005651 0.112372 0.000908
v 0.005651 0.112372 0.000908
v 0.005194 0.113913 0.000181
v 0.004538 0.113525 0.001997
v 0.005651 0.112372 0.000908
v 0.004538 0.113525 0.001997
v 0.003821 0.113314 0.004088
v 0.004361 0.112064 0.003958
v 0.005897 0.110797 0.001280
v 0.005651 0.112372 0.000908
v 0.004361 0.112064 0.003958
v 0.004756 0.110731 0.003686
v 0.004747 0.108710 0.003021
v 0.003660 0.108065 0.003580
v 0.005204 0.106609 0.002075
v 0.005558 0.108075 0.001441
v 0.005204 0.106609 0.002075
v 0.005908 0.105902 -0.000000
v 0.005939 0.107825 -0.000000
v 0.005558 0.108075 0.001441
v 0.004756 0.110731 0.003686
v 0.004747 0.108710 0.003021
v 0.005226 0.109087 0.001844
v 0.004756 0.110731 0.003686
v 0.004361 0.112064 0.003958
v 0.002522 0.111932 0.004911
v 0.002784 0.110207 0.004659
v 0.004747 0.108710 0.003021
v 0.004756 0.110731 0.003686
v 0.002784 0.110207 0.004659
v 0.003660 0.108065 0.003580
v -0.001711 0.108292 0.003207
v 0.000359 0.106901 0.002808
v 0.000311 0.109515 0.004345
v 0.004740 0.114826 0.002898
v 0.005369 0.115061 0.001318
v 0.004931 0.116251 0.001545
v 0.004313 0.116246 0.002980
v 0.004127 0.114318 0.003667
v 0.004740 0.114826 0.002898
v 0.004313 0.116246 0.002980
v 0.003469 0.115974 0.004043
v 0.003821 0.113314 0.004088
v 0.004127 0.114318 0.003667
v 0.003469 0.115974 0.004043
v 0.002326 0.113492 0.005015
v 0.004361 0.112064 0.003958
v 0.003821 0.113314 0.004088
v 0.002326 0.113492 0.005015
v 0.002522 0.111932 0.004911
v 0.004931 0.116251 0.001545
v 0.004952 0.116554 -0.000000
v 0.003333 0.119517 -0.000000
v 0.003052 0.119330 0.001995
v 0.004313 0.116246 0.002980
v 0.004931 0.116251 0.001545
v 0.003052 0.119330 0.001995
v 0.001849 0.118578 0.002941
v 0.003469 0.115974 0.004043
v 0.004313 0.116246 0.002980
v 0.001849 0.118578 0.002941
v 0.000601 0.116690 0.004638
v 0.002326 0.113492 0.005015
v 0.003469 0.115974 0.004043
v 0.000601 0.116690 0.004638
v -0.000588 0.114099 0.004917
v 0.002522 0.111932 0.004911
v 0.002326 0.113492 0.005015
v -0.000588 0.114099 0.004917
v -0.000069 0.112426 0.005271
v 0.000359 0.106901 0.002808
v 0.003660 0.108065 0.003580
v 0.002784 0.110207 0.004659
v 0.000311 0.109515 0.004345
v 0.000311 0.109515 0.004345
v 0.002784 0.110207 0.004659
v 0.002522 0.111932 0.004911
v -0.000218 0.110924 0.004637
v 0.002522 0.111932 0.004911
v -0.000069 0.112426 0.005271
v -0.000218 0.110924 0.004637
v -0.001711 0.108292 0.003207
v 0.000311 0.109515 0.004345
v -0.000218 0.110924 0.004637
v -0.001810 0.110544 0.004098
v 0.003052 0.119330 0.001995
v 0.003333 0.119517 -0.000000
v -0.000901 0.121164 -0.000000
v -0.000924 0.120904 0.001995
v 0.001849 0.118578 0.002941
v 0.003052 0.119330 0.001995
v -0.000924 0.120904 0.001995
v -0.001094 0.119846 0.002985
v 0.000601 0.116690 0.004638
v 0.001849 0.118578 0.002941
v -0.001094 0.119846 0.002985
v -0.002016 0.116928 0.004748
v -0.000588 0.114099 0.004917
v 0.000601 0.116690 0.004638
v -0.002016 0.116928 0.004748
v -0.002084 0.114110 0.004788
v -0.004466 0.109574 0.002385
v -0.001711 0.108292 0.003207
v -0.001810 0.110544 0.004098
v -0.005080 0.111217 0.002362
v -0.000924 0.120904 0.001995
v -0.000901 0.121164 -0.000000
v -0.005346 0.119078 -0.000000
v -0.005182 0.118876 0.001995
v -0.001094 0.119846 0.002985
v -0.000924 0.120904 0.001995
v -0.005182 0.118876 0.001995
v -0.004577 0.117561 0.004082
v -0.002016 0.116928 0.004748
v -0.001094 0.119846 0.002985
v -0.004577 0.117561 0.004082
v -0.003344 0.115582 0.004777
v -0.002084 0.114110 0.004788
v -0.002016 0.116928 0.004748
v -0.003344 0.115582 0.004777
v -0.002084 0.114110 0.004788
v -0.003344 0.115582 0.004777
v -0.004118 0.113344 0.004514
v -0.002646 0.112742 0.005094
v -0.002646 0.112742 0.005094
v -0.004118 0.113344 0.004514
v -0.005080 0.111217 0.002362
v -0.001810 0.110544 0.004098
v -0.000069 0.112426 0.005271
v -0.000588 0.114099 0.004917
v -0.001784 0.114211 0.005902
v -0.002575 0.112666 0.005169
v -0.000218 0.110924 0.004637
v -0.000069 0.112426 0.005271
v -0.002575 0.112666 0.005169
v -0.001398 0.110863 0.004852
v -0.002575 0.112666 0.005169
v -0.001784 0.114211 0.005902
v -0.002084 0.114110 0.004788
v -0.002646 0.112742 0.005094
v -0.001398 0.110863 0.004852
v -0.002575 0.112666 0.005169
v -0.002646 0.112742 0.005094
v -0.001810 0.110544 0.004098
v -0.002084 0.114110 0.004788
v -0.001784 0.114211 0.005902
v -0.000588 0.114099 0.004917
v -0.000218 0.110924 0.004637
v -0.001398 0.110863 0.004852
v -0.001810 0.110544 0.004098
v -0.005182 0.118876 0.001995
v -0.005346 0.119078 -0.000000
v -0.007148 0.115315 -0.000000
v -0.006956 0.115293 0.002357
v -0.004577 0.117561 0.004082
v -0.005182 0.118876 0.001995
v -0.006956 0.115293 0.002357
v -0.005218 0.115308 0.004082
v -0.006956 0.115293 0.002357
v -0.007148 0.115315 -0.000000
v -0.006569 0.111351 -0.000000
v -0.005080 0.111217 0.002362
v -0.005080 0.111217 0.002362
v -0.004118 0.113344 0.004514
v -0.005218 0.115308 0.004082
v -0.006956 0.115293 0.002357
v -0.005218 0.115308 0.004082
v -0.004118 0.113344 0.004514
v -0.003344 0.115582 0.004777
v -0.004577 0.117561 0.004082
v -0.006493 0.014338 0.011809
v -0.007758 0.014312 0.010116
v -0.007456 0.010088 0.010139
v -0.006291 0.010138 0.011576
v -0.001286 0.014096 0.010072
v -0.003125 0.014132 0.012297
v -0.003398 0.010042 0.011958
v -0.001800 0.010461 0.010001
v -0.003125 0.014132 0.012297
v -0.006493 0.014338 0.011809
v -0.006291 0.010138 0.011576
v -0.003398 0.010042 0.011958
v -0.002633 0.014640 0.008214
v -0.001286 0.014096 0.010072
v -0.001800 0.010461 0.010001
v -0.003375 0.010421 0.008502
v -0.005971 0.014785 0.008444
v -0.002633 0.014640 0.008214
v -0.003375 0.010421 0.008502
v -0.006269 0.010130 0.008670
v -0.007758 0.014312 0.010116
v -0.005971 0.014785 0.008444
v -0.006269 0.010130 0.008670
v -0.007456 0.010088 0.010139
v -0.006291 0.010138 0.011576
v -0.007456 0.010088 0.010139
v -0.007735 0.008057 0.010383
v -0.006095 0.007802 0.012093
v -0.001800 0.010461 0.010001
v -0.003398 0.010042 0.011958
v -0.002972 0.007295 0.012295
v -0.000863 0.008571 0.010005
v -0.003398 0.010042 0.011958
v -0.006291 0.010138 0.011576
v -0.006095 0.007802 0.012093
v -0.002972 0.007295 0.012295
v -0.003375 0.010421 0.008502
v -0.001800 0.010461 0.010001
v -0.000863 0.008571 0.010005
v -0.002858 0.008228 0.008062
v -0.006269 0.010130 0.008670
v -0.003375 0.010421 0.008502
v -0.002858 0.008228 0.008062
v -0.006575 0.008326 0.008526
v -0.007456 0.010088 0.010139
v -0.006269 0.010130 0.008670
v -0.006575 0.008326 0.008526
v -0.007735 0.008057 0.010383
v -0.006095 0.007802 0.012093
v -0.007735 0.008057 0.010383
v -0.008123 0.006066 0.010101
v -0.006323 0.005763 0.012187
v -0.002972 0.007295 0.012295
v -0.006095 0.007802 0.012093
v -0.006323 0.005763 0.012187
v -0.002979 0.004696 0.012981
v -0.006575 0.008326 0.008526
v -0.002858 0.008228 0.008062
v -0.003110 0.005395 0.008761
v -0.005921 0.006584 0.008148
v -0.007735 0.008057 0.010383
v -0.006575 0.008326 0.008526
v -0.005921 0.006584 0.008148
v -0.008123 0.006066 0.010101
v -0.000863 0.008571 0.010005
v -0.002972 0.007295 0.012295
v 0.000269 0.004297 0.013033
v 0.003107 0.004321 0.010159
v -0.002858 0.008228 0.008062
v -0.000863 0.008571 0.010005
v 0.003107 0.004321 0.010159
v 0.001109 0.004420 0.007874
v -0.002972 0.007295 0.012295
v -0.002979 0.004696 0.012981
v 0.001057 0.001910 0.014325
v 0.000269 0.004297 0.013033
v -0.003110 0.005395 0.008761
v -0.002858 0.008228 0.008062
v 0.001109 0.004420 0.007874
v 0.001023 0.001069 0.007640
v 0.003107 0.004321 0.010159
v 0.000269 0.004297 0.013033
v 0.004482 0.002105 0.013244
v 0.006724 0.002615 0.010740
v 0.001109 0.004420 0.007874
v 0.003107 0.004321 0.010159
v 0.006724 0.002615 0.010740
v 0.005719 0.002135 0.009117
v 0.000269 0.004297 0.013033
v 0.001057 0.001910 0.014325
v 0.005416 0.000819 0.014511
v 0.004482 0.002105 0.013244
v 0.001023 0.001069 0.007640
v 0.001109 0.004420 0.007874
v 0.005719 0.002135 0.009117
v 0.005866 0.000568 0.007799
v 0.006724 0.002615 0.010740
v 0.004482 0.002105 0.013244
v 0.007537 0.001724 0.012010
v 0.005719 0.002135 0.009117
v 0.006724 0.002615 0.010740
v 0.007537 0.001724 0.012010
v 0.007593 0.001714 0.009651
v 0.004482 0.002105 0.013244
v 0.005416 0.000819 0.014511
v 0.007929 0.000863 0.012442
v 0.007537 0.001724 0.012010
v 0.005866 0.000568 0.007799
v 0.005719 0.002135 0.009117
v 0.007593 0.001714 0.009651
v 0.007965 0.000663 0.009204
v 0.007965 0.000663 0.009204
v 0.007593 0.001714 0.009651
v 0.007537 0.001724 0.012010
v 0.007929 0.000863 0.012442
v -0.006323 0.005763 0.012187
v -0.008123 0.006066 0.010101
v -0.007584 0.004436 0.010139
v -0.006021 0.004436 0.011909
v -0.002979 0.004696 0.012981
v -0.006323 0.005763 0.012187
v -0.006021 0.004436 0.011909
v -0.003291 0.003895 0.012668
v -0.005921 0.006584 0.008148
v -0.003110 0.005395 0.008761
v -0.002914 0.003895 0.009422
v -0.005446 0.004436 0.008559
v -0.008123 0.006066 0.010101
v -0.005921 0.006584 0.008148
v -0.005446 0.004436 0.008559
v -0.007584 0.004436 0.010139
v 0.001057 0.001910 0.014325
v -0.002979 0.004696 0.012981
v -0.003291 0.003895 0.012668
v -0.000611 0.001146 0.013796
v -0.003110 0.005395 0.008761
v 0.001023 0.001069 0.007640
v 0.000808 0.000443 0.008713
v -0.002914 0.003895 0.009422
v 0.005416 0.000819 0.014511
v 0.001057 0.001910 0.014325
v -0.000611 0.001146 0.013796
v 0.004958 -0.000035 0.013873
v 0.001023 0.001069 0.007640
v 0.005866 0.000568 0.007799
v 0.005598 -0.000165 0.008785
v 0.000808 0.000443 0.008713
v 0.007929 0.000863 0.012442
v 0.005416 0.000819 0.014511
v 0.004958 -0.000035 0.013873
v 0.007229 0.000342 0.012277
v 0.005866 0.000568 0.007799
v 0.007965 0.000663 0.009204
v 0.007204 0.000194 0.009398
v 0.005598 -0.000165 0.008785
v 0.007965 0.000663 0.009204
v 0.007929 0.000863 0.012442
v 0.007229 0.000342 0.012277
v 0.007204 0.000194 0.009398
v 0.000808 0.000443 0.008713
v 0.005598 -0.000165 0.008785
v 0.004958 -0.000035 0.013873
v -0.000611 0.001146 0.013796
v 0.005598 -0.000165 0.008785
v 0.007204 0.000194 0.009398
v 0.007229 0.000342 0.012277
v 0.004958 -0.000035 0.013873
v -0.002914 0.003895 0.009422
v 0.000808 0.000443 0.008713
v -0.000611 0.001146 0.013796
v -0.003291 0.003895 0.012668
v -0.007476 0.089841 0.003057
v -0.009375 0.095848 0.003317
v -0.009444 0.095431 -0.000000
v -0.007325 0.090252 -0.000000
v -0.005306 0.103983 0.002316
v -0.004518 0.106879 0.002320
v -0.005110 0.106879 -0.000000
v -0.005543 0.104332 -0.000000
v -0.005110 0.106879 -0.000000
v -0.004518 0.106879 0.002320
v -0.004466 0.109574 0.002385
v -0.005099 0.109574 -0.000000
v -0.005099 0.109574 -0.000000
v -0.004466 0.109574 0.002385
v -0.005080 0.111217 0.002362
v -0.006569 0.111351 -0.000000
v 0.003897 0.089577 0.008058
v 0.006177 0.087537 0.005021
v 0.007316 0.090354 0.006630
v 0.006177 0.087537 0.005021
v 0.007098 0.088710 0.002296
v 0.008125 0.090836 0.004791
v 0.007316 0.090354 0.006630
v 0.003187 0.093966 0.008575
v 0.003897 0.089577 0.008058
v 0.007316 0.090354 0.006630
v 0.006171 0.092097 0.007307
v 0.003346 0.097227 0.002126
v 0.003436 0.096513 0.005493
v 0.007008 0.093240 0.005379
v 0.006914 0.092435 0.002251
v 0.008125 0.090836 0.004791
v 0.007008 0.093240 0.005379
v 0.006171 0.092097 0.007307
v 0.007316 0.090354 0.006630
v 0.004573 0.058978 0.007918
v 0.004289 0.052431 0.008367
v 0.002372 0.052352 0.003217
v 0.002499 0.059952 0.001536
v -0.006823 0.051439 0.006726
v -0.003778 0.051769 0.002092
v -0.003775 0.047142 0.003305
v -0.006702 0.046301 0.007592
v -0.009220 0.063749 0.005099
v -0.009100 0.063806 0.000000
v -0.006914 0.061673 0.000000
v -0.007524 0.059514 0.005880
v 0.006218 0.077435 0.003604
v 0.004093 0.077909 0.005630
v 0.004386 0.074418 0.006847
v 0.006069 0.073662 0.003563
v 0.004093 0.077909 0.005630
v 0.000231 0.078579 0.007796
v 0.000676 0.075730 0.008303
v 0.004386 0.074418 0.006847
v 0.000231 0.078579 0.007796
v -0.005697 0.076359 0.006158
v -0.003367 0.075868 0.007409
v 0.000676 0.075730 0.008303
v -0.001387 0.097848 0.039266
v -0.000988 0.098100 0.041731
v -0.002187 0.097880 0.041913
v -0.003004 0.097613 0.039493
v -0.003004 0.097613 0.039493
v -0.002187 0.097880 0.041913
v -0.003610 0.098385 0.042628
v -0.004665 0.098540 0.039567
v -0.003610 0.098385 0.042628
v -0.003724 0.099582 0.042645
v -0.004586 0.099955 0.039868
v -0.004665 0.098540 0.039567
v -0.003724 0.099582 0.042645
v -0.002710 0.100541 0.042608
v -0.003221 0.100892 0.039949
v -0.004586 0.099955 0.039868
v -0.002710 0.100541 0.042608
v -0.001138 0.100526 0.042375
v -0.001529 0.100858 0.039724
v -0.003221 0.100892 0.039949
v -0.001529 0.100858 0.039724
v -0.001138 0.100526 0.042375
v -0.000299 0.099048 0.041592
v -0.000534 0.099050 0.039197
v -0.000534 0.099050 0.039197
v -0.000299 0.099048 0.041592
v -0.000988 0.098100 0.041731
v -0.001387 0.097848 0.039266
v 0.003858 0.120902 0.002127
v 0.004119 0.121353 -0.000000
v -0.001301 0.122462 -0.000000
v -0.001322 0.121936 0.002697
v 0.002438 0.119969 0.004434
v 0.003858 0.120902 0.002127
v -0.001322 0.121936 0.002697
v -0.001493 0.120328 0.003924
v 0.000204 0.118029 0.005585
v 0.002438 0.119969 0.004434
v -0.001493 0.120328 0.003924
v -0.002416 0.118173 0.005556
v -0.001301 0.122462 -0.000000
v -0.006271 0.121035 -0.000000
v -0.005584 0.120320 0.003069
v -0.001322 0.121936 0.002697
v -0.001493 0.120328 0.003924
v -0.001322 0.121936 0.002697
v -0.005584 0.120320 0.003069
v -0.004978 0.118806 0.004893
v -0.004978 0.118806 0.004893
v -0.005584 0.120320 0.003069
v -0.007543 0.117087 0.003189
v -0.005953 0.116776 0.005357
v 0.003858 0.120902 0.002127
v 0.002438 0.119969 0.004434
v 0.003741 0.117796 0.004074
v 0.006062 0.117905 0.002697
v 0.005457 0.115903 0.002777
v 0.004418 0.115169 0.004387
v 0.003668 0.115243 0.003171
v 0.004462 0.115972 0.001687
v 0.000204 0.118029 0.005585
v 0.004418 0.115169 0.004387
v 0.003741 0.117796 0.004074
v 0.002438 0.119969 0.004434
v -0.002416 0.118173 0.005556
v -0.001493 0.120328 0.003924
v -0.004978 0.118806 0.004893
v 0.000204 0.118029 0.005585
v -0.002416 0.118173 0.005556
v -0.002602 0.114830 0.005812
v -0.000537 0.114494 0.006618
v 0.003668 0.115243 0.003171
v 0.004418 0.115169 0.004387
v 0.001292 0.113143 0.005507
v 0.001023 0.113048 0.004382
v 0.004418 0.115169 0.004387
v 0.000204 0.118029 0.005585
v -0.000537 0.114494 0.006618
v 0.001292 0.113143 0.005507
v -0.002416 0.118173 0.005556
v -0.004978 0.118806 0.004893
v -0.005953 0.116776 0.005357
v -0.002602 0.114830 0.005812
v -0.007543 0.117087 0.003189
v -0.008230 0.117268 -0.000000
v -0.009262 0.112928 -0.000000
v -0.008356 0.112596 0.003328
v -0.005953 0.116776 0.005357
v -0.007543 0.117087 0.003189
v -0.008356 0.112596 0.003328
v -0.006657 0.112810 0.005745
v -0.000537 0.114494 0.006618
v -0.002602 0.114830 0.005812
v -0.003673 0.110760 0.006183
v -0.001005 0.109769 0.006984
v 0.001023 0.113048 0.004382
v 0.001292 0.113143 0.005507
v 0.001016 0.110277 0.005493
v 0.000999 0.111440 0.003801
v 0.001292 0.113143 0.005507
v -0.000537 0.114494 0.006618
v -0.001005 0.109769 0.006984
v 0.001016 0.110277 0.005493
v -0.002602 0.114830 0.005812
v -0.005953 0.116776 0.005357
v -0.006657 0.112810 0.005745
v -0.003673 0.110760 0.006183
v -0.008464 0.108106 0.003467
v -0.009602 0.108599 -0.000000
v -0.007438 0.105597 -0.000000
v -0.006272 0.105339 0.003699
v -0.006654 0.108844 0.006134
v -0.008464 0.108106 0.003467
v -0.006272 0.105339 0.003699
v -0.005047 0.105434 0.005147
v -0.001005 0.109769 0.006984
v -0.003673 0.110760 0.006183
v -0.003534 0.106399 0.006074
v -0.001920 0.107040 0.005724
v 0.000999 0.111440 0.003801
v 0.001016 0.110277 0.005493
v -0.000024 0.108959 0.004249
v 0.000285 0.109226 0.003078
v 0.001016 0.110277 0.005493
v -0.001005 0.109769 0.006984
v -0.001920 0.107040 0.005724
v -0.000024 0.108959 0.004249
v -0.003673 0.110760 0.006183
v -0.006654 0.108844 0.006134
v -0.005047 0.105434 0.005147
v -0.003534 0.106399 0.006074
v -0.006272 0.105339 0.003699
v -0.007438 0.105597 -0.000000
v -0.004325 0.105906 -0.000000
v -0.003508 0.106033 0.002547
v -0.006272 0.105339 0.003699
v -0.003508 0.106033 0.002547
v -0.001676 0.106327 0.002990
v -0.005047 0.105434 0.005147
v -0.005047 0.105434 0.005147
v -0.001676 0.106327 0.002990
v -0.001920 0.107040 0.005724
v -0.003534 0.106399 0.006074
v -0.005169 -0.000137 0.011015
v -0.005853 -0.000137 0.010464
v -0.005085 -0.000137 0.010289
v 0.001225 0.059765 0.011934
v -0.005060 0.059311 0.010753
v -0.005155 0.052831 0.011264
v 0.000576 0.052861 0.012762
v 0.004289 0.052431 0.008367
v 0.004573 0.058978 0.007918
v 0.001225 0.059765 0.011934
v 0.000576 0.052861 0.012762
v -0.005155 0.052831 0.011264
v -0.005060 0.059311 0.010753
v -0.007524 0.059514 0.005880
v -0.006823 0.051439 0.006726
v 0.004289 0.052431 0.008367
v 0.003276 0.046368 0.008774
v 0.001467 0.046888 0.003966
v 0.002372 0.052352 0.003217
v 0.002372 0.052352 0.003217
v 0.001467 0.046888 0.003966
v -0.003775 0.047142 0.003305
v -0.003778 0.051769 0.002092
v 0.005947 0.084082 0.002678
v 0.004615 0.082945 0.005537
v 0.004125 0.080526 0.005425
v 0.006027 0.080265 0.002933
v 0.004615 0.082945 0.005537
v -0.000165 0.083727 0.007581
v 0.000124 0.081032 0.007416
v 0.004125 0.080526 0.005425
v -0.000165 0.083727 0.007581
v -0.003123 0.084123 0.006438
v -0.003102 0.080386 0.006126
v 0.000124 0.081032 0.007416
v -0.003102 0.080386 0.006126
v -0.003123 0.084123 0.006438
v -0.005094 0.083595 0.002500
v -0.004997 0.079523 0.002273
v -0.005094 0.083595 0.002500
v -0.005489 0.083627 -0.000000
v -0.005363 0.079586 -0.000000
v -0.004997 0.079523 0.002273
v 0.007098 0.088710 0.002296
v 0.006914 0.092435 0.002251
v 0.007008 0.093240 0.005379
v 0.008125 0.090836 0.004791
v 0.007098 0.088710 0.002296
v 0.006558 0.088459 -0.000000
v 0.006343 0.092231 -0.000000
v 0.006914 0.092435 0.002251
v 0.003436 0.096513 0.005493
v 0.003187 0.093966 0.008575
v 0.006171 0.092097 0.007307
v 0.007008 0.093240 0.005379
v 0.003346 0.097227 0.002126
v 0.000194 0.100853 0.002323
v -0.000180 0.100291 0.005933
v -0.000631 0.100377 0.007911
v -0.001395 0.100259 0.011409
v -0.000399 0.097384 0.011375
v 0.000998 0.095904 0.009746
v 0.000998 0.095904 0.009746
v -0.000399 0.097384 0.011375
v -0.001415 0.093155 0.010130
v -0.007429 0.096778 0.009718
v -0.006923 0.100052 0.010819
v -0.007378 0.100760 0.007834
v 0.006062 0.117905 0.002697
v 0.005457 0.115903 0.002777
v 0.005186 0.117783 -0.000000
v 0.005470 0.119255 -0.000000
v 0.004418 0.115169 0.004387
v 0.005457 0.115903 0.002777
v 0.006062 0.117905 0.002697
v 0.003741 0.117796 0.004074
v -0.006021 0.004436 0.011909
v -0.007584 0.004436 0.010139
v -0.006404 0.002479 0.010414
v -0.005916 0.002479 0.010967
v -0.005446 0.004436 0.008559
v -0.005736 0.002479 0.009920
v -0.006404 0.002479 0.010414
v -0.007584 0.004436 0.010139
v -0.005446 0.004436 0.008559
v -0.002914 0.003895 0.009422
v -0.004945 0.002479 0.010190
v -0.005736 0.002479 0.009920
v -0.002914 0.003895 0.009422
v -0.003291 0.003895 0.012668
v -0.005063 0.002479 0.011204
v -0.004945 0.002479 0.010190
v -0.006021 0.004436 0.011909
v -0.005916 0.002479 0.010967
v -0.005063 0.002479 0.011204
v -0.003291 0.003895 0.012668
v -0.006404 0.002479 0.010414
v -0.005853 -0.000137 0.010464
v -0.005916 0.002479 0.010967
v -0.005736 0.002479 0.009920
v -0.005853 -0.000137 0.010464
v -0.006404 0.002479 0.010414
v -0.005085 -0.000137 0.010289
v -0.005853 -0.000137 0.010464
v -0.005736 0.002479 0.009920
v -0.004945 0.002479 0.010190
v -0.005169 -0.000137 0.011015
v -0.005085 -0.000137 0.010289
v -0.004945 0.002479 0.010190
v -0.005063 0.002479 0.011204
v -0.005916 0.002479 0.010967
v -0.005853 -0.000137 0.010464
v -0.005169 -0.000137 0.011015
v -0.005063 0.002479 0.011204
v -0.003778 0.051769 0.002092
v -0.006823 0.051439 0.006726
v -0.007524 0.059514 0.005880
v -0.003746 0.057254 0.000865
v -0.003778 0.051769 0.002092
v -0.003746 0.057254 0.000865
v 0.002499 0.059952 0.001536
v 0.002372 0.052352 0.003217
v -0.003746 0.057254 0.000865
v -0.007524 0.059514 0.005880
v -0.006914 0.061673 0.000000
v -0.003910 0.057646 0.000000
v -0.003746 0.057254 0.000865
v -0.003910 0.057646 0.000000
v 0.002110 0.059969 0.000000
v 0.002499 0.059952 0.001536
v 0.000285 0.109226 0.003078
v -0.000024 0.108959 0.004249
v -0.000294 0.107743 0.002361
v 0.000560 0.108351 0.001796
v -0.000024 0.108959 0.004249
v -0.001920 0.107040 0.005724
v -0.001676 0.106327 0.002990
v -0.000294 0.107743 0.002361
v -0.005584 0.120320 0.003069
v -0.006271 0.121035 -0.000000
v -0.008230 0.117268 -0.000000
v -0.007543 0.117087 0.003189
v 0.004388 0.068944 0.007738
v 0.006234 0.068341 0.003899
v 0.006098 0.071182 0.003972
v 0.001504 0.064757 0.011673
v 0.004326 0.062818 0.008079
v 0.004388 0.068944 0.007738
v 0.001504 0.064757 0.011673
v 0.001063 0.070209 0.010352
v -0.005879 0.068738 0.009899
v -0.005879 0.068738 0.009899
v -0.005077 0.071764 0.009200
v -0.008356 0.071503 0.006064
v -0.008356 0.071503 0.006064
v -0.006950 0.074205 0.006082
v -0.008192 0.073320 0.002339
v -0.008356 0.112596 0.003328
v -0.008464 0.108106 0.003467
v -0.006654 0.108844 0.006134
v -0.006657 0.112810 0.005745
v -0.006657 0.112810 0.005745
v -0.006654 0.108844 0.006134
v -0.003673 0.110760 0.006183
v 0.003349 0.096157 -0.000000
v 0.003346 0.097227 0.002126
v 0.006914 0.092435 0.002251
v 0.006343 0.092231 -0.000000
v -0.009100 0.063806 0.000000
v -0.009220 0.063749 0.005099
v -0.009733 0.067547 0.002848
v -0.009940 0.067494 0.000000
v -0.009940 0.067494 0.000000
v -0.009733 0.067547 0.002848
v -0.009053 0.071044 0.002498
v -0.009445 0.071093 0.000000
v -0.009445 0.071093 0.000000
v -0.009053 0.071044 0.002498
v -0.008192 0.073320 0.002339
v -0.008047 0.073728 0.000000
v -0.008047 0.073728 0.000000
v -0.008192 0.073320 0.002339
v -0.006864 0.075693 0.002259
v -0.007080 0.076176 -0.000000
v -0.007080 0.076176 -0.000000
v -0.006864 0.075693 0.002259
v -0.004997 0.079523 0.002273
v -0.005363 0.079586 -0.000000
v -0.005489 0.083627 -0.000000
v -0.005094 0.083595 0.002500
v -0.007476 0.089841 0.003057
v -0.007325 0.090252 -0.000000
v 0.005924 0.108878 0.001166
v 0.005558 0.108075 0.001441
v 0.005939 0.107825 -0.000000
v 0.006229 0.108703 -0.000000
v 0.006752 0.076988 -0.000000
v 0.006218 0.077435 0.003604
v 0.006069 0.073662 0.003563
v 0.006888 0.073526 -0.000000
v 0.003858 0.120902 0.002127
v 0.006062 0.117905 0.002697
v 0.005470 0.119255 -0.000000
v 0.004119 0.121353 -0.000000
v 0.005186 0.117783 -0.000000
v 0.005457 0.115903 0.002777
v 0.004462 0.115972 0.001687
v 0.004034 0.116989 -0.000000
v 0.006400 0.083459 -0.000000
v 0.005947 0.084082 0.002678
v 0.006027 0.080265 0.002933
v 0.006868 0.080040 -0.000000
v -0.009602 0.108599 -0.000000
v -0.008464 0.108106 0.003467
v -0.008356 0.112596 0.003328
v -0.009262 0.112928 -0.000000
v -0.003125 0.014132 -0.012297
v -0.006493 0.014338 -0.011809
v -0.007029 0.021834 -0.012772
v -0.002817 0.021926 -0.013046
v -0.003125 0.014132 -0.012297
v -0.002817 0.021926 -0.013046
v -0.001094 0.021271 -0.010726
v -0.001286 0.014096 -0.010072
v -0.008042 0.021303 -0.010152
v -0.007029 0.021834 -0.012772
v -0.006493 0.014338 -0.011809
v -0.007758 0.014312 -0.010116
v -0.001094 0.021271 -0.010726
v -0.002470 0.020958 -0.007118
v -0.002634 0.014640 -0.008214
v -0.001286 0.014096 -0.010072
v -0.002470 0.020958 -0.007118
v -0.005927 0.020903 -0.006725
v -0.005971 0.014785 -0.008444
v -0.002634 0.014640 -0.008214
v -0.005927 0.020903 -0.006725
v -0.008042 0.021303 -0.010152
v -0.007758 0.014312 -0.010116
v -0.005971 0.014785 -0.008444
v -0.007029 0.021834 -0.012772
v -0.007653 0.028635 -0.012714
v -0.002197 0.029985 -0.012914
v -0.002817 0.021926 -0.013046
v -0.002817 0.021926 -0.013046
v -0.002197 0.029985 -0.012914
v -0.000039 0.029751 -0.010735
v -0.001094 0.021271 -0.010726
v -0.008042 0.021303 -0.010152
v -0.008507 0.028630 -0.009321
v -0.007653 0.028635 -0.012714
v -0.007029 0.021834 -0.012772
v -0.001094 0.021271 -0.010726
v -0.000039 0.029751 -0.010735
v -0.001387 0.028782 -0.006524
v -0.002470 0.020958 -0.007118
v -0.002470 0.020958 -0.007118
v -0.001387 0.028782 -0.006524
v -0.006286 0.028957 -0.006060
v -0.005927 0.020903 -0.006725
v -0.005927 0.020903 -0.006725
v -0.006286 0.028957 -0.006060
v -0.008507 0.028630 -0.009321
v -0.008042 0.021303 -0.010152
v -0.007653 0.028635 -0.012714
v -0.005052 0.035963 -0.012740
v -0.001732 0.036123 -0.012328
v -0.002197 0.029985 -0.012914
v -0.002197 0.029985 -0.012914
v -0.001732 0.036123 -0.012328
v 0.000580 0.035746 -0.009702
v -0.000039 0.029751 -0.010735
v -0.008507 0.028630 -0.009321
v -0.006330 0.035956 -0.009210
v -0.005052 0.035963 -0.012740
v -0.007653 0.028635 -0.012714
v -0.000039 0.029751 -0.010735
v 0.000580 0.035746 -0.009702
v -0.000845 0.035350 -0.005788
v -0.001387 0.028782 -0.006524
v -0.001387 0.028782 -0.006524
v -0.000845 0.035350 -0.005788
v -0.004793 0.035524 -0.005783
v -0.006286 0.028957 -0.006060
v -0.006286 0.028957 -0.006060
v -0.004793 0.035524 -0.005783
v -0.006330 0.035956 -0.009210
v -0.008507 0.028630 -0.009321
v -0.005052 0.035963 -0.012740
v -0.004182 0.038263 -0.012021
v -0.001154 0.037521 -0.012146
v -0.001732 0.036123 -0.012328
v -0.001732 0.036123 -0.012328
v -0.001154 0.037521 -0.012146
v 0.001541 0.037105 -0.009702
v 0.000580 0.035746 -0.009702
v -0.006330 0.035956 -0.009210
v -0.005306 0.038281 -0.008875
v -0.004182 0.038263 -0.012021
v -0.005052 0.035963 -0.012740
v 0.000580 0.035746 -0.009702
v 0.001541 0.037105 -0.009702
v -0.000311 0.037113 -0.005744
v -0.000845 0.035350 -0.005788
v -0.000845 0.035350 -0.005788
v -0.000311 0.037113 -0.005744
v -0.004178 0.037824 -0.005739
v -0.004793 0.035524 -0.005783
v -0.004793 0.035524 -0.005783
v -0.004178 0.037824 -0.005739
v -0.005306 0.038281 -0.008875
v -0.006330 0.035956 -0.009210
v -0.004182 0.038263 -0.012021
v -0.004642 0.039812 -0.011962
v -0.000738 0.039411 -0.012101
v -0.001154 0.037521 -0.012146
v -0.001154 0.037521 -0.012146
v -0.000738 0.039411 -0.012101
v 0.002073 0.039265 -0.009385
v 0.001541 0.037105 -0.009702
v -0.005306 0.038281 -0.008875
v -0.005691 0.039702 -0.008466
v -0.004642 0.039812 -0.011962
v -0.004182 0.038263 -0.012021
v 0.001541 0.037105 -0.009702
v 0.002073 0.039265 -0.009385
v 0.000574 0.039070 -0.005104
v -0.000311 0.037113 -0.005744
v -0.000311 0.037113 -0.005744
v 0.000574 0.039070 -0.005104
v -0.003923 0.039406 -0.005080
v -0.004178 0.037824 -0.005739
v -0.004178 0.037824 -0.005739
v -0.003923 0.039406 -0.005080
v -0.005691 0.039702 -0.008466
v -0.005306 0.038281 -0.008875
v -0.004642 0.039812 -0.011962
v -0.004876 0.045942 -0.011789
v -0.000090 0.045532 -0.012535
v -0.000738 0.039411 -0.012101
v -0.000738 0.039411 -0.012101
v -0.000090 0.045532 -0.012535
v 0.003276 0.046368 -0.008774
v 0.002073 0.039265 -0.009385
v -0.005691 0.039702 -0.008466
v -0.006702 0.046301 -0.007592
v -0.004876 0.045942 -0.011789
v -0.004642 0.039812 -0.011962
v 0.002073 0.039265 -0.009385
v 0.003276 0.046368 -0.008774
v 0.001467 0.046888 -0.003966
v 0.000574 0.039070 -0.005104
v 0.000574 0.039070 -0.005104
v 0.001467 0.046888 -0.003966
v -0.003775 0.047142 -0.003305
v -0.003923 0.039406 -0.005080
v -0.003923 0.039406 -0.005080
v -0.003775 0.047142 -0.003305
v -0.006702 0.046301 -0.007592
v -0.005691 0.039702 -0.008466
v -0.004876 0.045942 -0.011789
v -0.005155 0.052831 -0.011264
v 0.000576 0.052861 -0.012762
v -0.000090 0.045532 -0.012535
v 0.003276 0.046368 -0.008774
v -0.000090 0.045532 -0.012535
v 0.000576 0.052861 -0.012762
v 0.004289 0.052431 -0.008367
v -0.006702 0.046301 -0.007592
v -0.006823 0.051439 -0.006726
v -0.005155 0.052831 -0.011264
v -0.004876 0.045942 -0.011789
v -0.005060 0.059310 -0.010753
v -0.005856 0.064873 -0.010148
v 0.001504 0.064757 -0.011673
v 0.001225 0.059765 -0.011934
v 0.001225 0.059765 -0.011934
v 0.001504 0.064757 -0.011673
v 0.004326 0.062818 -0.008079
v 0.004573 0.058978 -0.007918
v -0.007524 0.059514 -0.005880
v -0.009220 0.063749 -0.005099
v -0.005856 0.064873 -0.010148
v -0.005060 0.059310 -0.010753
v 0.002499 0.059952 -0.001536
v 0.004969 0.064130 -0.003155
v 0.005460 0.064057 -0.000000
v 0.002110 0.059969 0.000000
v 0.002499 0.059952 -0.001536
v 0.004573 0.058978 -0.007918
v 0.004326 0.062818 -0.008079
v 0.004969 0.064130 -0.003155
v 0.004969 0.064130 -0.003155
v 0.006234 0.068341 -0.003899
v 0.006635 0.068213 -0.000000
v 0.005460 0.064057 -0.000000
v 0.004326 0.062818 -0.008079
v 0.004388 0.068944 -0.007738
v 0.006234 0.068341 -0.003899
v 0.004969 0.064130 -0.003155
v -0.005856 0.064873 -0.010148
v -0.005879 0.068738 -0.009899
v 0.001504 0.064757 -0.011673
v 0.001504 0.064757 -0.011673
v 0.001063 0.070209 -0.010352
v 0.004388 0.068944 -0.007738
v -0.009220 0.063749 -0.005099
v -0.008975 0.068108 -0.005542
v -0.005879 0.068738 -0.009899
v -0.005856 0.064873 -0.010148
v -0.008975 0.068108 -0.005542
v -0.008356 0.071503 -0.006064
v -0.005879 0.068738 -0.009899
v -0.005879 0.068738 -0.009899
v -0.005077 0.071764 -0.009200
v 0.001063 0.070209 -0.010352
v -0.009220 0.063749 -0.005099
v -0.009733 0.067547 -0.002848
v -0.008975 0.068108 -0.005542
v -0.009733 0.067547 -0.002848
v -0.009053 0.071044 -0.002498
v -0.008356 0.071503 -0.006064
v -0.008975 0.068108 -0.005542
v 0.006635 0.068213 -0.000000
v 0.006234 0.068341 -0.003899
v 0.006098 0.071182 -0.003972
v 0.007026 0.071868 -0.000000
v 0.004388 0.068944 -0.007738
v 0.003990 0.072182 -0.007408
v 0.006098 0.071182 -0.003972
v 0.001063 0.070209 -0.010352
v 0.000692 0.073401 -0.009668
v 0.003990 0.072182 -0.007408
v 0.004388 0.068944 -0.007738
v -0.005077 0.071764 -0.009200
v -0.008356 0.071503 -0.006064
v -0.006950 0.074205 -0.006082
v -0.003841 0.074310 -0.008266
v -0.005077 0.071764 -0.009200
v -0.003841 0.074310 -0.008266
v 0.000692 0.073401 -0.009668
v 0.001063 0.070209 -0.010352
v -0.009053 0.071044 -0.002498
v -0.008192 0.073320 -0.002339
v -0.008356 0.071503 -0.006064
v 0.007026 0.071868 -0.000000
v 0.006098 0.071182 -0.003972
v 0.006069 0.073662 -0.003563
v 0.006888 0.073526 -0.000000
v 0.003990 0.072182 -0.007408
v 0.004386 0.074418 -0.006847
v 0.006069 0.073662 -0.003563
v 0.006098 0.071182 -0.003972
v 0.000692 0.073401 -0.009668
v 0.000676 0.075730 -0.008303
v 0.004386 0.074418 -0.006847
v 0.003990 0.072182 -0.007408
v -0.006950 0.074205 -0.006082
v -0.005697 0.076359 -0.006158
v -0.003367 0.075868 -0.007409
v -0.003841 0.074310 -0.008266
v -0.003841 0.074310 -0.008266
v -0.003367 0.075868 -0.007409
v 0.000676 0.075730 -0.008303
v 0.000692 0.073401 -0.009668
v -0.006950 0.074205 -0.006082
v -0.008192 0.073320 -0.002339
v -0.006864 0.075693 -0.002259
v -0.005697 0.076359 -0.006158
v 0.006752 0.076988 -0.000000
v 0.006218 0.077435 -0.003604
v 0.006027 0.080265 -0.002933
v 0.006868 0.080040 -0.000000
v 0.004093 0.077909 -0.005630
v 0.004125 0.080526 -0.005425
v 0.006027 0.080265 -0.002933
v 0.006218 0.077435 -0.003604
v 0.000231 0.078579 -0.007796
v 0.000124 0.081032 -0.007416
v 0.004125 0.080526 -0.005425
v 0.004093 0.077909 -0.005630
v -0.005697 0.076359 -0.006158
v -0.003102 0.080386 -0.006126
v 0.000124 0.081032 -0.007416
v 0.000231 0.078579 -0.007796
v -0.005697 0.076359 -0.006158
v -0.006864 0.075693 -0.002259
v -0.004997 0.079523 -0.002273
v -0.003102 0.080386 -0.006126
v 0.005947 0.084082 -0.002678
v 0.006856 0.086337 -0.001832
v 0.006348 0.085471 -0.000000
v 0.006400 0.083459 -0.000000
v 0.004615 0.082945 -0.005537
v 0.004167 0.086379 -0.006825
v 0.005878 0.085843 -0.003827
v 0.005947 0.084082 -0.002678
v -0.000165 0.083726 -0.007581
v -0.000668 0.088333 -0.008148
v 0.004167 0.086379 -0.006825
v 0.004615 0.082945 -0.005537
v -0.003123 0.084123 -0.006438
v -0.004926 0.088779 -0.006881
v -0.000668 0.088333 -0.008148
v -0.000165 0.083726 -0.007581
v -0.005094 0.083595 -0.002500
v -0.007476 0.089841 -0.003057
v -0.004926 0.088779 -0.006881
v -0.003123 0.084123 -0.006438
v 0.006856 0.086337 -0.001832
v 0.007098 0.088710 -0.002296
v 0.006558 0.088459 -0.000000
v 0.006348 0.085471 -0.000000
v 0.004167 0.086379 -0.006825
v 0.003897 0.089577 -0.008058
v 0.006177 0.087537 -0.005021
v 0.005878 0.085843 -0.003827
v -0.000668 0.088333 -0.008148
v -0.001415 0.093155 -0.010130
v 0.003897 0.089577 -0.008058
v 0.004167 0.086379 -0.006825
v -0.004926 0.088779 -0.006881
v -0.005931 0.093895 -0.009916
v -0.001415 0.093155 -0.010130
v -0.000668 0.088333 -0.008148
v -0.007476 0.089841 -0.003057
v -0.009375 0.095848 -0.003317
v -0.008514 0.095035 -0.007137
v -0.004926 0.088779 -0.006881
v 0.006177 0.087537 -0.005021
v 0.007098 0.088710 -0.002296
v 0.006856 0.086337 -0.001832
v 0.005878 0.085843 -0.003827
v 0.006856 0.086337 -0.001832
v 0.005947 0.084082 -0.002678
v 0.005878 0.085843 -0.003827
v -0.004926 0.088779 -0.006881
v -0.008514 0.095035 -0.007137
v -0.007429 0.096777 -0.009719
v -0.005931 0.093895 -0.009916
v -0.008514 0.095035 -0.007137
v -0.007378 0.100760 -0.007834
v -0.007429 0.096777 -0.009719
v -0.007378 0.100760 -0.007834
v -0.004086 0.102129 -0.007967
v -0.004324 0.101616 -0.011332
v -0.006923 0.100051 -0.010819
v -0.004086 0.102129 -0.007967
v -0.000631 0.100377 -0.007911
v -0.001395 0.100258 -0.011409
v -0.004324 0.101616 -0.011332
v -0.000631 0.100377 -0.007911
v 0.003187 0.093966 -0.008575
v 0.000998 0.095904 -0.009746
v 0.003187 0.093966 -0.008575
v 0.003897 0.089577 -0.008058
v -0.001415 0.093155 -0.010130
v 0.000998 0.095904 -0.009746
v -0.005931 0.093895 -0.009916
v -0.005655 0.096552 -0.015180
v -0.002406 0.095484 -0.014199
v -0.001415 0.093155 -0.010130
v -0.007429 0.096777 -0.009719
v -0.007382 0.097900 -0.015008
v -0.005655 0.096552 -0.015180
v -0.005931 0.093895 -0.009916
v -0.006923 0.100051 -0.010819
v -0.006805 0.101008 -0.014325
v -0.007382 0.097900 -0.015008
v -0.007429 0.096777 -0.009719
v -0.004324 0.101616 -0.011332
v -0.004327 0.101899 -0.014363
v -0.006805 0.101008 -0.014325
v -0.006923 0.100051 -0.010819
v -0.001395 0.100258 -0.011409
v -0.001700 0.100524 -0.014273
v -0.004327 0.101899 -0.014363
v -0.004324 0.101616 -0.011332
v -0.000399 0.097384 -0.011375
v -0.001079 0.099015 -0.014382
v -0.001700 0.100524 -0.014273
v -0.001395 0.100258 -0.011409
v -0.001415 0.093155 -0.010130
v -0.002406 0.095484 -0.014199
v -0.001079 0.099015 -0.014382
v -0.000399 0.097384 -0.011375
v -0.005655 0.096552 -0.015180
v -0.005786 0.096076 -0.017671
v -0.002380 0.096346 -0.017215
v -0.002406 0.095484 -0.014199
v -0.007382 0.097900 -0.015008
v -0.007479 0.098884 -0.017615
v -0.005786 0.096076 -0.017671
v -0.005655 0.096552 -0.015180
v -0.006805 0.101008 -0.014325
v -0.006984 0.100798 -0.018471
v -0.007479 0.098884 -0.017615
v -0.007382 0.097900 -0.015008
v -0.004327 0.101899 -0.014363
v -0.004779 0.101513 -0.019323
v -0.006984 0.100798 -0.018471
v -0.006805 0.101008 -0.014325
v -0.001700 0.100524 -0.014273
v -0.002823 0.101010 -0.018431
v -0.004779 0.101513 -0.019323
v -0.004327 0.101899 -0.014363
v -0.001079 0.099015 -0.014382
v -0.001630 0.098711 -0.017793
v -0.002823 0.101010 -0.018431
v -0.001700 0.100524 -0.014273
v -0.002406 0.095484 -0.014199
v -0.002380 0.096346 -0.017215
v -0.001630 0.098711 -0.017793
v -0.001079 0.099015 -0.014382
v -0.005786 0.096076 -0.017671
v -0.005268 0.096345 -0.024305
v -0.002758 0.096926 -0.023901
v -0.002380 0.096346 -0.017215
v -0.007479 0.098884 -0.017615
v -0.007714 0.098040 -0.023562
v -0.005268 0.096345 -0.024305
v -0.005786 0.096076 -0.017671
v -0.006984 0.100798 -0.018471
v -0.007005 0.100519 -0.023636
v -0.007714 0.098040 -0.023562
v -0.007479 0.098884 -0.017615
v -0.004779 0.101513 -0.019323
v -0.005492 0.101554 -0.023492
v -0.007005 0.100519 -0.023636
v -0.006984 0.100798 -0.018471
v -0.002823 0.101010 -0.018431
v -0.003484 0.101150 -0.023295
v -0.005492 0.101554 -0.023492
v -0.004779 0.101513 -0.019323
v -0.001630 0.098711 -0.017793
v -0.002189 0.098847 -0.023427
v -0.003484 0.101150 -0.023295
v -0.002823 0.101010 -0.018431
v -0.002380 0.096346 -0.017215
v -0.002758 0.096926 -0.023901
v -0.002189 0.098847 -0.023427
v -0.001630 0.098711 -0.017793
v -0.005268 0.096345 -0.024305
v -0.005868 0.096995 -0.028457
v -0.003357 0.097536 -0.028244
v -0.002758 0.096926 -0.023901
v -0.007714 0.098040 -0.023562
v -0.007370 0.098684 -0.028929
v -0.005868 0.096995 -0.028457
v -0.005268 0.096345 -0.024305
v -0.007005 0.100519 -0.023636
v -0.007331 0.100193 -0.028992
v -0.007370 0.098684 -0.028929
v -0.007714 0.098040 -0.023562
v -0.005492 0.101554 -0.023492
v -0.005546 0.101395 -0.028335
v -0.007331 0.100193 -0.028992
v -0.007005 0.100519 -0.023636
v -0.003484 0.101150 -0.023295
v -0.003914 0.101260 -0.028416
v -0.005546 0.101395 -0.028335
v -0.005492 0.101554 -0.023492
v -0.002189 0.098847 -0.023427
v -0.002883 0.099351 -0.029177
v -0.003914 0.101260 -0.028416
v -0.003484 0.101150 -0.023295
v -0.002758 0.096926 -0.023901
v -0.003357 0.097536 -0.028244
v -0.002883 0.099351 -0.029177
v -0.002189 0.098847 -0.023427
v -0.005868 0.096995 -0.028457
v -0.005873 0.096670 -0.030312
v -0.003258 0.097063 -0.029411
v -0.003357 0.097536 -0.028244
v -0.007370 0.098684 -0.028929
v -0.007362 0.098463 -0.030513
v -0.005873 0.096670 -0.030312
v -0.005868 0.096995 -0.028457
v -0.007331 0.100193 -0.028992
v -0.007370 0.100323 -0.030783
v -0.007362 0.098463 -0.030513
v -0.007370 0.098684 -0.028929
v -0.005546 0.101395 -0.028335
v -0.005802 0.101319 -0.030531
v -0.007370 0.100323 -0.030783
v -0.007331 0.100193 -0.028992
v -0.003914 0.101260 -0.028416
v -0.003783 0.101268 -0.030141
v -0.005802 0.101319 -0.030531
v -0.005546 0.101395 -0.028335
v -0.002883 0.099351 -0.029177
v -0.002797 0.099566 -0.030382
v -0.003783 0.101268 -0.030141
v -0.003914 0.101260 -0.028416
v -0.003357 0.097536 -0.028244
v -0.003258 0.097063 -0.029411
v -0.002797 0.099566 -0.030382
v -0.002883 0.099351 -0.029177
v -0.005873 0.096670 -0.030312
v -0.004460 0.096356 -0.034544
v -0.002402 0.096625 -0.034265
v -0.003258 0.097063 -0.029411
v -0.007362 0.098463 -0.030513
v -0.006487 0.098279 -0.034673
v -0.004460 0.096356 -0.034544
v -0.005873 0.096670 -0.030312
v -0.007370 0.100323 -0.030783
v -0.006288 0.100504 -0.034867
v -0.006487 0.098279 -0.034673
v -0.007362 0.098463 -0.030513
v -0.005802 0.101319 -0.030531
v -0.004876 0.101640 -0.034921
v -0.006288 0.100504 -0.034867
v -0.007370 0.100323 -0.030783
v -0.003783 0.101268 -0.030141
v -0.002549 0.101591 -0.034582
v -0.004876 0.101640 -0.034921
v -0.005802 0.101319 -0.030531
v -0.002797 0.099566 -0.030382
v -0.001438 0.099044 -0.034033
v -0.002549 0.101591 -0.034582
v -0.003783 0.101268 -0.030141
v -0.003258 0.097063 -0.029411
v -0.002402 0.096625 -0.034265
v -0.001438 0.099044 -0.034033
v -0.002797 0.099566 -0.030382
v -0.002402 0.096625 -0.034265
v -0.004460 0.096356 -0.034544
v -0.003005 0.097613 -0.039493
v -0.001387 0.097848 -0.039266
v -0.004460 0.096356 -0.034544
v -0.006487 0.098279 -0.034673
v -0.004666 0.098540 -0.039567
v -0.003005 0.097613 -0.039493
v -0.006288 0.100504 -0.034867
v -0.004586 0.099954 -0.039869
v -0.004666 0.098540 -0.039567
v -0.006487 0.098279 -0.034673
v -0.004876 0.101640 -0.034921
v -0.003221 0.100892 -0.039949
v -0.004586 0.099954 -0.039869
v -0.006288 0.100504 -0.034867
v -0.002549 0.101591 -0.034582
v -0.001530 0.100858 -0.039724
v -0.003221 0.100892 -0.039949
v -0.004876 0.101640 -0.034921
v -0.002549 0.101591 -0.034582
v -0.001438 0.099044 -0.034033
v -0.000535 0.099050 -0.039197
v -0.001530 0.100858 -0.039724
v -0.001438 0.099044 -0.034033
v -0.002402 0.096625 -0.034265
v -0.001387 0.097848 -0.039266
v -0.000535 0.099050 -0.039197
v -0.002188 0.097880 -0.041913
v -0.001854 0.097953 -0.043400
v -0.000642 0.098160 -0.043275
v -0.000988 0.098100 -0.041732
v -0.003611 0.098385 -0.042628
v -0.003313 0.098410 -0.043870
v -0.001854 0.097953 -0.043400
v -0.002188 0.097880 -0.041913
v -0.003724 0.099582 -0.042645
v -0.003370 0.099523 -0.043937
v -0.003313 0.098410 -0.043870
v -0.003611 0.098385 -0.042628
v -0.002710 0.100541 -0.042609
v -0.002411 0.100406 -0.043918
v -0.003370 0.099523 -0.043937
v -0.003724 0.099582 -0.042645
v -0.001138 0.100526 -0.042375
v -0.000817 0.100351 -0.043569
v -0.002411 0.100406 -0.043918
v -0.002710 0.100541 -0.042609
v -0.000299 0.099048 -0.041592
v 0.000014 0.099058 -0.043217
v -0.000817 0.100351 -0.043569
v -0.001138 0.100526 -0.042375
v -0.000988 0.098100 -0.041732
v -0.000642 0.098160 -0.043275
v 0.000014 0.099058 -0.043217
v -0.000299 0.099048 -0.041592
v -0.001854 0.097953 -0.043400
v -0.001466 0.097776 -0.044410
v -0.000563 0.097666 -0.044218
v -0.000642 0.098160 -0.043275
v -0.003313 0.098410 -0.043870
v -0.003179 0.098157 -0.044987
v -0.001466 0.097776 -0.044410
v -0.001854 0.097953 -0.043400
v -0.003370 0.099523 -0.043937
v -0.003258 0.099249 -0.045320
v -0.003179 0.098157 -0.044987
v -0.003313 0.098410 -0.043870
v -0.002411 0.100406 -0.043918
v -0.002112 0.100253 -0.045608
v -0.003258 0.099249 -0.045320
v -0.003370 0.099523 -0.043937
v -0.000817 0.100351 -0.043569
v -0.000215 0.100109 -0.045171
v -0.002112 0.100253 -0.045608
v -0.002411 0.100406 -0.043918
v 0.000014 0.099058 -0.043217
v 0.000743 0.098711 -0.044483
v -0.000215 0.100109 -0.045171
v -0.000817 0.100351 -0.043569
v -0.000642 0.098160 -0.043275
v -0.000563 0.097666 -0.044218
v 0.000743 0.098711 -0.044483
v 0.000014 0.099058 -0.043217
v -0.003258 0.099249 -0.045320
v -0.003554 0.098935 -0.047535
v -0.003168 0.097585 -0.047591
v -0.003179 0.098157 -0.044987
v -0.002112 0.100253 -0.045608
v -0.002326 0.100005 -0.047865
v -0.003554 0.098935 -0.047535
v -0.003258 0.099249 -0.045320
v -0.000215 0.100109 -0.045171
v 0.000724 0.099507 -0.047646
v -0.002326 0.100005 -0.047865
v -0.002112 0.100253 -0.045608
v 0.000743 0.098711 -0.044483
v 0.001782 0.098040 -0.045579
v 0.001439 0.098461 -0.046564
v 0.000743 0.098711 -0.044483
v -0.000563 0.097666 -0.044218
v 0.000666 0.096648 -0.045185
v 0.001782 0.098040 -0.045579
v -0.001466 0.097776 -0.044410
v -0.001097 0.097340 -0.047076
v -0.000283 0.096540 -0.046128
v -0.001466 0.097776 -0.044410
v -0.003179 0.098157 -0.044987
v -0.003168 0.097585 -0.047591
v -0.001097 0.097340 -0.047076
v -0.000215 0.100109 -0.045171
v 0.000743 0.098711 -0.044483
v 0.001439 0.098461 -0.046564
v 0.000724 0.099507 -0.047646
v -0.000563 0.097666 -0.044218
v -0.001466 0.097776 -0.044410
v -0.000283 0.096540 -0.046128
v 0.000666 0.096648 -0.045185
v 0.000355 0.096921 -0.049607
v 0.001502 0.098079 -0.049674
v 0.001972 0.097339 -0.048059
v 0.000977 0.096381 -0.048354
v 0.001892 0.095622 -0.046118
v 0.002866 0.094909 -0.048373
v 0.003412 0.096026 -0.048710
v 0.002756 0.097368 -0.046607
v 0.000977 0.096381 -0.048354
v 0.001585 0.095138 -0.049363
v 0.002866 0.094909 -0.048373
v 0.001892 0.095622 -0.046118
v 0.002756 0.097368 -0.046607
v 0.003412 0.096026 -0.048710
v 0.002676 0.096064 -0.049622
v 0.001972 0.097339 -0.048059
v 0.001972 0.097339 -0.048059
v 0.002676 0.096064 -0.049622
v 0.001585 0.095138 -0.049363
v 0.000977 0.096381 -0.048354
v 0.002866 0.094909 -0.048373
v 0.003647 0.093889 -0.050031
v 0.004194 0.095006 -0.050368
v 0.003412 0.096026 -0.048710
v 0.001585 0.095138 -0.049363
v 0.002603 0.094313 -0.050597
v 0.003647 0.093889 -0.050031
v 0.002866 0.094909 -0.048373
v 0.003412 0.096026 -0.048710
v 0.004194 0.095006 -0.050368
v 0.003303 0.095393 -0.050948
v 0.002676 0.096064 -0.049622
v 0.002676 0.096064 -0.049622
v 0.003303 0.095393 -0.050948
v 0.002603 0.094313 -0.050597
v 0.001585 0.095138 -0.049363
v 0.004194 0.095006 -0.050368
v 0.003647 0.093889 -0.050031
v 0.002603 0.094313 -0.050597
v 0.003303 0.095393 -0.050948
v -0.003168 0.097585 -0.047591
v -0.003554 0.098935 -0.047535
v -0.003836 0.098903 -0.049715
v -0.003136 0.097609 -0.049893
v -0.003836 0.098903 -0.049715
v -0.003554 0.098935 -0.047535
v -0.002326 0.100005 -0.047865
v -0.002277 0.099381 -0.050294
v 0.000360 0.099018 -0.050306
v 0.000724 0.099507 -0.047646
v 0.001502 0.098079 -0.049674
v 0.001972 0.097339 -0.048059
v 0.001439 0.098461 -0.046564
v 0.001782 0.098040 -0.045579
v 0.002756 0.097368 -0.046607
v 0.001782 0.098040 -0.045579
v 0.000666 0.096648 -0.045185
v 0.001892 0.095622 -0.046118
v 0.002756 0.097368 -0.046607
v 0.000977 0.096381 -0.048354
v -0.000283 0.096540 -0.046128
v -0.001097 0.097340 -0.047076
v 0.000355 0.096921 -0.049607
v -0.001097 0.097340 -0.047076
v -0.003168 0.097585 -0.047591
v -0.003136 0.097609 -0.049893
v 0.000355 0.096921 -0.049607
v 0.000724 0.099507 -0.047646
v 0.001439 0.098461 -0.046564
v 0.001972 0.097339 -0.048059
v 0.001502 0.098079 -0.049674
v 0.001892 0.095622 -0.046118
v 0.000666 0.096648 -0.045185
v -0.000283 0.096540 -0.046128
v 0.000977 0.096381 -0.048354
v -0.002277 0.099381 -0.050294
v -0.002326 0.100005 -0.047865
v 0.000724 0.099507 -0.047646
v 0.000360 0.099018 -0.050306
v -0.003836 0.098903 -0.049715
v -0.003742 0.097925 -0.051700
v -0.002941 0.096713 -0.052085
v -0.003136 0.097609 -0.049893
v -0.002277 0.099381 -0.050294
v -0.002113 0.098563 -0.051942
v -0.003742 0.097925 -0.051700
v -0.003836 0.098903 -0.049715
v 0.000360 0.099018 -0.050306
v 0.000348 0.097718 -0.052686
v -0.002113 0.098563 -0.051942
v -0.002277 0.099381 -0.050294
v -0.003136 0.097609 -0.049893
v -0.002941 0.096713 -0.052085
v -0.001185 0.096960 -0.052075
v 0.000355 0.096921 -0.049607
v 0.000355 0.096921 -0.049607
v 0.001544 0.096239 -0.051790
v 0.001871 0.097261 -0.052060
v 0.001502 0.098079 -0.049674
v 0.001502 0.098079 -0.049674
v 0.001871 0.097261 -0.052060
v 0.000348 0.097718 -0.052686
v 0.000360 0.099018 -0.050306
v 0.000348 0.097718 -0.052686
v 0.000473 0.096303 -0.054899
v -0.001441 0.096639 -0.055131
v -0.001732 0.097357 -0.053957
v 0.001544 0.096239 -0.051790
v 0.001641 0.095202 -0.053365
v 0.002023 0.096076 -0.053874
v 0.001871 0.097261 -0.052060
v 0.001871 0.097261 -0.052060
v 0.002023 0.096076 -0.053874
v 0.000473 0.096303 -0.054899
v 0.000348 0.097718 -0.052686
v 0.000355 0.096921 -0.049607
v -0.001185 0.096960 -0.052075
v 0.001544 0.096239 -0.051790
v 0.001641 0.095202 -0.053365
v -0.001325 0.096213 -0.053441
v -0.001278 0.095578 -0.054573
v -0.001278 0.095578 -0.054573
v -0.001441 0.096639 -0.055131
v 0.000473 0.096303 -0.054899
v 0.001641 0.095202 -0.053365
v -0.001278 0.095578 -0.054573
v 0.000473 0.096303 -0.054899
v 0.002023 0.096076 -0.053874
v 0.000348 0.097718 -0.052686
v -0.001732 0.097357 -0.053957
v -0.002113 0.098563 -0.051942
v -0.002113 0.098563 -0.051942
v -0.001732 0.097357 -0.053957
v -0.003459 0.096815 -0.053342
v -0.003742 0.097925 -0.051700
v -0.003459 0.096815 -0.053342
v -0.002820 0.096215 -0.052912
v -0.002941 0.096713 -0.052085
v -0.003742 0.097925 -0.051700
v -0.002820 0.096215 -0.052912
v -0.001325 0.096213 -0.053441
v -0.001185 0.096960 -0.052075
v -0.002941 0.096713 -0.052085
v -0.001185 0.096960 -0.052075
v -0.001325 0.096213 -0.053441
v 0.001641 0.095202 -0.053365
v 0.001544 0.096239 -0.051790
v -0.002820 0.096215 -0.052912
v -0.003459 0.096815 -0.053342
v -0.001732 0.097357 -0.053957
v -0.001325 0.096213 -0.053441
v -0.001325 0.096213 -0.053441
v -0.001732 0.097357 -0.053957
v -0.001441 0.096639 -0.055131
v -0.001278 0.095578 -0.054573
v 0.003346 0.097227 -0.002126
v 0.000194 0.100853 -0.002323
v 0.000901 0.100641 -0.000000
v 0.003349 0.096157 -0.000000
v 0.003187 0.093966 -0.008575
v -0.000631 0.100377 -0.007911
v -0.000180 0.100290 -0.005933
v 0.003436 0.096513 -0.005494
v 0.003436 0.096513 -0.005494
v -0.000180 0.100290 -0.005933
v 0.003346 0.097227 -0.002126
v -0.000631 0.100377 -0.007911
v -0.004086 0.102129 -0.007967
v -0.003979 0.102152 -0.006252
v -0.000180 0.100290 -0.005933
v -0.000180 0.100290 -0.005933
v -0.003979 0.102152 -0.006252
v -0.002443 0.102986 -0.003564
v 0.000194 0.100853 -0.002323
v -0.004086 0.102129 -0.007967
v -0.007378 0.100760 -0.007834
v -0.007380 0.101377 -0.005050
v -0.003979 0.102152 -0.006252
v -0.003979 0.102152 -0.006252
v -0.007380 0.101377 -0.005050
v -0.005306 0.103983 -0.002316
v -0.002443 0.102986 -0.003564
v -0.009375 0.095848 -0.003317
v -0.007380 0.101377 -0.005050
v -0.007378 0.100760 -0.007834
v -0.008514 0.095035 -0.007137
v -0.005306 0.103983 -0.002316
v -0.007380 0.101377 -0.005050
v -0.007632 0.100938 -0.000000
v -0.005543 0.104332 -0.000000
v -0.009375 0.095848 -0.003317
v -0.009444 0.095431 -0.000000
v -0.007632 0.100938 -0.000000
v -0.007380 0.101377 -0.005050
v 0.000194 0.100853 -0.002323
v -0.000154 0.104076 -0.001479
v 0.000745 0.103589 -0.000000
v 0.000901 0.100641 -0.000000
v -0.002443 0.102986 -0.003564
v -0.001920 0.105664 -0.003206
v -0.000154 0.104076 -0.001479
v 0.000194 0.100853 -0.002323
v -0.005306 0.103983 -0.002316
v -0.004518 0.106879 -0.002320
v -0.001920 0.105664 -0.003206
v -0.002443 0.102986 -0.003564
v -0.000154 0.104076 -0.001479
v 0.001060 0.105797 -0.001529
v 0.001503 0.105235 -0.000000
v 0.000745 0.103589 -0.000000
v -0.000154 0.104076 -0.001479
v 0.000359 0.106901 -0.002808
v 0.001060 0.105797 -0.001529
v -0.004518 0.106879 -0.002320
v -0.004466 0.109574 -0.002385
v -0.001711 0.108292 -0.003207
v -0.001920 0.105664 -0.003206
v 0.000359 0.106901 -0.002808
v -0.000154 0.104076 -0.001479
v -0.001920 0.105664 -0.003206
v -0.001711 0.108292 -0.003207
v 0.001503 0.105235 -0.000000
v 0.001060 0.105797 -0.001529
v 0.005204 0.106609 -0.002075
v 0.005908 0.105902 -0.000000
v 0.000359 0.106901 -0.002808
v 0.003660 0.108065 -0.003580
v 0.005204 0.106609 -0.002075
v 0.001060 0.105797 -0.001529
v 0.005558 0.108075 -0.001441
v 0.004747 0.108710 -0.003021
v 0.005226 0.109087 -0.001845
v 0.005924 0.108878 -0.001167
v 0.005924 0.108878 -0.001167
v 0.005226 0.109087 -0.001845
v 0.006039 0.109035 -0.000000
v 0.006229 0.108703 -0.000000
v 0.006039 0.109035 -0.000000
v 0.005226 0.109087 -0.001845
v 0.006122 0.109496 -0.000965
v 0.006389 0.109427 -0.000000
v 0.005226 0.109087 -0.001845
v 0.004756 0.110731 -0.003687
v 0.005897 0.110797 -0.001280
v 0.006122 0.109496 -0.000965
v 0.006122 0.109496 -0.000965
v 0.005897 0.110797 -0.001280
v 0.006223 0.110658 -0.000000
v 0.006389 0.109427 -0.000000
v 0.006223 0.110658 -0.000000
v 0.005897 0.110797 -0.001280
v 0.006844 0.111299 -0.000624
v 0.007159 0.111430 -0.000000
v 0.006844 0.111299 -0.000624
v 0.005194 0.113913 -0.000181
v 0.005636 0.113968 -0.000000
v 0.007159 0.111430 -0.000000
v 0.005194 0.113913 -0.000181
v 0.005369 0.115061 -0.001318
v 0.005506 0.114830 -0.000000
v 0.005636 0.113968 -0.000000
v 0.005369 0.115061 -0.001318
v 0.004931 0.116251 -0.001545
v 0.004952 0.116554 -0.000000
v 0.005506 0.114830 -0.000000
v 0.006844 0.111299 -0.000624
v 0.005897 0.110797 -0.001280
v 0.005651 0.112372 -0.000908
v 0.004538 0.113525 -0.001997
v 0.004740 0.114826 -0.002899
v 0.005369 0.115061 -0.001318
v 0.005194 0.113913 -0.000181
v 0.004538 0.113525 -0.001997
v 0.003821 0.113314 -0.004089
v 0.004127 0.114318 -0.003667
v 0.004740 0.114826 -0.002899
v 0.006844 0.111299 -0.000624
v 0.005651 0.112372 -0.000908
v 0.005194 0.113913 -0.000181
v 0.005651 0.112372 -0.000908
v 0.004538 0.113525 -0.001997
v 0.005194 0.113913 -0.000181
v 0.005651 0.112372 -0.000908
v 0.004361 0.112064 -0.003959
v 0.003821 0.113314 -0.004089
v 0.004538 0.113525 -0.001997
v 0.005897 0.110797 -0.001280
v 0.004756 0.110731 -0.003687
v 0.004361 0.112064 -0.003959
v 0.005651 0.112372 -0.000908
v 0.004747 0.108710 -0.003021
v 0.005558 0.108075 -0.001441
v 0.005204 0.106609 -0.002075
v 0.003660 0.108065 -0.003580
v 0.005204 0.106609 -0.002075
v 0.005558 0.108075 -0.001441
v 0.005939 0.107825 -0.000000
v 0.005908 0.105902 -0.000000
v 0.004756 0.110731 -0.003687
v 0.005226 0.109087 -0.001845
v 0.004747 0.108710 -0.003021
v 0.004756 0.110731 -0.003687
v 0.002784 0.110207 -0.004659
v 0.002522 0.111932 -0.004911
v 0.004361 0.112064 -0.003959
v 0.004747 0.108710 -0.003021
v 0.003660 0.108065 -0.003580
v 0.002784 0.110207 -0.004659
v 0.004756 0.110731 -0.003687
v -0.001711 0.108292 -0.003207
v 0.000311 0.109515 -0.004346
v 0.000359 0.106901 -0.002808
v 0.004740 0.114826 -0.002899
v 0.004313 0.116246 -0.002981
v 0.004931 0.116251 -0.001545
v 0.005369 0.115061 -0.001318
v 0.004127 0.114318 -0.003667
v 0.003469 0.115974 -0.004043
v 0.004313 0.116246 -0.002981
v 0.004740 0.114826 -0.002899
v 0.003821 0.113314 -0.004089
v 0.002326 0.113492 -0.005015
v 0.003469 0.115974 -0.004043
v 0.004127 0.114318 -0.003667
v 0.004361 0.112064 -0.003959
v 0.002522 0.111932 -0.004911
v 0.002326 0.113492 -0.005015
v 0.003821 0.113314 -0.004089
v 0.004931 0.116251 -0.001545
v 0.003052 0.119330 -0.001995
v 0.003333 0.119517 -0.000000
v 0.004952 0.116554 -0.000000
v 0.004313 0.116246 -0.002981
v 0.001849 0.118578 -0.002942
v 0.003052 0.119330 -0.001995
v 0.004931 0.116251 -0.001545
v 0.003469 0.115974 -0.004043
v 0.000601 0.116690 -0.004638
v 0.001849 0.118578 -0.002942
v 0.004313 0.116246 -0.002981
v 0.002326 0.113492 -0.005015
v -0.000588 0.114099 -0.004917
v 0.000601 0.116690 -0.004638
v 0.003469 0.115974 -0.004043
v 0.002522 0.111932 -0.004911
v -0.000069 0.112426 -0.005271
v -0.000588 0.114099 -0.004917
v 0.002326 0.113492 -0.005015
v 0.000359 0.106901 -0.002808
v 0.000311 0.109515 -0.004346
v 0.002784 0.110207 -0.004659
v 0.003660 0.108065 -0.003580
v 0.000311 0.109515 -0.004346
v -0.000218 0.110924 -0.004637
v 0.002522 0.111932 -0.004911
v 0.002784 0.110207 -0.004659
v 0.002522 0.111932 -0.004911
v -0.000218 0.110924 -0.004637
v -0.000069 0.112426 -0.005271
v -0.001711 0.108292 -0.003207
v -0.001810 0.110544 -0.004098
v -0.000218 0.110924 -0.004637
v 0.000311 0.109515 -0.004346
v 0.003052 0.119330 -0.001995
v -0.000924 0.120904 -0.001995
v -0.000901 0.121164 -0.000000
v 0.003333 0.119517 -0.000000
v 0.001849 0.118578 -0.002942
v -0.001094 0.119846 -0.002985
v -0.000924 0.120904 -0.001995
v 0.003052 0.119330 -0.001995
v 0.000601 0.116690 -0.004638
v -0.002016 0.116928 -0.004748
v -0.001094 0.119846 -0.002985
v 0.001849 0.118578 -0.002942
v -0.000588 0.114099 -0.004917
v -0.002084 0.114110 -0.004788
v -0.002016 0.116928 -0.004748
v 0.000601 0.116690 -0.004638
v -0.004466 0.109574 -0.002385
v -0.005080 0.111217 -0.002362
v -0.001810 0.110544 -0.004098
v -0.001711 0.108292 -0.003207
v -0.000924 0.120904 -0.001995
v -0.005182 0.118876 -0.001995
v -0.005346 0.119078 -0.000000
v -0.000901 0.121164 -0.000000
v -0.001094 0.119846 -0.002985
v -0.004577 0.117561 -0.004082
v -0.005182 0.118876 -0.001995
v -0.000924 0.120904 -0.001995
v -0.002016 0.116928 -0.004748
v -0.003344 0.115582 -0.004778
v -0.004577 0.117561 -0.004082
v -0.001094 0.119846 -0.002985
v -0.002084 0.114110 -0.004788
v -0.003344 0.115582 -0.004778
v -0.002016 0.116928 -0.004748
v -0.002084 0.114110 -0.004788
v -0.002646 0.112741 -0.005095
v -0.004118 0.113344 -0.004515
v -0.003344 0.115582 -0.004778
v -0.002646 0.112741 -0.005095
v -0.001810 0.110544 -0.004098
v -0.005080 0.111217 -0.002362
v -0.004118 0.113344 -0.004515
v -0.000069 0.112426 -0.005271
v -0.002575 0.112666 -0.005169
v -0.001784 0.114211 -0.005902
v -0.000588 0.114099 -0.004917
v -0.000218 0.110924 -0.004637
v -0.001398 0.110863 -0.004852
v -0.002575 0.112666 -0.005169
v -0.000069 0.112426 -0.005271
v -0.002575 0.112666 -0.005169
v -0.002646 0.112741 -0.005095
v -0.002084 0.114110 -0.004788
v -0.001784 0.114211 -0.005902
v -0.001398 0.110863 -0.004852
v -0.001810 0.110544 -0.004098
v -0.002646 0.112741 -0.005095
v -0.002575 0.112666 -0.005169
v -0.002084 0.114110 -0.004788
v -0.000588 0.114099 -0.004917
v -0.001784 0.114211 -0.005902
v -0.000218 0.110924 -0.004637
v -0.001810 0.110544 -0.004098
v -0.001398 0.110863 -0.004852
v -0.005182 0.118876 -0.001995
v -0.006956 0.115293 -0.002358
v -0.007148 0.115315 -0.000000
v -0.005346 0.119078 -0.000000
v -0.004577 0.117561 -0.004082
v -0.005218 0.115308 -0.004082
v -0.006956 0.115293 -0.002358
v -0.005182 0.118876 -0.001995
v -0.006956 0.115293 -0.002358
v -0.005080 0.111217 -0.002362
v -0.006569 0.111351 -0.000000
v -0.007148 0.115315 -0.000000
v -0.005080 0.111217 -0.002362
v -0.006956 0.115293 -0.002358
v -0.005218 0.115308 -0.004082
v -0.004118 0.113344 -0.004515
v -0.005218 0.115308 -0.004082
v -0.004577 0.117561 -0.004082
v -0.003344 0.115582 -0.004778
v -0.004118 0.113344 -0.004515
v -0.006493 0.014338 -0.011809
v -0.006291 0.010138 -0.011576
v -0.007456 0.010088 -0.010139
v -0.007758 0.014312 -0.010116
v -0.001286 0.014096 -0.010072
v -0.001800 0.010461 -0.010001
v -0.003398 0.010042 -0.011958
v -0.003125 0.014132 -0.012297
v -0.003125 0.014132 -0.012297
v -0.003398 0.010042 -0.011958
v -0.006291 0.010138 -0.011576
v -0.006493 0.014338 -0.011809
v -0.002634 0.014640 -0.008214
v -0.003375 0.010421 -0.008502
v -0.001800 0.010461 -0.010001
v -0.001286 0.014096 -0.010072
v -0.005971 0.014785 -0.008444
v -0.006269 0.010130 -0.008670
v -0.003375 0.010421 -0.008502
v -0.002634 0.014640 -0.008214
v -0.007758 0.014312 -0.010116
v -0.007456 0.010088 -0.010139
v -0.006269 0.010130 -0.008670
v -0.005971 0.014785 -0.008444
v -0.006291 0.010138 -0.011576
v -0.006095 0.007802 -0.012093
v -0.007735 0.008057 -0.010383
v -0.007456 0.010088 -0.010139
v -0.001800 0.010461 -0.010001
v -0.000863 0.008570 -0.010005
v -0.002972 0.007295 -0.012295
v -0.003398 0.010042 -0.011958
v -0.003398 0.010042 -0.011958
v -0.002972 0.007295 -0.012295
v -0.006095 0.007802 -0.012093
v -0.006291 0.010138 -0.011576
v -0.003375 0.010421 -0.008502
v -0.002858 0.008228 -0.008062
v -0.000863 0.008570 -0.010005
v -0.001800 0.010461 -0.010001
v -0.006269 0.010130 -0.008670
v -0.006575 0.008326 -0.008526
v -0.002858 0.008228 -0.008062
v -0.003375 0.010421 -0.008502
v -0.007456 0.010088 -0.010139
v -0.007735 0.008057 -0.010383
v -0.006575 0.008326 -0.008526
v -0.006269 0.010130 -0.008670
v -0.006095 0.007802 -0.012093
v -0.006323 0.005763 -0.012186
v -0.008123 0.006066 -0.010101
v -0.007735 0.008057 -0.010383
v -0.002972 0.007295 -0.012295
v -0.002979 0.004696 -0.012981
v -0.006323 0.005763 -0.012186
v -0.006095 0.007802 -0.012093
v -0.006575 0.008326 -0.008526
v -0.005921 0.006584 -0.008147
v -0.003110 0.005395 -0.008761
v -0.002858 0.008228 -0.008062
v -0.007735 0.008057 -0.010383
v -0.008123 0.006066 -0.010101
v -0.005921 0.006584 -0.008147
v -0.006575 0.008326 -0.008526
v -0.000863 0.008570 -0.010005
v 0.003107 0.004321 -0.010159
v 0.000269 0.004297 -0.013033
v -0.002972 0.007295 -0.012295
v -0.002858 0.008228 -0.008062
v 0.001109 0.004420 -0.007873
v 0.003107 0.004321 -0.010159
v -0.000863 0.008570 -0.010005
v -0.002972 0.007295 -0.012295
v 0.000269 0.004297 -0.013033
v 0.001057 0.001909 -0.014324
v -0.002979 0.004696 -0.012981
v -0.003110 0.005395 -0.008761
v 0.001022 0.001069 -0.007640
v 0.001109 0.004420 -0.007873
v -0.002858 0.008228 -0.008062
v 0.003107 0.004321 -0.010159
v 0.006724 0.002615 -0.010740
v 0.004482 0.002105 -0.013243
v 0.000269 0.004297 -0.013033
v 0.001109 0.004420 -0.007873
v 0.005719 0.002135 -0.009117
v 0.006724 0.002615 -0.010740
v 0.003107 0.004321 -0.010159
v 0.000269 0.004297 -0.013033
v 0.004482 0.002105 -0.013243
v 0.005416 0.000819 -0.014510
v 0.001057 0.001909 -0.014324
v 0.001022 0.001069 -0.007640
v 0.005866 0.000568 -0.007798
v 0.005719 0.002135 -0.009117
v 0.001109 0.004420 -0.007873
v 0.006724 0.002615 -0.010740
v 0.007537 0.001724 -0.012010
v 0.004482 0.002105 -0.013243
v 0.005719 0.002135 -0.009117
v 0.007593 0.001714 -0.009651
v 0.007537 0.001724 -0.012010
v 0.006724 0.002615 -0.010740
v 0.004482 0.002105 -0.013243
v 0.007537 0.001724 -0.012010
v 0.007929 0.000863 -0.012442
v 0.005416 0.000819 -0.014510
v 0.005866 0.000568 -0.007798
v 0.007965 0.000663 -0.009204
v 0.007593 0.001714 -0.009651
v 0.005719 0.002135 -0.009117
v 0.007965 0.000663 -0.009204
v 0.007929 0.000863 -0.012442
v 0.007537 0.001724 -0.012010
v 0.007593 0.001714 -0.009651
v -0.006323 0.005763 -0.012186
v -0.006021 0.004436 -0.011909
v -0.007584 0.004436 -0.010138
v -0.008123 0.006066 -0.010101
v -0.002979 0.004696 -0.012981
v -0.003291 0.003895 -0.012667
v -0.006021 0.004436 -0.011909
v -0.006323 0.005763 -0.012186
v -0.005921 0.006584 -0.008147
v -0.005446 0.004436 -0.008559
v -0.002914 0.003895 -0.009422
v -0.003110 0.005395 -0.008761
v -0.008123 0.006066 -0.010101
v -0.007584 0.004436 -0.010138
v -0.005446 0.004436 -0.008559
v -0.005921 0.006584 -0.008147
v 0.001057 0.001909 -0.014324
v -0.000611 0.001145 -0.013795
v -0.003291 0.003895 -0.012667
v -0.002979 0.004696 -0.012981
v -0.003110 0.005395 -0.008761
v -0.002914 0.003895 -0.009422
v 0.000808 0.000442 -0.008712
v 0.001022 0.001069 -0.007640
v 0.005416 0.000819 -0.014510
v 0.004958 -0.000035 -0.013873
v -0.000611 0.001145 -0.013795
v 0.001057 0.001909 -0.014324
v 0.001022 0.001069 -0.007640
v 0.000808 0.000442 -0.008712
v 0.005598 -0.000165 -0.008785
v 0.005866 0.000568 -0.007798
v 0.007929 0.000863 -0.012442
v 0.007229 0.000342 -0.012277
v 0.004958 -0.000035 -0.013873
v 0.005416 0.000819 -0.014510
v 0.005866 0.000568 -0.007798
v 0.005598 -0.000165 -0.008785
v 0.007204 0.000194 -0.009398
v 0.007965 0.000663 -0.009204
v 0.007965 0.000663 -0.009204
v 0.007204 0.000194 -0.009398
v 0.007229 0.000342 -0.012277
v 0.007929 0.000863 -0.012442
v 0.000808 0.000442 -0.008712
v -0.000611 0.001145 -0.013795
v 0.004958 -0.000035 -0.013873
v 0.005598 -0.000165 -0.008785
v 0.005598 -0.000165 -0.008785
v 0.004958 -0.000035 -0.013873
v 0.007229 0.000342 -0.012277
v 0.007204 0.000194 -0.009398
v -0.002914 0.003895 -0.009422
v -0.003291 0.003895 -0.012667
v -0.000611 0.001145 -0.013795
v 0.000808 0.000442 -0.008712
v -0.007476 0.089841 -0.003057
v -0.007325 0.090252 -0.000000
v -0.009444 0.095431 -0.000000
v -0.009375 0.095848 -0.003317
v -0.005306 0.103983 -0.002316
v -0.005543 0.104332 -0.000000
v -0.005110 0.106879 -0.000000
v -0.004518 0.106879 -0.002320
v -0.005110 0.106879 -0.000000
v -0.005099 0.109574 -0.000000
v -0.004466 0.109574 -0.002385
v -0.004518 0.106879 -0.002320
v -0.005099 0.109574 -0.000000
v -0.006569 0.111351 -0.000000
v -0.005080 0.111217 -0.002362
v -0.004466 0.109574 -0.002385
v 0.003897 0.089577 -0.008058
v 0.007316 0.090354 -0.006630
v 0.006177 0.087537 -0.005021
v 0.006177 0.087537 -0.005021
v 0.007316 0.090354 -0.006630
v 0.008125 0.090836 -0.004791
v 0.007098 0.088710 -0.002296
v 0.003187 0.093966 -0.008575
v 0.006171 0.092097 -0.007308
v 0.007316 0.090354 -0.006630
v 0.003897 0.089577 -0.008058
v 0.003346 0.097227 -0.002126
v 0.006914 0.092435 -0.002251
v 0.007008 0.093240 -0.005379
v 0.003436 0.096513 -0.005494
v 0.008125 0.090836 -0.004791
v 0.007316 0.090354 -0.006630
v 0.006171 0.092097 -0.007308
v 0.007008 0.093240 -0.005379
v 0.004573 0.058978 -0.007918
v 0.002499 0.059952 -0.001536
v 0.002372 0.052352 -0.003217
v 0.004289 0.052431 -0.008367
v -0.006823 0.051439 -0.006726
v -0.006702 0.046301 -0.007592
v -0.003775 0.047142 -0.003305
v -0.003778 0.051769 -0.002091
v -0.009220 0.063749 -0.005099
v -0.007524 0.059514 -0.005880
v -0.006914 0.061673 0.000000
v -0.009100 0.063806 0.000000
v 0.006218 0.077435 -0.003604
v 0.006069 0.073662 -0.003563
v 0.004386 0.074418 -0.006847
v 0.004093 0.077909 -0.005630
v 0.004093 0.077909 -0.005630
v 0.004386 0.074418 -0.006847
v 0.000676 0.075730 -0.008303
v 0.000231 0.078579 -0.007796
v 0.000231 0.078579 -0.007796
v 0.000676 0.075730 -0.008303
v -0.003367 0.075868 -0.007409
v -0.005697 0.076359 -0.006158
v -0.001387 0.097848 -0.039266
v -0.003005 0.097613 -0.039493
v -0.002188 0.097880 -0.041913
v -0.000988 0.098100 -0.041732
v -0.003005 0.097613 -0.039493
v -0.004666 0.098540 -0.039567
v -0.003611 0.098385 -0.042628
v -0.002188 0.097880 -0.041913
v -0.003611 0.098385 -0.042628
v -0.004666 0.098540 -0.039567
v -0.004586 0.099954 -0.039869
v -0.003724 0.099582 -0.042645
v -0.003724 0.099582 -0.042645
v -0.004586 0.099954 -0.039869
v -0.003221 0.100892 -0.039949
v -0.002710 0.100541 -0.042609
v -0.002710 0.100541 -0.042609
v -0.003221 0.100892 -0.039949
v -0.001530 0.100858 -0.039724
v -0.001138 0.100526 -0.042375
v -0.001530 0.100858 -0.039724
v -0.000535 0.099050 -0.039197
v -0.000299 0.099048 -0.041592
v -0.001138 0.100526 -0.042375
v -0.000535 0.099050 -0.039197
v -0.001387 0.097848 -0.039266
v -0.000988 0.098100 -0.041732
v -0.000299 0.099048 -0.041592
v 0.003858 0.120902 -0.002127
v -0.001322 0.121936 -0.002697
v -0.001301 0.122462 -0.000000
v 0.004119 0.121353 -0.000000
v 0.002437 0.119969 -0.004434
v -0.001493 0.120328 -0.003924
v -0.001322 0.121936 -0.002697
v 0.003858 0.120902 -0.002127
v 0.000204 0.118029 -0.005585
v -0.002416 0.118173 -0.005557
v -0.001493 0.120328 -0.003924
v 0.002437 0.119969 -0.004434
v -0.001301 0.122462 -0.000000
v -0.001322 0.121936 -0.002697
v -0.005584 0.120320 -0.003069
v -0.006271 0.121035 -0.000000
v -0.001493 0.120328 -0.003924
v -0.004978 0.118806 -0.004893
v -0.005584 0.120320 -0.003069
v -0.001322 0.121936 -0.002697
v -0.004978 0.118806 -0.004893
v -0.005953 0.116776 -0.005357
v -0.007543 0.117087 -0.003189
v -0.005584 0.120320 -0.003069
v 0.003858 0.120902 -0.002127
v 0.006062 0.117905 -0.002697
v 0.003741 0.117796 -0.004074
v 0.002437 0.119969 -0.004434
v 0.005457 0.115903 -0.002777
v 0.004462 0.115972 -0.001687
v 0.003668 0.115243 -0.003172
v 0.004418 0.115169 -0.004388
v 0.000204 0.118029 -0.005585
v 0.002437 0.119969 -0.004434
v 0.003741 0.117796 -0.004074
v 0.004418 0.115169 -0.004388
v -0.002416 0.118173 -0.005557
v -0.004978 0.118806 -0.004893
v -0.001493 0.120328 -0.003924
v 0.000204 0.118029 -0.005585
v -0.000537 0.114494 -0.006619
v -0.002602 0.114830 -0.005812
v -0.002416 0.118173 -0.005557
v 0.003668 0.115243 -0.003172
v 0.001023 0.113048 -0.004382
v 0.001291 0.113143 -0.005507
v 0.004418 0.115169 -0.004388
v 0.004418 0.115169 -0.004388
v 0.001291 0.113143 -0.005507
v -0.000537 0.114494 -0.006619
v 0.000204 0.118029 -0.005585
v -0.002416 0.118173 -0.005557
v -0.002602 0.114830 -0.005812
v -0.005953 0.116776 -0.005357
v -0.004978 0.118806 -0.004893
v -0.007543 0.117087 -0.003189
v -0.008356 0.112596 -0.003328
v -0.009262 0.112928 -0.000000
v -0.008230 0.117268 -0.000000
v -0.005953 0.116776 -0.005357
v -0.006657 0.112810 -0.005746
v -0.008356 0.112596 -0.003328
v -0.007543 0.117087 -0.003189
v -0.000537 0.114494 -0.006619
v -0.001005 0.109769 -0.006985
v -0.003673 0.110760 -0.006184
v -0.002602 0.114830 -0.005812
v 0.001023 0.113048 -0.004382
v 0.000999 0.111440 -0.003801
v 0.001016 0.110277 -0.005494
v 0.001291 0.113143 -0.005507
v 0.001291 0.113143 -0.005507
v 0.001016 0.110277 -0.005494
v -0.001005 0.109769 -0.006985
v -0.000537 0.114494 -0.006619
v -0.002602 0.114830 -0.005812
v -0.003673 0.110760 -0.006184
v -0.006657 0.112810 -0.005746
v -0.005953 0.116776 -0.005357
v -0.008464 0.108106 -0.003468
v -0.006272 0.105339 -0.003699
v -0.007438 0.105597 -0.000000
v -0.009602 0.108599 -0.000000
v -0.006654 0.108844 -0.006134
v -0.005047 0.105434 -0.005147
v -0.006272 0.105339 -0.003699
v -0.008464 0.108106 -0.003468
v -0.001005 0.109769 -0.006985
v -0.001920 0.107040 -0.005724
v -0.003534 0.106399 -0.006074
v -0.003673 0.110760 -0.006184
v 0.000999 0.111440 -0.003801
v 0.000285 0.109226 -0.003078
v -0.000024 0.108959 -0.004250
v 0.001016 0.110277 -0.005494
v 0.001016 0.110277 -0.005494
v -0.000024 0.108959 -0.004250
v -0.001920 0.107040 -0.005724
v -0.001005 0.109769 -0.006985
v -0.003673 0.110760 -0.006184
v -0.003534 0.106399 -0.006074
v -0.005047 0.105434 -0.005147
v -0.006654 0.108844 -0.006134
v -0.006272 0.105339 -0.003699
v -0.003508 0.106033 -0.002547
v -0.004325 0.105906 -0.000000
v -0.007438 0.105597 -0.000000
v -0.006272 0.105339 -0.003699
v -0.005047 0.105434 -0.005147
v -0.001676 0.106327 -0.002990
v -0.003508 0.106033 -0.002547
v -0.005047 0.105434 -0.005147
v -0.003534 0.106399 -0.006074
v -0.001920 0.107040 -0.005724
v -0.001676 0.106327 -0.002990
v -0.005169 -0.000137 -0.011015
v -0.005085 -0.000137 -0.010289
v -0.005853 -0.000137 -0.010464
v 0.001225 0.059765 -0.011934
v 0.000576 0.052861 -0.012762
v -0.005155 0.052831 -0.011264
v -0.005060 0.059310 -0.010753
v 0.004289 0.052431 -0.008367
v 0.000576 0.052861 -0.012762
v 0.001225 0.059765 -0.011934
v 0.004573 0.058978 -0.007918
v -0.005155 0.052831 -0.011264
v -0.006823 0.051439 -0.006726
v -0.007524 0.059514 -0.005880
v -0.005060 0.059310 -0.010753
v 0.004289 0.052431 -0.008367
v 0.002372 0.052352 -0.003217
v 0.001467 0.046888 -0.003966
v 0.003276 0.046368 -0.008774
v 0.002372 0.052352 -0.003217
v -0.003778 0.051769 -0.002091
v -0.003775 0.047142 -0.003305
v 0.001467 0.046888 -0.003966
v 0.005947 0.084082 -0.002678
v 0.006027 0.080265 -0.002933
v 0.004125 0.080526 -0.005425
v 0.004615 0.082945 -0.005537
v 0.004615 0.082945 -0.005537
v 0.004125 0.080526 -0.005425
v 0.000124 0.081032 -0.007416
v -0.000165 0.083726 -0.007581
v -0.000165 0.083726 -0.007581
v 0.000124 0.081032 -0.007416
v -0.003102 0.080386 -0.006126
v -0.003123 0.084123 -0.006438
v -0.003102 0.080386 -0.006126
v -0.004997 0.079523 -0.002273
v -0.005094 0.083595 -0.002500
v -0.003123 0.084123 -0.006438
v -0.005094 0.083595 -0.002500
v -0.004997 0.079523 -0.002273
v -0.005363 0.079586 -0.000000
v -0.005489 0.083627 -0.000000
v 0.007098 0.088710 -0.002296
v 0.008125 0.090836 -0.004791
v 0.007008 0.093240 -0.005379
v 0.006914 0.092435 -0.002251
v 0.007098 0.088710 -0.002296
v 0.006914 0.092435 -0.002251
v 0.006343 0.092231 -0.000000
v 0.006558 0.088459 -0.000000
v 0.003436 0.096513 -0.005494
v 0.007008 0.093240 -0.005379
v 0.006171 0.092097 -0.007308
v 0.003187 0.093966 -0.008575
v 0.003346 0.097227 -0.002126
v -0.000180 0.100290 -0.005933
v 0.000194 0.100853 -0.002323
v -0.000631 0.100377 -0.007911
v 0.000998 0.095904 -0.009746
v -0.000399 0.097384 -0.011375
v -0.001395 0.100258 -0.011409
v 0.000998 0.095904 -0.009746
v -0.001415 0.093155 -0.010130
v -0.000399 0.097384 -0.011375
v -0.007429 0.096777 -0.009719
v -0.007378 0.100760 -0.007834
v -0.006923 0.100051 -0.010819
v 0.006062 0.117905 -0.002697
v 0.005470 0.119255 -0.000000
v 0.005186 0.117783 -0.000000
v 0.005457 0.115903 -0.002777
v 0.004418 0.115169 -0.004388
v 0.003741 0.117796 -0.004074
v 0.006062 0.117905 -0.002697
v 0.005457 0.115903 -0.002777
v -0.006021 0.004436 -0.011909
v -0.005916 0.002479 -0.010967
v -0.006404 0.002479 -0.010414
v -0.007584 0.004436 -0.010138
v -0.005446 0.004436 -0.008559
v -0.007584 0.004436 -0.010138
v -0.006404 0.002479 -0.010414
v -0.005736 0.002479 -0.009920
v -0.005446 0.004436 -0.008559
v -0.005736 0.002479 -0.009920
v -0.004945 0.002479 -0.010190
v -0.002914 0.003895 -0.009422
v -0.002914 0.003895 -0.009422
v -0.004945 0.002479 -0.010190
v -0.005063 0.002479 -0.011204
v -0.003291 0.003895 -0.012667
v -0.006021 0.004436 -0.011909
v -0.003291 0.003895 -0.012667
v -0.005063 0.002479 -0.011204
v -0.005916 0.002479 -0.010967
v -0.006404 0.002479 -0.010414
v -0.005916 0.002479 -0.010967
v -0.005853 -0.000137 -0.010464
v -0.005736 0.002479 -0.009920
v -0.006404 0.002479 -0.010414
v -0.005853 -0.000137 -0.010464
v -0.005085 -0.000137 -0.010289
v -0.004945 0.002479 -0.010190
v -0.005736 0.002479 -0.009920
v -0.005853 -0.000137 -0.010464
v -0.005169 -0.000137 -0.011015
v -0.005063 0.002479 -0.011204
v -0.004945 0.002479 -0.010190
v -0.005085 -0.000137 -0.010289
v -0.005916 0.002479 -0.010967
v -0.005063 0.002479 -0.011204
v -0.005169 -0.000137 -0.011015
v -0.005853 -0.000137 -0.010464
v -0.003778 0.051769 -0.002091
v -0.003746 0.057254 -0.000865
v -0.007524 0.059514 -0.005880
v -0.006823 0.051439 -0.006726
v -0.003778 0.051769 -0.002091
v 0.002372 0.052352 -0.003217
v 0.002499 0.059952 -0.001536
v -0.003746 0.057254 -0.000865
v -0.003746 0.057254 -0.000865
v -0.003910 0.057646 0.000000
v -0.006914 0.061673 0.000000
v -0.007524 0.059514 -0.005880
v -0.003746 0.057254 -0.000865
v 0.002499 0.059952 -0.001536
v 0.002110 0.059969 0.000000
v -0.003910 0.057646 0.000000
v 0.000285 0.109226 -0.003078
v 0.000560 0.108351 -0.001796
v -0.000294 0.107743 -0.002361
v -0.000024 0.108959 -0.004250
v -0.000024 0.108959 -0.004250
v -0.000294 0.107743 -0.002361
v -0.001676 0.106327 -0.002990
v -0.001920 0.107040 -0.005724
v -0.005584 0.120320 -0.003069
v -0.007543 0.117087 -0.003189
v -0.008230 0.117268 -0.000000
v -0.006271 0.121035 -0.000000
v 0.004388 0.068944 -0.007738
v 0.006098 0.071182 -0.003972
v 0.006234 0.068341 -0.003899
v 0.001504 0.064757 -0.011673
v 0.004388 0.068944 -0.007738
v 0.004326 0.062818 -0.008079
v 0.001504 0.064757 -0.011673
v -0.005879 0.068738 -0.009899
v 0.001063 0.070209 -0.010352
v -0.005879 0.068738 -0.009899
v -0.008356 0.071503 -0.006064
v -0.005077 0.071764 -0.009200
v -0.008356 0.071503 -0.006064
v -0.008192 0.073320 -0.002339
v -0.006950 0.074205 -0.006082
v -0.008356 0.112596 -0.003328
v -0.006657 0.112810 -0.005746
v -0.006654 0.108844 -0.006134
v -0.008464 0.108106 -0.003468
v -0.006657 0.112810 -0.005746
v -0.003673 0.110760 -0.006184
v -0.006654 0.108844 -0.006134
v 0.003349 0.096157 -0.000000
v 0.006343 0.092231 -0.000000
v 0.006914 0.092435 -0.002251
v 0.003346 0.097227 -0.002126
v -0.009100 0.063806 0.000000
v -0.009940 0.067494 0.000000
v -0.009733 0.067547 -0.002848
v -0.009220 0.063749 -0.005099
v -0.009940 0.067494 0.000000
v -0.009445 0.071093 0.000000
v -0.009053 0.071044 -0.002498
v -0.009733 0.067547 -0.002848
v -0.009445 0.071093 0.000000
v -0.008047 0.073728 0.000000
v -0.008192 0.073320 -0.002339
v -0.009053 0.071044 -0.002498
v -0.008047 0.073728 0.000000
v -0.007080 0.076176 -0.000000
v -0.006864 0.075693 -0.002259
v -0.008192 0.073320 -0.002339
v -0.007080 0.076176 -0.000000
v -0.005363 0.079586 -0.000000
v -0.004997 0.079523 -0.002273
v -0.006864 0.075693 -0.002259
v -0.005489 0.083627 -0.000000
v -0.007325 0.090252 -0.000000
v -0.007476 0.089841 -0.003057
v -0.005094 0.083595 -0.002500
v 0.005924 0.108878 -0.001167
v 0.006229 0.108703 -0.000000
v 0.005939 0.107825 -0.000000
v 0.005558 0.108075 -0.001441
v 0.006752 0.076988 -0.000000
v 0.006888 0.073526 -0.000000
v 0.006069 0.073662 -0.003563
v 0.006218 0.077435 -0.003604
v 0.003858 0.120902 -0.002127
v 0.004119 0.121353 -0.000000
v 0.005470 0.119255 -0.000000
v 0.006062 0.117905 -0.002697
v 0.005186 0.117783 -0.000000
v 0.004034 0.116989 -0.000000
v 0.004462 0.115972 -0.001687
v 0.005457 0.115903 -0.002777
v 0.006400 0.083459 -0.000000
v 0.006868 0.080040 -0.000000
v 0.006027 0.080265 -0.002933
v 0.005947 0.084082 -0.002678
v -0.009602 0.108599 -0.000000
v -0.009262 0.112928 -0.000000
v -0.008356 0.112596 -0.003328
v -0.008464 0.108106 -0.003468
vn -0.1220 -0.1225 0.9849
vn -0.0627 -0.0930 0.9937
vn -0.0858 -0.1046 0.9908
vn -0.1503 -0.1365 0.9792
vn 0.7726 -0.0811 0.6297
vn 0.7679 -0.0785 0.6358
vn 0.7833 -0.0874 0.6154
vn 0.7874 -0.0897 0.6099
vn -0.9031 -0.1016 0.4172
vn -0.8002 -0.0356 0.5986
vn -0.8328 -0.0542 0.5509
vn -0.9185 -0.1143 0.3786
vn 0.9122 -0.0581 -0.4055
vn 0.8134 0.0312 -0.5808
vn 0.8553 -0.0022 -0.5182
vn 0.9335 -0.0847 -0.3485
vn 0.0549 -0.2394 -0.9694
vn -0.0751 -0.1686 -0.9828
vn -0.0160 -0.2014 -0.9794
vn 0.1127 -0.2694 -0.9564
vn -0.8154 -0.0691 -0.5747
vn -0.6395 -0.2036 -0.7413
vn -0.7321 -0.1395 -0.6667
vn -0.8522 -0.0319 -0.5222
vn -0.0549 0.0151 0.9984
vn -0.0655 0.0214 0.9976
vn -0.0480 0.0110 0.9988
vn -0.0379 0.0050 0.9993
vn 0.7703 -0.0869 0.6318
vn 0.7855 -0.0984 0.6110
vn 0.7259 -0.0552 0.6856
vn 0.7074 -0.0428 0.7055
vn -0.9398 -0.0671 0.3351
vn -0.9238 -0.0816 0.3740
vn -0.9605 -0.0450 0.2748
vn -0.9692 -0.0338 0.2441
vn 0.9363 -0.1430 -0.3209
vn 0.9276 -0.1542 -0.3403
vn 0.9470 -0.1279 -0.2947
vn 0.9532 -0.1184 -0.2781
vn 0.1059 -0.0805 -0.9911
vn 0.1136 -0.0768 -0.9906
vn 0.0970 -0.0848 -0.9917
vn 0.0909 -0.0878 -0.9920
vn -0.8419 -0.1032 -0.5297
vn -0.8514 -0.1122 -0.5124
vn -0.8292 -0.0917 -0.5514
vn -0.8196 -0.0833 -0.5668
vn 0.0010 0.0507 0.9987
vn -0.0610 0.0994 0.9932
vn 0.0492 0.0126 0.9987
vn 0.1253 -0.0480 0.9910
vn 0.7256 0.0335 0.6873
vn 0.7121 0.0473 0.7005
vn 0.7399 0.0183 0.6725
vn 0.7511 0.0061 0.6602
vn -0.9147 0.3103 0.2588
vn -0.9173 0.3248 0.2305
vn -0.9092 0.2883 0.3004
vn -0.9045 0.2737 0.3271
vn 0.9469 -0.1252 -0.2961
vn 0.9536 -0.1101 -0.2801
vn 0.9421 -0.1353 -0.3068
vn 0.9336 -0.1522 -0.3245
vn 0.0595 -0.0793 -0.9951
vn 0.0920 -0.0628 -0.9938
vn 0.0341 -0.0922 -0.9952
vn -0.0037 -0.1111 -0.9938
vn -0.8369 0.2202 -0.5012
vn -0.8143 0.2339 -0.5313
vn -0.8657 0.2008 -0.4585
vn -0.8880 0.1840 -0.4215
vn 0.0565 0.2293 0.9717
vn 0.1190 0.0798 0.9897
vn 0.0800 0.1742 0.9815
vn 0.0310 0.2875 0.9573
vn 0.6505 -0.2522 0.7164
vn 0.6370 -0.4508 0.6253
vn 0.6459 -0.3759 0.6644
vn 0.6473 -0.1710 0.7428
vn -0.8537 0.4201 0.3078
vn -0.8538 0.4194 0.3085
vn -0.8537 0.4198 0.3080
vn -0.8536 0.4206 0.3073
vn 0.8034 -0.4833 -0.3477
vn 0.9101 -0.2832 -0.3026
vn 0.8833 -0.3447 -0.3178
vn 0.7622 -0.5394 -0.3578
vn -0.0021 -0.0225 -0.9997
vn 0.0003 -0.0193 -0.9998
vn -0.0006 -0.0206 -0.9998
vn -0.0032 -0.0241 -0.9997
vn -0.8832 0.2678 -0.3851
vn -0.8508 0.3143 -0.4212
vn -0.8707 0.2865 -0.3997
vn -0.9033 0.2348 -0.3591
vn -0.0329 0.0290 0.9990
vn -0.0336 0.0311 0.9990
vn -0.0333 0.0303 0.9990
vn -0.0326 0.0282 0.9991
vn 0.6792 -0.1073 0.7260
vn 0.6661 -0.0548 0.7438
vn 0.6727 -0.0803 0.7355
vn 0.6850 -0.1335 0.7162
vn -0.9350 -0.1935 0.2971
vn -0.9103 -0.2579 0.3238
vn -0.9193 -0.2360 0.3149
vn -0.9420 -0.1722 0.2881
vn 0.8837 -0.3335 -0.3285
vn 0.7938 -0.4808 -0.3725
vn 0.8361 -0.4185 -0.3548
vn 0.9126 -0.2697 -0.3073
vn -0.0291 -0.3200 -0.9470
vn -0.0677 -0.3744 -0.9248
vn -0.0522 -0.3528 -0.9342
vn -0.0177 -0.3036 -0.9526
vn -0.8998 -0.1130 -0.4213
vn -0.9041 -0.3247 -0.2779
vn -0.9095 -0.2491 -0.3329
vn -0.8872 -0.0482 -0.4589
vn -0.0883 -0.0294 0.9957
vn -0.0422 -0.0662 0.9969
vn -0.1121 -0.0103 0.9936
vn -0.1520 0.0220 0.9881
vn 0.7171 -0.0828 0.6920
vn 0.6923 -0.0553 0.7195
vn 0.7315 -0.0994 0.6746
vn 0.7530 -0.1255 0.6459
vn -0.9428 -0.0522 0.3291
vn -0.9572 -0.0285 0.2881
vn -0.9308 -0.0696 0.3588
vn -0.9162 -0.0886 0.3909
vn 0.9272 -0.1653 -0.3362
vn 0.9348 -0.1535 -0.3204
vn 0.9213 -0.1740 -0.3478
vn 0.9129 -0.1858 -0.3634
vn 0.0361 -0.1988 -0.9794
vn -0.0116 -0.2234 -0.9747
vn 0.0740 -0.1788 -0.9811
vn 0.1160 -0.1561 -0.9809
vn -0.8529 -0.1630 -0.4960
vn -0.8767 -0.1927 -0.4408
vn -0.8314 -0.1391 -0.5380
vn -0.8094 -0.1166 -0.5755
vn -0.1972 0.0177 0.9802
vn -0.1553 -0.0164 0.9877
vn -0.2147 0.0320 0.9762
vn -0.2527 0.0634 0.9655
vn 0.7542 -0.0862 0.6510
vn 0.7572 -0.0830 0.6478
vn 0.7549 -0.0854 0.6502
vn 0.7520 -0.0885 0.6532
vn -0.9274 0.0094 0.3740
vn -0.9172 -0.0067 0.3983
vn -0.9310 0.0154 0.3648
vn -0.9414 0.0343 0.3357
vn -0.1965 0.0716 0.9779
vn -0.1886 0.0617 0.9801
vn -0.1944 0.0690 0.9785
vn -0.2012 0.0775 0.9765
vn 0.7780 0.0033 0.6283
vn 0.7701 0.0229 0.6375
vn 0.7765 0.0069 0.6300
vn 0.7835 -0.0113 0.6212
vn -0.8421 -0.1502 0.5179
vn -0.8909 -0.0788 0.4473
vn -0.8507 -0.1388 0.5069
vn -0.7912 -0.2108 0.5741
vn 0.7898 -0.6057 -0.0965
vn 0.7580 -0.6211 -0.1991
vn 0.8218 -0.5649 0.0741
vn 0.8273 -0.5438 0.1412
vn 0.9497 -0.2784 -0.1432
vn 0.8642 -0.5027 -0.0210
vn 0.9663 -0.1654 -0.1974
vn 0.9517 0.0737 -0.2980
vn 0.9494 -0.2849 0.1324
vn 0.9508 -0.2688 0.1540
vn 0.9488 -0.2897 0.1259
vn 0.9468 -0.3034 0.1071
vn 0.9588 -0.1476 0.2427
vn 0.9544 -0.2949 0.0461
vn 0.9544 -0.1243 0.2715
vn 0.9020 0.0149 0.4315
vn -0.2017 0.0618 0.9775
vn 0.6540 0.2277 0.7214
vn -0.8230 0.0048 0.5680
vn -0.8349 0.0305 0.5496
vn -0.8271 0.0135 0.5618
vn -0.8142 -0.0132 0.5805
vn -0.8178 0.0609 0.5723
vn -0.1163 0.2525 0.9606
vn -0.9637 0.0273 0.2655
vn -0.9644 0.1735 0.1994
vn -0.9605 0.1378 0.2416
vn -0.9646 0.1768 0.1955
vn -0.9654 0.2038 0.1626
vn 0.9848 -0.0464 0.1675
vn 0.9723 -0.1042 0.2091
vn 0.9880 -0.0256 0.1525
vn 0.9939 0.0450 0.1005
vn 0.8615 0.1551 0.4835
vn 0.6237 0.2017 0.7552
vn 0.6465 0.1555 0.7469
vn 0.6313 0.1868 0.7527
vn 0.6068 0.2335 0.7597
vn -0.5747 0.4404 0.6898
vn -0.5080 0.5033 0.6990
vn -0.6105 0.4029 0.6819
vn -0.6637 0.3413 0.6656
vn -0.1711 0.3385 0.9253
vn -0.1335 0.1929 0.9721
vn -0.1495 0.2540 0.9556
vn -0.1908 0.4186 0.8879
vn -0.9236 0.3590 0.1344
vn 0.9716 0.0700 0.2259
vn 0.9720 0.0809 0.2204
vn 0.9711 0.0580 0.2317
vn 0.9706 0.0505 0.2354
vn 0.8781 0.0095 0.4784
vn 0.8605 0.0930 0.5009
vn 0.8704 0.0498 0.4897
vn 0.8855 -0.0409 0.4629
vn 0.5090 0.3420 0.7899
vn 0.5868 0.0977 0.8038
vn 0.5504 0.2283 0.8031
vn 0.4598 0.4512 0.7649
vn -0.4640 0.3496 0.8139
vn -0.4998 0.5288 0.6860
vn -0.4819 0.4273 0.7650
vn -0.4261 0.2164 0.8784
vn -0.1668 0.5080 0.8450
vn -0.1636 0.4979 0.8516
vn -0.1648 0.5015 0.8493
vn -0.1685 0.5135 0.8414
vn -0.8554 0.4889 0.1711
vn -0.8543 0.4906 0.1718
vn -0.8564 0.4873 0.1705
vn -0.8575 0.4857 0.1698
vn 0.9774 0.0287 0.2092
vn 0.9599 -0.0368 0.2781
vn 0.9794 0.0391 0.1982
vn 0.9861 0.0982 0.1338
vn 0.7542 0.1196 0.6456
vn 0.6987 0.2093 0.6841
vn 0.7479 0.1307 0.6508
vn 0.7962 0.0374 0.6039
vn 0.4697 0.1249 0.8739
vn 0.4964 0.0617 0.8659
vn 0.4840 0.0918 0.8702
vn 0.4558 0.1557 0.8764
vn -0.3609 0.2047 0.9099
vn -0.3098 0.1325 0.9415
vn -0.3427 0.1786 0.9223
vn -0.4035 0.2671 0.8751
vn -0.8472 0.4763 0.2353
vn -0.8060 0.5217 0.2797
vn -0.8437 0.4806 0.2394
vn -0.8827 0.4295 0.1907
vn 0.9794 -0.1968 0.0444
vn 0.9867 0.0255 0.1608
vn 0.9824 -0.1784 0.0544
vn 0.9164 -0.3946 -0.0676
vn 0.8856 -0.1215 0.4482
vn 0.9165 -0.1927 0.3505
vn 0.8935 -0.1371 0.4277
vn 0.8599 -0.0771 0.5046
vn 0.2705 -0.1719 0.9472
vn 0.3351 -0.2922 0.8957
vn 0.2911 -0.2095 0.9335
vn 0.2270 -0.0946 0.9693
vn -0.3402 -0.1768 0.9236
vn -0.3739 -0.1535 0.9147
vn -0.3274 -0.1855 0.9265
vn -0.2988 -0.2044 0.9322
vn -0.8174 -0.3561 0.4528
vn -0.8145 -0.3588 0.4558
vn -0.8185 -0.3551 0.4517
vn -0.8208 -0.3529 0.4492
vn 0.9710 -0.0630 -0.2307
vn 0.9692 -0.0683 -0.2365
vn 0.9716 -0.0612 -0.2286
vn 0.9733 -0.0557 -0.2226
vn 0.7260 -0.2861 0.6253
vn 0.7229 -0.4788 0.4982
vn 0.7294 -0.3772 0.5707
vn 0.7154 -0.1979 0.6701
vn 0.1159 -0.3578 0.9266
vn 0.1136 -0.3489 0.9303
vn 0.1149 -0.3540 0.9282
vn 0.1170 -0.3619 0.9248
vn -0.2239 -0.4588 0.8599
vn -0.2996 -0.4020 0.8652
vn -0.1974 -0.4774 0.8562
vn -0.1259 -0.5243 0.8422
vn -0.8482 -0.4216 0.3208
vn -0.7894 -0.4690 0.3961
vn -0.8967 -0.3700 0.2428
vn -0.9412 -0.3040 0.1474
vn 0.9189 -0.2628 0.2944
vn 0.8632 -0.3836 0.3281
vn 0.9282 -0.2372 0.2867
vn 0.9545 -0.1480 0.2588
vn 0.8968 -0.2165 0.3858
vn -0.7496 -0.4169 0.5141
vn -0.8234 -0.4003 0.4022
vn -0.7419 -0.4181 0.5242
vn -0.6970 -0.4234 0.5788
vn -0.9436 0.1514 0.2945
vn -0.4584 0.8687 0.1876
vn -0.5352 0.7999 0.2715
vn -0.4565 0.8701 0.1857
vn -0.3852 0.9160 0.1122
vn 0.4318 0.8901 0.1460
vn 0.4111 0.8964 0.1656
vn 0.4322 0.8899 0.1456
vn 0.4501 0.8837 0.1282
vn 0.7031 0.4737 0.5304
vn 0.3339 -0.0974 0.9376
vn 0.3423 -0.1716 0.9238
vn 0.3359 -0.1136 0.9350
vn 0.3287 -0.0580 0.9427
vn -0.1600 -0.8753 0.4563
vn -0.1649 -0.8728 0.4594
vn -0.1575 -0.8766 0.4547
vn -0.1525 -0.8791 0.4516
vn -0.8209 -0.5158 0.2452
vn -0.8635 -0.4307 0.2626
vn -0.7093 -0.6752 0.2024
vn -0.6172 -0.7685 0.1687
vn -0.9857 0.1672 -0.0220
vn -0.9866 0.1609 -0.0253
vn -0.9851 0.1710 -0.0200
vn -0.9837 0.1789 -0.0158
vn -0.4184 0.8931 -0.1655
vn -0.4715 0.8546 -0.2174
vn -0.4038 0.9022 -0.1516
vn -0.3358 0.9378 -0.0880
vn 0.4415 0.8953 -0.0590
vn 0.4208 0.9032 -0.0839
vn 0.4404 0.8958 -0.0603
vn 0.4627 0.8859 -0.0328
vn 0.9378 0.3438 0.0484
vn 0.9428 0.3258 0.0702
vn 0.9345 0.3541 0.0358
vn 0.9247 0.3806 0.0027
vn 0.8602 -0.3310 0.3880
vn 0.8726 -0.3186 0.3701
vn 0.8602 -0.3309 0.3880
vn 0.8501 -0.3404 0.4018
vn -0.0752 -0.9970 0.0202
vn -0.2262 -0.9361 0.2695
vn -0.1185 -0.9888 0.0908
vn 0.0529 -0.9814 -0.1844
vn -0.7641 -0.6449 0.0161
vn -0.5942 -0.7837 -0.1807
vn -0.7604 -0.6494 0.0109
vn -0.8468 -0.5074 0.1598
vn -0.9768 0.2027 -0.0692
vn -0.9822 0.1607 -0.0974
vn -0.9735 0.2216 -0.0563
vn -0.9646 0.2621 -0.0283
vn -0.3335 0.9420 0.0369
vn -0.3386 0.9403 0.0331
vn -0.3280 0.9438 0.0409
vn -0.3235 0.9452 0.0442
vn 0.4136 0.9074 0.0744
vn 0.4639 0.8790 0.1106
vn 0.3414 0.9396 0.0240
vn 0.2262 0.9727 -0.0526
vn 0.8984 0.3947 0.1925
vn 0.9013 0.3851 0.1984
vn 0.8954 0.4045 0.1863
vn 0.8926 0.4130 0.1809
vn 0.9340 -0.3416 0.1050
vn 0.9275 -0.3548 0.1182
vn 0.9344 -0.3406 0.1040
vn 0.9439 -0.3197 0.0831
vn 0.1233 -0.9895 0.0751
vn 0.0906 -0.9917 0.0912
vn 0.1895 -0.9810 0.0417
vn 0.2287 -0.9733 0.0216
vn -0.7881 -0.6150 0.0271
vn -0.8538 -0.5131 0.0874
vn -0.6628 -0.7460 -0.0640
vn -0.5350 -0.8333 -0.1394
vn -0.9664 0.2570 0.0007
vn -0.9679 0.2514 -0.0025
vn -0.9631 0.2689 0.0076
vn -0.9615 0.2747 0.0110
vn -0.3790 0.9252 0.0175
vn -0.3253 0.9443 0.0497
vn -0.4929 0.8684 -0.0544
vn -0.5681 0.8162 -0.1052
vn 0.2408 0.9703 0.0227
vn 0.2642 0.9638 0.0357
vn 0.2138 0.9769 0.0077
vn 0.1968 0.9804 -0.0016
vn 0.8857 0.4540 0.0971
vn 0.8943 0.4339 0.1090
vn 0.8752 0.4765 0.0837
vn 0.8675 0.4918 0.0743
vn 0.9461 -0.3094 0.0955
vn 0.9409 -0.3232 0.1012
vn 0.9571 -0.2777 0.0824
vn 0.9610 -0.2655 0.0774
vn 0.2394 -0.9554 0.1726
vn 0.2478 -0.9541 0.1681
vn 0.2306 -0.9568 0.1773
vn 0.2219 -0.9580 0.1819
vn -0.6276 -0.7753 0.0712
vn -0.5779 -0.8149 0.0441
vn -0.6820 -0.7241 0.1027
vn -0.7230 -0.6789 0.1278
vn -0.9727 0.2316 0.0132
vn -0.9613 0.2741 0.0288
vn -0.9948 0.0949 -0.0357
vn -0.9979 0.0280 -0.0591
vn -0.5607 0.8278 0.0172
vn -0.5634 0.8261 0.0159
vn -0.5556 0.8312 0.0198
vn -0.5529 0.8330 0.0211
vn 0.1747 0.9843 0.0237
vn 0.2001 0.9792 0.0343
vn 0.1115 0.9938 -0.0027
vn 0.0835 0.9964 -0.0142
vn 0.8683 0.4921 0.0622
vn 0.8685 0.4917 0.0625
vn 0.8679 0.4929 0.0617
vn 0.8677 0.4933 0.0614
vn 0.9534 -0.2650 0.1443
vn 0.9585 -0.2499 0.1375
vn 0.9386 -0.3046 0.1622
vn 0.9271 -0.3318 0.1744
vn 0.1098 -0.9667 -0.2311
vn 0.1635 -0.9095 -0.3823
vn 0.1367 -0.9420 -0.3066
vn 0.0885 -0.9812 -0.1717
vn -0.7657 -0.6359 -0.0970
vn -0.7580 -0.6422 -0.1146
vn -0.7632 -0.6379 -0.1026
vn -0.7713 -0.6310 -0.0838
vn -0.9999 0.0107 -0.0077
vn -0.9996 0.0252 0.0088
vn -0.9999 0.0107 -0.0078
vn -0.9998 -0.0013 -0.0214
vn -0.5572 0.8287 -0.0521
vn -0.5749 0.8151 -0.0712
vn -0.5578 0.8283 -0.0527
vn -0.5400 0.8410 -0.0339
vn 0.0540 0.9983 0.0199
vn 0.0806 0.9958 0.0437
vn 0.0517 0.9985 0.0178
vn 0.0243 0.9997 -0.0066
vn 0.8760 0.4687 -0.1139
vn 0.8890 0.4525 -0.0695
vn 0.8819 0.4618 -0.0946
vn 0.8648 0.4802 -0.1471
vn 0.9818 -0.1541 -0.1108
vn 0.9705 -0.2398 -0.0265
vn 0.9784 -0.1932 -0.0728
vn 0.9824 -0.1286 -0.1351
vn 0.1118 -0.9877 -0.1094
vn 0.1111 -0.9878 -0.1088
vn 0.1128 -0.9875 -0.1103
vn 0.1137 -0.9873 -0.1111
vn -0.7217 -0.6714 0.1686
vn -0.7426 -0.6390 0.2005
vn -0.7023 -0.6978 0.1408
vn -0.6802 -0.7245 0.1110
vn -0.9757 -0.0050 0.2188
vn -0.9783 -0.0340 0.2042
vn -0.9699 0.0385 0.2404
vn -0.9653 0.0643 0.2529
vn -0.5489 0.8305 0.0947
vn -0.5221 0.8469 0.1008
vn -0.6031 0.7934 0.0816
vn -0.6271 0.7753 0.0755
vn 0.0108 0.9971 -0.0752
vn 0.0110 0.9971 -0.0752
vn 0.0103 0.9971 -0.0753
vn 0.0101 0.9971 -0.0754
vn 0.8541 0.4469 -0.2661
vn 0.8494 0.4540 -0.2692
vn 0.8593 0.4389 -0.2625
vn 0.8635 0.4324 -0.2596
vn 0.9394 -0.1732 -0.2958
vn 0.9349 -0.0353 -0.3531
vn 0.9283 -0.2786 -0.2462
vn 0.9048 -0.3792 -0.1939
vn 0.1562 -0.9671 0.2008
vn 0.1682 -0.9649 0.2018
vn 0.1649 -0.9655 0.2015
vn 0.1535 -0.9676 0.2006
vn -0.6085 -0.7366 0.2953
vn -0.4463 -0.8272 0.3414
vn -0.5083 -0.7972 0.3258
vn -0.6513 -0.7053 0.2800
vn -0.9389 0.0418 0.3416
vn -0.9368 0.0537 0.3458
vn -0.9451 0.0009 0.3266
vn -0.9471 -0.0150 0.3206
vn -0.5976 0.7476 0.2898
vn -0.6072 0.7405 0.2879
vn -0.5631 0.7716 0.2959
vn -0.5526 0.7785 0.2977
vn 0.0399 0.9902 0.1339
vn 0.0405 0.9902 0.1340
vn 0.0384 0.9903 0.1338
vn 0.0377 0.9903 0.1337
vn 0.8852 0.4429 -0.1425
vn 0.8594 0.5017 -0.0988
vn 0.8703 0.4786 -0.1163
vn 0.8925 0.4229 -0.1567
vn 0.9043 -0.4142 -0.1034
vn 0.8038 -0.5782 -0.1399
vn 0.8403 -0.5267 -0.1285
vn 0.9216 -0.3764 -0.0949
vn 0.1755 -0.9845 0.0033
vn 0.1801 -0.9836 -0.0021
vn 0.1740 -0.9847 0.0050
vn 0.1692 -0.9855 0.0106
vn -0.2778 -0.9558 0.0968
vn -0.2830 -0.9528 0.1103
vn -0.2788 -0.9552 0.0995
vn -0.2730 -0.9583 0.0846
vn -0.9658 -0.0815 0.2463
vn -0.9676 -0.0953 0.2338
vn -0.9654 -0.0792 0.2485
vn -0.9631 -0.0652 0.2611
vn -0.6623 0.7162 0.2200
vn -0.6669 0.7133 0.2155
vn -0.6575 0.7192 0.2247
vn 0.0454 0.9924 0.1147
vn 0.0241 0.9950 0.0973
vn 0.0401 0.9931 0.1104
vn 0.0618 0.9898 0.1280
vn 0.8173 0.5557 -0.1522
vn 0.8266 0.5445 -0.1425
vn 0.8191 0.5536 -0.1504
vn 0.8102 0.5640 -0.1596
vn 0.7909 -0.5930 -0.1508
vn 0.7895 -0.5957 -0.1481
vn 0.7917 -0.5916 -0.1523
vn 0.7933 -0.5887 -0.1552
vn -0.0109 -0.9489 -0.3154
vn 0.1013 -0.8780 -0.4679
vn -0.0111 -0.9490 -0.3151
vn -0.1443 -0.9827 -0.1164
vn -0.2856 -0.9486 -0.1363
vn -0.3122 -0.9489 -0.0459
vn -0.2966 -0.9497 -0.1001
vn -0.2712 -0.9452 -0.1816
vn -0.9937 -0.0745 0.0842
vn -0.9927 -0.0574 0.1063
vn -0.9937 -0.0772 0.0807
vn -0.9939 -0.0915 0.0621
vn -0.6678 0.7197 0.1900
vn -0.6619 0.7233 0.1966
vn -0.6685 0.7192 0.1892
vn -0.6732 0.7162 0.1839
vn 0.0781 0.9922 0.0976
vn 0.0517 0.9954 0.0810
vn 0.0769 0.9923 0.0969
vn 0.1006 0.9886 0.1117
vn 0.7651 0.6002 -0.2333
vn 0.7947 0.5685 -0.2128
vn 0.7671 0.5981 -0.2320
vn 0.7361 0.6283 -0.2518
vn 0.6458 -0.6071 -0.4630
vn 0.6692 -0.5222 -0.5286
vn 0.6487 -0.5984 -0.4703
vn 0.6203 -0.6724 -0.4039
vn -0.9896 -0.1317 -0.0572
vn -0.9975 -0.0694 -0.0112
vn -0.9697 -0.2138 -0.1181
vn -0.9465 -0.2772 -0.1655
vn -0.6606 0.7505 0.0188
vn -0.6612 0.7500 0.0180
vn -0.6603 0.7508 0.0192
vn -0.6597 0.7512 0.0199
vn 0.1434 0.9782 0.1500
vn 0.1019 0.9878 0.1179
vn 0.1432 0.9783 0.1499
vn 0.1707 0.9703 0.1711
vn 0.6221 0.7745 -0.1150
vn 0.5153 -0.2931 -0.8053
vn 0.6073 -0.2760 -0.7450
vn 0.5152 -0.2931 -0.8054
vn 0.4188 -0.3064 -0.8548
vn -0.7106 -0.7034 -0.0168
vn -0.2218 -0.9590 -0.1764
vn -0.1505 -0.9787 -0.1394
vn -0.1991 -0.9661 -0.1646
vn -0.2776 -0.9386 -0.2050
vn 0.7613 0.6281 -0.1609
vn 0.7520 0.6466 -0.1280
vn 0.7579 0.6354 -0.1482
vn 0.7669 0.6153 -0.1826
vn -0.2455 -0.8503 -0.4655
vn -0.3423 -0.8304 -0.4396
vn -0.3038 -0.8395 -0.4505
vn -0.2052 -0.8559 -0.4747
vn 0.6336 -0.5870 0.5041
vn 0.6581 -0.5150 0.5492
vn 0.6362 -0.5802 0.5086
vn 0.6133 -0.6347 0.4700
vn 0.8451 -0.2874 -0.4509
vn 0.8442 -0.2916 -0.4497
vn 0.8458 -0.2835 -0.4519
vn 0.8469 -0.2776 -0.4535
vn -0.5996 -0.7722 -0.2102
vn -0.6147 -0.7886 0.0159
vn -0.5981 -0.7704 -0.2206
vn -0.5222 -0.6768 -0.5189
vn 0.5545 0.7584 0.3427
vn 0.5906 0.7349 0.3334
vn 0.5246 0.7763 0.3496
vn 0.4846 0.7981 0.3580
vn -0.4176 0.5163 0.7477
vn -0.2668 0.5254 0.8079
vn -0.4704 0.5095 0.7205
vn -0.5723 0.4900 0.6575
vn 0.8138 -0.2382 -0.5301
vn -0.4263 -0.8577 -0.2874
vn -0.4080 -0.8508 -0.3311
vn -0.4357 -0.8606 -0.2639
vn -0.4595 -0.8655 -0.1995
vn 0.4398 0.8583 0.2646
vn 0.3790 0.8854 0.2693
vn 0.4786 0.8384 0.2608
vn 0.5199 0.8149 0.2562
vn -0.6429 0.3928 0.6576
vn -0.5360 0.4275 0.7280
vn -0.6765 0.3795 0.6312
vn -0.7777 0.3302 0.5350
vn 0.3141 -0.4436 0.8394
vn 0.3251 -0.4763 0.8170
vn 0.3127 -0.4395 0.8420
vn 0.3016 -0.4075 0.8620
vn -0.9325 -0.3536 -0.0740
vn -0.8802 -0.4743 0.0174
vn -0.9119 -0.4090 -0.0331
vn -0.9523 -0.2773 -0.1276
vn -0.4785 0.8689 0.1267
vn -0.3642 0.9002 0.2387
vn -0.5419 0.8385 0.0568
vn -0.6440 0.7616 -0.0724
vn 0.6896 0.6896 0.2211
vn 0.6012 0.7799 0.1742
vn 0.3816 0.8967 0.2240
vn 0.6715 0.7250 0.1533
vn 0.8558 0.5113 0.0787
vn 0.5990 -0.1483 -0.7869
vn 0.6756 -0.1311 -0.7255
vn 0.5860 -0.1509 -0.7961
vn 0.5057 -0.1659 -0.8466
vn -0.4952 -0.8533 0.1630
vn -0.4828 -0.8654 0.1338
vn -0.5131 -0.8329 0.2075
vn -0.5249 -0.8170 0.2386
vn -0.1663 -0.9857 -0.0261
vn -0.1969 -0.9792 -0.0489
vn -0.1619 -0.9865 -0.0229
vn -0.1146 -0.9933 0.0120
vn 0.8613 0.5056 0.0512
vn 0.8646 0.5019 0.0218
vn 0.8624 0.5044 0.0416
vn 0.8578 0.5083 0.0757
vn -0.3883 -0.9194 -0.0625
vn -0.3837 -0.9109 0.1519
vn -0.3862 -0.9138 -0.1259
vn -0.3497 -0.8237 -0.4463
vn 0.1547 0.9628 0.2214
vn 0.1326 0.9715 0.1967
vn 0.1523 0.9638 0.2187
vn 0.1732 0.9547 0.2420
vn -0.8351 -0.5236 -0.1685
vn -0.8657 -0.4855 -0.1217
vn -0.8130 -0.5473 -0.1987
vn -0.7685 -0.5877 -0.2529
vn -0.3956 0.8121 0.4289
vn -0.4046 0.8125 0.4198
vn -0.3935 0.8121 0.4310
vn -0.3835 0.8115 0.4409
vn 0.1410 0.8780 0.4575
vn 0.1209 0.8940 0.4315
vn 0.1370 0.8813 0.4523
vn 0.1544 0.8666 0.4745
vn -0.0673 -0.9712 -0.2285
vn -0.2008 -0.9735 -0.1098
vn -0.0668 -0.9712 -0.2289
vn 0.1267 -0.9142 -0.3850
vn 0.7503 -0.5339 -0.3899
vn 0.6801 -0.6548 -0.3298
vn 0.8218 -0.3336 -0.4619
vn 0.8509 -0.1378 -0.5069
vn 0.5972 0.7367 0.3172
vn 0.7028 0.6227 0.3440
vn 0.5037 0.8135 0.2906
vn 0.3705 0.8947 0.2493
vn 0.1853 0.8419 0.5068
vn 0.1491 0.8599 0.4882
vn 0.1815 0.8439 0.5049
vn 0.2086 0.8294 0.5183
vn 0.9398 -0.2479 -0.2350
vn 0.9422 -0.2390 -0.2348
vn 0.9365 -0.2603 -0.2352
vn 0.9335 -0.2705 -0.2353
vn 0.4246 0.7737 0.4703
vn 0.4249 0.7735 0.4703
vn 0.4245 0.7738 0.4702
vn 0.4243 0.7739 0.4702
vn -0.2675 -0.9515 -0.1518
vn -0.2971 -0.8381 -0.4575
vn 0.0264 -0.4619 0.8865
vn 0.3084 -0.6457 0.6985
vn 0.3867 -0.5839 0.7138
vn 0.2274 -0.7007 0.6763
vn 0.1793 -0.7293 0.6603
vn 0.1484 0.8605 0.4873
vn -0.3948 0.7400 0.5446
vn -0.3727 0.7376 0.5630
vn -0.4003 0.7404 0.5399
vn -0.4192 0.7418 0.5235
vn -0.7556 -0.5999 -0.2630
vn -0.7631 -0.5886 -0.2670
vn -0.7578 -0.5965 -0.2642
vn -0.7475 -0.6118 -0.2587
vn 0.1362 -0.8572 -0.4967
vn 0.1160 -0.8437 -0.5242
vn 0.1450 -0.8627 -0.4844
vn 0.1614 -0.8725 -0.4611
vn -0.2851 -0.8211 -0.4946
vn -0.2688 -0.8121 -0.5180
vn -0.2770 -0.8167 -0.5062
vn -0.2934 -0.8254 -0.4822
vn -0.1563 -0.5816 0.7983
vn -0.2936 -0.4779 0.8279
vn -0.2198 -0.5363 0.8149
vn -0.0760 -0.6328 0.7706
vn -0.9682 -0.2500 -0.0031
vn -0.9903 -0.1346 -0.0338
vn -0.9706 -0.2407 -0.0056
vn -0.9388 -0.3438 0.0226
vn 0.8430 0.5214 -0.1324
vn 0.8534 0.4661 -0.2333
vn 0.7918 0.6074 0.0645
vn 0.7483 0.6414 0.1691
vn 0.7126 0.5574 0.4261
vn 0.6482 0.5604 0.5155
vn 0.7996 0.5375 0.2677
vn 0.8391 0.5172 0.1687
vn 0.7240 0.6785 0.1246
vn 0.4455 0.8935 0.0569
vn 0.4433 0.8942 0.0620
vn 0.4498 0.8919 0.0466
vn 0.4523 0.8909 0.0403
vn 0.5663 0.7586 0.3222
vn 0.6687 0.7210 0.1816
vn 0.5409 0.7638 0.3522
vn 0.4185 0.7719 0.4786
vn -0.2935 0.9521 0.0862
vn -0.2218 0.9751 -0.0006
vn -0.3385 0.9301 0.1427
vn -0.3829 0.9018 0.2002
vn -0.1419 0.8784 0.4564
vn 0.1558 0.9147 0.3729
vn -0.1152 0.8853 0.4506
vn -0.3545 0.7964 0.4900
vn -0.9580 0.2075 0.1978
vn -0.9553 0.1592 0.2491
vn -0.9552 0.2624 0.1369
vn -0.9452 0.3186 0.0713
vn -0.8177 0.5714 0.0700
vn -0.8401 0.5171 0.1638
vn -0.8125 0.5806 0.0526
vn -0.7894 0.6137 -0.0140
vn -0.9468 0.3218 -0.0037
vn -0.9423 0.3343 0.0179
vn -0.9450 0.3271 0.0055
vn -0.9497 0.3124 -0.0196
vn 0.9309 0.1086 0.3487
vn 0.9567 0.0506 0.2865
vn 0.9070 0.1511 0.3931
vn 0.8646 0.2126 0.4554
vn 0.6378 0.1166 0.7613
vn 0.5774 0.2646 0.7724
vn 0.6317 0.1337 0.7636
vn 0.6821 -0.0357 0.7304
vn -0.3120 0.1301 0.9411
vn -0.3364 0.1890 0.9225
vn -0.3148 0.1368 0.9392
vn -0.2892 0.0772 0.9542
vn 0.7496 -0.4375 0.4967
vn 0.7477 -0.3443 0.5678
vn 0.7489 -0.4521 0.4845
vn 0.7395 -0.5337 0.4101
vn 0.5816 -0.4303 0.6904
vn -0.3017 0.0011 0.9534
vn -0.3123 0.0244 0.9497
vn -0.3037 0.0055 0.9527
vn -0.2932 -0.0173 0.9559
vn 0.2906 -0.2372 0.9270
vn 0.1798 -0.0147 0.9836
vn 0.3016 -0.2606 0.9171
vn 0.3846 -0.4491 0.8065
vn 0.1332 -0.9190 0.3711
vn 0.1395 -0.9218 0.3617
vn 0.1375 -0.9209 0.3648
vn 0.1306 -0.9178 0.3749
vn 0.0612 -0.7201 0.6912
vn 0.0569 -0.7400 0.6702
vn 0.0654 -0.7004 0.7108
vn 0.0694 -0.6806 0.7293
vn 0.7986 0.0218 0.6015
vn 0.6852 -0.0647 0.7254
vn 0.8469 0.0671 0.5275
vn 0.9025 0.1322 0.4099
vn 0.4844 0.8594 0.1633
vn 0.8582 0.4908 0.1504
vn 0.7972 0.5830 0.1568
vn 0.4238 0.8912 0.1616
vn 0.6883 -0.6759 0.2634
vn 0.7225 -0.6460 0.2463
vn 0.6420 -0.7119 0.2846
vn 0.6203 -0.7272 0.2938
vn 0.8325 -0.1506 0.5331
vn 0.7107 -0.0471 0.7019
vn 0.8290 -0.1472 0.5395
vn 0.8855 -0.2108 0.4141
vn 0.9621 0.1199 0.2451
vn 0.9579 0.1295 0.2562
vn 0.9627 0.1184 0.2433
vn 0.9660 0.1102 0.2339
vn 0.5961 -0.7764 0.2045
vn 0.6284 -0.7618 0.1573
vn 0.6054 -0.7726 0.1913
vn 0.5765 -0.7836 0.2314
vn 0.7235 0.4499 0.5237
vn 0.7544 0.4526 0.4755
vn 0.3772 0.3693 0.8493
vn 0.3177 0.3499 0.8813
vn 0.7486 -0.1258 0.6510
vn 0.3726 0.0563 0.9263
vn 0.8945 -0.2279 0.3846
vn 0.9449 -0.2915 0.1492
vn 0.9464 0.3174 0.0601
vn 0.9511 0.3056 0.0453
vn 0.9460 0.3184 0.0613
vn 0.9403 0.3314 0.0778
vn 0.4467 0.2710 0.8527
vn 0.8913 -0.3607 0.2747
vn 0.8941 -0.3763 0.2427
vn 0.8920 -0.3637 0.2685
vn 0.8880 -0.3470 0.3016
vn 0.8873 -0.2921 0.3570
vn 0.8267 -0.4016 0.3941
vn 0.9040 -0.2546 0.3434
vn 0.9388 -0.1581 0.3061
vn 0.5876 0.4812 0.6505
vn 0.8186 0.4250 0.3864
vn 0.8368 0.4131 0.3592
vn 0.8153 0.4772 0.3279
vn 0.8482 0.3709 0.3782
vn 0.8572 0.3295 0.3957
vn 0.8876 0.2190 0.4053
vn 0.8871 0.2326 0.3986
vn 0.8878 0.1966 0.4160
vn 0.8876 0.1761 0.4256
vn 0.6890 -0.1675 0.7052
vn 0.5528 -0.2391 0.7983
vn 0.7873 -0.1023 0.6080
vn 0.8872 -0.0145 0.4611
vn 0.9512 -0.0573 0.3033
vn 0.9453 -0.0155 0.3257
vn 0.9507 -0.0533 0.3054
vn 0.9556 -0.1125 0.2725
vn 0.9323 -0.1168 0.3422
vn 0.4585 -0.0516 0.8872
vn 0.4619 -0.0439 0.8859
vn 0.4571 -0.0547 0.8877
vn 0.4545 -0.0605 0.8887
vn 0.5135 -0.2313 0.8264
vn 0.4832 -0.2759 0.8309
vn 0.5043 -0.2451 0.8280
vn 0.5374 -0.1937 0.8208
vn -0.1739 -0.5017 0.8474
vn 0.8881 0.2483 0.3868
vn 0.8858 0.2517 0.3900
vn 0.8876 0.2490 0.3874
vn 0.8899 0.2457 0.3843
vn 0.7317 0.1652 0.6613
vn 0.7104 0.1746 0.6818
vn 0.7393 0.1618 0.6536
vn 0.7539 0.1550 0.6385
vn 0.5749 0.0900 0.8133
vn 0.6734 0.1016 0.7323
vn 0.5827 0.0909 0.8076
vn 0.5323 0.0848 0.8423
vn 0.4985 0.0712 0.8640
vn 0.5337 0.1442 0.8333
vn 0.4871 0.0491 0.8720
vn 0.4599 -0.0015 0.8880
vn 0.8660 0.4838 0.1267
vn 0.8726 0.4769 0.1055
vn 0.8579 0.4912 0.1506
vn 0.8523 0.4959 0.1664
vn 0.7376 0.4596 0.4946
vn 0.8202 0.4487 0.3550
vn 0.5172 0.4450 0.7311
vn 0.3845 0.4199 0.8221
vn 0.4577 0.5724 0.6804
vn 0.5507 0.5915 0.5890
vn 0.3743 0.5489 0.7474
vn 0.2964 0.5225 0.7995
vn 0.1287 0.1843 0.9744
vn 0.2558 0.2481 0.9343
vn 0.1214 0.1805 0.9760
vn -0.0100 0.1117 0.9937
vn 0.0310 0.0416 0.9987
vn -0.0485 -0.0725 0.9962
vn 0.0979 0.1376 0.9856
vn 0.1811 0.2571 0.9493
vn -0.0061 -0.4852 0.8744
vn -0.0435 -0.4636 0.8849
vn -0.0106 -0.4827 0.8757
vn 0.0325 -0.5064 0.8617
vn -0.0410 -0.1918 0.9806
vn -0.0812 -0.1560 0.9844
vn -0.0598 -0.1751 0.9827
vn -0.0204 -0.2100 0.9775
vn 0.0528 -0.3927 0.9182
vn -0.2670 -0.3389 0.9021
vn -0.3201 -0.3058 0.8967
vn -0.2729 -0.3353 0.9017
vn -0.2188 -0.3673 0.9040
vn 0.3607 0.9231 0.1336
vn 0.3591 0.9232 0.1369
vn 0.3636 0.9228 0.1276
vn 0.3653 0.9226 0.1240
vn 0.2441 0.6008 0.7612
vn 0.2350 0.5934 0.7699
vn 0.2689 0.6204 0.7367
vn 0.2825 0.6308 0.7227
vn 0.1603 0.5242 0.8364
vn 0.2492 0.5510 0.7964
vn 0.1703 0.5274 0.8324
vn 0.0813 0.4963 0.8643
vn -0.0250 0.0471 0.9986
vn 0.0495 0.0846 0.9952
vn 0.0053 0.0624 0.9980
vn -0.0860 0.0162 0.9962
vn -0.4665 -0.2305 0.8539
vn -0.4138 -0.3506 0.8402
vn -0.4382 -0.2977 0.8481
vn -0.4892 -0.1709 0.8553
vn -0.4232 0.8986 0.1156
vn -0.4221 0.8996 0.1123
vn -0.4254 0.8967 0.1223
vn -0.4266 0.8957 0.1258
vn -0.3208 0.6972 0.6411
vn -0.3211 0.6743 0.6650
vn -0.3189 0.7423 0.5892
vn -0.3179 0.7579 0.5697
vn -0.1337 0.4089 0.9027
vn -0.0863 0.5349 0.8405
vn -0.1364 0.4012 0.9058
vn -0.1960 0.2143 0.9569
vn 0.0080 0.0140 0.9999
vn -0.1631 0.0820 0.9832
vn -0.1028 -0.0810 0.9914
vn -0.1698 0.1007 0.9803
vn -0.2388 0.3045 0.9221
vn -0.4849 -0.5053 0.7138
vn -0.4871 -0.5026 0.7143
vn -0.4847 -0.5056 0.7138
vn -0.4832 -0.5074 0.7135
vn 0.2815 -0.0676 0.9572
vn 0.6164 0.3416 0.7095
vn 0.2280 -0.1222 0.9660
vn -0.0752 -0.3956 0.9153
vn 0.0291 -0.2555 0.9664
vn -0.0741 -0.3815 0.9214
vn 0.0227 -0.2636 0.9644
vn 0.1813 -0.0544 0.9819
vn -0.6799 0.3944 0.6182
vn -0.9071 0.3643 0.2110
vn -0.8975 0.3690 0.2415
vn -0.4580 0.3691 0.8087
vn -0.6543 -0.5071 0.5610
vn -0.8051 -0.5600 0.1952
vn -0.7684 -0.5522 0.3234
vn -0.6495 -0.5049 0.5685
vn 0.0157 0.9954 -0.0945
vn 0.1095 -0.9358 0.3352
vn -0.8943 0.4352 0.1042
vn -0.8958 0.4288 0.1170
vn -0.8923 0.4427 0.0888
vn -0.8905 0.4484 0.0768
vn -0.7457 0.3515 0.5660
vn -0.7611 0.4261 0.4891
vn -0.7355 0.3152 0.5998
vn -0.6915 0.1965 0.6952
vn -0.9434 -0.2335 0.2357
vn -0.9864 -0.1440 0.0790
vn -0.8781 -0.3060 0.3677
vn -0.7964 -0.3660 0.4814
vn -0.7048 -0.2949 0.6452
vn -0.7416 -0.2810 0.6091
vn -0.6962 -0.2980 0.6531
vn -0.6688 -0.3071 0.6770
vn -0.3549 0.0567 0.9332
vn -0.3495 0.0107 0.9369
vn -0.3594 0.1021 0.9276
vn -0.7928 -0.0588 0.6067
vn -0.7994 -0.0541 0.5983
vn -0.7814 -0.0668 0.6204
vn -0.7737 -0.0721 0.6295
vn 0.7714 -0.1103 0.6267
vn 0.7659 -0.1038 0.6345
vn 0.7747 -0.1143 0.6219
vn 0.7813 -0.1223 0.6120
vn -0.1414 -0.0661 0.9877
vn -0.1469 -0.0617 0.9872
vn -0.1390 -0.0681 0.9879
vn -0.1328 -0.0731 0.9884
vn 0.7554 -0.1244 -0.6433
vn 0.7913 -0.1000 -0.6032
vn 0.7179 -0.1477 -0.6803
vn 0.6817 -0.1684 -0.7120
vn -0.0643 -0.0516 -0.9966
vn -0.0710 -0.0556 -0.9959
vn -0.0601 -0.0491 -0.9970
vn -0.0532 -0.0450 -0.9976
vn -0.7079 -0.0080 -0.7062
vn -0.6843 0.0083 -0.7291
vn -0.7481 -0.0374 -0.6626
vn -0.7756 -0.0590 -0.6285
vn -0.7392 0.1345 0.6599
vn -0.7673 0.1795 0.6156
vn -0.7371 0.1314 0.6629
vn -0.7115 0.0943 0.6964
vn 0.6695 0.2571 0.6969
vn 0.7391 0.1938 0.6452
vn 0.6846 0.2442 0.6868
vn 0.6106 0.3038 0.7314
vn -0.0775 0.1527 0.9852
vn -0.1214 0.2047 0.9713
vn -0.0859 0.1627 0.9829
vn -0.0455 0.1147 0.9924
vn 0.6440 0.3040 -0.7020
vn 0.6488 0.3198 -0.6905
vn 0.6446 0.3059 -0.7007
vn 0.6407 0.2935 -0.7095
vn -0.1056 0.1261 -0.9864
vn -0.0749 0.1794 -0.9809
vn -0.0919 0.1499 -0.9844
vn -0.1209 0.0991 -0.9877
vn -0.8162 0.1108 -0.5671
vn -0.7677 0.1791 -0.6152
vn -0.8134 0.1150 -0.5702
vn -0.8503 0.0540 -0.5236
vn -0.7341 0.0847 0.6737
vn -0.7180 0.0417 0.6948
vn -0.7305 0.0745 0.6789
vn -0.7439 0.1134 0.6586
vn -0.1167 0.1862 0.9756
vn -0.0560 0.0518 0.9971
vn -0.0949 0.1376 0.9859
vn -0.1466 0.2528 0.9564
vn 0.0826 0.0178 -0.9964
vn -0.1267 -0.2272 -0.9656
vn -0.0103 -0.0920 -0.9957
vn 0.3283 0.3168 -0.8899
vn -0.7453 0.0854 -0.6612
vn -0.8199 -0.1904 -0.5399
vn -0.7726 0.0118 -0.6348
vn -0.6755 0.2308 -0.7003
vn 0.4788 0.5885 0.6515
vn 0.3950 0.5985 0.6970
vn 0.5226 0.5808 0.6242
vn 0.5840 0.5666 0.5813
vn 0.5728 0.5467 -0.6108
vn 0.5594 0.4986 -0.6622
vn 0.5843 0.5971 -0.5496
vn 0.5916 0.6406 -0.4895
vn -0.0267 0.3349 0.9419
vn -0.1440 0.2528 0.9567
vn 0.0998 0.4153 0.9042
vn 0.3100 0.5295 0.7897
vn -0.2347 -0.1397 -0.9620
vn -0.2478 -0.2115 -0.9455
vn -0.2047 0.0052 -0.9788
vn -0.1891 0.0731 -0.9792
vn 0.3706 0.8247 0.4272
vn 0.4055 0.8184 0.4071
vn 0.3586 0.8265 0.4339
vn 0.3189 0.8314 0.4550
vn 0.4629 0.7844 -0.4129
vn 0.4449 0.8229 -0.3533
vn 0.4771 0.7457 -0.4651
vn 0.4884 0.7070 -0.5115
vn 0.1646 0.5818 0.7965
vn 0.0873 0.4961 0.8638
vn 0.2639 0.6807 0.6833
vn 0.3775 0.7743 0.5079
vn 0.2500 0.2087 -0.9455
vn 0.2872 0.0592 -0.9560
vn 0.1662 0.4695 -0.8671
vn 0.0916 0.6462 -0.7576
vn 0.2790 0.8610 0.4253
vn 0.5346 0.8159 -0.2201
vn 0.8477 0.0181 -0.5301
vn 0.6079 0.7443 -0.2764
vn 0.2187 0.9758 0.0011
vn 0.3933 0.7345 0.5530
vn 0.3942 0.7741 0.4954
vn 0.3849 0.6368 0.6681
vn 0.3713 0.5453 0.7515
vn 0.3896 0.5753 -0.7192
vn 0.3405 0.6239 -0.7035
vn 0.4189 0.5439 -0.7271
vn 0.4724 0.4814 -0.7383
vn 0.9368 0.3497 0.0107
vn 0.9452 0.3258 0.0210
vn 0.9198 0.3922 -0.0080
vn 0.9132 0.4074 -0.0147
vn -0.7304 -0.2724 0.6263
vn -0.7525 -0.2346 0.6154
vn -0.7422 -0.2526 0.6208
vn -0.7162 -0.2953 0.6324
vn -0.3031 -0.2470 0.9204
vn -0.3010 -0.2603 0.9174
vn -0.3014 -0.2576 0.9180
vn -0.3039 -0.2419 0.9215
vn 0.2075 -0.2197 -0.9532
vn 0.0310 -0.3995 -0.9162
vn 0.1469 -0.2846 -0.9473
vn 0.2983 -0.1155 -0.9475
vn -0.5902 -0.2404 -0.7706
vn -0.6004 -0.2765 -0.7504
vn -0.5944 -0.2548 -0.7627
vn -0.5809 -0.2103 -0.7864
vn -0.3476 0.0210 0.9374
vn -0.4219 -0.1829 0.8880
vn -0.4065 -0.1362 0.9034
vn -0.3289 0.0660 0.9421
vn -0.5651 -0.4402 -0.6978
vn -0.6986 -0.5482 -0.4599
vn -0.6796 -0.5327 -0.5043
vn -0.5159 -0.4007 -0.7572
vn -0.1283 -0.5211 0.8438
vn -0.1291 -0.3583 0.9247
vn -0.1293 -0.4117 0.9021
vn -0.1277 -0.5485 0.8263
vn -0.0942 -0.8420 -0.5312
vn -0.0623 -0.7931 -0.6059
vn -0.0681 -0.8025 -0.5927
vn -0.1000 -0.8502 -0.5169
vn 0.4622 -0.7327 0.4996
vn 0.4756 -0.6755 0.5634
vn 0.4731 -0.6880 0.5504
vn 0.4543 -0.7587 0.4670
vn 0.3639 -0.7924 -0.4896
vn 0.3633 -0.7928 -0.4893
vn 0.3635 -0.7927 -0.4894
vn 0.3641 -0.7922 -0.4898
vn 0.5427 -0.8389 0.0424
vn 0.5876 -0.8072 0.0565
vn 0.5787 -0.8138 0.0537
vn 0.5311 -0.8464 0.0389
vn -0.1692 -0.9846 0.0449
vn -0.1259 -0.9920 0.0094
vn -0.1689 -0.9846 0.0446
vn -0.2078 -0.9751 0.0768
vn 0.1990 -0.9788 0.0491
vn 0.2000 -0.9786 0.0486
vn 0.1982 -0.9789 0.0495
vn 0.1977 -0.9790 0.0498
vn -0.6910 -0.7176 -0.0873
vn -0.6865 -0.7213 -0.0920
vn -0.6905 -0.7180 -0.0878
vn -0.6969 -0.7125 -0.0810
vn -0.9348 -0.3527 -0.0431
vn -0.9512 -0.3033 0.0578
vn -0.9456 -0.3251 0.0142
vn -0.9213 -0.3768 -0.0959
vn -0.9612 0.2091 0.1801
vn -0.9370 0.2547 0.2392
vn -0.9569 0.2181 0.1917
vn -0.9782 0.1661 0.1249
vn -0.9678 0.0086 0.2518
vn -0.9688 0.0128 0.2473
vn -0.9676 0.0080 0.2524
vn -0.9665 0.0039 0.2567
vn -0.7911 -0.4991 0.3537
vn -0.9100 -0.3368 0.2417
vn -0.8303 -0.4543 0.3228
vn -0.7027 -0.5814 0.4102
vn 0.4234 -0.5723 0.7023
vn 0.8573 -0.4966 0.1357
vn 0.8610 -0.5031 0.0743
vn 0.8538 -0.4922 0.1698
vn 0.8423 -0.4802 0.2446
vn 0.3763 -0.0676 0.9240
vn 0.3936 -0.0446 0.9182
vn 0.3710 -0.0745 0.9257
vn 0.2898 -0.1754 0.9409
vn 0.7287 0.6846 0.0187
vn 0.6716 0.7282 0.1365
vn 0.7643 0.6404 -0.0755
vn 0.7920 0.5851 -0.1744
vn 0.8201 0.3051 0.4840
vn 0.8214 0.2570 0.5091
vn 0.8204 0.2991 0.4873
vn 0.8156 0.3601 0.4529
vn 0.9405 -0.0776 -0.3309
vn 0.9356 -0.0644 -0.3472
vn 0.9396 -0.0752 -0.3338
vn 0.9435 -0.0865 -0.3198
vn -0.8156 -0.1297 -0.5639
vn -0.8221 -0.1449 -0.5506
vn -0.8163 -0.1313 -0.5625
vn -0.8095 -0.1162 -0.5755
vn -0.8456 -0.5035 -0.1774
vn -0.6983 -0.7154 -0.0245
vn -0.7967 -0.5925 -0.1191
vn -0.8856 -0.3986 -0.2383
vn 0.8081 0.1276 0.5751
vn 0.6935 0.2885 0.6602
vn 0.8215 0.1039 0.5607
vn 0.8855 -0.0401 0.4628
vn 0.4687 0.2893 0.8347
vn 0.5061 0.2273 0.8320
vn 0.4804 0.2705 0.8343
vn 0.4434 0.3281 0.8341
vn -0.2494 0.1957 0.9484
vn -0.3752 0.3771 0.8467
vn -0.3394 0.3244 0.8829
vn -0.2092 0.1395 0.9679
vn 0.1624 -0.9848 0.0611
vn 0.1902 -0.9793 0.0694
vn 0.1764 -0.9822 0.0652
vn 0.1512 -0.9868 0.0577
vn -0.4127 -0.8998 0.1418
vn -0.2440 -0.9516 0.1872
vn -0.3413 -0.9259 0.1620
vn -0.4794 -0.8692 0.1214
vn -0.9525 -0.0716 0.2960
vn -0.9543 -0.0947 0.2834
vn -0.9481 -0.0334 0.3161
vn -0.9455 -0.0161 0.3251
vn -0.6302 0.7380 0.2411
vn -0.6658 0.7123 0.2220
vn -0.5874 0.7655 0.2625
vn -0.5552 0.7841 0.2775
vn 0.0307 0.9921 0.1216
vn 0.0275 0.9924 0.1203
vn 0.0334 0.9919 0.1227
vn 0.0364 0.9916 0.1239
vn 0.8589 0.5066 -0.0748
vn 0.8538 0.5170 -0.0614
vn 0.8575 0.5096 -0.0709
vn 0.8624 0.4992 -0.0843
vn 0.8086 -0.5837 -0.0740
vn 0.8008 -0.5937 -0.0792
vn 0.8045 -0.5889 -0.0767
vn 0.8116 -0.5798 -0.0720
vn 0.2000 0.9557 0.2158
vn 0.1952 0.9543 0.2263
vn 0.2078 0.9579 0.1983
vn 0.2120 0.9588 0.1888
vn 0.1635 0.8101 0.5630
vn 0.2221 0.8487 0.4800
vn 0.0491 0.7124 0.7001
vn -0.0469 0.6095 0.7914
vn -0.0223 0.5746 0.8181
vn -0.0566 0.5569 0.8287
vn -0.0167 0.5774 0.8163
vn 0.0239 0.5970 0.8019
vn -0.3083 0.9264 0.2164
vn -0.2654 0.9242 0.2746
vn -0.2873 0.9259 0.2453
vn -0.3352 0.9252 0.1780
vn -0.1571 0.6486 0.7448
vn -0.1634 0.6098 0.7755
vn -0.1467 0.7045 0.6944
vn -0.1394 0.7388 0.6594
vn -0.6831 0.4444 0.5795
vn -0.6822 0.4352 0.5876
vn -0.6833 0.4471 0.5772
vn -0.6842 0.4584 0.5672
vn 0.5964 0.4099 0.6901
vn 0.7324 0.3415 0.5891
vn 0.5695 0.4210 0.7060
vn 0.4351 0.4663 0.7703
vn 0.2779 -0.9199 -0.2768
vn 0.2900 -0.9277 -0.2352
vn 0.2823 -0.9229 -0.2620
vn 0.2696 -0.9137 -0.3041
vn 0.3969 0.1384 0.9074
vn 0.3959 0.2089 0.8942
vn 0.3967 0.1667 0.9027
vn 0.3963 0.0860 0.9141
vn -0.0510 0.6167 0.7856
vn -0.1192 0.1737 0.9776
vn -0.0067 0.0765 0.9971
vn -0.1904 0.2345 0.9533
vn -0.2980 0.3248 0.8976
vn 0.4687 -0.8387 -0.2773
vn 0.4328 -0.8435 -0.3182
vn 0.5758 -0.8057 -0.1387
vn 0.6144 -0.7849 -0.0808
vn 0.4036 0.0556 0.9132
vn 0.3825 0.1846 0.9053
vn 0.4037 0.0552 0.9132
vn 0.4234 -0.1607 0.8916
vn -0.1181 0.1591 0.9802
vn -0.1701 0.2966 0.9397
vn -0.1271 0.1825 0.9750
vn -0.0879 0.0806 0.9929
vn -0.9481 0.2066 0.2416
vn -0.9496 0.2258 0.2174
vn -0.9472 0.1980 0.2523
vn -0.9446 0.1797 0.2748
vn -0.7944 0.1742 0.5819
vn -0.7849 0.1608 0.5984
vn -0.8008 0.1837 0.5700
vn -0.8100 0.1977 0.5521
vn -0.3038 0.1455 0.9416
vn -0.3340 0.1726 0.9266
vn -0.2754 0.1202 0.9538
vn -0.2520 0.0995 0.9626
vn 0.9868 -0.0624 -0.1497
vn 0.9702 -0.0921 -0.2239
vn 0.9940 -0.0428 -0.1007
vn 0.9998 -0.0090 -0.0166
vn 0.5499 -0.0085 0.8352
vn 0.5268 0.0136 0.8498
vn 0.5698 -0.0281 0.8213
vn 0.6025 -0.0616 0.7957
vn -0.0708 0.1097 0.9914
vn -0.0706 0.1092 0.9915
vn -0.7867 -0.5867 0.1919
vn -0.7980 -0.5751 0.1802
vn -0.7874 -0.5860 0.1912
vn -0.7759 -0.5974 0.2029
vn -0.6592 -0.4760 0.5822
vn -0.6613 -0.4751 0.5805
vn -0.6575 -0.4767 0.5834
vn -0.6547 -0.4779 0.5856
vn -0.1575 -0.1456 0.9767
vn -0.2987 -0.0334 0.9538
vn 0.0337 -0.2841 0.9582
vn 0.3663 -0.4887 0.7918
vn 0.9076 -0.3983 -0.1329
vn 0.8651 -0.4092 -0.2900
vn 0.9218 -0.3862 -0.0335
vn 0.9221 -0.3507 0.1634
vn 0.6939 -0.6012 0.3964
vn 0.5934 -0.4930 0.6363
vn 0.6860 -0.5922 0.4227
vn 0.7410 -0.6660 0.0860
vn -0.0659 -0.1742 0.9825
vn 0.1258 -0.2207 0.9672
vn -0.2201 -0.1313 0.9666
vn -0.5044 -0.0377 0.8626
vn 0.1615 -0.9847 -0.0661
vn 0.0984 -0.9901 -0.1001
vn 0.1567 -0.9852 -0.0687
vn 0.2330 -0.9721 -0.0265
vn 0.1933 -0.9754 -0.1063
vn 0.1885 -0.9729 -0.1336
vn 0.1915 -0.9746 -0.1164
vn 0.1943 -0.9758 -0.1000
vn 0.4024 -0.8774 0.2613
vn 0.4014 -0.8768 0.2647
vn 0.4021 -0.8772 0.2623
vn 0.4045 -0.8787 0.2536
vn -0.0000 -1.0000 -0.0000
vn -0.2188 0.1076 0.9698
vn -0.1896 0.0799 0.9786
vn -0.2223 0.1109 0.9687
vn -0.2511 0.1385 0.9580
vn 0.7662 0.0075 0.6426
vn 0.7691 0.0104 0.6391
vn 0.7668 0.0081 0.6418
vn 0.7642 0.0054 0.6450
vn -0.9196 -0.0098 0.3927
vn -0.8905 0.0486 0.4524
vn -0.9107 0.0097 0.4130
vn -0.9332 -0.0437 0.3566
vn 0.9174 -0.1886 -0.3506
vn 0.9147 -0.1772 -0.3632
vn 0.9171 -0.1872 -0.3521
vn 0.9195 -0.1987 -0.3391
vn 0.1547 -0.1989 -0.9677
vn 0.1162 -0.1537 -0.9813
vn 0.1602 -0.2054 -0.9655
vn 0.1971 -0.2487 -0.9483
vn 0.8610 -0.0502 0.5061
vn 0.9160 -0.2015 0.3468
vn 0.8640 -0.0563 0.5002
vn 0.7964 0.0570 0.6020
vn 0.4168 -0.0902 0.9045
vn 0.3911 -0.0144 0.9203
vn 0.4019 -0.0454 0.9146
vn 0.4287 -0.1284 0.8943
vn -0.3612 -0.0869 0.9285
vn -0.3684 -0.0795 0.9263
vn -0.3616 -0.0864 0.9283
vn -0.3532 -0.0948 0.9307
vn -0.8916 -0.0445 0.4506
vn -0.8911 -0.0429 0.4518
vn -0.8917 -0.0448 0.4504
vn -0.8922 -0.0464 0.4493
vn -0.9872 -0.0314 0.1563
vn -0.9873 -0.0309 0.1556
vn -0.9871 -0.0318 0.1571
vn -0.9869 -0.0323 0.1579
vn 0.9232 0.2286 -0.3090
vn 0.9979 0.0487 -0.0425
vn 0.9161 0.2379 -0.3229
vn 0.6262 0.4472 -0.6387
vn 0.9695 0.0517 -0.2395
vn 0.9706 0.0554 -0.2341
vn 0.9686 0.0485 -0.2440
vn 0.9674 0.0447 -0.2494
vn 0.5836 0.5904 0.5575
vn 0.5997 0.5924 0.5380
vn 0.5752 0.5892 0.5674
vn 0.5560 0.5863 0.5892
vn 0.7475 0.6402 0.1771
vn 0.8918 0.3702 0.2602
vn 0.9241 0.3176 0.2126
vn 0.8746 0.3943 0.2822
vn 0.8394 0.4378 0.3221
vn 0.5262 -0.3540 0.7731
vn -0.9807 0.0938 0.1717
vn 0.9217 -0.2605 -0.2874
vn 0.9147 -0.2876 -0.2839
vn 0.9319 -0.2141 -0.2928
vn 0.9379 -0.1803 -0.2963
vn 0.6740 0.0504 0.7370
vn 0.8617 -0.2423 0.4458
vn 0.6702 0.0547 0.7402
vn 0.4890 0.2267 0.8423
vn -0.7055 -0.3378 0.6230
vn -0.5374 -0.4265 -0.7275
vn 0.1657 -0.6061 -0.7779
vn 0.1339 -0.6141 -0.7778
vn 0.2011 -0.5964 -0.7771
vn 0.2635 -0.5770 -0.7731
vn 0.5878 -0.8061 0.0683
vn -0.2999 -0.4499 0.8412
vn -0.2415 -0.4314 0.8692
vn -0.2812 -0.4441 0.8507
vn -0.3210 -0.4562 0.8300
vn -0.7418 -0.1438 0.6550
vn -0.5884 -0.1391 -0.7965
vn -0.1200 -0.1679 -0.9785
vn -0.2175 -0.1892 -0.9575
vn 0.2282 -0.0800 -0.9703
vn 0.3222 -0.0531 -0.9452
vn 0.9921 -0.0487 0.1153
vn -0.3428 -0.0807 0.9359
vn -0.6191 -0.1626 0.7682
vn -0.5573 -0.1441 0.8177
vn -0.2672 -0.0586 0.9618
vn -0.8218 -0.1257 -0.5557
vn -0.8244 -0.1292 -0.5510
vn -0.8214 -0.1251 -0.5565
vn -0.8183 -0.1209 -0.5619
vn 0.1958 -0.2151 -0.9568
vn 0.1955 -0.2149 -0.9569
vn -0.7740 -0.5964 -0.2124
vn -0.7480 -0.5941 -0.2958
vn -0.7550 -0.5951 -0.2755
vn -0.7959 -0.5937 -0.1185
vn 0.3367 -0.8531 -0.3985
vn 0.3229 -0.8371 -0.4416
vn 0.3994 -0.9060 -0.1403
vn 0.4043 -0.9077 -0.1127
vn 0.8531 -0.4558 0.2539
vn 0.8972 -0.4185 0.1413
vn 0.7827 -0.4907 0.3829
vn 0.6968 -0.5139 0.5004
vn 0.7626 -0.5974 0.2480
vn 0.7738 -0.5927 0.2236
vn 0.7628 -0.5973 0.2478
vn 0.7462 -0.6032 0.2817
vn -0.8432 0.4715 0.2581
vn -0.8483 0.4412 0.2927
vn -0.8412 0.4812 0.2467
vn -0.8330 0.5125 0.2086
vn 0.9027 0.0322 0.4291
vn 0.7930 0.0259 0.6086
vn -0.1110 0.2255 0.9679
vn -0.6659 0.3307 0.6687
vn -0.8726 0.4531 0.1826
vn -0.8245 0.0474 0.5638
vn -0.8315 0.0370 0.5542
vn -0.8270 0.0438 0.5605
vn -0.8191 0.0553 0.5710
vn -0.0789 0.0971 0.9921
vn 0.7721 0.5721 -0.2767
vn 0.7725 0.5677 -0.2846
vn 0.7710 0.5821 -0.2585
vn 0.7702 0.5874 -0.2485
vn -0.9838 -0.1785 0.0158
vn -0.9886 -0.1483 -0.0250
vn -0.9833 -0.1808 0.0189
vn -0.9723 -0.2214 0.0747
vn -0.9797 0.1725 0.1023
vn -0.9781 0.1968 0.0674
vn -0.9798 0.1610 0.1188
vn -0.9786 0.1346 0.1559
vn -0.9058 0.4139 0.0911
vn -0.9209 0.3591 0.1513
vn -0.9033 0.4210 0.0830
vn -0.8831 0.4684 0.0271
vn -0.8961 0.4341 0.0919
vn -0.8718 0.4889 0.0314
vn -0.9002 0.4228 0.1038
vn -0.9172 0.3625 0.1653
vn -0.8843 0.4349 0.1699
vn -0.8850 0.4307 0.1768
vn -0.8834 0.4397 0.1621
vn -0.8825 0.4444 0.1543
vn -0.9371 -0.3395 0.0811
vn -0.9209 -0.3636 0.1407
vn -0.9566 -0.2895 -0.0331
vn -0.9603 -0.2662 -0.0830
vn 0.9061 -0.3081 0.2899
vn 0.9036 -0.3120 0.2934
vn 0.9079 -0.3052 0.2874
vn 0.9108 -0.3005 0.2832
vn 0.9824 -0.0019 0.1866
vn 0.9877 -0.0408 0.1512
vn 0.9825 -0.0025 0.1860
vn 0.9742 0.0383 0.2226
vn 0.8057 0.5669 0.1715
vn 0.7870 0.6033 0.1292
vn 0.8011 0.5766 0.1605
vn 0.8216 0.5288 0.2130
vn 0.4901 -0.6910 -0.5313
vn 0.5156 -0.6853 -0.5143
vn 0.5070 -0.6873 -0.5201
vn 0.4777 -0.6935 -0.5394
vn 0.9761 0.0738 0.2044
vn 0.9867 0.0314 0.1595
vn 0.9716 0.0884 0.2197
vn 0.9556 0.1310 0.2640
vn -0.9537 0.0505 0.2964
vn -0.9482 0.0324 0.3160
vn -0.9554 0.0565 0.2898
vn -0.9603 0.0756 0.2687
vn -0.1220 -0.1225 -0.9849
vn -0.1503 -0.1365 -0.9792
vn -0.0858 -0.1046 -0.9908
vn -0.0627 -0.0930 -0.9937
vn 0.7726 -0.0811 -0.6297
vn 0.7874 -0.0897 -0.6099
vn 0.7833 -0.0874 -0.6154
vn 0.7679 -0.0785 -0.6358
vn -0.9031 -0.1016 -0.4172
vn -0.9185 -0.1143 -0.3786
vn -0.8328 -0.0542 -0.5509
vn -0.8002 -0.0356 -0.5986
vn 0.9122 -0.0581 0.4055
vn 0.9335 -0.0847 0.3485
vn 0.8553 -0.0022 0.5182
vn 0.8135 0.0312 0.5808
vn 0.0549 -0.2394 0.9694
vn 0.1127 -0.2694 0.9564
vn -0.0160 -0.2014 0.9794
vn -0.0751 -0.1686 0.9828
vn -0.8154 -0.0691 0.5747
vn -0.8522 -0.0319 0.5222
vn -0.7321 -0.1395 0.6667
vn -0.6395 -0.2036 0.7413
vn -0.0549 0.0151 -0.9984
vn -0.0379 0.0050 -0.9993
vn -0.0480 0.0110 -0.9988
vn -0.0655 0.0214 -0.9976
vn 0.7703 -0.0869 -0.6318
vn 0.7074 -0.0428 -0.7055
vn 0.7259 -0.0552 -0.6856
vn 0.7855 -0.0984 -0.6110
vn -0.9398 -0.0671 -0.3351
vn -0.9692 -0.0338 -0.2441
vn -0.9605 -0.0450 -0.2748
vn -0.9238 -0.0816 -0.3740
vn 0.9363 -0.1430 0.3209
vn 0.9532 -0.1184 0.2781
vn 0.9470 -0.1279 0.2947
vn 0.9276 -0.1541 0.3403
vn 0.1059 -0.0805 0.9911
vn 0.0909 -0.0878 0.9920
vn 0.0970 -0.0848 0.9917
vn 0.1136 -0.0768 0.9906
vn -0.8419 -0.1032 0.5297
vn -0.8196 -0.0833 0.5668
vn -0.8292 -0.0917 0.5514
vn -0.8514 -0.1122 0.5124
vn 0.0010 0.0507 -0.9987
vn 0.1253 -0.0480 -0.9910
vn 0.0492 0.0126 -0.9987
vn -0.0610 0.0994 -0.9932
vn 0.7256 0.0335 -0.6873
vn 0.7511 0.0061 -0.6602
vn 0.7399 0.0183 -0.6725
vn 0.7121 0.0473 -0.7005
vn -0.9147 0.3103 -0.2588
vn -0.9045 0.2737 -0.3271
vn -0.9092 0.2883 -0.3004
vn -0.9173 0.3248 -0.2305
vn 0.9469 -0.1252 0.2961
vn 0.9336 -0.1522 0.3244
vn 0.9421 -0.1353 0.3068
vn 0.9536 -0.1101 0.2801
vn 0.0595 -0.0793 0.9951
vn -0.0037 -0.1111 0.9938
vn 0.0341 -0.0922 0.9952
vn 0.0920 -0.0627 0.9938
vn -0.8368 0.2202 0.5012
vn -0.8880 0.1840 0.4215
vn -0.8657 0.2008 0.4585
vn -0.8143 0.2339 0.5313
vn 0.0565 0.2293 -0.9717
vn 0.0310 0.2875 -0.9573
vn 0.0800 0.1742 -0.9815
vn 0.1190 0.0798 -0.9897
vn 0.6505 -0.2522 -0.7164
vn 0.6473 -0.1710 -0.7428
vn 0.6459 -0.3759 -0.6644
vn 0.6370 -0.4508 -0.6253
vn -0.8537 0.4201 -0.3078
vn -0.8536 0.4206 -0.3073
vn -0.8537 0.4198 -0.3080
vn -0.8538 0.4194 -0.3085
vn 0.8034 -0.4833 0.3477
vn 0.7622 -0.5394 0.3578
vn 0.8833 -0.3447 0.3178
vn 0.9101 -0.2832 0.3026
vn -0.0020 -0.0225 0.9997
vn -0.0032 -0.0241 0.9997
vn -0.0006 -0.0206 0.9998
vn 0.0003 -0.0193 0.9998
vn -0.8832 0.2678 0.3851
vn -0.9033 0.2348 0.3591
vn -0.8707 0.2865 0.3997
vn -0.8508 0.3143 0.4212
vn -0.0329 0.0290 -0.9990
vn -0.0326 0.0282 -0.9991
vn -0.0333 0.0303 -0.9990
vn -0.0336 0.0311 -0.9990
vn 0.6792 -0.1073 -0.7260
vn 0.6850 -0.1335 -0.7162
vn 0.6727 -0.0803 -0.7355
vn 0.6661 -0.0549 -0.7438
vn -0.9350 -0.1935 -0.2971
vn -0.9420 -0.1722 -0.2881
vn -0.9193 -0.2360 -0.3149
vn -0.9103 -0.2579 -0.3238
vn 0.8837 -0.3335 0.3285
vn 0.9126 -0.2697 0.3073
vn 0.8361 -0.4185 0.3548
vn 0.7938 -0.4807 0.3725
vn -0.0291 -0.3200 0.9470
vn -0.0177 -0.3036 0.9526
vn -0.0522 -0.3528 0.9343
vn -0.0677 -0.3744 0.9248
vn -0.8998 -0.1130 0.4213
vn -0.8872 -0.0482 0.4589
vn -0.9095 -0.2491 0.3329
vn -0.9041 -0.3247 0.2779
vn -0.0883 -0.0294 -0.9957
vn -0.1520 0.0220 -0.9881
vn -0.1121 -0.0103 -0.9936
vn -0.0422 -0.0662 -0.9969
vn 0.7171 -0.0828 -0.6920
vn 0.7530 -0.1255 -0.6459
vn 0.7315 -0.0994 -0.6746
vn 0.6923 -0.0553 -0.7195
vn -0.9428 -0.0522 -0.3291
vn -0.9162 -0.0886 -0.3909
vn -0.9308 -0.0696 -0.3588
vn -0.9572 -0.0285 -0.2881
vn 0.9272 -0.1653 0.3362
vn 0.9129 -0.1858 0.3634
vn 0.9213 -0.1740 0.3478
vn 0.9348 -0.1535 0.3204
vn 0.0361 -0.1988 0.9794
vn 0.1161 -0.1560 0.9809
vn 0.0740 -0.1788 0.9811
vn -0.0116 -0.2234 0.9747
vn -0.8529 -0.1630 0.4960
vn -0.8094 -0.1166 0.5755
vn -0.8314 -0.1391 0.5380
vn -0.8767 -0.1927 0.4408
vn -0.1972 0.0177 -0.9802
vn -0.2527 0.0634 -0.9655
vn -0.2147 0.0320 -0.9762
vn -0.1553 -0.0164 -0.9877
vn 0.7542 -0.0862 -0.6510
vn 0.7520 -0.0885 -0.6532
vn 0.7549 -0.0854 -0.6502
vn 0.7572 -0.0830 -0.6478
vn -0.9274 0.0094 -0.3740
vn -0.9414 0.0343 -0.3357
vn -0.9310 0.0154 -0.3648
vn -0.9172 -0.0067 -0.3983
vn -0.1965 0.0716 -0.9779
vn -0.2012 0.0775 -0.9765
vn -0.1944 0.0690 -0.9785
vn -0.1886 0.0617 -0.9801
vn 0.7779 0.0033 -0.6283
vn 0.7835 -0.0113 -0.6212
vn 0.7765 0.0069 -0.6300
vn 0.7701 0.0228 -0.6375
vn -0.8421 -0.1502 -0.5179
vn -0.7912 -0.2109 -0.5741
vn -0.8507 -0.1388 -0.5069
vn -0.8909 -0.0788 -0.4473
vn 0.7898 -0.6057 0.0965
vn 0.8273 -0.5438 -0.1412
vn 0.8218 -0.5649 -0.0741
vn 0.7580 -0.6211 0.1991
vn 0.9497 -0.2784 0.1432
vn 0.9517 0.0737 0.2980
vn 0.9663 -0.1654 0.1974
vn 0.8642 -0.5027 0.0210
vn 0.9494 -0.2849 -0.1324
vn 0.9468 -0.3034 -0.1071
vn 0.9488 -0.2897 -0.1259
vn 0.9508 -0.2688 -0.1540
vn 0.9588 -0.1476 -0.2427
vn 0.9020 0.0149 -0.4315
vn 0.9544 -0.1243 -0.2715
vn 0.9544 -0.2949 -0.0461
vn -0.2017 0.0618 -0.9775
vn 0.6540 0.2277 -0.7214
vn -0.8230 0.0048 -0.5680
vn -0.8142 -0.0132 -0.5805
vn -0.8271 0.0135 -0.5618
vn -0.8349 0.0305 -0.5496
vn -0.8178 0.0609 -0.5723
vn -0.1163 0.2525 -0.9606
vn -0.9637 0.0273 -0.2655
vn -0.9644 0.1735 -0.1994
vn -0.9654 0.2038 -0.1626
vn -0.9646 0.1768 -0.1955
vn -0.9605 0.1378 -0.2416
vn 0.9848 -0.0464 -0.1675
vn 0.9939 0.0450 -0.1005
vn 0.9880 -0.0257 -0.1525
vn 0.9723 -0.1042 -0.2091
vn 0.8615 0.1551 -0.4835
vn 0.6237 0.2017 -0.7552
vn 0.6068 0.2335 -0.7597
vn 0.6313 0.1868 -0.7527
vn 0.6465 0.1555 -0.7469
vn -0.5747 0.4404 -0.6898
vn -0.6637 0.3413 -0.6656
vn -0.6105 0.4029 -0.6819
vn -0.5080 0.5033 -0.6990
vn -0.1711 0.3385 -0.9253
vn -0.1908 0.4186 -0.8879
vn -0.1495 0.2540 -0.9556
vn -0.1336 0.1928 -0.9721
vn -0.9236 0.3590 -0.1344
vn 0.9716 0.0700 -0.2259
vn 0.9706 0.0505 -0.2354
vn 0.9711 0.0580 -0.2317
vn 0.9720 0.0809 -0.2204
vn 0.8781 0.0095 -0.4784
vn 0.8855 -0.0409 -0.4629
vn 0.8704 0.0498 -0.4897
vn 0.8605 0.0930 -0.5009
vn 0.5090 0.3420 -0.7899
vn 0.4598 0.4512 -0.7649
vn 0.5504 0.2283 -0.8031
vn 0.5868 0.0977 -0.8038
vn -0.4640 0.3496 -0.8139
vn -0.4261 0.2164 -0.8784
vn -0.4819 0.4273 -0.7650
vn -0.4998 0.5288 -0.6860
vn -0.1668 0.5080 -0.8450
vn -0.1685 0.5135 -0.8414
vn -0.1648 0.5015 -0.8493
vn -0.1637 0.4979 -0.8516
vn -0.8554 0.4889 -0.1711
vn -0.8575 0.4857 -0.1698
vn -0.8564 0.4873 -0.1705
vn -0.8543 0.4906 -0.1718
vn 0.9774 0.0287 -0.2092
vn 0.9861 0.0982 -0.1338
vn 0.9794 0.0391 -0.1982
vn 0.9599 -0.0368 -0.2781
vn 0.7542 0.1196 -0.6456
vn 0.7962 0.0374 -0.6039
vn 0.7479 0.1307 -0.6508
vn 0.6987 0.2093 -0.6841
vn 0.4697 0.1249 -0.8739
vn 0.4558 0.1557 -0.8764
vn 0.4840 0.0918 -0.8702
vn 0.4964 0.0617 -0.8659
vn -0.3609 0.2047 -0.9099
vn -0.4035 0.2671 -0.8751
vn -0.3427 0.1786 -0.9223
vn -0.3098 0.1325 -0.9415
vn -0.8472 0.4763 -0.2353
vn -0.8827 0.4295 -0.1907
vn -0.8437 0.4806 -0.2394
vn -0.8060 0.5217 -0.2797
vn 0.9794 -0.1968 -0.0444
vn 0.9164 -0.3946 0.0676
vn 0.9824 -0.1784 -0.0544
vn 0.9867 0.0255 -0.1608
vn 0.8856 -0.1215 -0.4483
vn 0.8599 -0.0771 -0.5046
vn 0.8935 -0.1371 -0.4277
vn 0.9165 -0.1927 -0.3505
vn 0.2705 -0.1719 -0.9472
vn 0.2270 -0.0946 -0.9693
vn 0.2911 -0.2095 -0.9335
vn 0.3351 -0.2922 -0.8957
vn -0.3402 -0.1768 -0.9236
vn -0.2988 -0.2044 -0.9322
vn -0.3274 -0.1855 -0.9265
vn -0.3739 -0.1535 -0.9147
vn -0.8174 -0.3561 -0.4528
vn -0.8208 -0.3529 -0.4492
vn -0.8185 -0.3551 -0.4517
vn -0.8145 -0.3588 -0.4558
vn 0.9710 -0.0630 0.2307
vn 0.9733 -0.0557 0.2226
vn 0.9716 -0.0612 0.2286
vn 0.9692 -0.0683 0.2365
vn 0.7260 -0.2861 -0.6253
vn 0.7154 -0.1979 -0.6701
vn 0.7294 -0.3772 -0.5707
vn 0.7229 -0.4788 -0.4982
vn 0.1159 -0.3578 -0.9266
vn 0.1170 -0.3619 -0.9248
vn 0.1149 -0.3540 -0.9282
vn 0.1136 -0.3489 -0.9303
vn -0.2239 -0.4588 -0.8599
vn -0.1259 -0.5243 -0.8422
vn -0.1974 -0.4774 -0.8562
vn -0.2996 -0.4020 -0.8652
vn -0.8482 -0.4216 -0.3208
vn -0.9412 -0.3040 -0.1474
vn -0.8967 -0.3700 -0.2428
vn -0.7894 -0.4690 -0.3961
vn 0.9189 -0.2628 -0.2944
vn 0.9545 -0.1480 -0.2588
vn 0.9282 -0.2372 -0.2867
vn 0.8632 -0.3836 -0.3281
vn 0.8968 -0.2165 -0.3858
vn -0.7496 -0.4169 -0.5141
vn -0.6970 -0.4234 -0.5788
vn -0.7419 -0.4181 -0.5242
vn -0.8234 -0.4003 -0.4022
vn -0.9436 0.1514 -0.2945
vn -0.4584 0.8687 -0.1876
vn -0.3852 0.9160 -0.1122
vn -0.4565 0.8701 -0.1857
vn -0.5352 0.7999 -0.2715
vn 0.4318 0.8901 -0.1460
vn 0.4501 0.8837 -0.1282
vn 0.4322 0.8899 -0.1456
vn 0.4111 0.8964 -0.1656
vn 0.7031 0.4737 -0.5304
vn 0.3339 -0.0974 -0.9376
vn 0.3287 -0.0580 -0.9427
vn 0.3359 -0.1136 -0.9350
vn 0.3423 -0.1716 -0.9238
vn -0.1600 -0.8753 -0.4563
vn -0.1525 -0.8791 -0.4516
vn -0.1575 -0.8766 -0.4547
vn -0.1649 -0.8728 -0.4594
vn -0.8209 -0.5158 -0.2452
vn -0.6172 -0.7685 -0.1687
vn -0.7093 -0.6752 -0.2024
vn -0.8635 -0.4307 -0.2626
vn -0.9857 0.1672 0.0220
vn -0.9837 0.1789 0.0158
vn -0.9851 0.1710 0.0200
vn -0.9866 0.1609 0.0253
vn -0.4184 0.8931 0.1655
vn -0.3358 0.9378 0.0880
vn -0.4038 0.9022 0.1516
vn -0.4715 0.8546 0.2174
vn 0.4415 0.8953 0.0590
vn 0.4626 0.8859 0.0328
vn 0.4404 0.8958 0.0603
vn 0.4208 0.9032 0.0839
vn 0.9378 0.3438 -0.0484
vn 0.9247 0.3806 -0.0027
vn 0.9345 0.3541 -0.0358
vn 0.9428 0.3258 -0.0702
vn 0.8602 -0.3310 -0.3880
vn 0.8501 -0.3404 -0.4019
vn 0.8602 -0.3309 -0.3880
vn 0.8726 -0.3186 -0.3701
vn -0.0752 -0.9970 -0.0202
vn 0.0529 -0.9814 0.1844
vn -0.1185 -0.9888 -0.0908
vn -0.2262 -0.9361 -0.2695
vn -0.7641 -0.6449 -0.0161
vn -0.8468 -0.5074 -0.1598
vn -0.7604 -0.6494 -0.0109
vn -0.5942 -0.7837 0.1807
vn -0.9768 0.2027 0.0692
vn -0.9646 0.2621 0.0283
vn -0.9735 0.2216 0.0563
vn -0.9822 0.1607 0.0974
vn -0.3335 0.9420 -0.0369
vn -0.3235 0.9452 -0.0442
vn -0.3280 0.9438 -0.0409
vn -0.3386 0.9404 -0.0331
vn 0.4136 0.9074 -0.0744
vn 0.2262 0.9727 0.0526
vn 0.3414 0.9396 -0.0240
vn 0.4639 0.8790 -0.1106
vn 0.8984 0.3947 -0.1925
vn 0.8926 0.4130 -0.1809
vn 0.8954 0.4045 -0.1863
vn 0.9013 0.3851 -0.1984
vn 0.9340 -0.3416 -0.1050
vn 0.9439 -0.3197 -0.0831
vn 0.9344 -0.3406 -0.1040
vn 0.9274 -0.3548 -0.1182
vn 0.1233 -0.9895 -0.0751
vn 0.2287 -0.9733 -0.0216
vn 0.1895 -0.9810 -0.0417
vn 0.0906 -0.9917 -0.0912
vn -0.7881 -0.6150 -0.0271
vn -0.5350 -0.8333 0.1394
vn -0.6629 -0.7460 0.0640
vn -0.8538 -0.5131 -0.0874
vn -0.9664 0.2570 -0.0007
vn -0.9615 0.2747 -0.0110
vn -0.9631 0.2689 -0.0076
vn -0.9679 0.2514 0.0025
vn -0.3790 0.9252 -0.0175
vn -0.5681 0.8162 0.1052
vn -0.4929 0.8684 0.0544
vn -0.3253 0.9443 -0.0497
vn 0.2408 0.9703 -0.0227
vn 0.1968 0.9804 0.0016
vn 0.2138 0.9769 -0.0077
vn 0.2642 0.9638 -0.0357
vn 0.8857 0.4540 -0.0971
vn 0.8675 0.4918 -0.0743
vn 0.8752 0.4765 -0.0837
vn 0.8943 0.4339 -0.1090
vn 0.9461 -0.3094 -0.0955
vn 0.9610 -0.2655 -0.0774
vn 0.9571 -0.2777 -0.0824
vn 0.9409 -0.3232 -0.1012
vn 0.2394 -0.9554 -0.1726
vn 0.2218 -0.9580 -0.1819
vn 0.2306 -0.9568 -0.1773
vn 0.2478 -0.9541 -0.1681
vn -0.6276 -0.7753 -0.0712
vn -0.7230 -0.6789 -0.1278
vn -0.6820 -0.7241 -0.1027
vn -0.5780 -0.8149 -0.0440
vn -0.9727 0.2316 -0.0132
vn -0.9979 0.0280 0.0591
vn -0.9948 0.0950 0.0357
vn -0.9613 0.2741 -0.0288
vn -0.5607 0.8278 -0.0172
vn -0.5529 0.8330 -0.0211
vn -0.5556 0.8312 -0.0198
vn -0.5633 0.8261 -0.0159
vn 0.1747 0.9843 -0.0237
vn 0.0835 0.9964 0.0142
vn 0.1115 0.9938 0.0027
vn 0.2001 0.9792 -0.0343
vn 0.8683 0.4921 -0.0622
vn 0.8677 0.4933 -0.0614
vn 0.8679 0.4929 -0.0617
vn 0.8685 0.4917 -0.0625
vn 0.9534 -0.2650 -0.1443
vn 0.9271 -0.3318 -0.1744
vn 0.9386 -0.3046 -0.1622
vn 0.9585 -0.2499 -0.1375
vn 0.1098 -0.9667 0.2311
vn 0.0885 -0.9812 0.1717
vn 0.1367 -0.9420 0.3066
vn 0.1635 -0.9095 0.3823
vn -0.7657 -0.6358 0.0970
vn -0.7713 -0.6309 0.0838
vn -0.7632 -0.6379 0.1026
vn -0.7580 -0.6422 0.1146
vn -0.9999 0.0107 0.0077
vn -0.9998 -0.0013 0.0214
vn -0.9999 0.0107 0.0078
vn -0.9996 0.0253 -0.0088
vn -0.5572 0.8287 0.0521
vn -0.5400 0.8410 0.0339
vn -0.5578 0.8283 0.0527
vn -0.5749 0.8151 0.0712
vn 0.0540 0.9983 -0.0199
vn 0.0243 0.9997 0.0066
vn 0.0517 0.9985 -0.0179
vn 0.0806 0.9958 -0.0437
vn 0.8760 0.4687 0.1139
vn 0.8648 0.4802 0.1471
vn 0.8819 0.4618 0.0946
vn 0.8890 0.4525 0.0695
vn 0.9818 -0.1541 0.1108
vn 0.9824 -0.1286 0.1351
vn 0.9785 -0.1932 0.0728
vn 0.9705 -0.2398 0.0265
vn 0.1118 -0.9877 0.1094
vn 0.1137 -0.9873 0.1111
vn 0.1128 -0.9875 0.1103
vn 0.1111 -0.9878 0.1088
vn -0.7217 -0.6714 -0.1686
vn -0.6802 -0.7245 -0.1109
vn -0.7023 -0.6978 -0.1408
vn -0.7426 -0.6390 -0.2005
vn -0.9757 -0.0050 -0.2188
vn -0.9653 0.0643 -0.2529
vn -0.9699 0.0385 -0.2404
vn -0.9783 -0.0340 -0.2042
vn -0.5489 0.8305 -0.0947
vn -0.6271 0.7753 -0.0756
vn -0.6032 0.7934 -0.0816
vn -0.5221 0.8469 -0.1008
vn 0.0108 0.9971 0.0752
vn 0.0101 0.9971 0.0754
vn 0.0104 0.9971 0.0753
vn 0.0110 0.9971 0.0752
vn 0.8541 0.4469 0.2661
vn 0.8635 0.4324 0.2596
vn 0.8593 0.4389 0.2625
vn 0.8494 0.4540 0.2692
vn 0.9394 -0.1732 0.2958
vn 0.9048 -0.3792 0.1939
vn 0.9283 -0.2786 0.2462
vn 0.9349 -0.0353 0.3531
vn 0.1562 -0.9671 -0.2008
vn 0.1534 -0.9676 -0.2006
vn 0.1649 -0.9655 -0.2015
vn 0.1682 -0.9649 -0.2018
vn -0.6085 -0.7366 -0.2953
vn -0.6513 -0.7053 -0.2800
vn -0.5083 -0.7972 -0.3257
vn -0.4463 -0.8272 -0.3414
vn -0.9389 0.0418 -0.3416
vn -0.9471 -0.0150 -0.3206
vn -0.9451 0.0009 -0.3266
vn -0.9368 0.0537 -0.3458
vn -0.5976 0.7476 -0.2898
vn -0.5526 0.7785 -0.2977
vn -0.5631 0.7716 -0.2959
vn -0.6072 0.7405 -0.2879
vn 0.0399 0.9902 -0.1340
vn 0.0377 0.9903 -0.1337
vn 0.0384 0.9903 -0.1338
vn 0.0405 0.9902 -0.1340
vn 0.8852 0.4429 0.1425
vn 0.8925 0.4229 0.1567
vn 0.8703 0.4786 0.1163
vn 0.8594 0.5017 0.0988
vn 0.9043 -0.4142 0.1034
vn 0.9216 -0.3764 0.0949
vn 0.8403 -0.5267 0.1285
vn 0.8038 -0.5782 0.1399
vn 0.1755 -0.9845 -0.0033
vn 0.1692 -0.9855 -0.0106
vn 0.1740 -0.9847 -0.0051
vn 0.1801 -0.9836 0.0021
vn -0.2778 -0.9558 -0.0968
vn -0.2730 -0.9583 -0.0846
vn -0.2788 -0.9552 -0.0995
vn -0.2830 -0.9528 -0.1103
vn -0.9658 -0.0815 -0.2463
vn -0.9631 -0.0652 -0.2611
vn -0.9654 -0.0792 -0.2484
vn -0.9676 -0.0953 -0.2338
vn -0.6623 0.7162 -0.2200
vn -0.6575 0.7192 -0.2247
vn -0.6669 0.7133 -0.2155
vn 0.0454 0.9924 -0.1147
vn 0.0618 0.9898 -0.1280
vn 0.0401 0.9931 -0.1104
vn 0.0241 0.9950 -0.0973
vn 0.8173 0.5557 0.1522
vn 0.8102 0.5640 0.1596
vn 0.8191 0.5536 0.1504
vn 0.8266 0.5445 0.1425
vn 0.7909 -0.5930 0.1508
vn 0.7933 -0.5887 0.1552
vn 0.7917 -0.5916 0.1523
vn 0.7895 -0.5957 0.1481
vn -0.0109 -0.9489 0.3154
vn -0.1444 -0.9827 0.1164
vn -0.0111 -0.9490 0.3151
vn 0.1013 -0.8780 0.4678
vn -0.2856 -0.9486 0.1363
vn -0.2712 -0.9452 0.1816
vn -0.2966 -0.9497 0.1001
vn -0.3121 -0.9489 0.0459
vn -0.9937 -0.0746 -0.0842
vn -0.9939 -0.0915 -0.0622
vn -0.9937 -0.0772 -0.0807
vn -0.9927 -0.0575 -0.1063
vn -0.6678 0.7197 -0.1900
vn -0.6732 0.7162 -0.1839
vn -0.6685 0.7192 -0.1892
vn -0.6619 0.7233 -0.1966
vn 0.0781 0.9922 -0.0976
vn 0.1006 0.9886 -0.1117
vn 0.0769 0.9923 -0.0969
vn 0.0517 0.9954 -0.0810
vn 0.7651 0.6002 0.2333
vn 0.7361 0.6283 0.2518
vn 0.7671 0.5981 0.2319
vn 0.7947 0.5685 0.2128
vn 0.6458 -0.6071 0.4630
vn 0.6203 -0.6724 0.4039
vn 0.6487 -0.5984 0.4703
vn 0.6692 -0.5222 0.5286
vn -0.9896 -0.1317 0.0572
vn -0.9465 -0.2772 0.1655
vn -0.9697 -0.2138 0.1182
vn -0.9975 -0.0694 0.0112
vn -0.6606 0.7505 -0.0188
vn -0.6597 0.7512 -0.0199
vn -0.6603 0.7508 -0.0192
vn -0.6612 0.7500 -0.0180
vn 0.1434 0.9782 -0.1500
vn 0.1707 0.9703 -0.1711
vn 0.1432 0.9783 -0.1499
vn 0.1020 0.9878 -0.1179
vn 0.6221 0.7745 0.1150
vn 0.5153 -0.2931 0.8053
vn 0.4188 -0.3064 0.8548
vn 0.5152 -0.2931 0.8054
vn 0.6073 -0.2760 0.7450
vn -0.7106 -0.7033 0.0168
vn -0.2218 -0.9590 0.1764
vn -0.2776 -0.9386 0.2050
vn -0.1991 -0.9661 0.1646
vn -0.1505 -0.9787 0.1394
vn 0.7613 0.6281 0.1609
vn 0.7669 0.6153 0.1826
vn 0.7579 0.6354 0.1482
vn 0.7520 0.6466 0.1280
vn -0.2454 -0.8503 0.4655
vn -0.2052 -0.8559 0.4747
vn -0.3038 -0.8395 0.4506
vn -0.3423 -0.8304 0.4396
vn 0.6336 -0.5870 -0.5041
vn 0.6133 -0.6347 -0.4700
vn 0.6362 -0.5802 -0.5086
vn 0.6582 -0.5150 -0.5492
vn 0.8451 -0.2874 0.4509
vn 0.8469 -0.2776 0.4535
vn 0.8458 -0.2835 0.4519
vn 0.8442 -0.2916 0.4497
vn -0.5996 -0.7722 0.2102
vn -0.5222 -0.6768 0.5189
vn -0.5982 -0.7704 0.2206
vn -0.6147 -0.7886 -0.0159
vn 0.5544 0.7584 -0.3427
vn 0.4846 0.7981 -0.3580
vn 0.5246 0.7763 -0.3496
vn 0.5906 0.7349 -0.3334
vn -0.4176 0.5162 -0.7477
vn -0.5723 0.4900 -0.6575
vn -0.4704 0.5094 -0.7206
vn -0.2668 0.5254 -0.8080
vn 0.8138 -0.2382 0.5301
vn -0.4263 -0.8577 0.2874
vn -0.4595 -0.8655 0.1995
vn -0.4357 -0.8606 0.2639
vn -0.4080 -0.8508 0.3311
vn 0.4398 0.8582 -0.2646
vn 0.5200 0.8149 -0.2562
vn 0.4786 0.8384 -0.2609
vn 0.3790 0.8853 -0.2693
vn -0.6429 0.3928 -0.6576
vn -0.7777 0.3302 -0.5350
vn -0.6765 0.3795 -0.6312
vn -0.5360 0.4275 -0.7280
vn 0.3141 -0.4436 -0.8394
vn 0.3016 -0.4075 -0.8620
vn 0.3127 -0.4395 -0.8420
vn 0.3252 -0.4763 -0.8170
vn -0.9325 -0.3536 0.0740
vn -0.9523 -0.2773 0.1276
vn -0.9119 -0.4091 0.0331
vn -0.8802 -0.4743 -0.0173
vn -0.4785 0.8689 -0.1267
vn -0.6440 0.7616 0.0723
vn -0.5420 0.8385 -0.0568
vn -0.3642 0.9002 -0.2387
vn 0.6896 0.6896 -0.2211
vn 0.6012 0.7799 -0.1742
vn 0.8558 0.5113 -0.0787
vn 0.6715 0.7250 -0.1533
vn 0.3816 0.8967 -0.2241
vn 0.5990 -0.1483 0.7869
vn 0.5057 -0.1659 0.8466
vn 0.5860 -0.1509 0.7961
vn 0.6756 -0.1311 0.7255
vn -0.4952 -0.8533 -0.1630
vn -0.5249 -0.8170 -0.2385
vn -0.5131 -0.8329 -0.2075
vn -0.4828 -0.8655 -0.1338
vn -0.1663 -0.9857 0.0262
vn -0.1147 -0.9933 -0.0119
vn -0.1620 -0.9865 0.0229
vn -0.1969 -0.9792 0.0489
vn 0.8613 0.5056 -0.0512
vn 0.8579 0.5083 -0.0757
vn 0.8625 0.5044 -0.0416
vn 0.8646 0.5019 -0.0218
vn -0.3883 -0.9194 0.0626
vn -0.3497 -0.8237 0.4463
vn -0.3862 -0.9138 0.1259
vn -0.3837 -0.9109 -0.1519
vn 0.1547 0.9628 -0.2214
vn 0.1732 0.9547 -0.2420
vn 0.1523 0.9638 -0.2187
vn 0.1326 0.9715 -0.1967
vn -0.8351 -0.5236 0.1685
vn -0.7686 -0.5877 0.2529
vn -0.8130 -0.5473 0.1987
vn -0.8657 -0.4855 0.1217
vn -0.3956 0.8121 -0.4289
vn -0.3835 0.8115 -0.4409
vn -0.3935 0.8121 -0.4310
vn -0.4046 0.8124 -0.4198
vn 0.1410 0.8780 -0.4575
vn 0.1544 0.8666 -0.4745
vn 0.1370 0.8813 -0.4523
vn 0.1209 0.8940 -0.4315
vn -0.0673 -0.9712 0.2285
vn 0.1267 -0.9142 0.3850
vn -0.0668 -0.9712 0.2289
vn -0.2008 -0.9735 0.1098
vn 0.7503 -0.5339 0.3899
vn 0.8509 -0.1378 0.5069
vn 0.8218 -0.3336 0.4618
vn 0.6801 -0.6548 0.3298
vn 0.5972 0.7367 -0.3172
vn 0.3705 0.8947 -0.2493
vn 0.5037 0.8135 -0.2906
vn 0.7028 0.6227 -0.3440
vn 0.1853 0.8419 -0.5068
vn 0.2086 0.8294 -0.5183
vn 0.1815 0.8439 -0.5049
vn 0.1491 0.8599 -0.4883
vn 0.9398 -0.2479 0.2350
vn 0.9335 -0.2705 0.2353
vn 0.9365 -0.2603 0.2352
vn 0.9422 -0.2390 0.2348
vn 0.4247 0.7736 -0.4703
vn 0.4243 0.7739 -0.4702
vn 0.4246 0.7737 -0.4703
vn 0.4249 0.7735 -0.4703
vn -0.2675 -0.9515 0.1518
vn -0.2971 -0.8381 0.4576
vn 0.0264 -0.4619 -0.8865
vn 0.3084 -0.6457 -0.6985
vn 0.1794 -0.7293 -0.6603
vn 0.2274 -0.7007 -0.6763
vn 0.3867 -0.5839 -0.7138
vn 0.1484 0.8605 -0.4873
vn -0.3948 0.7400 -0.5446
vn -0.4192 0.7418 -0.5235
vn -0.4003 0.7404 -0.5399
vn -0.3727 0.7376 -0.5630
vn -0.7556 -0.5999 0.2630
vn -0.7475 -0.6118 0.2587
vn -0.7579 -0.5965 0.2642
vn -0.7631 -0.5886 0.2670
vn 0.1363 -0.8572 0.4966
vn 0.1614 -0.8725 0.4611
vn 0.1451 -0.8627 0.4844
vn 0.1160 -0.8436 0.5242
vn -0.2851 -0.8211 0.4945
vn -0.2934 -0.8254 0.4822
vn -0.2770 -0.8167 0.5062
vn -0.2688 -0.8121 0.5180
vn -0.1563 -0.5816 -0.7983
vn -0.0760 -0.6328 -0.7705
vn -0.2198 -0.5363 -0.8149
vn -0.2936 -0.4779 -0.8279
vn -0.9682 -0.2500 0.0031
vn -0.9388 -0.3438 -0.0226
vn -0.9706 -0.2407 0.0056
vn -0.9903 -0.1346 0.0338
vn 0.8430 0.5214 0.1324
vn 0.7483 0.6414 -0.1691
vn 0.7918 0.6074 -0.0645
vn 0.8534 0.4661 0.2333
vn 0.7126 0.5574 -0.4261
vn 0.8391 0.5172 -0.1687
vn 0.7996 0.5375 -0.2677
vn 0.6482 0.5604 -0.5155
vn 0.7240 0.6785 -0.1246
vn 0.4455 0.8935 -0.0569
vn 0.4523 0.8909 -0.0404
vn 0.4498 0.8919 -0.0466
vn 0.4433 0.8942 -0.0620
vn 0.5663 0.7586 -0.3222
vn 0.4185 0.7719 -0.4785
vn 0.5409 0.7638 -0.3522
vn 0.6687 0.7211 -0.1816
vn -0.2935 0.9521 -0.0862
vn -0.3829 0.9018 -0.2002
vn -0.3385 0.9301 -0.1427
vn -0.2219 0.9751 0.0006
vn -0.1419 0.8784 -0.4564
vn -0.3545 0.7964 -0.4900
vn -0.1152 0.8853 -0.4506
vn 0.1559 0.9147 -0.3729
vn -0.9580 0.2075 -0.1978
vn -0.9452 0.3186 -0.0713
vn -0.9552 0.2624 -0.1369
vn -0.9553 0.1592 -0.2491
vn -0.8177 0.5714 -0.0700
vn -0.7894 0.6137 0.0140
vn -0.8125 0.5806 -0.0526
vn -0.8401 0.5171 -0.1638
vn -0.9468 0.3218 0.0037
vn -0.9497 0.3124 0.0196
vn -0.9450 0.3271 -0.0055
vn -0.9423 0.3343 -0.0179
vn 0.9309 0.1086 -0.3487
vn 0.8646 0.2126 -0.4554
vn 0.9070 0.1511 -0.3931
vn 0.9567 0.0506 -0.2865
vn 0.6378 0.1166 -0.7614
vn 0.6821 -0.0357 -0.7304
vn 0.6317 0.1337 -0.7636
vn 0.5774 0.2646 -0.7724
vn -0.3120 0.1301 -0.9411
vn -0.2892 0.0772 -0.9542
vn -0.3148 0.1368 -0.9392
vn -0.3364 0.1890 -0.9225
vn 0.7496 -0.4375 -0.4967
vn 0.7395 -0.5337 -0.4101
vn 0.7489 -0.4521 -0.4845
vn 0.7477 -0.3443 -0.5678
vn 0.5816 -0.4303 -0.6903
vn -0.3017 0.0011 -0.9534
vn -0.2932 -0.0173 -0.9559
vn -0.3037 0.0055 -0.9527
vn -0.3123 0.0244 -0.9497
vn 0.2906 -0.2372 -0.9270
vn 0.3846 -0.4491 -0.8065
vn 0.3016 -0.2606 -0.9171
vn 0.1798 -0.0147 -0.9836
vn 0.1332 -0.9190 -0.3711
vn 0.1306 -0.9178 -0.3750
vn 0.1375 -0.9209 -0.3648
vn 0.1395 -0.9218 -0.3617
vn 0.0612 -0.7201 -0.6912
vn 0.0694 -0.6806 -0.7293
vn 0.0654 -0.7004 -0.7108
vn 0.0569 -0.7400 -0.6702
vn 0.7986 0.0218 -0.6015
vn 0.9025 0.1322 -0.4099
vn 0.8469 0.0671 -0.5275
vn 0.6853 -0.0647 -0.7254
vn 0.4845 0.8594 -0.1633
vn 0.4239 0.8912 -0.1616
vn 0.7972 0.5830 -0.1568
vn 0.8582 0.4908 -0.1504
vn 0.6883 -0.6759 -0.2634
vn 0.6203 -0.7272 -0.2938
vn 0.6420 -0.7119 -0.2846
vn 0.7225 -0.6460 -0.2463
vn 0.8325 -0.1506 -0.5331
vn 0.8855 -0.2108 -0.4141
vn 0.8290 -0.1472 -0.5395
vn 0.7107 -0.0471 -0.7020
vn 0.9621 0.1199 -0.2451
vn 0.9660 0.1102 -0.2339
vn 0.9627 0.1184 -0.2433
vn 0.9579 0.1295 -0.2562
vn 0.5961 -0.7764 -0.2046
vn 0.5765 -0.7836 -0.2314
vn 0.6054 -0.7726 -0.1913
vn 0.6284 -0.7618 -0.1573
vn 0.7235 0.4498 -0.5237
vn 0.3177 0.3499 -0.8813
vn 0.3772 0.3693 -0.8493
vn 0.7544 0.4526 -0.4755
vn 0.7486 -0.1258 -0.6510
vn 0.9449 -0.2915 -0.1492
vn 0.8945 -0.2279 -0.3846
vn 0.3726 0.0563 -0.9263
vn 0.9464 0.3174 -0.0601
vn 0.9403 0.3313 -0.0778
vn 0.9460 0.3184 -0.0613
vn 0.9511 0.3057 -0.0453
vn 0.4467 0.2710 -0.8527
vn 0.8913 -0.3607 -0.2747
vn 0.8880 -0.3470 -0.3016
vn 0.8920 -0.3637 -0.2685
vn 0.8941 -0.3763 -0.2427
vn 0.8873 -0.2921 -0.3570
vn 0.9388 -0.1581 -0.3061
vn 0.9040 -0.2546 -0.3434
vn 0.8267 -0.4016 -0.3941
vn 0.5876 0.4812 -0.6505
vn 0.8186 0.4250 -0.3864
vn 0.8368 0.4131 -0.3593
vn 0.8572 0.3295 -0.3958
vn 0.8481 0.3709 -0.3783
vn 0.8153 0.4772 -0.3279
vn 0.8876 0.2190 -0.4053
vn 0.8876 0.1761 -0.4256
vn 0.8878 0.1966 -0.4160
vn 0.8871 0.2326 -0.3986
vn 0.6890 -0.1675 -0.7052
vn 0.8872 -0.0145 -0.4611
vn 0.7873 -0.1023 -0.6080
vn 0.5528 -0.2391 -0.7983
vn 0.9512 -0.0573 -0.3033
vn 0.9556 -0.1125 -0.2725
vn 0.9507 -0.0533 -0.3054
vn 0.9453 -0.0155 -0.3257
vn 0.9323 -0.1168 -0.3422
vn 0.4585 -0.0516 -0.8872
vn 0.4545 -0.0605 -0.8887
vn 0.4571 -0.0547 -0.8877
vn 0.4619 -0.0439 -0.8859
vn 0.5135 -0.2313 -0.8264
vn 0.5374 -0.1937 -0.8208
vn 0.5043 -0.2451 -0.8280
vn 0.4832 -0.2759 -0.8309
vn -0.1739 -0.5017 -0.8474
vn 0.8881 0.2483 -0.3868
vn 0.8899 0.2457 -0.3843
vn 0.8876 0.2490 -0.3874
vn 0.8858 0.2517 -0.3900
vn 0.7317 0.1652 -0.6613
vn 0.7539 0.1550 -0.6385
vn 0.7393 0.1618 -0.6537
vn 0.7104 0.1746 -0.6818
vn 0.5749 0.0900 -0.8133
vn 0.5323 0.0848 -0.8423
vn 0.5827 0.0909 -0.8076
vn 0.6734 0.1016 -0.7323
vn 0.4985 0.0712 -0.8640
vn 0.4599 -0.0015 -0.8880
vn 0.4871 0.0490 -0.8720
vn 0.5337 0.1442 -0.8333
vn 0.8660 0.4838 -0.1267
vn 0.8523 0.4959 -0.1664
vn 0.8579 0.4912 -0.1506
vn 0.8726 0.4769 -0.1055
vn 0.7376 0.4596 -0.4946
vn 0.3845 0.4199 -0.8221
vn 0.5172 0.4450 -0.7311
vn 0.8202 0.4487 -0.3550
vn 0.4577 0.5724 -0.6804
vn 0.2964 0.5225 -0.7995
vn 0.3743 0.5489 -0.7474
vn 0.5507 0.5915 -0.5890
vn 0.1287 0.1843 -0.9744
vn -0.0100 0.1117 -0.9937
vn 0.1214 0.1805 -0.9760
vn 0.2558 0.2481 -0.9343
vn 0.0310 0.0416 -0.9987
vn 0.1811 0.2571 -0.9493
vn 0.0979 0.1376 -0.9856
vn -0.0485 -0.0725 -0.9962
vn -0.0061 -0.4852 -0.8744
vn 0.0325 -0.5064 -0.8617
vn -0.0106 -0.4827 -0.8757
vn -0.0435 -0.4637 -0.8849
vn -0.0410 -0.1918 -0.9806
vn -0.0204 -0.2100 -0.9775
vn -0.0598 -0.1751 -0.9827
vn -0.0812 -0.1560 -0.9844
vn 0.0528 -0.3927 -0.9182
vn -0.2670 -0.3389 -0.9021
vn -0.2188 -0.3673 -0.9040
vn -0.2729 -0.3353 -0.9017
vn -0.3202 -0.3058 -0.8967
vn 0.3607 0.9231 -0.1336
vn 0.3653 0.9226 -0.1240
vn 0.3636 0.9228 -0.1276
vn 0.3591 0.9232 -0.1369
vn 0.2441 0.6008 -0.7612
vn 0.2825 0.6308 -0.7227
vn 0.2689 0.6204 -0.7367
vn 0.2350 0.5934 -0.7699
vn 0.1603 0.5242 -0.8364
vn 0.0813 0.4963 -0.8643
vn 0.1703 0.5274 -0.8324
vn 0.2492 0.5510 -0.7964
vn -0.0250 0.0471 -0.9986
vn -0.0860 0.0162 -0.9962
vn 0.0053 0.0624 -0.9980
vn 0.0495 0.0846 -0.9952
vn -0.4665 -0.2305 -0.8539
vn -0.4892 -0.1709 -0.8553
vn -0.4382 -0.2977 -0.8481
vn -0.4138 -0.3506 -0.8402
vn -0.4232 0.8986 -0.1156
vn -0.4266 0.8957 -0.1259
vn -0.4254 0.8967 -0.1223
vn -0.4221 0.8996 -0.1123
vn -0.3208 0.6972 -0.6411
vn -0.3179 0.7579 -0.5697
vn -0.3189 0.7423 -0.5893
vn -0.3211 0.6743 -0.6650
vn -0.1337 0.4089 -0.9027
vn -0.1960 0.2143 -0.9569
vn -0.1364 0.4012 -0.9058
vn -0.0863 0.5349 -0.8405
vn 0.0080 0.0140 -0.9999
vn -0.1631 0.0820 -0.9832
vn -0.2388 0.3045 -0.9221
vn -0.1698 0.1007 -0.9803
vn -0.1028 -0.0810 -0.9914
vn -0.4849 -0.5053 -0.7138
vn -0.4832 -0.5074 -0.7135
vn -0.4847 -0.5056 -0.7138
vn -0.4871 -0.5026 -0.7143
vn 0.2815 -0.0676 -0.9572
vn -0.0752 -0.3956 -0.9153
vn 0.2280 -0.1222 -0.9660
vn 0.6164 0.3416 -0.7095
vn 0.0291 -0.2555 -0.9664
vn 0.1813 -0.0544 -0.9819
vn 0.0227 -0.2636 -0.9644
vn -0.0741 -0.3815 -0.9214
vn -0.6799 0.3944 -0.6182
vn -0.4580 0.3691 -0.8087
vn -0.8975 0.3690 -0.2415
vn -0.9071 0.3643 -0.2110
vn -0.6543 -0.5071 -0.5610
vn -0.6495 -0.5049 -0.5684
vn -0.7684 -0.5522 -0.3234
vn -0.8051 -0.5600 -0.1952
vn 0.0157 0.9954 0.0945
vn 0.1095 -0.9358 -0.3352
vn -0.8943 0.4352 -0.1042
vn -0.8905 0.4484 -0.0768
vn -0.8923 0.4427 -0.0888
vn -0.8958 0.4288 -0.1170
vn -0.7457 0.3515 -0.5660
vn -0.6915 0.1965 -0.6952
vn -0.7355 0.3152 -0.5998
vn -0.7611 0.4261 -0.4891
vn -0.9434 -0.2335 -0.2357
vn -0.7964 -0.3660 -0.4814
vn -0.8781 -0.3060 -0.3677
vn -0.9864 -0.1440 -0.0790
vn -0.7048 -0.2949 -0.6452
vn -0.6688 -0.3071 -0.6770
vn -0.6962 -0.2980 -0.6531
vn -0.7416 -0.2810 -0.6091
vn -0.3549 0.0567 -0.9332
vn -0.3594 0.1021 -0.9276
vn -0.3495 0.0107 -0.9369
vn -0.7928 -0.0589 -0.6067
vn -0.7737 -0.0721 -0.6295
vn -0.7814 -0.0668 -0.6204
vn -0.7994 -0.0541 -0.5983
vn 0.7714 -0.1103 -0.6267
vn 0.7813 -0.1223 -0.6120
vn 0.7747 -0.1143 -0.6219
vn 0.7659 -0.1038 -0.6345
vn -0.1414 -0.0661 -0.9877
vn -0.1328 -0.0731 -0.9884
vn -0.1390 -0.0681 -0.9879
vn -0.1469 -0.0617 -0.9872
vn 0.7554 -0.1243 0.6433
vn 0.6817 -0.1684 0.7120
vn 0.7179 -0.1477 0.6803
vn 0.7913 -0.1000 0.6032
vn -0.0643 -0.0516 0.9966
vn -0.0532 -0.0450 0.9976
vn -0.0601 -0.0491 0.9970
vn -0.0710 -0.0555 0.9959
vn -0.7079 -0.0080 0.7062
vn -0.7756 -0.0590 0.6285
vn -0.7481 -0.0374 0.6626
vn -0.6843 0.0084 0.7291
vn -0.7392 0.1345 -0.6599
vn -0.7115 0.0943 -0.6964
vn -0.7371 0.1314 -0.6629
vn -0.7673 0.1795 -0.6156
vn 0.6695 0.2571 -0.6969
vn 0.6106 0.3038 -0.7314
vn 0.6846 0.2442 -0.6868
vn 0.7391 0.1938 -0.6452
vn -0.0775 0.1527 -0.9852
vn -0.0455 0.1147 -0.9924
vn -0.0859 0.1626 -0.9829
vn -0.1214 0.2047 -0.9713
vn 0.6440 0.3040 0.7020
vn 0.6407 0.2935 0.7095
vn 0.6446 0.3059 0.7007
vn 0.6488 0.3198 0.6905
vn -0.1056 0.1261 0.9864
vn -0.1209 0.0991 0.9877
vn -0.0919 0.1500 0.9844
vn -0.0749 0.1794 0.9809
vn -0.8162 0.1108 0.5671
vn -0.8503 0.0540 0.5236
vn -0.8134 0.1150 0.5702
vn -0.7677 0.1791 0.6152
vn -0.7341 0.0847 -0.6737
vn -0.7439 0.1134 -0.6586
vn -0.7305 0.0745 -0.6789
vn -0.7180 0.0417 -0.6948
vn -0.1167 0.1862 -0.9756
vn -0.1466 0.2528 -0.9564
vn -0.0949 0.1376 -0.9859
vn -0.0560 0.0518 -0.9971
vn 0.0826 0.0178 0.9964
vn 0.3283 0.3168 0.8899
vn -0.0103 -0.0919 0.9957
vn -0.1267 -0.2272 0.9656
vn -0.7453 0.0854 0.6612
vn -0.6755 0.2308 0.7003
vn -0.7726 0.0118 0.6348
vn -0.8199 -0.1904 0.5399
vn 0.4788 0.5885 -0.6515
vn 0.5840 0.5666 -0.5813
vn 0.5226 0.5808 -0.6242
vn 0.3950 0.5985 -0.6970
vn 0.5728 0.5467 0.6108
vn 0.5916 0.6406 0.4895
vn 0.5843 0.5971 0.5496
vn 0.5594 0.4986 0.6622
vn -0.0267 0.3349 -0.9419
vn 0.3100 0.5294 -0.7897
vn 0.0997 0.4153 -0.9042
vn -0.1440 0.2528 -0.9567
vn -0.2347 -0.1397 0.9620
vn -0.1891 0.0731 0.9792
vn -0.2047 0.0052 0.9788
vn -0.2478 -0.2114 0.9455
vn 0.3706 0.8247 -0.4272
vn 0.3189 0.8314 -0.4550
vn 0.3586 0.8265 -0.4339
vn 0.4055 0.8184 -0.4071
vn 0.4629 0.7844 0.4129
vn 0.4884 0.7070 0.5115
vn 0.4771 0.7457 0.4651
vn 0.4449 0.8230 0.3533
vn 0.1646 0.5818 -0.7965
vn 0.3775 0.7743 -0.5079
vn 0.2639 0.6807 -0.6833
vn 0.0873 0.4961 -0.8639
vn 0.2500 0.2087 0.9455
vn 0.0916 0.6462 0.7576
vn 0.1662 0.4695 0.8671
vn 0.2872 0.0592 0.9560
vn 0.2790 0.8610 -0.4253
vn 0.5346 0.8159 0.2201
vn 0.2187 0.9758 -0.0011
vn 0.6079 0.7443 0.2764
vn 0.8477 0.0181 0.5301
vn 0.3933 0.7345 -0.5530
vn 0.3713 0.5453 -0.7515
vn 0.3849 0.6368 -0.6681
vn 0.3942 0.7741 -0.4954
vn 0.3896 0.5753 0.7192
vn 0.4724 0.4814 0.7383
vn 0.4189 0.5439 0.7271
vn 0.3405 0.6239 0.7035
vn 0.9368 0.3497 -0.0107
vn 0.9132 0.4074 0.0147
vn 0.9198 0.3922 0.0080
vn 0.9452 0.3258 -0.0210
vn -0.7304 -0.2724 -0.6263
vn -0.7162 -0.2953 -0.6324
vn -0.7422 -0.2526 -0.6208
vn -0.7525 -0.2346 -0.6154
vn -0.3031 -0.2470 -0.9204
vn -0.3039 -0.2419 -0.9215
vn -0.3014 -0.2576 -0.9180
vn -0.3010 -0.2603 -0.9174
vn 0.2075 -0.2197 0.9532
vn 0.2983 -0.1155 0.9475
vn 0.1469 -0.2846 0.9473
vn 0.0310 -0.3995 0.9162
vn -0.5902 -0.2404 0.7706
vn -0.5809 -0.2103 0.7864
vn -0.5944 -0.2548 0.7627
vn -0.6004 -0.2765 0.7504
vn -0.3476 0.0210 -0.9374
vn -0.3289 0.0660 -0.9421
vn -0.4065 -0.1363 -0.9034
vn -0.4219 -0.1829 -0.8880
vn -0.5651 -0.4402 0.6978
vn -0.5159 -0.4007 0.7572
vn -0.6796 -0.5327 0.5044
vn -0.6986 -0.5482 0.4599
vn -0.1283 -0.5211 -0.8438
vn -0.1277 -0.5485 -0.8263
vn -0.1293 -0.4117 -0.9021
vn -0.1291 -0.3583 -0.9247
vn -0.0942 -0.8420 0.5312
vn -0.1000 -0.8502 0.5169
vn -0.0681 -0.8025 0.5927
vn -0.0623 -0.7931 0.6059
vn 0.4622 -0.7327 -0.4996
vn 0.4543 -0.7587 -0.4670
vn 0.4731 -0.6880 -0.5504
vn 0.4756 -0.6755 -0.5634
vn 0.3639 -0.7924 0.4896
vn 0.3641 -0.7922 0.4898
vn 0.3635 -0.7927 0.4894
vn 0.3633 -0.7928 0.4893
vn 0.5427 -0.8389 -0.0424
vn 0.5311 -0.8464 -0.0389
vn 0.5787 -0.8138 -0.0537
vn 0.5876 -0.8072 -0.0565
vn -0.1692 -0.9846 -0.0449
vn -0.2078 -0.9751 -0.0768
vn -0.1689 -0.9846 -0.0446
vn -0.1259 -0.9920 -0.0094
vn 0.1990 -0.9788 -0.0491
vn 0.1977 -0.9790 -0.0497
vn 0.1982 -0.9789 -0.0495
vn 0.2000 -0.9786 -0.0486
vn -0.6910 -0.7176 0.0873
vn -0.6969 -0.7125 0.0810
vn -0.6905 -0.7180 0.0878
vn -0.6865 -0.7213 0.0920
vn -0.9348 -0.3527 0.0431
vn -0.9213 -0.3768 0.0959
vn -0.9456 -0.3251 -0.0142
vn -0.9512 -0.3033 -0.0578
vn -0.9612 0.2091 -0.1801
vn -0.9782 0.1661 -0.1249
vn -0.9569 0.2181 -0.1917
vn -0.9370 0.2547 -0.2392
vn -0.9678 0.0086 -0.2518
vn -0.9665 0.0039 -0.2567
vn -0.9676 0.0080 -0.2524
vn -0.9689 0.0128 -0.2473
vn -0.7911 -0.4991 -0.3536
vn -0.7027 -0.5814 -0.4102
vn -0.8303 -0.4543 -0.3228
vn -0.9100 -0.3368 -0.2417
vn 0.4234 -0.5723 -0.7023
vn 0.8573 -0.4966 -0.1357
vn 0.8423 -0.4802 -0.2446
vn 0.8538 -0.4922 -0.1698
vn 0.8610 -0.5031 -0.0743
vn 0.3763 -0.0676 -0.9240
vn 0.2898 -0.1754 -0.9409
vn 0.3710 -0.0745 -0.9257
vn 0.3936 -0.0446 -0.9182
vn 0.7287 0.6846 -0.0187
vn 0.7920 0.5851 0.1744
vn 0.7643 0.6404 0.0755
vn 0.6716 0.7282 -0.1366
vn 0.8201 0.3051 -0.4840
vn 0.8156 0.3601 -0.4529
vn 0.8204 0.2991 -0.4873
vn 0.8214 0.2570 -0.5091
vn 0.9405 -0.0776 0.3309
vn 0.9435 -0.0865 0.3198
vn 0.9396 -0.0752 0.3338
vn 0.9356 -0.0644 0.3472
vn -0.8156 -0.1297 0.5639
vn -0.8095 -0.1162 0.5755
vn -0.8163 -0.1313 0.5625
vn -0.8221 -0.1449 0.5506
vn -0.8456 -0.5035 0.1774
vn -0.8856 -0.3986 0.2383
vn -0.7967 -0.5925 0.1191
vn -0.6983 -0.7154 0.0245
vn 0.8081 0.1276 -0.5751
vn 0.8855 -0.0401 -0.4628
vn 0.8215 0.1039 -0.5607
vn 0.6935 0.2885 -0.6602
vn 0.4687 0.2893 -0.8347
vn 0.4434 0.3281 -0.8341
vn 0.4804 0.2705 -0.8343
vn 0.5061 0.2273 -0.8320
vn -0.2494 0.1956 -0.9484
vn -0.2092 0.1395 -0.9679
vn -0.3394 0.3244 -0.8829
vn -0.3752 0.3771 -0.8467
vn 0.1624 -0.9848 -0.0611
vn 0.1512 -0.9868 -0.0577
vn 0.1764 -0.9822 -0.0652
vn 0.1902 -0.9793 -0.0694
vn -0.4127 -0.8998 -0.1418
vn -0.4794 -0.8692 -0.1214
vn -0.3413 -0.9259 -0.1620
vn -0.2440 -0.9516 -0.1872
vn -0.9525 -0.0716 -0.2960
vn -0.9456 -0.0161 -0.3251
vn -0.9481 -0.0334 -0.3161
vn -0.9543 -0.0947 -0.2834
vn -0.6302 0.7380 -0.2411
vn -0.5552 0.7841 -0.2775
vn -0.5874 0.7656 -0.2625
vn -0.6658 0.7123 -0.2220
vn 0.0307 0.9921 -0.1216
vn 0.0364 0.9916 -0.1239
vn 0.0334 0.9919 -0.1227
vn 0.0275 0.9924 -0.1203
vn 0.8589 0.5066 0.0748
vn 0.8624 0.4992 0.0843
vn 0.8575 0.5097 0.0709
vn 0.8538 0.5170 0.0614
vn 0.8086 -0.5837 0.0741
vn 0.8116 -0.5798 0.0720
vn 0.8045 -0.5889 0.0767
vn 0.8007 -0.5937 0.0792
vn 0.2000 0.9557 -0.2158
vn 0.2120 0.9588 -0.1888
vn 0.2078 0.9579 -0.1983
vn 0.1952 0.9543 -0.2263
vn 0.1635 0.8101 -0.5630
vn -0.0469 0.6095 -0.7914
vn 0.0491 0.7124 -0.7001
vn 0.2221 0.8487 -0.4800
vn -0.0223 0.5746 -0.8182
vn 0.0239 0.5970 -0.8019
vn -0.0167 0.5774 -0.8163
vn -0.0566 0.5569 -0.8287
vn -0.3082 0.9264 -0.2164
vn -0.3352 0.9252 -0.1780
vn -0.2873 0.9259 -0.2453
vn -0.2655 0.9242 -0.2746
vn -0.1571 0.6486 -0.7448
vn -0.1394 0.7387 -0.6594
vn -0.1467 0.7045 -0.6944
vn -0.1634 0.6098 -0.7755
vn -0.6831 0.4444 -0.5795
vn -0.6842 0.4584 -0.5672
vn -0.6833 0.4471 -0.5772
vn -0.6822 0.4352 -0.5876
vn 0.5964 0.4099 -0.6901
vn 0.4350 0.4663 -0.7703
vn 0.5695 0.4210 -0.7060
vn 0.7324 0.3415 -0.5891
vn 0.2779 -0.9199 0.2768
vn 0.2696 -0.9137 0.3041
vn 0.2823 -0.9229 0.2620
vn 0.2899 -0.9277 0.2352
vn 0.3969 0.1384 -0.9074
vn 0.3963 0.0860 -0.9141
vn 0.3967 0.1667 -0.9027
vn 0.3959 0.2089 -0.8942
vn -0.0510 0.6167 -0.7856
vn -0.1192 0.1737 -0.9776
vn -0.2980 0.3248 -0.8976
vn -0.1904 0.2345 -0.9533
vn -0.0067 0.0765 -0.9971
vn 0.4687 -0.8387 0.2773
vn 0.6144 -0.7849 0.0808
vn 0.5758 -0.8057 0.1387
vn 0.4328 -0.8435 0.3182
vn 0.4036 0.0556 -0.9132
vn 0.4234 -0.1607 -0.8916
vn 0.4037 0.0552 -0.9132
vn 0.3825 0.1845 -0.9053
vn -0.1181 0.1591 -0.9802
vn -0.0879 0.0806 -0.9929
vn -0.1271 0.1825 -0.9750
vn -0.1701 0.2966 -0.9397
vn -0.9481 0.2066 -0.2416
vn -0.9446 0.1797 -0.2748
vn -0.9472 0.1980 -0.2523
vn -0.9496 0.2258 -0.2174
vn -0.7944 0.1742 -0.5819
vn -0.8100 0.1977 -0.5521
vn -0.8008 0.1837 -0.5700
vn -0.7849 0.1608 -0.5984
vn -0.3038 0.1455 -0.9416
vn -0.2520 0.0995 -0.9626
vn -0.2754 0.1202 -0.9538
vn -0.3340 0.1726 -0.9266
vn 0.9868 -0.0624 0.1497
vn 0.9998 -0.0090 0.0166
vn 0.9940 -0.0428 0.1007
vn 0.9702 -0.0921 0.2239
vn 0.5499 -0.0085 -0.8352
vn 0.6025 -0.0616 -0.7957
vn 0.5698 -0.0282 -0.8213
vn 0.5268 0.0136 -0.8499
vn -0.0707 0.1095 -0.9915
vn -0.0706 0.1092 -0.9915
vn -0.0708 0.1097 -0.9914
vn -0.0707 0.1094 -0.9915
vn -0.7867 -0.5867 -0.1919
vn -0.7759 -0.5974 -0.2028
vn -0.7874 -0.5860 -0.1912
vn -0.7980 -0.5751 -0.1802
vn -0.6592 -0.4760 -0.5822
vn -0.6547 -0.4779 -0.5856
vn -0.6575 -0.4767 -0.5834
vn -0.6613 -0.4751 -0.5805
vn -0.1575 -0.1456 -0.9767
vn 0.3663 -0.4887 -0.7918
vn 0.0337 -0.2841 -0.9582
vn -0.2987 -0.0334 -0.9538
vn 0.9076 -0.3983 0.1329
vn 0.9221 -0.3507 -0.1634
vn 0.9218 -0.3862 0.0335
vn 0.8651 -0.4092 0.2900
vn 0.6939 -0.6012 -0.3964
vn 0.7410 -0.6660 -0.0860
vn 0.6860 -0.5922 -0.4227
vn 0.5934 -0.4930 -0.6363
vn -0.0659 -0.1742 -0.9825
vn -0.5044 -0.0377 -0.8626
vn -0.2201 -0.1313 -0.9666
vn 0.1258 -0.2207 -0.9672
vn 0.1615 -0.9847 0.0661
vn 0.2330 -0.9721 0.0265
vn 0.1567 -0.9852 0.0687
vn 0.0984 -0.9901 0.1001
vn 0.1933 -0.9754 0.1063
vn 0.1943 -0.9758 0.1000
vn 0.1915 -0.9746 0.1164
vn 0.1885 -0.9729 0.1336
vn 0.4024 -0.8774 -0.2613
vn 0.4044 -0.8787 -0.2536
vn 0.4021 -0.8772 -0.2623
vn 0.4014 -0.8768 -0.2647
vn -0.2189 0.1076 -0.9698
vn -0.2511 0.1385 -0.9580
vn -0.2223 0.1109 -0.9687
vn -0.1896 0.0799 -0.9786
vn 0.7662 0.0075 -0.6426
vn 0.7641 0.0054 -0.6450
vn 0.7668 0.0081 -0.6418
vn 0.7691 0.0104 -0.6391
vn -0.9196 -0.0098 -0.3927
vn -0.9332 -0.0437 -0.3566
vn -0.9107 0.0097 -0.4130
vn -0.8905 0.0486 -0.4524
vn 0.9174 -0.1886 0.3506
vn 0.9195 -0.1987 0.3391
vn 0.9171 -0.1872 0.3521
vn 0.9147 -0.1772 0.3632
vn 0.1547 -0.1989 0.9677
vn 0.1972 -0.2487 0.9483
vn 0.1602 -0.2054 0.9655
vn 0.1162 -0.1537 0.9813
vn 0.8610 -0.0503 -0.5061
vn 0.7964 0.0570 -0.6021
vn 0.8640 -0.0563 -0.5002
vn 0.9160 -0.2015 -0.3468
vn 0.4168 -0.0902 -0.9045
vn 0.4287 -0.1284 -0.8943
vn 0.4019 -0.0454 -0.9146
vn 0.3911 -0.0144 -0.9203
vn -0.3612 -0.0869 -0.9285
vn -0.3532 -0.0948 -0.9307
vn -0.3616 -0.0865 -0.9283
vn -0.3684 -0.0795 -0.9263
vn -0.8916 -0.0445 -0.4506
vn -0.8922 -0.0464 -0.4493
vn -0.8917 -0.0448 -0.4504
vn -0.8911 -0.0429 -0.4518
vn -0.9872 -0.0314 -0.1563
vn -0.9869 -0.0323 -0.1579
vn -0.9871 -0.0318 -0.1571
vn -0.9873 -0.0309 -0.1556
vn 0.9232 0.2286 0.3090
vn 0.6262 0.4472 0.6387
vn 0.9161 0.2379 0.3229
vn 0.9979 0.0487 0.0425
vn 0.9695 0.0517 0.2395
vn 0.9674 0.0447 0.2494
vn 0.9686 0.0485 0.2440
vn 0.9706 0.0554 0.2341
vn 0.5836 0.5904 -0.5575
vn 0.5560 0.5863 -0.5892
vn 0.5752 0.5892 -0.5674
vn 0.5997 0.5924 -0.5380
vn 0.7475 0.6402 -0.1771
vn 0.8918 0.3702 -0.2601
vn 0.8394 0.4378 -0.3221
vn 0.8746 0.3943 -0.2822
vn 0.9241 0.3176 -0.2126
vn 0.5262 -0.3540 -0.7731
vn -0.9807 0.0938 -0.1717
vn 0.9217 -0.2605 0.2874
vn 0.9379 -0.1803 0.2963
vn 0.9319 -0.2141 0.2928
vn 0.9147 -0.2876 0.2839
vn 0.6740 0.0504 -0.7370
vn 0.4890 0.2267 -0.8423
vn 0.6702 0.0547 -0.7402
vn 0.8617 -0.2423 -0.4458
vn -0.7055 -0.3378 -0.6230
vn -0.5374 -0.4265 0.7275
vn 0.1657 -0.6061 0.7779
vn 0.2635 -0.5770 0.7731
vn 0.2011 -0.5964 0.7771
vn 0.1339 -0.6141 0.7778
vn 0.5878 -0.8061 -0.0683
vn -0.2999 -0.4499 -0.8412
vn -0.3210 -0.4562 -0.8300
vn -0.2812 -0.4442 -0.8507
vn -0.2415 -0.4314 -0.8692
vn -0.7418 -0.1438 -0.6550
vn -0.5884 -0.1391 0.7965
vn -0.1200 -0.1679 0.9785
vn 0.3222 -0.0531 0.9452
vn 0.2282 -0.0800 0.9703
vn -0.2175 -0.1892 0.9576
vn 0.9921 -0.0487 -0.1153
vn -0.3428 -0.0807 -0.9359
vn -0.2672 -0.0586 -0.9618
vn -0.5573 -0.1441 -0.8177
vn -0.6191 -0.1626 -0.7682
vn -0.8218 -0.1257 0.5557
vn -0.8183 -0.1209 0.5619
vn -0.8214 -0.1251 0.5565
vn -0.8244 -0.1292 0.5510
vn 0.1955 -0.2149 0.9569
vn 0.1954 -0.2149 0.9569
vn 0.1958 -0.2151 0.9568
vn -0.7740 -0.5964 0.2124
vn -0.7959 -0.5937 0.1185
vn -0.7550 -0.5951 0.2755
vn -0.7480 -0.5941 0.2958
vn 0.3367 -0.8531 0.3986
vn 0.4043 -0.9077 0.1127
vn 0.3994 -0.9060 0.1404
vn 0.3229 -0.8371 0.4416
vn 0.8531 -0.4558 -0.2539
vn 0.6968 -0.5139 -0.5004
vn 0.7827 -0.4907 -0.3829
vn 0.8972 -0.4185 -0.1413
vn 0.7627 -0.5974 -0.2480
vn 0.7462 -0.6032 -0.2817
vn 0.7628 -0.5973 -0.2478
vn 0.7738 -0.5927 -0.2236
vn -0.8432 0.4715 -0.2581
vn -0.8330 0.5125 -0.2086
vn -0.8412 0.4812 -0.2467
vn -0.8483 0.4412 -0.2927
vn 0.9027 0.0322 -0.4291
vn 0.7930 0.0259 -0.6086
vn -0.1110 0.2255 -0.9679
vn -0.6659 0.3307 -0.6687
vn -0.8726 0.4531 -0.1826
vn -0.8245 0.0474 -0.5638
vn -0.8191 0.0553 -0.5710
vn -0.8270 0.0438 -0.5605
vn -0.8316 0.0370 -0.5542
vn -0.0790 0.0971 -0.9921
vn 0.7721 0.5721 0.2767
vn 0.7702 0.5874 0.2485
vn 0.7710 0.5821 0.2585
vn 0.7725 0.5677 0.2846
vn -0.9838 -0.1785 -0.0158
vn -0.9723 -0.2214 -0.0747
vn -0.9833 -0.1808 -0.0189
vn -0.9886 -0.1483 0.0250
vn -0.9797 0.1725 -0.1023
vn -0.9786 0.1346 -0.1559
vn -0.9798 0.1610 -0.1188
vn -0.9781 0.1968 -0.0674
vn -0.9058 0.4139 -0.0911
vn -0.8831 0.4684 -0.0271
vn -0.9033 0.4210 -0.0830
vn -0.9209 0.3591 -0.1513
vn -0.8961 0.4341 -0.0919
vn -0.9172 0.3625 -0.1653
vn -0.9002 0.4228 -0.1038
vn -0.8718 0.4889 -0.0314
vn -0.8843 0.4350 -0.1699
vn -0.8825 0.4444 -0.1543
vn -0.8834 0.4397 -0.1621
vn -0.8850 0.4307 -0.1768
vn -0.9371 -0.3395 -0.0811
vn -0.9603 -0.2662 0.0830
vn -0.9566 -0.2895 0.0331
vn -0.9209 -0.3636 -0.1407
vn 0.9061 -0.3081 -0.2899
vn 0.9108 -0.3005 -0.2832
vn 0.9079 -0.3052 -0.2874
vn 0.9036 -0.3120 -0.2934
vn 0.9824 -0.0019 -0.1866
vn 0.9742 0.0383 -0.2226
vn 0.9825 -0.0025 -0.1860
vn 0.9877 -0.0408 -0.1512
vn 0.8057 0.5669 -0.1715
vn 0.8216 0.5288 -0.2130
vn 0.8011 0.5766 -0.1605
vn 0.7870 0.6033 -0.1292
vn 0.4901 -0.6910 0.5313
vn 0.4777 -0.6935 0.5394
vn 0.5070 -0.6873 0.5201
vn 0.5156 -0.6853 0.5143
vn 0.9761 0.0738 -0.2044
vn 0.9556 0.1310 -0.2640
vn 0.9716 0.0884 -0.2197
vn 0.9867 0.0314 -0.1595
vn -0.9537 0.0505 -0.2964
vn -0.9603 0.0756 -0.2687
vn -0.9554 0.0565 -0.2898
vn -0.9482 0.0324 -0.3160
vt 0.280556 0.086111
vt 0.286111 0.091667
vt 0.313889 0.141667
vt 0.283333 0.075000
vt 0.280556 0.086111
vt 0.344444 0.386111
vt 0.280556 0.086111
vt 0.355556 0.386111
vt 0.344444 0.386111
vt 0.330556 0.383333
vt 0.077778 0.011111
vt 0.058333 0.019444
vt 0.066667 0.013889
vt 0.066667 0.013889
vt 0.077778 0.052778
vt 0.077778 0.052778
vt 0.075000 0.061111
vt 0.075000 0.061111
vt 0.077778 0.011111
vt 0.077778 0.011111
vt 0.061111 0.019444
vt 0.113889 0.750000
vt 0.144444 0.769444
vt 0.619444 0.030556
vt 0.102778 0.405556
vt 0.102778 0.405556
vt 0.155556 0.411111
vt 0.183333 0.402778
vt 0.127778 0.411111
vt 0.197222 0.402778
vt 0.205556 0.402778
vt 0.327778 0.041667
vt 0.327778 0.041667
vt 0.102778 0.405556
vt 0.283333 0.075000
vt 0.197222 0.402778
s 1
usemtl peopleColors
f 1/1/1 2/1/2 3/1/3
f 3/1/3 4/1/4 1/1/1
f 5/1/5 6/1/6 7/1/7
f 7/1/7 8/1/8 5/1/5
f 9/1/9 10/1/10 11/1/11
f 11/1/11 12/1/12 9/1/9
f 13/1/13 14/1/14 15/1/15
f 15/1/15 16/1/16 13/1/13
f 17/1/17 18/1/18 19/1/19
f 19/1/19 20/1/20 17/1/17
f 21/1/21 22/1/22 23/1/23
f 23/1/23 24/1/24 21/1/21
f 25/1/25 26/1/26 27/1/27
f 27/1/27 28/1/28 25/1/25
f 29/1/29 30/1/30 31/1/31
f 31/1/31 32/1/32 29/1/29
f 33/2/33 34/2/34 35/2/35
f 35/2/35 36/2/36 33/2/33
f 37/3/37 38/3/38 39/3/39
f 39/3/39 40/3/40 37/3/37
f 41/1/41 42/1/42 43/1/43
f 43/1/43 44/1/44 41/1/41
f 45/1/45 46/1/46 47/1/47
f 47/1/47 48/1/48 45/1/45
f 49/1/49 50/1/50 51/1/51
f 51/1/51 52/1/52 49/1/49
f 53/1/53 54/1/54 55/1/55
f 55/1/55 56/1/56 53/1/53
f 57/2/57 58/2/58 59/2/59
f 59/2/59 60/2/60 57/2/57
f 61/1/61 62/1/62 63/1/63
f 63/1/63 64/1/64 61/1/61
f 65/1/65 66/1/66 67/1/67
f 67/1/67 68/1/68 65/1/65
f 69/1/69 70/1/70 71/1/71
f 71/1/71 72/1/72 69/1/69
f 73/1/73 74/1/74 75/1/75
f 75/1/75 76/1/76 73/1/73
f 77/2/77 78/2/78 79/2/79
f 79/2/79 80/2/80 77/2/77
f 81/1/81 82/1/82 83/1/83
f 83/1/83 84/1/84 81/1/81
f 85/1/85 86/1/86 87/1/87
f 87/1/87 88/1/88 85/1/85
f 89/1/89 90/1/90 91/1/91
f 91/1/91 92/1/92 89/1/89
f 93/1/93 94/1/94 95/1/95
f 95/1/95 96/1/96 93/1/93
f 97/1/97 98/1/98 99/1/99
f 99/1/99 100/1/100 97/1/97
f 101/4/101 102/4/102 103/4/103
f 103/4/103 104/4/104 101/4/101
f 105/1/105 106/1/106 107/1/107
f 107/1/107 108/1/108 105/1/105
f 109/4/109 110/4/110 111/4/111
f 111/4/111 112/4/112 109/4/109
f 113/1/113 114/1/114 115/1/115
f 115/1/115 116/1/116 113/1/113
f 117/1/117 118/1/118 119/1/119
f 119/1/119 120/1/120 117/1/117
f 121/1/121 122/1/122 123/1/123
f 123/1/123 124/1/124 121/1/121
f 125/1/125 126/1/126 127/1/127
f 127/1/127 128/1/128 125/1/125
f 129/1/129 130/1/130 131/1/131
f 131/1/131 132/1/132 129/1/129
f 133/1/133 134/1/134 135/1/135
f 135/1/135 136/1/136 133/1/133
f 137/1/137 138/1/138 139/1/139
f 139/1/139 140/1/140 137/1/137
f 141/1/141 142/1/142 143/1/143
f 143/1/143 144/1/144 141/1/141
f 145/1/145 146/1/146 147/1/147
f 147/1/147 148/1/148 145/1/145
f 149/3/149 150/3/150 151/3/151
f 151/3/151 152/3/152 149/3/149
f 153/1/153 154/1/154 155/1/155
f 155/1/155 156/1/156 153/1/153
f 157/1/157 158/1/158 159/1/159
f 159/1/159 160/1/160 157/1/157
f 161/2/161 162/2/162 163/2/163
f 163/2/163 164/2/164 161/2/161
f 165/1/165 166/1/166 167/1/167
f 167/1/167 168/1/168 165/1/165
f 169/1/169 170/5/170 171/1/171
f 171/1/171 172/1/172 169/1/169
f 173/1/173 174/1/174 175/1/175
f 175/1/175 176/1/176 173/1/173
f 177/1/177 178/1/178 179/5/179
f 179/5/179 180/1/180 177/1/177
f 181/1/181 182/1/182 183/1/183
f 183/1/183 184/1/184 181/1/181
s 0
f 185/1/185 186/1/185 187/1/185
f 188/6/186 189/6/186 190/6/186
s 1
f 191/2/187 192/2/188 193/2/189
f 193/2/189 194/2/190 191/2/187
s 0
f 195/2/191 196/2/191 197/2/191
f 198/6/192 199/6/192 200/6/192
f 201/2/193 202/2/193 203/2/193
s 1
f 204/2/194 205/2/195 206/2/196
f 206/2/196 207/2/197 204/2/194
f 208/5/198 209/7/199 210/1/200
f 210/1/200 211/1/201 208/5/198
s 0
f 212/8/202 213/8/202 214/8/202
s 1
f 215/6/203 216/6/204 217/6/205
f 217/6/205 218/6/206 215/6/203
f 219/8/207 220/8/208 221/8/209
f 221/8/209 222/8/210 219/8/207
f 223/6/211 224/6/212 225/6/213
f 225/6/213 226/6/214 223/6/211
s 0
f 227/2/215 228/2/215 229/2/215
s 1
f 230/6/216 231/6/217 232/6/218
f 232/6/218 233/6/219 230/6/216
f 234/8/220 235/8/221 236/8/222
f 236/8/222 237/8/223 234/8/220
f 238/6/224 239/6/225 240/6/226
f 240/6/226 241/6/227 238/6/224
f 242/8/228 243/8/229 244/8/230
f 244/8/230 245/8/231 242/8/228
f 246/6/232 247/6/233 248/6/234
f 248/6/234 249/6/235 246/6/232
f 250/8/236 251/8/237 252/8/238
f 252/8/238 253/8/239 250/8/236
f 254/6/240 255/6/241 256/6/242
f 256/6/242 257/6/243 254/6/240
f 258/6/244 259/6/245 260/6/246
f 260/6/246 261/6/247 258/6/244
f 262/6/248 263/6/249 264/6/250
f 264/6/250 265/6/251 262/6/248
f 266/6/252 267/6/253 268/6/254
f 268/6/254 269/6/255 266/6/252
f 270/6/256 271/6/257 272/6/258
f 272/6/258 273/6/259 270/6/256
f 274/6/260 275/6/261 276/9/262
f 276/9/262 277/6/263 274/6/260
f 278/6/264 279/6/265 280/6/266
f 280/6/266 281/6/267 278/6/264
f 282/6/268 283/6/269 284/6/270
f 284/6/270 285/6/271 282/6/268
f 286/10/272 287/10/273 288/10/274
f 288/10/274 289/10/275 286/10/272
f 290/6/276 291/6/277 292/6/278
f 292/6/278 293/6/279 290/6/276
f 294/6/280 295/9/281 296/6/282
f 296/6/282 297/6/283 294/6/280
f 298/10/284 299/10/285 300/10/286
f 300/10/286 301/10/287 298/10/284
f 302/10/288 303/10/289 304/10/290
f 304/10/290 305/10/291 302/10/288
f 306/10/292 307/10/293 308/10/294
f 308/10/294 309/10/295 306/10/292
f 310/6/296 311/6/297 312/6/298
f 312/6/298 313/6/299 310/6/296
f 314/10/300 315/10/301 316/10/302
f 316/10/302 317/10/303 314/10/300
s 0
f 318/6/304 319/6/304 320/6/304
s 1
f 321/6/305 322/6/306 323/6/307
f 323/6/307 324/6/308 321/6/305
s 0
f 325/6/309 326/6/309 327/6/309
s 1
f 328/8/310 329/8/311 330/8/312
f 330/8/312 331/8/313 328/8/310
f 332/6/314 333/6/315 334/6/316
f 334/6/316 335/6/317 332/6/314
s 0
f 336/6/318 337/6/318 338/6/318
s 1
f 339/6/319 340/6/320 341/6/321
f 341/6/321 342/6/322 339/6/319
f 343/10/323 344/10/324 345/10/325
f 345/10/325 346/10/326 343/10/323
f 347/6/327 348/6/328 349/6/329
f 349/6/329 350/6/330 347/6/327
f 351/6/331 352/6/332 353/6/333
f 353/6/333 354/6/334 351/6/331
f 355/8/335 356/8/336 357/8/337
f 357/8/337 358/8/338 355/8/335
f 359/6/339 360/6/340 361/6/341
f 361/6/341 362/6/342 359/6/339
f 363/6/343 364/6/344 365/6/345
f 365/6/345 366/6/346 363/6/343
f 367/6/347 368/6/348 369/6/349
f 369/6/349 370/6/350 367/6/347
f 371/10/351 372/10/352 373/10/353
f 373/10/353 374/10/354 371/10/351
f 375/6/355 376/6/356 377/6/357
f 377/6/357 378/6/358 375/6/355
f 379/6/359 380/6/360 381/6/361
f 381/6/361 382/6/362 379/6/359
f 383/8/363 384/8/364 385/8/365
f 385/8/365 386/8/366 383/8/363
f 387/6/367 388/6/368 389/6/369
f 389/6/369 390/6/370 387/6/367
f 391/6/371 392/6/372 393/6/373
f 393/6/373 394/6/374 391/6/371
f 395/6/375 396/6/376 397/6/377
f 397/6/377 398/6/378 395/6/375
f 399/6/379 400/6/380 401/6/381
f 401/6/381 402/6/382 399/6/379
f 403/6/383 404/6/384 405/6/385
f 405/6/385 406/6/386 403/6/383
f 407/6/387 408/6/388 409/6/389
f 409/6/389 410/6/390 407/6/387
f 411/6/391 412/6/392 413/6/393
f 413/6/393 414/6/394 411/6/391
f 415/6/395 416/6/396 417/6/397
f 417/6/397 418/6/398 415/6/395
f 419/6/399 420/6/400 421/6/401
f 421/6/401 422/6/402 419/6/399
f 423/6/403 424/6/404 425/6/405
f 425/6/405 426/6/406 423/6/403
f 427/11/407 428/11/408 429/11/409
f 429/11/409 430/11/410 427/11/407
f 431/11/411 432/11/412 433/11/413
f 433/11/413 434/11/414 431/11/411
f 435/11/415 436/11/416 437/11/417
f 437/11/417 438/11/418 435/11/415
f 439/11/419 440/11/420 441/11/421
f 441/11/421 442/11/422 439/11/419
f 443/11/423 444/11/424 445/11/425
f 445/11/425 446/11/426 443/11/423
f 447/11/427 448/11/428 449/11/429
f 449/11/429 450/11/430 447/11/427
f 451/11/431 452/11/432 453/11/433
f 453/11/433 454/11/434 451/11/431
f 455/11/435 456/11/436 457/11/437
f 457/11/437 458/11/438 455/11/435
f 459/11/439 460/11/440 461/11/441
f 461/11/441 462/11/442 459/11/439
f 463/11/443 464/11/444 465/11/445
f 465/11/445 466/11/446 463/11/443
f 467/11/447 468/11/448 469/11/449
f 469/11/449 470/11/450 467/11/447
f 471/11/451 472/11/452 473/11/453
f 473/11/453 474/11/454 471/11/451
f 475/11/455 476/11/456 477/11/457
f 477/11/457 478/11/458 475/11/455
f 479/11/459 480/11/460 481/11/461
f 481/11/461 482/11/462 479/11/459
f 483/11/463 484/11/464 485/11/465
f 485/11/465 486/11/466 483/11/463
f 487/11/467 488/11/468 489/11/469
f 489/11/469 490/11/470 487/11/467
f 491/11/471 492/11/472 493/11/473
f 493/11/473 494/11/474 491/11/471
f 495/11/475 496/11/476 497/11/477
f 497/11/477 498/11/478 495/11/475
f 499/11/479 500/11/480 501/11/481
f 501/11/481 502/11/482 499/11/479
f 503/11/483 504/11/484 505/11/485
f 505/11/485 506/11/486 503/11/483
f 507/11/487 508/11/488 509/11/489
f 509/11/489 510/11/490 507/11/487
f 511/11/491 512/11/492 513/11/493
f 513/11/493 514/11/494 511/11/491
f 515/11/495 516/11/496 517/11/497
f 517/11/497 518/11/498 515/11/495
f 519/11/499 520/11/500 521/11/501
f 521/11/501 522/11/502 519/11/499
f 523/11/503 524/11/504 525/11/505
f 525/11/505 526/11/506 523/11/503
f 527/11/507 528/11/508 529/11/509
f 529/11/509 530/11/510 527/11/507
f 531/11/511 532/11/512 533/11/513
f 533/11/513 534/11/514 531/11/511
f 535/11/515 536/11/516 537/11/517
f 537/11/517 538/11/518 535/11/515
f 539/12/519 540/12/520 541/12/521
f 541/12/521 542/12/522 539/12/519
f 543/12/523 544/12/524 545/12/525
f 545/12/525 546/12/526 543/12/523
f 547/11/527 548/11/528 549/11/529
f 549/11/529 550/11/530 547/11/527
f 551/11/531 552/11/532 553/11/531
f 553/11/531 554/11/533 551/11/531
f 555/11/534 556/11/535 557/11/536
f 557/11/536 558/11/537 555/11/534
f 559/11/538 560/11/539 561/11/540
f 561/11/540 562/11/541 559/11/538
f 563/11/542 564/11/543 565/11/544
f 565/11/544 566/11/545 563/11/542
f 567/11/546 568/11/547 569/11/548
f 569/11/548 570/11/549 567/11/546
f 571/12/550 572/12/551 573/12/552
f 573/12/552 574/12/553 571/12/550
f 575/11/554 576/11/555 577/11/556
f 577/11/556 578/11/557 575/11/554
f 579/11/558 580/11/559 581/11/560
f 581/11/560 582/11/561 579/11/558
f 583/11/562 584/11/563 585/11/564
f 585/11/564 586/11/565 583/11/562
f 587/11/566 588/11/567 589/11/568
f 589/11/568 590/11/569 587/11/566
f 591/11/570 592/11/571 593/11/572
f 593/11/572 594/11/573 591/11/570
f 595/11/574 596/11/575 597/11/576
f 597/11/576 598/11/577 595/11/574
f 599/11/578 600/11/579 601/11/580
f 601/11/580 602/11/581 599/11/578
f 603/11/582 604/11/583 605/11/584
f 605/11/584 606/11/585 603/11/582
s 0
f 607/11/586 608/11/586 609/11/586
s 1
f 610/11/587 611/11/588 612/11/589
f 612/11/589 613/11/590 610/11/587
s 0
f 614/11/591 615/11/591 616/11/591
s 1
f 617/11/592 618/11/593 619/11/594
f 619/11/594 620/11/595 617/11/592
f 621/11/596 622/11/597 623/11/598
f 623/11/598 624/11/599 621/11/596
f 625/11/600 626/11/601 627/11/602
f 627/11/602 628/11/603 625/11/600
f 629/12/604 630/12/605 631/12/606
f 631/12/606 632/12/607 629/12/604
f 633/11/608 634/11/609 635/11/610
f 635/11/610 636/11/611 633/11/608
f 637/11/612 638/11/613 639/11/614
f 639/11/614 640/11/615 637/11/612
f 641/11/616 642/11/617 643/11/618
f 643/11/618 644/11/619 641/11/616
f 645/12/620 646/12/621 647/12/622
f 647/12/622 648/12/623 645/12/620
f 649/11/624 650/11/624 651/11/624
s 0
f 651/11/624 652/11/624 649/11/624
s 1
f 653/11/625 654/11/626 655/11/627
f 655/11/627 656/11/628 653/11/625
f 657/11/629 658/11/630 659/11/631
f 659/11/631 660/11/632 657/11/629
f 661/12/633 662/12/634 663/12/635
f 663/12/635 664/12/636 661/12/633
f 665/11/637 666/11/638 667/11/639
f 667/11/639 668/11/640 665/11/637
f 669/11/641 670/11/642 671/11/643
f 671/11/643 672/11/644 669/11/641
f 673/11/645 674/11/646 675/11/647
f 675/11/647 676/11/648 673/11/645
s 0
f 677/11/649 678/11/649 679/11/649
s 1
f 680/11/650 681/11/651 682/11/652
f 682/11/652 683/11/653 680/11/650
f 684/11/654 685/11/655 686/11/656
f 686/11/656 687/11/657 684/11/654
f 688/11/658 689/11/659 690/11/660
f 690/11/660 691/11/661 688/11/658
f 692/11/662 693/11/663 694/11/664
f 694/11/664 695/11/665 692/11/662
f 696/11/666 697/11/667 698/11/668
f 698/11/668 699/11/669 696/11/666
f 700/11/670 701/11/671 702/11/672
f 702/11/672 703/11/673 700/11/670
f 704/11/674 705/11/675 706/11/676
f 706/11/676 707/11/677 704/11/674
f 708/11/678 709/11/679 710/11/680
f 710/11/680 711/11/681 708/11/678
f 712/11/682 713/11/683 714/11/684
f 714/11/684 715/11/685 712/11/682
f 716/11/686 717/11/687 718/11/688
f 718/11/688 719/11/689 716/11/686
f 720/11/690 721/11/691 722/11/692
f 722/11/692 723/11/693 720/11/690
f 724/12/694 725/12/695 726/12/696
f 726/12/696 727/12/697 724/12/694
f 728/11/698 729/11/699 730/11/700
f 730/11/700 731/11/701 728/11/698
f 732/11/702 733/11/703 734/11/704
f 734/11/704 735/11/705 732/11/702
f 736/12/706 737/12/707 738/12/708
f 738/12/708 739/12/709 736/12/706
f 740/11/710 741/11/711 742/11/712
s 0
f 742/11/713 743/11/713 740/11/713
f 744/11/714 745/11/714 746/11/714
f 747/11/715 748/11/715 749/11/715
f 750/11/716 751/11/716 752/11/716
s 1
f 753/11/717 754/11/718 755/11/719
f 755/11/719 756/11/720 753/11/717
s 0
f 757/11/721 758/11/721 759/11/721
s 1
f 760/11/722 761/11/723 762/11/724
f 762/11/724 763/11/725 760/11/722
f 764/11/726 765/11/727 766/11/728
f 766/11/728 767/11/729 764/11/726
f 768/11/730 769/11/731 770/11/732
f 770/11/732 771/11/733 768/11/730
f 772/11/734 773/11/735 774/11/736
f 774/11/736 775/11/737 772/11/734
f 776/11/738 777/11/739 778/11/740
f 778/11/740 779/11/741 776/11/738
f 780/11/742 781/11/743 782/11/744
f 782/11/744 783/11/745 780/11/742
f 784/11/746 785/11/747 786/11/748
f 786/11/748 787/11/749 784/11/746
f 788/8/750 789/8/751 790/8/752
f 790/8/752 791/8/753 788/8/750
s 0
f 792/8/754 793/8/754 794/8/754
s 1
f 795/8/755 796/8/756 797/8/757
f 797/8/757 798/8/758 795/8/755
f 799/11/759 800/11/760 801/11/761
f 801/11/761 802/11/762 799/11/759
f 803/8/763 804/8/764 805/8/765
f 805/8/765 806/8/766 803/8/763
f 807/11/767 808/11/768 809/11/769
f 809/11/769 810/11/770 807/11/767
f 811/8/771 812/8/772 813/8/773
f 813/8/773 814/8/774 811/8/771
f 815/11/775 816/11/776 817/11/777
f 817/11/777 818/11/778 815/11/775
f 819/8/779 820/8/780 821/8/781
f 821/8/781 822/8/782 819/8/779
f 823/13/783 824/13/784 825/14/785
f 825/14/785 826/13/786 823/13/783
f 827/11/787 828/11/788 829/11/789
f 829/11/789 830/11/790 827/11/787
f 831/11/791 832/11/792 833/11/793
f 833/11/793 834/11/794 831/11/791
f 835/13/795 836/14/796 837/13/797
f 837/13/797 838/13/798 835/13/795
s 0
f 839/11/799 840/11/799 841/11/799
s 1
f 842/11/800 843/11/801 844/11/802
f 844/11/802 845/11/803 842/11/800
f 846/11/804 847/11/805 848/11/806
f 848/11/806 849/11/807 846/11/804
f 850/13/808 851/13/809 852/13/810
f 852/13/810 853/13/811 850/13/808
f 854/13/812 855/13/813 856/13/814
f 856/13/814 857/13/815 854/13/812
f 858/11/816 859/11/817 860/11/818
f 860/11/818 861/11/819 858/11/816
f 862/15/820 863/16/821 864/15/822
f 864/15/822 865/15/823 862/15/820
f 866/17/824 867/18/825 868/17/826
f 868/17/826 869/17/827 866/17/824
f 870/11/828 871/11/829 872/11/830
f 872/11/830 873/11/831 870/11/828
f 874/11/832 875/11/833 876/19/834
f 876/19/834 877/11/835 874/11/832
f 878/13/836 879/13/837 880/13/838
f 880/13/838 881/13/839 878/13/836
f 882/11/840 883/11/841 884/20/842
f 884/20/842 885/11/843 882/11/840
f 886/11/844 887/20/845 888/11/846
f 888/11/846 889/11/847 886/11/844
f 890/11/848 891/11/849 892/11/850
f 892/11/850 893/11/851 890/11/848
s 0
f 894/13/852 895/13/852 896/13/852
s 1
f 897/21/853 898/21/854 899/21/855
f 899/21/855 900/21/856 897/21/853
f 901/21/857 902/21/858 903/21/859
f 903/21/859 904/21/860 901/21/857
s 0
f 905/13/861 906/13/861 907/13/861
f 908/13/862 909/13/862 910/13/862
s 1
f 911/11/863 912/11/864 913/11/865
f 913/11/865 914/11/866 911/11/863
f 915/11/867 916/11/868 917/11/869
f 917/11/869 918/11/870 915/11/867
f 919/11/871 920/11/872 921/11/873
f 921/11/873 922/11/874 919/11/871
f 923/11/875 924/11/876 925/11/877
f 925/11/877 926/11/878 923/11/875
s 0
f 927/11/879 928/11/879 929/11/879
s 1
f 930/11/880 931/11/881 932/11/882
f 932/11/882 933/11/883 930/11/880
f 934/11/884 935/11/885 936/11/886
f 936/11/886 937/11/887 934/11/884
s 0
f 938/11/888 939/11/888 940/11/888
s 1
f 941/11/889 942/11/890 943/11/891
f 943/11/891 944/11/892 941/11/889
f 945/11/893 946/11/894 947/11/895
f 947/11/895 948/11/896 945/11/893
f 949/11/897 950/11/898 951/11/899
f 951/11/899 952/11/900 949/11/897
f 953/11/901 954/11/902 955/11/903
f 955/11/903 956/11/904 953/11/901
f 957/11/905 958/11/906 959/11/907
f 959/11/907 960/11/908 957/11/905
f 961/11/909 962/11/910 963/11/911
f 963/11/911 964/11/912 961/11/909
f 965/11/913 966/11/914 967/11/915
f 967/11/915 968/11/916 965/11/913
f 969/11/917 970/11/918 971/11/919
f 971/11/919 972/11/920 969/11/917
f 973/11/921 974/11/922 975/11/923
f 975/11/923 976/11/924 973/11/921
f 977/13/925 978/13/926 979/13/927
f 979/13/927 980/13/928 977/13/925
f 981/11/929 982/11/930 983/11/931
f 983/11/931 984/11/932 981/11/929
s 0
f 985/11/933 986/11/933 987/11/933
s 1
f 988/11/934 989/11/935 990/11/936
f 990/11/936 991/11/937 988/11/934
f 992/11/938 993/11/939 994/11/940
f 994/11/940 995/11/941 992/11/938
f 996/11/942 997/11/943 998/11/944
f 998/11/944 999/11/945 996/11/942
f 1000/11/946 1001/11/947 1002/11/948
f 1002/11/948 1003/11/949 1000/11/946
f 1004/11/950 1005/11/951 1006/11/952
f 1006/11/952 1007/11/953 1004/11/950
f 1008/11/954 1009/11/955 1010/11/956
f 1010/11/956 1011/11/957 1008/11/954
f 1012/11/958 1013/11/959 1014/11/960
f 1014/11/960 1015/11/961 1012/11/958
f 1016/11/962 1017/11/963 1018/11/964
f 1018/11/964 1019/11/965 1016/11/962
f 1020/11/966 1021/11/967 1022/11/968
f 1022/11/968 1023/11/969 1020/11/966
s 0
f 1024/11/970 1025/11/970 1026/11/970
s 1
f 1027/11/971 1028/11/972 1029/11/973
f 1029/11/973 1030/11/974 1027/11/971
f 1031/11/975 1032/11/976 1033/11/977
f 1033/11/977 1034/11/978 1031/11/975
f 1035/11/979 1036/11/980 1037/11/981
f 1037/11/981 1038/11/982 1035/11/979
f 1039/11/983 1040/11/984 1041/11/985
f 1041/11/985 1042/11/986 1039/11/983
f 1043/11/987 1044/11/988 1045/11/989
f 1045/11/989 1046/11/990 1043/11/987
f 1047/11/991 1048/11/992 1049/11/993
f 1049/11/993 1050/11/994 1047/11/991
s 0
f 1051/11/995 1052/11/995 1053/11/995
f 1054/11/996 1055/11/996 1056/11/996
s 1
f 1057/11/997 1058/11/998 1059/11/999
f 1059/11/999 1060/11/1000 1057/11/997
f 1061/11/1001 1062/11/1002 1063/11/1003
f 1063/11/1003 1064/11/1004 1061/11/1001
f 1065/11/1005 1066/11/1006 1067/11/1007
f 1067/11/1007 1068/11/1008 1065/11/1005
f 1069/11/1009 1070/11/1010 1071/11/1011
f 1071/11/1011 1072/11/1012 1069/11/1009
f 1073/11/1013 1074/11/1014 1075/11/1013
f 1075/11/1013 1076/11/1015 1073/11/1013
f 1077/4/1016 1078/4/1017 1079/4/1018
f 1079/4/1018 1080/4/1019 1077/4/1016
f 1081/4/1020 1082/4/1021 1083/4/1022
f 1083/4/1022 1084/4/1023 1081/4/1020
f 1085/4/1024 1086/4/1025 1087/4/1026
f 1087/4/1026 1088/4/1027 1085/4/1024
f 1089/4/1028 1090/4/1029 1091/4/1030
f 1091/4/1030 1092/4/1031 1089/4/1028
f 1093/4/1032 1094/4/1033 1095/4/1034
f 1095/4/1034 1096/4/1035 1093/4/1032
f 1097/4/1036 1098/4/1037 1099/4/1038
f 1099/4/1038 1100/4/1039 1097/4/1036
f 1101/11/1040 1102/11/1041 1103/11/1042
f 1103/11/1042 1104/11/1043 1101/11/1040
f 1105/11/1044 1106/11/1045 1107/11/1046
f 1107/11/1046 1108/11/1047 1105/11/1044
f 1109/11/1048 1110/11/1049 1111/11/1050
f 1111/11/1050 1112/11/1051 1109/11/1048
f 1113/11/1052 1114/11/1053 1115/11/1054
f 1115/11/1054 1116/11/1055 1113/11/1052
f 1117/11/1056 1118/11/1057 1119/11/1058
f 1119/11/1058 1120/11/1059 1117/11/1056
f 1121/11/1060 1122/11/1061 1123/11/1062
f 1123/11/1062 1124/11/1063 1121/11/1060
f 1125/22/1064 1126/22/1065 1127/22/1066
f 1127/22/1066 1128/22/1067 1125/22/1064
f 1129/22/1068 1130/22/1069 1131/22/1070
f 1131/22/1070 1132/22/1071 1129/22/1068
f 1133/22/1072 1134/22/1073 1135/22/1074
f 1135/22/1074 1136/22/1075 1133/22/1072
f 1137/22/1076 1138/22/1077 1139/22/1078
f 1139/22/1078 1140/22/1079 1137/22/1076
f 1141/11/1080 1142/11/1081 1143/11/1082
f 1143/11/1082 1144/11/1083 1141/11/1080
f 1145/11/1084 1146/11/1085 1147/11/1086
f 1147/11/1086 1148/11/1087 1145/11/1084
f 1149/22/1088 1150/22/1089 1151/22/1090
f 1151/22/1090 1152/22/1091 1149/22/1088
f 1153/22/1092 1154/22/1093 1155/22/1094
f 1155/22/1094 1156/22/1095 1153/22/1092
f 1157/11/1096 1158/11/1097 1159/11/1098
f 1159/11/1098 1160/11/1099 1157/11/1096
f 1161/11/1100 1162/11/1101 1163/11/1102
f 1163/11/1102 1164/11/1103 1161/11/1100
f 1165/22/1104 1166/22/1105 1167/22/1106
f 1167/22/1106 1168/22/1107 1165/22/1104
f 1169/22/1108 1170/22/1109 1171/22/1110
f 1171/22/1110 1172/22/1111 1169/22/1108
s 0
f 1173/23/1112 1174/23/1112 1175/23/1112
s 1
f 1176/23/1113 1177/23/1114 1178/23/1115
f 1178/23/1115 1179/23/1116 1176/23/1113
f 1180/22/1117 1181/22/1118 1182/22/1119
f 1182/22/1119 1183/22/1120 1180/22/1117
f 1184/22/1121 1185/22/1122 1186/22/1123
f 1186/22/1123 1187/22/1124 1184/22/1121
f 1188/22/1125 1189/22/1126 1190/22/1127
f 1190/22/1127 1191/22/1128 1188/22/1125
f 1192/22/1129 1193/22/1130 1194/22/1131
f 1194/22/1131 1195/22/1132 1192/22/1129
f 1196/22/1133 1197/22/1134 1198/22/1135
f 1198/22/1135 1199/22/1136 1196/22/1133
f 1200/22/1137 1201/22/1138 1202/22/1139
f 1202/22/1139 1203/22/1140 1200/22/1137
f 1204/22/1141 1205/22/1142 1206/22/1143
f 1206/22/1143 1207/22/1144 1204/22/1141
f 1208/22/1145 1209/22/1146 1210/22/1147
f 1210/22/1147 1211/22/1148 1208/22/1145
f 1212/22/1149 1213/22/1150 1214/22/1151
f 1214/22/1151 1215/22/1152 1212/22/1149
f 1216/22/1153 1217/22/1154 1218/22/1155
f 1218/22/1155 1219/22/1156 1216/22/1153
f 1220/22/1157 1221/22/1158 1222/22/1159
f 1222/22/1159 1223/22/1160 1220/22/1157
f 1224/22/1161 1225/22/1162 1226/22/1163
f 1226/22/1163 1227/22/1164 1224/22/1161
f 1228/22/1165 1229/22/1166 1230/22/1167
f 1230/22/1167 1231/22/1168 1228/22/1165
f 1232/22/1169 1233/22/1170 1234/22/1171
f 1234/22/1171 1235/22/1172 1232/22/1169
f 1236/24/1173 1237/24/1174 1238/24/1175
f 1238/24/1175 1239/24/1176 1236/24/1173
f 1240/24/1177 1241/24/1178 1242/24/1179
f 1242/24/1179 1243/24/1180 1240/24/1177
f 1244/24/1181 1245/24/1182 1246/24/1183
f 1246/24/1183 1247/24/1184 1244/24/1181
f 1248/6/1185 1249/6/1186 1250/6/1187
f 1250/6/1187 1251/6/1188 1248/6/1185
f 1252/11/1189 1253/11/1190 1254/11/1191
f 1254/11/1191 1255/11/1192 1252/11/1189
f 1256/11/1193 1257/11/1194 1258/11/1195
f 1258/11/1195 1259/11/1196 1256/11/1193
f 1260/11/1197 1261/11/1198 1262/11/1199
f 1262/11/1199 1263/11/1200 1260/11/1197
s 0
f 1264/10/1201 1265/10/1201 1266/10/1201
s 1
f 1267/10/1202 1268/10/1203 1269/10/1204
f 1269/10/1204 1270/10/1205 1267/10/1202
f 1271/6/1206 1272/6/1207 1273/6/1208
f 1273/6/1208 1274/6/1209 1271/6/1206
f 1275/8/1210 1276/8/1211 1277/8/1212
f 1277/8/1212 1278/8/1213 1275/8/1210
f 1279/6/1214 1280/6/1215 1281/6/1216
f 1281/6/1216 1282/6/1217 1279/6/1214
f 1283/1/1218 1284/1/1219 1285/1/1220
f 1285/1/1220 1286/1/1221 1283/1/1218
f 1287/1/1222 1288/1/1223 1289/1/1224
f 1289/1/1224 1290/1/1225 1287/1/1222
f 1291/1/1226 1292/1/1227 1293/1/1228
f 1293/1/1228 1294/1/1229 1291/1/1226
f 1295/6/1230 1296/6/1231 1297/6/1232
f 1297/6/1232 1298/6/1233 1295/6/1230
f 1299/6/1234 1300/6/1235 1301/6/1236
f 1301/6/1236 1302/6/1237 1299/6/1234
f 1303/6/1238 1304/6/1239 1305/6/1240
f 1305/6/1240 1306/6/1241 1303/6/1238
f 1307/12/1242 1308/12/1243 1309/12/1244
f 1309/12/1244 1310/12/1245 1307/12/1242
f 1311/12/1246 1312/12/1247 1313/12/1248
f 1313/12/1248 1314/12/1249 1311/12/1246
f 1315/11/1250 1316/11/1251 1317/11/1252
f 1317/11/1252 1318/11/1253 1315/11/1250
f 1319/11/1254 1320/11/1255 1321/11/1256
f 1321/11/1256 1322/11/1257 1319/11/1254
f 1323/11/1258 1324/11/1259 1325/11/1260
f 1325/11/1260 1326/11/1261 1323/11/1258
f 1327/11/1262 1328/11/1263 1329/11/1264
f 1329/11/1264 1330/11/1265 1327/11/1262
f 1331/11/1266 1332/11/1267 1333/11/1268
f 1333/11/1268 1334/11/1269 1331/11/1266
f 1335/25/1270 1336/25/1271 1337/26/1272
f 1337/26/1272 1338/25/1273 1335/25/1270
f 1339/25/1274 1340/25/1275 1341/25/1276
f 1341/25/1276 1342/25/1277 1339/25/1274
f 1343/27/1278 1344/27/1279 1345/27/1280
f 1345/27/1280 1346/27/1281 1343/27/1278
f 1347/27/1282 1348/27/1283 1349/27/1284
f 1349/27/1284 1350/27/1285 1347/27/1282
f 1351/27/1286 1352/27/1287 1353/27/1288
f 1353/27/1288 1354/27/1289 1351/27/1286
f 1355/28/1290 1356/28/1291 1357/28/1292
f 1357/28/1292 1358/28/1293 1355/28/1290
f 1359/25/1294 1360/25/1295 1361/25/1296
f 1361/25/1296 1362/25/1297 1359/25/1294
f 1363/29/1298 1364/29/1299 1365/29/1300
f 1365/29/1300 1366/29/1301 1363/29/1298
f 1367/27/1302 1368/27/1303 1369/27/1304
f 1369/27/1304 1370/27/1305 1367/27/1302
s 0
f 1371/27/1306 1372/27/1306 1373/27/1306
s 1
f 1374/28/1307 1375/28/1308 1376/28/1309
f 1376/28/1309 1377/28/1310 1374/28/1307
f 1378/29/1311 1379/29/1312 1380/29/1313
f 1380/29/1313 1381/29/1314 1378/29/1311
f 1382/28/1315 1383/28/1316 1384/28/1317
f 1384/28/1317 1385/28/1318 1382/28/1315
f 1386/28/1319 1387/28/1320 1388/28/1321
f 1388/28/1321 1389/28/1322 1386/28/1319
f 1390/30/1323 1391/30/1324 1392/30/1325
f 1392/30/1325 1393/30/1326 1390/30/1323
f 1394/30/1327 1395/30/1328 1396/30/1329
f 1396/30/1329 1397/30/1330 1394/30/1327
f 1398/30/1331 1399/30/1332 1400/30/1333
f 1400/30/1333 1401/30/1334 1398/30/1331
f 1402/29/1335 1403/29/1336 1404/29/1337
f 1404/29/1337 1405/29/1338 1402/29/1335
f 1406/30/1339 1407/30/1340 1408/30/1341
f 1408/30/1341 1409/30/1342 1406/30/1339
s 0
f 1410/30/1343 1411/30/1343 1412/30/1343
f 1412/30/1344 1413/30/1344 1410/30/1344
s 1
f 1414/31/1345 1415/31/1346 1416/31/1347
f 1416/31/1347 1417/31/1348 1414/31/1345
f 1418/31/1349 1419/31/1350 1420/31/1351
f 1420/31/1351 1421/31/1352 1418/31/1349
f 1422/31/1353 1423/31/1354 1424/31/1355
f 1424/31/1355 1425/31/1356 1422/31/1353
f 1426/29/1357 1427/29/1358 1428/29/1359
f 1428/29/1359 1429/29/1360 1426/29/1357
f 1430/31/1361 1431/31/1362 1432/31/1363
f 1432/31/1363 1433/31/1364 1430/31/1361
f 1434/31/1365 1435/31/1366 1436/31/1367
f 1436/31/1367 1437/31/1368 1434/31/1365
f 1438/31/1369 1439/31/1370 1440/31/1371
f 1440/31/1371 1441/31/1372 1438/31/1369
f 1442/31/1373 1443/31/1374 1444/31/1375
f 1444/31/1375 1445/31/1376 1442/31/1373
f 1446/31/1377 1447/31/1378 1448/31/1379
f 1448/31/1379 1449/31/1380 1446/31/1377
s 0
f 1450/32/1381 1451/33/1381 1452/32/1381
s 1
f 1453/1/1382 1454/1/1383 1455/1/1384
f 1455/1/1384 1456/1/1385 1453/1/1382
f 1457/2/1386 1458/2/1387 1459/2/1388
f 1459/2/1388 1460/2/1389 1457/2/1386
f 1461/1/1390 1462/1/1391 1463/1/1392
f 1463/1/1392 1464/1/1393 1461/1/1390
f 1465/1/1394 1466/1/1395 1467/1/1396
f 1467/1/1396 1468/1/1397 1465/1/1394
f 1469/1/1398 1470/1/1399 1471/1/1400
f 1471/1/1400 1472/1/1401 1469/1/1398
f 1473/6/1402 1474/6/1403 1475/6/1404
f 1475/6/1404 1476/6/1405 1473/6/1402
f 1477/6/1406 1478/6/1407 1479/6/1408
f 1479/6/1408 1480/6/1409 1477/6/1406
f 1481/6/1410 1482/6/1411 1483/6/1412
f 1483/6/1412 1484/6/1413 1481/6/1410
f 1485/6/1414 1486/6/1415 1487/6/1416
f 1487/6/1416 1488/6/1417 1485/6/1414
f 1489/10/1418 1490/10/1419 1491/10/1420
f 1491/10/1420 1492/10/1421 1489/10/1418
f 1493/6/1422 1494/6/1423 1495/6/1424
f 1495/6/1424 1496/6/1425 1493/6/1422
f 1497/6/1426 1498/6/1427 1499/6/1428
f 1499/6/1428 1500/6/1429 1497/6/1426
f 1501/8/1430 1502/8/1431 1503/8/1432
f 1503/8/1432 1504/8/1433 1501/8/1430
s 0
f 1505/11/1434 1506/11/1434 1507/11/1434
s 1
f 1508/6/1435 1509/6/1436 1510/6/1437
f 1510/6/1437 1511/6/1438 1508/6/1435
s 0
f 1512/6/1439 1513/6/1439 1514/6/1439
f 1515/6/1440 1516/6/1440 1517/6/1440
s 1
f 1518/25/1441 1519/25/1442 1520/25/1443
f 1520/25/1443 1521/34/1444 1518/25/1441
f 1522/27/1445 1523/27/1446 1524/27/1447
f 1524/27/1447 1525/27/1448 1522/27/1445
s 0
f 1526/22/1449 1527/22/1449 1528/22/1449
f 1528/22/1449 1529/22/1449 1526/22/1449
f 1530/22/1450 1531/22/1450 1532/22/1450
f 1532/22/1450 1533/22/1450 1530/22/1450
s 1
f 1534/22/1451 1535/22/1452 1536/22/1453
f 1536/22/1453 1537/22/1454 1534/22/1451
s 0
f 1538/24/1455 1539/24/1455 1540/24/1455
f 1540/24/1455 1541/24/1455 1538/24/1455
s 1
f 1542/22/1456 1543/22/1457 1544/22/1458
f 1544/22/1458 1545/22/1459 1542/22/1456
s 0
f 1546/22/1460 1547/22/1460 1548/22/1460
f 1549/22/1461 1550/22/1461 1551/22/1461
s 1
f 1552/22/1462 1553/22/1463 1554/22/1464
f 1554/22/1464 1555/22/1465 1552/22/1462
s 0
f 1556/24/1466 1557/24/1466 1558/24/1466
f 1558/24/1466 1559/24/1466 1556/24/1466
s 1
f 1560/22/1467 1561/22/1468 1562/22/1469
f 1562/22/1469 1563/22/1470 1560/22/1467
f 1564/1/1471 1565/1/1472 1566/1/1473
f 1566/1/1473 1567/1/1474 1564/1/1471
s 0
f 1568/1/1475 1569/1/1475 1570/1/1475
f 1570/1/1475 1571/1/1476 1568/1/1475
s 1
f 1572/4/1477 1573/4/1478 1574/4/1479
f 1574/4/1479 1575/4/1480 1572/4/1477
f 1576/4/1481 1577/4/1482 1578/35/1483
f 1578/35/1483 1579/4/1484 1576/4/1481
f 1580/29/1485 1581/29/1486 1582/29/1487
f 1582/29/1487 1583/29/1488 1580/29/1485
f 1584/31/1489 1585/31/1490 1586/31/1491
f 1586/31/1491 1587/31/1492 1584/31/1489
f 1588/28/1493 1589/28/1494 1590/28/1495
f 1590/28/1495 1591/28/1496 1588/28/1493
s 0
f 1592/1/1497 1593/1/1497 1594/1/1497
f 1595/1/1498 1596/1/1498 1597/1/1498
f 1598/6/1499 1599/6/1499 1600/6/1499
f 1601/8/1500 1602/8/1500 1603/8/1500
s 1
f 1604/8/1501 1605/8/1501 1606/8/1501
f 1607/30/1502 1608/30/1503 1609/30/1504
f 1609/30/1504 1610/30/1505 1607/30/1502
s 0
f 1611/30/1506 1612/30/1506 1613/30/1506
s 1
f 1614/6/1507 1615/6/1508 1616/6/1509
f 1616/6/1509 1617/6/1510 1614/6/1507
f 1618/1/1511 1619/1/1512 1620/1/1513
f 1620/1/1513 1621/1/1514 1618/1/1511
f 1622/1/1515 1623/1/1516 1624/1/1517
f 1624/1/1517 1625/1/1518 1622/1/1515
f 1626/1/1519 1627/1/1520 1628/1/1521
f 1628/1/1521 1629/1/1522 1626/1/1519
f 1630/6/1523 1631/6/1524 1632/6/1525
f 1632/6/1525 1633/6/1526 1630/6/1523
f 1634/6/1527 1635/6/1528 1636/6/1529
f 1636/6/1529 1637/6/1530 1634/6/1527
f 1638/6/1531 1639/6/1532 1640/6/1533
f 1640/6/1533 1641/6/1534 1638/6/1531
f 1642/13/1535 1643/13/1536 1644/13/1537
f 1644/13/1537 1645/13/1538 1642/13/1535
f 1646/6/1539 1647/6/1540 1648/6/1541
f 1648/6/1541 1649/6/1542 1646/6/1539
f 1650/25/1543 1651/25/1544 1652/34/1545
f 1652/34/1545 1653/25/1546 1650/25/1543
f 1654/25/1547 1655/25/1548 1656/25/1549
f 1656/25/1549 1657/25/1550 1654/25/1547
f 1658/6/1551 1659/6/1552 1660/6/1553
f 1660/6/1553 1661/6/1554 1658/6/1551
f 1662/36/1555 1663/30/1556 1664/30/1557
f 1664/30/1557 1665/30/1558 1662/36/1555
f 1666/1/1559 1667/1/1560 1668/1/1561
f 1668/1/1561 1669/1/1562 1666/1/1559
f 1670/1/1563 1671/1/1564 1672/1/1565
f 1672/1/1565 1673/1/1566 1670/1/1563
f 1674/1/1567 1675/1/1568 1676/1/1569
f 1676/1/1569 1677/1/1570 1674/1/1567
f 1678/1/1571 1679/1/1572 1680/1/1573
f 1680/1/1573 1681/1/1574 1678/1/1571
f 1682/1/1575 1683/1/1576 1684/1/1577
f 1684/1/1577 1685/1/1578 1682/1/1575
f 1686/1/1579 1687/1/1580 1688/1/1581
f 1688/1/1581 1689/1/1582 1686/1/1579
f 1690/1/1583 1691/1/1584 1692/1/1585
f 1692/1/1585 1693/1/1586 1690/1/1583
f 1694/1/1587 1695/1/1588 1696/1/1589
f 1696/1/1589 1697/1/1590 1694/1/1587
f 1698/2/1591 1699/2/1592 1700/2/1593
f 1700/2/1593 1701/2/1594 1698/2/1591
f 1702/3/1595 1703/3/1596 1704/3/1597
f 1704/3/1597 1705/3/1598 1702/3/1595
f 1706/1/1599 1707/1/1600 1708/1/1601
f 1708/1/1601 1709/1/1602 1706/1/1599
f 1710/1/1603 1711/1/1604 1712/1/1605
f 1712/1/1605 1713/1/1606 1710/1/1603
f 1714/1/1607 1715/1/1608 1716/1/1609
f 1716/1/1609 1717/1/1610 1714/1/1607
f 1718/1/1611 1719/1/1612 1720/1/1613
f 1720/1/1613 1721/1/1614 1718/1/1611
f 1722/2/1615 1723/2/1616 1724/2/1617
f 1724/2/1617 1725/2/1618 1722/2/1615
f 1726/1/1619 1727/1/1620 1728/1/1621
f 1728/1/1621 1729/1/1622 1726/1/1619
f 1730/1/1623 1731/1/1624 1732/1/1625
f 1732/1/1625 1733/1/1626 1730/1/1623
f 1734/1/1627 1735/1/1628 1736/1/1629
f 1736/1/1629 1737/1/1630 1734/1/1627
f 1738/1/1631 1739/1/1632 1740/1/1633
f 1740/1/1633 1741/1/1634 1738/1/1631
f 1742/2/1635 1743/2/1636 1744/2/1637
f 1744/2/1637 1745/2/1638 1742/2/1635
f 1746/1/1639 1747/1/1640 1748/1/1641
f 1748/1/1641 1749/1/1642 1746/1/1639
f 1750/1/1643 1751/1/1644 1752/1/1645
f 1752/1/1645 1753/1/1646 1750/1/1643
f 1754/1/1647 1755/1/1648 1756/1/1649
f 1756/1/1649 1757/1/1650 1754/1/1647
f 1758/1/1651 1759/1/1652 1760/1/1653
f 1760/1/1653 1761/1/1654 1758/1/1651
f 1762/1/1655 1763/1/1656 1764/1/1657
f 1764/1/1657 1765/1/1658 1762/1/1655
f 1766/4/1659 1767/4/1660 1768/4/1661
f 1768/4/1661 1769/4/1662 1766/4/1659
f 1770/1/1663 1771/1/1664 1772/1/1665
f 1772/1/1665 1773/1/1666 1770/1/1663
f 1774/4/1667 1775/4/1668 1776/4/1669
f 1776/4/1669 1777/4/1670 1774/4/1667
f 1778/1/1671 1779/1/1672 1780/1/1673
f 1780/1/1673 1781/1/1674 1778/1/1671
f 1782/1/1675 1783/1/1676 1784/1/1677
f 1784/1/1677 1785/1/1678 1782/1/1675
f 1786/1/1679 1787/1/1680 1788/1/1681
f 1788/1/1681 1789/1/1682 1786/1/1679
f 1790/1/1683 1791/1/1684 1792/1/1685
f 1792/1/1685 1793/1/1686 1790/1/1683
f 1794/1/1687 1795/1/1688 1796/1/1689
f 1796/1/1689 1797/1/1690 1794/1/1687
f 1798/1/1691 1799/1/1692 1800/1/1693
f 1800/1/1693 1801/1/1694 1798/1/1691
f 1802/1/1695 1803/1/1696 1804/1/1697
f 1804/1/1697 1805/1/1698 1802/1/1695
f 1806/1/1699 1807/1/1700 1808/1/1701
f 1808/1/1701 1809/1/1702 1806/1/1699
f 1810/1/1703 1811/1/1704 1812/1/1705
f 1812/1/1705 1813/1/1706 1810/1/1703
f 1814/3/1707 1815/3/1708 1816/3/1709
f 1816/3/1709 1817/3/1710 1814/3/1707
f 1818/1/1711 1819/1/1712 1820/1/1713
f 1820/1/1713 1821/1/1714 1818/1/1711
f 1822/1/1715 1823/1/1716 1824/1/1717
f 1824/1/1717 1825/1/1718 1822/1/1715
f 1826/2/1719 1827/2/1720 1828/2/1721
f 1828/2/1721 1829/2/1722 1826/2/1719
f 1830/1/1723 1831/1/1724 1832/1/1725
f 1832/1/1725 1833/1/1726 1830/1/1723
f 1834/1/1727 1835/1/1728 1836/1/1729
f 1836/1/1729 1837/5/1730 1834/1/1727
f 1838/1/1731 1839/1/1732 1840/1/1733
f 1840/1/1733 1841/1/1734 1838/1/1731
f 1842/1/1735 1843/1/1736 1844/5/1737
f 1844/5/1737 1845/1/1738 1842/1/1735
f 1846/1/1739 1847/1/1740 1848/1/1741
f 1848/1/1741 1849/1/1742 1846/1/1739
s 0
f 1850/1/1743 1851/1/1743 1852/1/1743
f 1853/6/1744 1854/6/1744 1855/6/1744
s 1
f 1856/2/1745 1857/2/1746 1858/2/1747
f 1858/2/1747 1859/2/1748 1856/2/1745
s 0
f 1860/2/1749 1861/2/1749 1862/2/1749
f 1863/6/1750 1864/6/1750 1865/6/1750
f 1866/2/1751 1867/2/1751 1868/2/1751
s 1
f 1869/2/1752 1870/2/1753 1871/2/1754
f 1871/2/1754 1872/2/1755 1869/2/1752
f 1873/5/1756 1874/1/1757 1875/1/1758
f 1875/1/1758 1876/7/1759 1873/5/1756
s 0
f 1877/8/1760 1878/8/1760 1879/8/1760
s 1
f 1880/6/1761 1881/6/1762 1882/6/1763
f 1882/6/1763 1883/6/1764 1880/6/1761
f 1884/8/1765 1885/8/1766 1886/8/1767
f 1886/8/1767 1887/8/1768 1884/8/1765
f 1888/6/1769 1889/6/1770 1890/6/1771
f 1890/6/1771 1891/6/1772 1888/6/1769
s 0
f 1892/2/1773 1893/2/1773 1894/2/1773
s 1
f 1895/6/1774 1896/6/1775 1897/6/1776
f 1897/6/1776 1898/6/1777 1895/6/1774
f 1899/8/1778 1900/8/1779 1901/8/1780
f 1901/8/1780 1902/8/1781 1899/8/1778
f 1903/6/1782 1904/6/1783 1905/6/1784
f 1905/6/1784 1906/6/1785 1903/6/1782
f 1907/8/1786 1908/8/1787 1909/8/1788
f 1909/8/1788 1910/8/1789 1907/8/1786
f 1911/6/1790 1912/6/1791 1913/6/1792
f 1913/6/1792 1914/6/1793 1911/6/1790
f 1915/8/1794 1916/8/1795 1917/8/1796
f 1917/8/1796 1918/8/1797 1915/8/1794
f 1919/6/1798 1920/6/1799 1921/6/1800
f 1921/6/1800 1922/6/1801 1919/6/1798
f 1923/6/1802 1924/6/1803 1925/6/1804
f 1925/6/1804 1926/6/1805 1923/6/1802
f 1927/6/1806 1928/6/1807 1929/6/1808
f 1929/6/1808 1930/6/1809 1927/6/1806
f 1931/6/1810 1932/6/1811 1933/6/1812
f 1933/6/1812 1934/6/1813 1931/6/1810
f 1935/6/1814 1936/6/1815 1937/6/1816
f 1937/6/1816 1938/6/1817 1935/6/1814
f 1939/6/1818 1940/6/1819 1941/9/1820
f 1941/9/1820 1942/6/1821 1939/6/1818
f 1943/6/1822 1944/6/1823 1945/6/1824
f 1945/6/1824 1946/6/1825 1943/6/1822
f 1947/6/1826 1948/6/1827 1949/6/1828
f 1949/6/1828 1950/6/1829 1947/6/1826
f 1951/10/1830 1952/10/1831 1953/10/1832
f 1953/10/1832 1954/10/1833 1951/10/1830
f 1955/6/1834 1956/6/1835 1957/6/1836
f 1957/6/1836 1958/6/1837 1955/6/1834
f 1959/6/1838 1960/6/1839 1961/6/1840
f 1961/6/1840 1962/9/1841 1959/6/1838
f 1963/10/1842 1964/10/1843 1965/10/1844
f 1965/10/1844 1966/10/1845 1963/10/1842
f 1967/10/1846 1968/10/1847 1969/10/1848
f 1969/10/1848 1970/10/1849 1967/10/1846
f 1971/10/1850 1972/10/1851 1973/10/1852
f 1973/10/1852 1974/10/1853 1971/10/1850
f 1975/6/1854 1976/6/1855 1977/6/1856
f 1977/6/1856 1978/6/1857 1975/6/1854
f 1979/10/1858 1980/10/1859 1981/10/1860
f 1981/10/1860 1982/10/1861 1979/10/1858
s 0
f 1983/6/1862 1984/6/1862 1985/6/1862
s 1
f 1986/6/1863 1987/6/1864 1988/6/1865
f 1988/6/1865 1989/6/1866 1986/6/1863
s 0
f 1990/6/1867 1991/6/1867 1992/6/1867
s 1
f 1993/8/1868 1994/8/1869 1995/8/1870
f 1995/8/1870 1996/8/1871 1993/8/1868
f 1997/6/1872 1998/6/1873 1999/6/1874
f 1999/6/1874 2000/6/1875 1997/6/1872
s 0
f 2001/6/1876 2002/6/1876 2003/6/1876
s 1
f 2004/6/1877 2005/6/1878 2006/6/1879
f 2006/6/1879 2007/6/1880 2004/6/1877
f 2008/10/1881 2009/10/1882 2010/10/1883
f 2010/10/1883 2011/10/1884 2008/10/1881
f 2012/6/1885 2013/6/1886 2014/6/1887
f 2014/6/1887 2015/6/1888 2012/6/1885
f 2016/6/1889 2017/6/1890 2018/6/1891
f 2018/6/1891 2019/6/1892 2016/6/1889
f 2020/8/1893 2021/8/1894 2022/8/1895
f 2022/8/1895 2023/8/1896 2020/8/1893
f 2024/6/1897 2025/6/1898 2026/6/1899
f 2026/6/1899 2027/6/1900 2024/6/1897
f 2028/6/1901 2029/6/1902 2030/6/1903
f 2030/6/1903 2031/6/1904 2028/6/1901
f 2032/6/1905 2033/6/1906 2034/6/1907
f 2034/6/1907 2035/6/1908 2032/6/1905
f 2036/10/1909 2037/10/1910 2038/10/1911
f 2038/10/1911 2039/10/1912 2036/10/1909
f 2040/6/1913 2041/6/1914 2042/6/1915
f 2042/6/1915 2043/6/1916 2040/6/1913
f 2044/6/1917 2045/6/1918 2046/6/1919
f 2046/6/1919 2047/6/1920 2044/6/1917
f 2048/8/1921 2049/8/1922 2050/8/1923
f 2050/8/1923 2051/8/1924 2048/8/1921
f 2052/6/1925 2053/6/1926 2054/6/1927
f 2054/6/1927 2055/6/1928 2052/6/1925
f 2056/6/1929 2057/6/1930 2058/6/1931
f 2058/6/1931 2059/6/1932 2056/6/1929
f 2060/6/1933 2061/6/1934 2062/6/1935
f 2062/6/1935 2063/6/1936 2060/6/1933
f 2064/6/1937 2065/6/1938 2066/6/1939
f 2066/6/1939 2067/6/1940 2064/6/1937
f 2068/6/1941 2069/6/1942 2070/6/1943
f 2070/6/1943 2071/6/1944 2068/6/1941
f 2072/6/1945 2073/6/1946 2074/6/1947
f 2074/6/1947 2075/6/1948 2072/6/1945
f 2076/6/1949 2077/6/1950 2078/6/1951
f 2078/6/1951 2079/6/1952 2076/6/1949
f 2080/6/1953 2081/6/1954 2082/6/1955
f 2082/6/1955 2083/6/1956 2080/6/1953
f 2084/6/1957 2085/6/1958 2086/6/1959
f 2086/6/1959 2087/6/1960 2084/6/1957
f 2088/6/1961 2089/6/1962 2090/6/1963
f 2090/6/1963 2091/6/1964 2088/6/1961
f 2092/11/1965 2093/11/1966 2094/11/1967
f 2094/11/1967 2095/11/1968 2092/11/1965
f 2096/11/1969 2097/11/1970 2098/11/1971
f 2098/11/1971 2099/11/1972 2096/11/1969
f 2100/11/1973 2101/11/1974 2102/11/1975
f 2102/11/1975 2103/11/1976 2100/11/1973
f 2104/11/1977 2105/11/1978 2106/11/1979
f 2106/11/1979 2107/11/1980 2104/11/1977
f 2108/11/1981 2109/11/1982 2110/11/1983
f 2110/11/1983 2111/11/1984 2108/11/1981
f 2112/11/1985 2113/11/1986 2114/11/1987
f 2114/11/1987 2115/11/1988 2112/11/1985
f 2116/11/1989 2117/11/1990 2118/11/1991
f 2118/11/1991 2119/11/1992 2116/11/1989
f 2120/11/1993 2121/11/1994 2122/11/1995
f 2122/11/1995 2123/11/1996 2120/11/1993
f 2124/11/1997 2125/11/1998 2126/11/1999
f 2126/11/1999 2127/11/2000 2124/11/1997
f 2128/11/2001 2129/11/2002 2130/11/2003
f 2130/11/2003 2131/11/2004 2128/11/2001
f 2132/11/2005 2133/11/2006 2134/11/2007
f 2134/11/2007 2135/11/2008 2132/11/2005
f 2136/11/2009 2137/11/2010 2138/11/2011
f 2138/11/2011 2139/11/2012 2136/11/2009
f 2140/11/2013 2141/11/2014 2142/11/2015
f 2142/11/2015 2143/11/2016 2140/11/2013
f 2144/11/2017 2145/11/2018 2146/11/2019
f 2146/11/2019 2147/11/2020 2144/11/2017
f 2148/11/2021 2149/11/2022 2150/11/2023
f 2150/11/2023 2151/11/2024 2148/11/2021
f 2152/11/2025 2153/11/2026 2154/11/2027
f 2154/11/2027 2155/11/2028 2152/11/2025
f 2156/11/2029 2157/11/2030 2158/11/2031
f 2158/11/2031 2159/11/2032 2156/11/2029
f 2160/11/2033 2161/11/2034 2162/11/2035
f 2162/11/2035 2163/11/2036 2160/11/2033
f 2164/11/2037 2165/11/2038 2166/11/2039
f 2166/11/2039 2167/11/2040 2164/11/2037
f 2168/11/2041 2169/11/2042 2170/11/2043
f 2170/11/2043 2171/11/2044 2168/11/2041
f 2172/11/2045 2173/11/2046 2174/11/2047
f 2174/11/2047 2175/11/2048 2172/11/2045
f 2176/11/2049 2177/11/2050 2178/11/2051
f 2178/11/2051 2179/11/2052 2176/11/2049
f 2180/11/2053 2181/11/2054 2182/11/2055
f 2182/11/2055 2183/11/2056 2180/11/2053
f 2184/11/2057 2185/11/2058 2186/11/2059
f 2186/11/2059 2187/11/2060 2184/11/2057
f 2188/11/2061 2189/11/2062 2190/11/2063
f 2190/11/2063 2191/11/2064 2188/11/2061
f 2192/11/2065 2193/11/2066 2194/11/2067
f 2194/11/2067 2195/11/2068 2192/11/2065
f 2196/11/2069 2197/11/2070 2198/11/2071
f 2198/11/2071 2199/11/2072 2196/11/2069
f 2200/11/2073 2201/11/2074 2202/11/2075
f 2202/11/2075 2203/11/2076 2200/11/2073
f 2204/12/2077 2205/12/2078 2206/12/2079
f 2206/12/2079 2207/12/2080 2204/12/2077
f 2208/12/2081 2209/12/2082 2210/12/2083
f 2210/12/2083 2211/12/2084 2208/12/2081
f 2212/11/2085 2213/11/2086 2214/11/2087
f 2214/11/2087 2215/11/2088 2212/11/2085
f 2216/11/2089 2217/11/2090 2218/11/2089
f 2218/11/2089 2219/11/2091 2216/11/2089
f 2220/11/2092 2221/11/2093 2222/11/2094
f 2222/11/2094 2223/11/2095 2220/11/2092
f 2224/11/2096 2225/11/2097 2226/11/2098
f 2226/11/2098 2227/11/2099 2224/11/2096
f 2228/11/2100 2229/11/2101 2230/11/2102
f 2230/11/2102 2231/11/2103 2228/11/2100
f 2232/11/2104 2233/11/2105 2234/11/2106
f 2234/11/2106 2235/11/2107 2232/11/2104
f 2236/12/2108 2237/12/2109 2238/12/2110
f 2238/12/2110 2239/12/2111 2236/12/2108
f 2240/11/2112 2241/11/2113 2242/11/2114
f 2242/11/2114 2243/11/2115 2240/11/2112
f 2244/11/2116 2245/11/2117 2246/11/2118
f 2246/11/2118 2247/11/2119 2244/11/2116
f 2248/11/2120 2249/11/2121 2250/11/2122
f 2250/11/2122 2251/11/2123 2248/11/2120
f 2252/11/2124 2253/11/2125 2254/11/2126
f 2254/11/2126 2255/11/2127 2252/11/2124
f 2256/11/2128 2257/11/2129 2258/11/2130
f 2258/11/2130 2259/11/2131 2256/11/2128
f 2260/11/2132 2261/11/2133 2262/11/2134
f 2262/11/2134 2263/11/2135 2260/11/2132
f 2264/11/2136 2265/11/2137 2266/11/2138
f 2266/11/2138 2267/11/2139 2264/11/2136
f 2268/11/2140 2269/11/2141 2270/11/2142
f 2270/11/2142 2271/11/2143 2268/11/2140
s 0
f 2272/11/2144 2273/11/2144 2274/11/2144
s 1
f 2275/11/2145 2276/11/2146 2277/11/2147
f 2277/11/2147 2278/11/2148 2275/11/2145
s 0
f 2279/11/2149 2280/11/2149 2281/11/2149
s 1
f 2282/11/2150 2283/11/2151 2284/11/2152
f 2284/11/2152 2285/11/2153 2282/11/2150
f 2286/11/2154 2287/11/2155 2288/11/2156
f 2288/11/2156 2289/11/2157 2286/11/2154
f 2290/11/2158 2291/11/2159 2292/11/2160
f 2292/11/2160 2293/11/2161 2290/11/2158
f 2294/12/2162 2295/12/2163 2296/12/2164
f 2296/12/2164 2297/12/2165 2294/12/2162
f 2298/11/2166 2299/11/2167 2300/11/2168
f 2300/11/2168 2301/11/2169 2298/11/2166
f 2302/11/2170 2303/11/2171 2304/11/2172
f 2304/11/2172 2305/11/2173 2302/11/2170
f 2306/11/2174 2307/11/2175 2308/11/2176
f 2308/11/2176 2309/11/2177 2306/11/2174
f 2310/12/2178 2311/12/2179 2312/12/2180
f 2312/12/2180 2313/12/2181 2310/12/2178
s 0
f 2314/11/2182 2315/11/2182 2316/11/2182
f 2316/11/2182 2317/11/2182 2314/11/2182
s 1
f 2318/11/2183 2319/11/2184 2320/11/2185
f 2320/11/2185 2321/11/2186 2318/11/2183
f 2322/11/2187 2323/11/2188 2324/11/2189
f 2324/11/2189 2325/11/2190 2322/11/2187
f 2326/12/2191 2327/12/2192 2328/12/2193
f 2328/12/2193 2329/12/2194 2326/12/2191
f 2330/11/2195 2331/11/2196 2332/11/2197
f 2332/11/2197 2333/11/2198 2330/11/2195
f 2334/11/2199 2335/11/2200 2336/11/2201
f 2336/11/2201 2337/11/2202 2334/11/2199
f 2338/11/2203 2339/11/2204 2340/11/2205
f 2340/11/2205 2341/11/2206 2338/11/2203
s 0
f 2342/11/2207 2343/11/2207 2344/11/2207
s 1
f 2345/11/2208 2346/11/2209 2347/11/2210
f 2347/11/2210 2348/11/2211 2345/11/2208
f 2349/11/2212 2350/11/2213 2351/11/2214
f 2351/11/2214 2352/11/2215 2349/11/2212
f 2353/11/2216 2354/11/2217 2355/11/2218
f 2355/11/2218 2356/11/2219 2353/11/2216
f 2357/11/2220 2358/11/2221 2359/11/2222
f 2359/11/2222 2360/11/2223 2357/11/2220
f 2361/11/2224 2362/11/2225 2363/11/2226
f 2363/11/2226 2364/11/2227 2361/11/2224
f 2365/11/2228 2366/11/2229 2367/11/2230
f 2367/11/2230 2368/11/2231 2365/11/2228
f 2369/11/2232 2370/11/2233 2371/11/2234
f 2371/11/2234 2372/11/2235 2369/11/2232
f 2373/11/2236 2374/11/2237 2375/11/2238
f 2375/11/2238 2376/11/2239 2373/11/2236
f 2377/11/2240 2378/11/2241 2379/11/2242
f 2379/11/2242 2380/11/2243 2377/11/2240
f 2381/11/2244 2382/11/2245 2383/11/2246
f 2383/11/2246 2384/11/2247 2381/11/2244
f 2385/11/2248 2386/11/2249 2387/11/2250
f 2387/11/2250 2388/11/2251 2385/11/2248
f 2389/12/2252 2390/12/2253 2391/12/2254
f 2391/12/2254 2392/12/2255 2389/12/2252
f 2393/11/2256 2394/11/2257 2395/11/2258
f 2395/11/2258 2396/11/2259 2393/11/2256
f 2397/11/2260 2398/11/2261 2399/11/2262
f 2399/11/2262 2400/11/2263 2397/11/2260
f 2401/12/2264 2402/12/2265 2403/12/2266
f 2403/12/2266 2404/12/2267 2401/12/2264
f 2405/11/2268 2406/11/2269 2407/11/2270
f 2407/11/2270 2408/11/2271 2405/11/2268
s 0
f 2409/11/2272 2410/11/2272 2411/11/2272
f 2412/11/2273 2413/11/2273 2414/11/2273
f 2415/11/2274 2416/11/2274 2417/11/2274
s 1
f 2418/11/2275 2419/11/2276 2420/11/2277
f 2420/11/2277 2421/11/2278 2418/11/2275
s 0
f 2422/11/2279 2423/11/2279 2424/11/2279
s 1
f 2425/11/2280 2426/11/2281 2427/11/2282
f 2427/11/2282 2428/11/2283 2425/11/2280
f 2429/11/2284 2430/11/2285 2431/11/2286
f 2431/11/2286 2432/11/2287 2429/11/2284
f 2433/11/2288 2434/11/2289 2435/11/2290
f 2435/11/2290 2436/11/2291 2433/11/2288
f 2437/11/2292 2438/11/2293 2439/11/2294
f 2439/11/2294 2440/11/2295 2437/11/2292
f 2441/11/2296 2442/11/2297 2443/11/2298
f 2443/11/2298 2444/11/2299 2441/11/2296
f 2445/11/2300 2446/11/2301 2447/11/2302
f 2447/11/2302 2448/11/2303 2445/11/2300
f 2449/11/2304 2450/11/2305 2451/11/2306
f 2451/11/2306 2452/11/2307 2449/11/2304
f 2453/8/2308 2454/8/2309 2455/8/2310
f 2455/8/2310 2456/8/2311 2453/8/2308
s 0
f 2457/8/2312 2458/8/2312 2459/8/2312
s 1
f 2460/8/2313 2461/8/2314 2462/8/2315
f 2462/8/2315 2463/8/2316 2460/8/2313
f 2464/11/2317 2465/11/2318 2466/11/2319
f 2466/11/2319 2467/11/2320 2464/11/2317
f 2468/8/2321 2469/8/2322 2470/8/2323
f 2470/8/2323 2471/8/2324 2468/8/2321
f 2472/11/2325 2473/11/2326 2474/11/2327
f 2474/11/2327 2475/11/2328 2472/11/2325
f 2476/8/2329 2477/8/2330 2478/8/2331
f 2478/8/2331 2479/8/2332 2476/8/2329
f 2480/11/2333 2481/11/2334 2482/11/2335
f 2482/11/2335 2483/11/2336 2480/11/2333
f 2484/8/2337 2485/8/2338 2486/8/2339
f 2486/8/2339 2487/8/2340 2484/8/2337
f 2488/13/2341 2489/13/2342 2490/14/2343
f 2490/14/2343 2491/13/2344 2488/13/2341
f 2492/11/2345 2493/11/2346 2494/11/2347
f 2494/11/2347 2495/11/2348 2492/11/2345
f 2496/11/2349 2497/11/2350 2498/11/2351
f 2498/11/2351 2499/11/2352 2496/11/2349
f 2500/13/2353 2501/13/2354 2502/13/2355
f 2502/13/2355 2503/14/2356 2500/13/2353
s 0
f 2504/11/2357 2505/11/2357 2506/11/2357
s 1
f 2507/11/2358 2508/11/2359 2509/11/2360
f 2509/11/2360 2510/11/2361 2507/11/2358
f 2511/11/2362 2512/11/2363 2513/11/2364
f 2513/11/2364 2514/11/2365 2511/11/2362
f 2515/13/2366 2516/13/2367 2517/13/2368
f 2517/13/2368 2518/13/2369 2515/13/2366
f 2519/13/2370 2520/13/2371 2521/13/2372
f 2521/13/2372 2522/13/2373 2519/13/2370
f 2523/11/2374 2524/11/2375 2525/11/2376
f 2525/11/2376 2526/11/2377 2523/11/2374
f 2527/15/2378 2528/15/2379 2529/15/2380
f 2529/15/2380 2530/16/2381 2527/15/2378
f 2531/17/2382 2532/17/2383 2533/17/2384
f 2533/17/2384 2534/18/2385 2531/17/2382
f 2535/11/2386 2536/11/2387 2537/11/2388
f 2537/11/2388 2538/11/2389 2535/11/2386
f 2539/11/2390 2540/11/2391 2541/19/2392
f 2541/19/2392 2542/11/2393 2539/11/2390
f 2543/13/2394 2544/13/2395 2545/13/2396
f 2545/13/2396 2546/13/2397 2543/13/2394
f 2547/11/2398 2548/11/2399 2549/20/2400
f 2549/20/2400 2550/11/2401 2547/11/2398
f 2551/11/2402 2552/11/2403 2553/11/2404
f 2553/11/2404 2554/20/2405 2551/11/2402
f 2555/11/2406 2556/11/2407 2557/11/2408
f 2557/11/2408 2558/11/2409 2555/11/2406
s 0
f 2559/13/2410 2560/13/2410 2561/13/2410
s 1
f 2562/21/2411 2563/21/2412 2564/21/2413
f 2564/21/2413 2565/21/2414 2562/21/2411
f 2566/21/2415 2567/21/2416 2568/21/2417
f 2568/21/2417 2569/21/2418 2566/21/2415
s 0
f 2570/13/2419 2571/13/2419 2572/13/2419
f 2573/13/2420 2574/13/2420 2575/13/2420
s 1
f 2576/11/2421 2577/11/2422 2578/11/2423
f 2578/11/2423 2579/11/2424 2576/11/2421
f 2580/11/2425 2581/11/2426 2582/11/2427
f 2582/11/2427 2583/11/2428 2580/11/2425
f 2584/11/2429 2585/11/2430 2586/11/2431
f 2586/11/2431 2587/11/2432 2584/11/2429
f 2588/11/2433 2589/11/2434 2590/11/2435
f 2590/11/2435 2591/11/2436 2588/11/2433
s 0
f 2592/11/2437 2593/11/2437 2594/11/2437
s 1
f 2595/11/2438 2596/11/2439 2597/11/2440
f 2597/11/2440 2598/11/2441 2595/11/2438
f 2599/11/2442 2600/11/2443 2601/11/2444
f 2601/11/2444 2602/11/2445 2599/11/2442
s 0
f 2603/11/2446 2604/11/2446 2605/11/2446
s 1
f 2606/11/2447 2607/11/2448 2608/11/2449
f 2608/11/2449 2609/11/2450 2606/11/2447
f 2610/11/2451 2611/11/2452 2612/11/2453
f 2612/11/2453 2613/11/2454 2610/11/2451
f 2614/11/2455 2615/11/2456 2616/11/2457
f 2616/11/2457 2617/11/2458 2614/11/2455
f 2618/11/2459 2619/11/2460 2620/11/2461
f 2620/11/2461 2621/11/2462 2618/11/2459
f 2622/11/2463 2623/11/2464 2624/11/2465
f 2624/11/2465 2625/11/2466 2622/11/2463
f 2626/11/2467 2627/11/2468 2628/11/2469
f 2628/11/2469 2629/11/2470 2626/11/2467
f 2630/11/2471 2631/11/2472 2632/11/2473
f 2632/11/2473 2633/11/2474 2630/11/2471
f 2634/11/2475 2635/11/2476 2636/11/2477
f 2636/11/2477 2637/11/2478 2634/11/2475
f 2638/11/2479 2639/11/2480 2640/11/2481
f 2640/11/2481 2641/11/2482 2638/11/2479
f 2642/13/2483 2643/13/2484 2644/13/2485
f 2644/13/2485 2645/13/2486 2642/13/2483
f 2646/11/2487 2647/11/2488 2648/11/2489
f 2648/11/2489 2649/11/2490 2646/11/2487
s 0
f 2650/11/2491 2651/11/2491 2652/11/2491
s 1
f 2653/11/2492 2654/11/2493 2655/11/2494
f 2655/11/2494 2656/11/2495 2653/11/2492
f 2657/11/2496 2658/11/2497 2659/11/2498
f 2659/11/2498 2660/11/2499 2657/11/2496
f 2661/11/2500 2662/11/2501 2663/11/2502
f 2663/11/2502 2664/11/2503 2661/11/2500
f 2665/11/2504 2666/11/2505 2667/11/2506
f 2667/11/2506 2668/11/2507 2665/11/2504
f 2669/11/2508 2670/11/2509 2671/11/2510
f 2671/11/2510 2672/11/2511 2669/11/2508
f 2673/11/2512 2674/11/2513 2675/11/2514
f 2675/11/2514 2676/11/2515 2673/11/2512
f 2677/11/2516 2678/11/2517 2679/11/2518
f 2679/11/2518 2680/11/2519 2677/11/2516
f 2681/11/2520 2682/11/2521 2683/11/2522
f 2683/11/2522 2684/11/2523 2681/11/2520
f 2685/11/2524 2686/11/2525 2687/11/2526
f 2687/11/2526 2688/11/2527 2685/11/2524
s 0
f 2689/11/2528 2690/11/2528 2691/11/2528
s 1
f 2692/11/2529 2693/11/2530 2694/11/2531
f 2694/11/2531 2695/11/2532 2692/11/2529
f 2696/11/2533 2697/11/2534 2698/11/2535
f 2698/11/2535 2699/11/2536 2696/11/2533
f 2700/11/2537 2701/11/2538 2702/11/2539
f 2702/11/2539 2703/11/2540 2700/11/2537
f 2704/11/2541 2705/11/2542 2706/11/2543
f 2706/11/2543 2707/11/2544 2704/11/2541
f 2708/11/2545 2709/11/2546 2710/11/2547
f 2710/11/2547 2711/11/2548 2708/11/2545
f 2712/11/2549 2713/11/2550 2714/11/2551
f 2714/11/2551 2715/11/2552 2712/11/2549
s 0
f 2716/11/2553 2717/11/2553 2718/11/2553
s 1
f 2719/11/2554 2720/11/2554 2721/11/2554
f 2722/11/2555 2723/11/2556 2724/11/2557
f 2724/11/2557 2725/11/2558 2722/11/2555
f 2726/11/2559 2727/11/2560 2728/11/2561
f 2728/11/2561 2729/11/2562 2726/11/2559
f 2730/11/2563 2731/11/2564 2732/11/2565
f 2732/11/2565 2733/11/2566 2730/11/2563
f 2734/11/2567 2735/11/2568 2736/11/2569
f 2736/11/2569 2737/11/2570 2734/11/2567
f 2738/11/2571 2739/11/2572 2740/11/2571
f 2740/11/2571 2741/11/2573 2738/11/2571
f 2742/4/2574 2743/4/2575 2744/4/2576
f 2744/4/2576 2745/4/2577 2742/4/2574
f 2746/4/2578 2747/4/2579 2748/4/2580
f 2748/4/2580 2749/4/2581 2746/4/2578
f 2750/4/2582 2751/4/2583 2752/4/2584
f 2752/4/2584 2753/4/2585 2750/4/2582
f 2754/4/2586 2755/4/2587 2756/4/2588
f 2756/4/2588 2757/4/2589 2754/4/2586
f 2758/4/2590 2759/4/2591 2760/4/2592
f 2760/4/2592 2761/4/2593 2758/4/2590
f 2762/4/2594 2763/4/2595 2764/4/2596
f 2764/4/2596 2765/4/2597 2762/4/2594
f 2766/11/2598 2767/11/2599 2768/11/2600
f 2768/11/2600 2769/11/2601 2766/11/2598
f 2770/11/2602 2771/11/2603 2772/11/2604
f 2772/11/2604 2773/11/2605 2770/11/2602
f 2774/11/2606 2775/11/2607 2776/11/2608
f 2776/11/2608 2777/11/2609 2774/11/2606
f 2778/11/2610 2779/11/2611 2780/11/2612
f 2780/11/2612 2781/11/2613 2778/11/2610
f 2782/11/2614 2783/11/2615 2784/11/2616
f 2784/11/2616 2785/11/2617 2782/11/2614
f 2786/11/2618 2787/11/2619 2788/11/2620
f 2788/11/2620 2789/11/2621 2786/11/2618
f 2790/22/2622 2791/22/2623 2792/22/2624
f 2792/22/2624 2793/22/2625 2790/22/2622
f 2794/22/2626 2795/22/2627 2796/22/2628
f 2796/22/2628 2797/22/2629 2794/22/2626
f 2798/22/2630 2799/22/2631 2800/22/2632
f 2800/22/2632 2801/22/2633 2798/22/2630
f 2802/22/2634 2803/22/2635 2804/22/2636
f 2804/22/2636 2805/22/2637 2802/22/2634
f 2806/11/2638 2807/11/2639 2808/11/2640
f 2808/11/2640 2809/11/2641 2806/11/2638
f 2810/11/2642 2811/11/2643 2812/11/2644
f 2812/11/2644 2813/11/2645 2810/11/2642
f 2814/22/2646 2815/22/2647 2816/22/2648
f 2816/22/2648 2817/22/2649 2814/22/2646
f 2818/22/2650 2819/22/2651 2820/22/2652
f 2820/22/2652 2821/22/2653 2818/22/2650
f 2822/11/2654 2823/11/2655 2824/11/2656
f 2824/11/2656 2825/11/2657 2822/11/2654
f 2826/11/2658 2827/11/2659 2828/11/2660
f 2828/11/2660 2829/11/2661 2826/11/2658
f 2830/22/2662 2831/22/2663 2832/22/2664
f 2832/22/2664 2833/22/2665 2830/22/2662
f 2834/22/2666 2835/22/2667 2836/22/2668
f 2836/22/2668 2837/22/2669 2834/22/2666
s 0
f 2838/23/2670 2839/23/2670 2840/23/2670
s 1
f 2841/23/2671 2842/23/2672 2843/23/2673
f 2843/23/2673 2844/23/2674 2841/23/2671
f 2845/22/2675 2846/22/2676 2847/22/2677
f 2847/22/2677 2848/22/2678 2845/22/2675
f 2849/22/2679 2850/22/2680 2851/22/2681
f 2851/22/2681 2852/22/2682 2849/22/2679
f 2853/22/2683 2854/22/2684 2855/22/2685
f 2855/22/2685 2856/22/2686 2853/22/2683
f 2857/22/2687 2858/22/2688 2859/22/2689
f 2859/22/2689 2860/22/2690 2857/22/2687
f 2861/22/2691 2862/22/2692 2863/22/2693
f 2863/22/2693 2864/22/2694 2861/22/2691
f 2865/22/2695 2866/22/2696 2867/22/2697
f 2867/22/2697 2868/22/2698 2865/22/2695
f 2869/22/2699 2870/22/2700 2871/22/2701
f 2871/22/2701 2872/22/2702 2869/22/2699
f 2873/22/2703 2874/22/2704 2875/22/2705
f 2875/22/2705 2876/22/2706 2873/22/2703
f 2877/22/2707 2878/22/2708 2879/22/2709
f 2879/22/2709 2880/22/2710 2877/22/2707
f 2881/22/2711 2882/22/2712 2883/22/2713
f 2883/22/2713 2884/22/2714 2881/22/2711
f 2885/22/2715 2886/22/2716 2887/22/2717
f 2887/22/2717 2888/22/2718 2885/22/2715
f 2889/22/2719 2890/22/2720 2891/22/2721
f 2891/22/2721 2892/22/2722 2889/22/2719
f 2893/22/2723 2894/22/2724 2895/22/2725
f 2895/22/2725 2896/22/2726 2893/22/2723
f 2897/22/2727 2898/22/2728 2899/22/2729
f 2899/22/2729 2900/22/2730 2897/22/2727
f 2901/24/2731 2902/24/2732 2903/24/2733
f 2903/24/2733 2904/24/2734 2901/24/2731
f 2905/24/2735 2906/24/2736 2907/24/2737
f 2907/24/2737 2908/24/2738 2905/24/2735
f 2909/24/2739 2910/24/2740 2911/24/2741
f 2911/24/2741 2912/24/2742 2909/24/2739
f 2913/6/2743 2914/6/2744 2915/6/2745
f 2915/6/2745 2916/6/2746 2913/6/2743
f 2917/11/2747 2918/11/2748 2919/11/2749
f 2919/11/2749 2920/11/2750 2917/11/2747
f 2921/11/2751 2922/11/2752 2923/11/2753
f 2923/11/2753 2924/11/2754 2921/11/2751
f 2925/11/2755 2926/11/2756 2927/11/2757
f 2927/11/2757 2928/11/2758 2925/11/2755
s 0
f 2929/10/2759 2930/10/2759 2931/10/2759
s 1
f 2932/10/2760 2933/10/2761 2934/10/2762
f 2934/10/2762 2935/10/2763 2932/10/2760
f 2936/6/2764 2937/6/2765 2938/6/2766
f 2938/6/2766 2939/6/2767 2936/6/2764
f 2940/8/2768 2941/8/2769 2942/8/2770
f 2942/8/2770 2943/8/2771 2940/8/2768
f 2944/6/2772 2945/6/2773 2946/6/2774
f 2946/6/2774 2947/6/2775 2944/6/2772
f 2948/1/2776 2949/1/2777 2950/1/2778
f 2950/1/2778 2951/1/2779 2948/1/2776
f 2952/1/2780 2953/1/2781 2954/1/2782
f 2954/1/2782 2955/1/2783 2952/1/2780
f 2956/1/2784 2957/1/2785 2958/1/2786
f 2958/1/2786 2959/1/2787 2956/1/2784
f 2960/6/2788 2961/6/2789 2962/6/2790
f 2962/6/2790 2963/6/2791 2960/6/2788
f 2964/6/2792 2965/6/2793 2966/6/2794
f 2966/6/2794 2967/6/2795 2964/6/2792
f 2968/6/2796 2969/6/2797 2970/6/2798
f 2970/6/2798 2971/6/2799 2968/6/2796
f 2972/12/2800 2973/12/2801 2974/12/2802
f 2974/12/2802 2975/12/2803 2972/12/2800
f 2976/12/2804 2977/12/2805 2978/12/2806
f 2978/12/2806 2979/12/2807 2976/12/2804
f 2980/11/2808 2981/11/2809 2982/11/2810
f 2982/11/2810 2983/11/2811 2980/11/2808
f 2984/11/2812 2985/11/2813 2986/11/2814
f 2986/11/2814 2987/11/2815 2984/11/2812
f 2988/11/2816 2989/11/2817 2990/11/2818
f 2990/11/2818 2991/11/2819 2988/11/2816
f 2992/11/2820 2993/11/2821 2994/11/2822
f 2994/11/2822 2995/11/2823 2992/11/2820
f 2996/11/2824 2997/11/2825 2998/11/2826
f 2998/11/2826 2999/11/2827 2996/11/2824
f 3000/25/2828 3001/25/2829 3002/26/2830
f 3002/26/2830 3003/25/2831 3000/25/2828
f 3004/25/2832 3005/25/2833 3006/25/2834
f 3006/25/2834 3007/25/2835 3004/25/2832
f 3008/27/2836 3009/27/2837 3010/27/2838
f 3010/27/2838 3011/27/2839 3008/27/2836
f 3012/27/2840 3013/27/2841 3014/27/2842
f 3014/27/2842 3015/27/2843 3012/27/2840
f 3016/27/2844 3017/27/2845 3018/27/2846
f 3018/27/2846 3019/27/2847 3016/27/2844
f 3020/28/2848 3021/28/2849 3022/28/2850
f 3022/28/2850 3023/28/2851 3020/28/2848
f 3024/25/2852 3025/25/2853 3026/25/2854
f 3026/25/2854 3027/25/2855 3024/25/2852
f 3028/29/2856 3029/29/2857 3030/29/2858
f 3030/29/2858 3031/29/2859 3028/29/2856
f 3032/27/2860 3033/27/2861 3034/27/2862
f 3034/27/2862 3035/27/2863 3032/27/2860
s 0
f 3036/27/2864 3037/27/2864 3038/27/2864
s 1
f 3039/28/2865 3040/28/2866 3041/28/2867
f 3041/28/2867 3042/28/2868 3039/28/2865
f 3043/29/2869 3044/29/2870 3045/29/2871
f 3045/29/2871 3046/29/2872 3043/29/2869
f 3047/28/2873 3048/28/2874 3049/28/2875
f 3049/28/2875 3050/28/2876 3047/28/2873
f 3051/28/2877 3052/28/2878 3053/28/2879
f 3053/28/2879 3054/28/2880 3051/28/2877
f 3055/30/2881 3056/30/2882 3057/30/2883
f 3057/30/2883 3058/30/2884 3055/30/2881
f 3059/30/2885 3060/30/2886 3061/30/2887
f 3061/30/2887 3062/30/2888 3059/30/2885
f 3063/30/2889 3064/30/2890 3065/30/2891
f 3065/30/2891 3066/30/2892 3063/30/2889
f 3067/29/2893 3068/29/2894 3069/29/2895
f 3069/29/2895 3070/29/2896 3067/29/2893
f 3071/30/2897 3072/30/2898 3073/30/2899
f 3073/30/2899 3074/30/2900 3071/30/2897
s 0
f 3075/30/2901 3076/30/2902 3077/30/2902
f 3077/30/2903 3078/30/2903 3075/30/2904
s 1
f 3079/31/2905 3080/31/2906 3081/31/2907
f 3081/31/2907 3082/31/2908 3079/31/2905
f 3083/31/2909 3084/31/2910 3085/31/2911
f 3085/31/2911 3086/31/2912 3083/31/2909
f 3087/31/2913 3088/31/2914 3089/31/2915
f 3089/31/2915 3090/31/2916 3087/31/2913
f 3091/29/2917 3092/29/2918 3093/29/2919
f 3093/29/2919 3094/29/2920 3091/29/2917
f 3095/31/2921 3096/31/2922 3097/31/2923
f 3097/31/2923 3098/31/2924 3095/31/2921
f 3099/31/2925 3100/31/2926 3101/31/2927
f 3101/31/2927 3102/31/2928 3099/31/2925
f 3103/31/2929 3104/31/2930 3105/31/2931
f 3105/31/2931 3106/31/2932 3103/31/2929
f 3107/31/2933 3108/31/2934 3109/31/2935
f 3109/31/2935 3110/31/2936 3107/31/2933
f 3111/31/2937 3112/31/2938 3113/31/2939
f 3113/31/2939 3114/31/2940 3111/31/2937
s 0
f 3115/32/1381 3116/32/1381 3117/33/1381
s 1
f 3118/1/2941 3119/1/2942 3120/1/2943
f 3120/1/2943 3121/1/2944 3118/1/2941
f 3122/2/2945 3123/2/2946 3124/2/2947
f 3124/2/2947 3125/2/2948 3122/2/2945
f 3126/1/2949 3127/1/2950 3128/1/2951
f 3128/1/2951 3129/1/2952 3126/1/2949
f 3130/1/2953 3131/1/2954 3132/1/2955
f 3132/1/2955 3133/1/2956 3130/1/2953
f 3134/1/2957 3135/1/2958 3136/1/2959
f 3136/1/2959 3137/1/2960 3134/1/2957
f 3138/6/2961 3139/6/2962 3140/6/2963
f 3140/6/2963 3141/6/2964 3138/6/2961
f 3142/6/2965 3143/6/2966 3144/6/2967
f 3144/6/2967 3145/6/2968 3142/6/2965
f 3146/6/2969 3147/6/2970 3148/6/2971
f 3148/6/2971 3149/6/2972 3146/6/2969
f 3150/6/2973 3151/6/2974 3152/6/2975
f 3152/6/2975 3153/6/2976 3150/6/2973
f 3154/10/2977 3155/10/2978 3156/10/2979
f 3156/10/2979 3157/10/2980 3154/10/2977
f 3158/6/2981 3159/6/2982 3160/6/2983
f 3160/6/2983 3161/6/2984 3158/6/2981
f 3162/6/2985 3163/6/2986 3164/6/2987
f 3164/6/2987 3165/6/2988 3162/6/2985
f 3166/8/2989 3167/8/2990 3168/8/2991
f 3168/8/2991 3169/8/2992 3166/8/2989
s 0
f 3170/11/2993 3171/11/2993 3172/11/2993
s 1
f 3173/6/2994 3174/6/2995 3175/6/2996
f 3175/6/2996 3176/6/2997 3173/6/2994
s 0
f 3177/6/2998 3178/6/2998 3179/6/2998
f 3180/6/2999 3181/6/2999 3182/6/2999
s 1
f 3183/25/3000 3184/34/3001 3185/25/3002
f 3185/25/3002 3186/25/3003 3183/25/3000
f 3187/27/3004 3188/27/3005 3189/27/3006
f 3189/27/3006 3190/27/3007 3187/27/3004
s 0
f 3191/22/3008 3192/22/3008 3193/22/3008
s 1
f 3193/22/3008 3194/22/3008 3191/22/3008
s 0
f 3195/22/3009 3196/22/3009 3197/22/3009
s 1
f 3197/22/3009 3198/22/3009 3195/22/3009
f 3199/22/3010 3200/22/3011 3201/22/3012
f 3201/22/3012 3202/22/3013 3199/22/3010
s 0
f 3203/24/3014 3204/24/3014 3205/24/3014
f 3205/24/3014 3206/24/3014 3203/24/3014
s 1
f 3207/22/3015 3208/22/3016 3209/22/3017
f 3209/22/3017 3210/22/3018 3207/22/3015
s 0
f 3211/22/3019 3212/22/3019 3213/22/3019
f 3214/22/3020 3215/22/3020 3216/22/3020
s 1
f 3217/22/3021 3218/22/3022 3219/22/3023
f 3219/22/3023 3220/22/3024 3217/22/3021
s 0
f 3221/24/3025 3222/24/3025 3223/24/3025
f 3223/24/3025 3224/24/3025 3221/24/3025
s 1
f 3225/22/3026 3226/22/3027 3227/22/3028
f 3227/22/3028 3228/22/3029 3225/22/3026
f 3229/1/3030 3230/1/3031 3231/1/3032
f 3231/1/3032 3232/1/3033 3229/1/3030
s 0
f 3233/1/3034 3234/1/3034 3235/1/3034
s 1
f 3235/1/3035 3236/1/3036 3233/1/3035
f 3237/4/3037 3238/4/3038 3239/4/3039
f 3239/4/3039 3240/4/3040 3237/4/3037
f 3241/4/3041 3242/4/3042 3243/35/3043
f 3243/35/3043 3244/4/3044 3241/4/3041
f 3245/29/3045 3246/29/3046 3247/29/3047
f 3247/29/3047 3248/29/3048 3245/29/3045
f 3249/31/3049 3250/31/3050 3251/31/3051
f 3251/31/3051 3252/31/3052 3249/31/3049
f 3253/28/3053 3254/28/3054 3255/28/3055
f 3255/28/3055 3256/28/3056 3253/28/3053
s 0
f 3257/1/3057 3258/1/3057 3259/1/3057
f 3260/1/3058 3261/1/3058 3262/1/3058
f 3263/6/3059 3264/6/3059 3265/6/3059
f 3266/8/3060 3267/8/3060 3268/8/3060
f 3269/8/3061 3270/8/3061 3271/8/3061
s 1
f 3272/30/3062 3273/30/3063 3274/30/3064
f 3274/30/3064 3275/30/3065 3272/30/3062
s 0
f 3276/30/3066 3277/30/3066 3278/30/3066
s 1
f 3279/6/3067 3280/6/3068 3281/6/3069
f 3281/6/3069 3282/6/3070 3279/6/3067
f 3283/1/3071 3284/1/3072 3285/1/3073
f 3285/1/3073 3286/1/3074 3283/1/3071
f 3287/1/3075 3288/1/3076 3289/1/3077
f 3289/1/3077 3290/1/3078 3287/1/3075
f 3291/1/3079 3292/1/3080 3293/1/3081
f 3293/1/3081 3294/1/3082 3291/1/3079
f 3295/6/3083 3296/6/3084 3297/6/3085
f 3297/6/3085 3298/6/3086 3295/6/3083
f 3299/6/3087 3300/6/3088 3301/6/3089
f 3301/6/3089 3302/6/3090 3299/6/3087
f 3303/6/3091 3304/6/3092 3305/6/3093
f 3305/6/3093 3306/6/3094 3303/6/3091
f 3307/13/3095 3308/13/3096 3309/13/3097
f 3309/13/3097 3310/13/3098 3307/13/3095
f 3311/6/3099 3312/6/3100 3313/6/3101
f 3313/6/3101 3314/6/3102 3311/6/3099
f 3315/25/3103 3316/25/3104 3317/34/3105
f 3317/34/3105 3318/25/3106 3315/25/3103
f 3319/25/3107 3320/25/3108 3321/25/3109
f 3321/25/3109 3322/25/3110 3319/25/3107
f 3323/6/3111 3324/6/3112 3325/6/3113
f 3325/6/3113 3326/6/3114 3323/6/3111
f 3327/36/3115 3328/30/3116 3329/30/3117
f 3329/30/3117 3330/30/3118 3327/36/3115
