# Blender 4.1.1
# www.blender.org
mtllib male.mtl
o Object_7
v -0.002778 0.012071 0.014974
v -0.002400 0.023026 0.014669
v -0.008289 0.021437 0.014245
v -0.008905 0.012167 0.014740
v -0.002778 0.012071 0.014974
v 0.000931 0.012045 0.010822
v 0.000484 0.021928 0.010819
v -0.002400 0.023026 0.014669
v -0.009986 0.020547 0.010084
v -0.010320 0.011979 0.010960
v -0.008905 0.012167 0.014740
v -0.008289 0.021437 0.014245
v 0.000484 0.021928 0.010819
v 0.000931 0.012045 0.010822
v -0.002065 0.012767 0.007085
v -0.001819 0.021405 0.006099
v -0.001819 0.021405 0.006099
v -0.002065 0.012767 0.007085
v -0.007650 0.012894 0.007562
v -0.005867 0.021313 0.005441
v -0.005867 0.021313 0.005441
v -0.007650 0.012894 0.007562
v -0.010320 0.011979 0.010960
v -0.009986 0.020547 0.010084
v -0.008289 0.021437 0.014245
v -0.002400 0.023026 0.014669
v -0.001765 0.029095 0.014261
v -0.008115 0.027436 0.013737
v -0.002400 0.023026 0.014669
v 0.000484 0.021928 0.010819
v 0.001409 0.028751 0.011070
v -0.001765 0.029095 0.014261
v -0.009986 0.020547 0.010084
v -0.008289 0.021437 0.014245
v -0.008115 0.027436 0.013737
v -0.009371 0.027428 0.008740
v 0.000484 0.021928 0.010819
v -0.001819 0.021405 0.006099
v -0.000574 0.027328 0.005814
v 0.001409 0.028751 0.011070
v -0.001819 0.021405 0.006099
v -0.005867 0.021313 0.005441
v -0.006106 0.027909 0.005041
v -0.000574 0.027328 0.005814
v -0.005867 0.021313 0.005441
v -0.009986 0.020547 0.010084
v -0.009371 0.027428 0.008740
v -0.006106 0.027909 0.005041
v -0.008115 0.027436 0.013737
v -0.001765 0.029095 0.014261
v -0.000507 0.034682 0.013769
v -0.006150 0.034427 0.014099
v -0.001765 0.029095 0.014261
v 0.001409 0.028751 0.011070
v 0.002779 0.034090 0.010002
v -0.000507 0.034682 0.013769
v -0.009371 0.027428 0.008740
v -0.008115 0.027436 0.013737
v -0.006150 0.034427 0.014099
v -0.007968 0.034420 0.009129
v 0.001409 0.028751 0.011070
v -0.000574 0.027328 0.005814
v 0.000754 0.033473 0.005052
v 0.002779 0.034090 0.010002
v -0.000574 0.027328 0.005814
v -0.006106 0.027909 0.005041
v -0.004861 0.033745 0.004165
v 0.000754 0.033473 0.005052
v -0.006106 0.027909 0.005041
v -0.009371 0.027428 0.008740
v -0.007968 0.034420 0.009129
v -0.004861 0.033745 0.004165
v -0.006150 0.034427 0.014099
v -0.000507 0.034682 0.013769
v 0.000350 0.037115 0.014023
v -0.005463 0.038420 0.013735
v -0.000507 0.034682 0.013769
v 0.002779 0.034090 0.010002
v 0.003894 0.036996 0.010105
v 0.000350 0.037115 0.014023
v -0.007968 0.034420 0.009129
v -0.006150 0.034427 0.014099
v -0.005463 0.038420 0.013735
v -0.007019 0.038589 0.008866
v 0.002779 0.034090 0.010002
v 0.000754 0.033473 0.005052
v 0.001534 0.036407 0.005173
v 0.003894 0.036996 0.010105
v 0.000754 0.033473 0.005052
v -0.004861 0.033745 0.004165
v -0.003906 0.037773 0.004303
v 0.001534 0.036407 0.005173
v -0.004861 0.033745 0.004165
v -0.007968 0.034420 0.009129
v -0.007019 0.038589 0.008866
v -0.003906 0.037773 0.004303
v -0.005463 0.038420 0.013735
v 0.000350 0.037115 0.014023
v 0.000618 0.040711 0.013830
v -0.005190 0.041386 0.013579
v 0.000350 0.037115 0.014023
v 0.003894 0.036996 0.010105
v 0.004647 0.040407 0.009612
v 0.000618 0.040711 0.013830
v -0.007019 0.038589 0.008866
v -0.005463 0.038420 0.013735
v -0.005190 0.041386 0.013579
v -0.006615 0.041357 0.008230
v 0.003894 0.036996 0.010105
v 0.001534 0.036407 0.005173
v 0.002491 0.040140 0.004872
v 0.004647 0.040407 0.009612
v 0.001534 0.036407 0.005173
v -0.003906 0.037773 0.004303
v -0.004143 0.040840 0.003905
v 0.002491 0.040140 0.004872
v -0.003906 0.037773 0.004303
v -0.007019 0.038589 0.008866
v -0.006615 0.041357 0.008230
v -0.004143 0.040840 0.003905
v -0.005190 0.041386 0.013579
v 0.000618 0.040711 0.013830
v 0.001140 0.049695 0.013178
v -0.004774 0.049838 0.013098
v 0.000618 0.040711 0.013830
v 0.004647 0.040407 0.009612
v 0.005170 0.049480 0.008753
v 0.001140 0.049695 0.013178
v -0.006615 0.041357 0.008230
v -0.005190 0.041386 0.013579
v -0.004774 0.049838 0.013098
v -0.006668 0.049345 0.007124
v 0.004647 0.040407 0.009612
v 0.002491 0.040140 0.004872
v 0.003048 0.048755 0.003216
v 0.005170 0.049480 0.008753
v 0.002491 0.040140 0.004872
v -0.004143 0.040840 0.003905
v -0.003332 0.048858 0.003079
v 0.003048 0.048755 0.003216
v -0.004143 0.040840 0.003905
v -0.006615 0.041357 0.008230
v -0.006668 0.049345 0.007124
v -0.003332 0.048858 0.003079
v -0.004774 0.049838 0.013098
v 0.001140 0.049695 0.013178
v 0.001896 0.060347 0.012914
v -0.006150 0.061839 0.012397
v 0.001140 0.049695 0.013178
v 0.005170 0.049480 0.008753
v 0.006786 0.059380 0.007852
v 0.001896 0.060347 0.012914
v -0.006668 0.049345 0.007124
v -0.004774 0.049838 0.013098
v -0.006150 0.061839 0.012397
v -0.007712 0.057993 0.006547
v 0.005170 0.049480 0.008753
v 0.003048 0.048755 0.003216
v 0.004478 0.056529 0.001667
v 0.006786 0.059380 0.007852
v 0.003048 0.048755 0.003216
v -0.003332 0.048858 0.003079
v -0.004236 0.056624 0.002123
v 0.004478 0.056529 0.001667
v -0.003332 0.048858 0.003079
v -0.006668 0.049345 0.007124
v -0.007712 0.057993 0.006547
v -0.004236 0.056624 0.002123
v -0.006150 0.061839 0.012397
v 0.001896 0.060347 0.012914
v 0.001921 0.065090 0.012319
v -0.005894 0.065217 0.011538
v 0.001896 0.060347 0.012914
v 0.006786 0.059380 0.007852
v 0.006665 0.062957 0.007199
v 0.001921 0.065090 0.012319
v -0.007712 0.057993 0.006547
v -0.006150 0.061839 0.012397
v -0.005894 0.065217 0.011538
v -0.008943 0.061746 0.005755
v 0.006786 0.059380 0.007852
v 0.004478 0.056529 0.001667
v 0.004687 0.060770 0.000840
v 0.004478 0.056529 0.001667
v -0.004236 0.056624 0.002123
v -0.002646 0.060206 0.001875
v 0.004687 0.060770 0.000840
v -0.004236 0.056624 0.002123
v -0.007712 0.057993 0.006547
v -0.008943 0.061746 0.005755
v -0.002646 0.060206 0.001875
v -0.002646 0.060206 0.001875
v -0.002653 0.061426 0.000000
v 0.004291 0.061112 0.000000
v 0.004687 0.060770 0.000840
v 0.004687 0.060770 0.000840
v 0.004291 0.061112 0.000000
v 0.006882 0.063156 -0.000000
v 0.006572 0.063326 0.002635
v 0.004687 0.060770 0.000840
v 0.006572 0.063326 0.002635
v 0.006665 0.062957 0.007199
v 0.006786 0.059380 0.007852
v 0.006572 0.063326 0.002635
v 0.006882 0.063156 -0.000000
v 0.007723 0.069837 -0.000000
v 0.007341 0.070084 0.003702
v 0.006665 0.062957 0.007199
v 0.006572 0.063326 0.002635
v 0.007341 0.070084 0.003702
v 0.005596 0.070638 0.009251
v -0.002646 0.060206 0.001875
v -0.008943 0.061746 0.005755
v -0.009316 0.063229 0.001863
v -0.005894 0.065217 0.011538
v 0.001921 0.065090 0.012319
v 0.002189 0.070325 0.012039
v -0.005433 0.069850 0.010185
v 0.001921 0.065090 0.012319
v 0.006665 0.062957 0.007199
v 0.005596 0.070638 0.009251
v 0.002189 0.070325 0.012039
v -0.008943 0.061746 0.005755
v -0.005894 0.065217 0.011538
v -0.005433 0.069850 0.010185
v -0.009195 0.068578 0.006186
v -0.009195 0.068578 0.006186
v -0.005433 0.069850 0.010185
v -0.005068 0.072578 0.009541
v -0.007919 0.073480 0.006259
v -0.005433 0.069850 0.010185
v 0.002189 0.070325 0.012039
v -0.005068 0.072578 0.009541
v -0.009316 0.063229 0.001863
v -0.008943 0.061746 0.005755
v -0.009195 0.068578 0.006186
v -0.010357 0.068277 0.003279
v -0.010357 0.068277 0.003279
v -0.009195 0.068578 0.006186
v -0.007919 0.073480 0.006259
v -0.008797 0.073356 0.002415
v 0.007723 0.069837 -0.000000
v 0.007639 0.071548 -0.000000
v 0.007217 0.071792 0.003375
v 0.007341 0.070084 0.003702
v 0.005596 0.070638 0.009251
v 0.007341 0.070084 0.003702
v 0.007217 0.071792 0.003375
v 0.007013 0.072318 0.007098
v 0.002189 0.070325 0.012039
v 0.005596 0.070638 0.009251
v 0.005286 0.073626 0.008948
v 0.002117 0.073952 0.011392
v -0.007919 0.073480 0.006259
v -0.005068 0.072578 0.009541
v -0.003501 0.075234 0.009430
v -0.007072 0.075795 0.006052
v -0.005068 0.072578 0.009541
v 0.002189 0.070325 0.012039
v 0.002117 0.073952 0.011392
v -0.003501 0.075234 0.009430
v -0.008797 0.073356 0.002415
v -0.007919 0.073480 0.006259
v -0.007072 0.075795 0.006052
v -0.007780 0.075752 0.002415
v 0.007217 0.071792 0.003375
v 0.007639 0.071548 -0.000000
v 0.007940 0.075233 -0.000000
v 0.007596 0.075450 0.005544
v 0.007013 0.072318 0.007098
v 0.007217 0.071792 0.003375
v 0.007596 0.075450 0.005544
v 0.002117 0.073952 0.011392
v 0.005286 0.073626 0.008948
v 0.005543 0.076777 0.008034
v 0.002001 0.077334 0.010828
v -0.007072 0.075795 0.006052
v -0.003501 0.075234 0.009430
v -0.004584 0.077917 0.009398
v -0.006694 0.078424 0.006803
v -0.003501 0.075234 0.009430
v 0.002117 0.073952 0.011392
v 0.002001 0.077334 0.010828
v -0.004584 0.077917 0.009398
v -0.007072 0.075795 0.006052
v -0.006694 0.078424 0.006803
v -0.007714 0.078671 0.002686
v -0.007780 0.075752 0.002415
v 0.007590 0.078996 -0.000000
v 0.008212 0.086616 -0.000000
v 0.007741 0.085822 0.002754
v 0.007837 0.079080 0.004550
v 0.005081 0.080106 0.007758
v 0.007837 0.079080 0.004550
v 0.007741 0.085822 0.002754
v 0.004971 0.087024 0.007886
v 0.001165 0.081038 0.010716
v 0.005081 0.080106 0.007758
v 0.004971 0.087024 0.007886
v -0.000381 0.087877 0.010549
v -0.005671 0.081194 0.008552
v 0.001165 0.081038 0.010716
v -0.000381 0.087877 0.010549
v -0.006882 0.087419 0.008791
v -0.007483 0.081446 0.003248
v -0.005671 0.081194 0.008552
v -0.006882 0.087419 0.008791
v -0.008280 0.087106 0.003246
v 0.008212 0.086616 -0.000000
v 0.007539 0.092334 -0.000000
v 0.007636 0.092578 0.001610
v 0.007741 0.085822 0.002754
v 0.004971 0.087024 0.007886
v 0.007741 0.085822 0.002754
v 0.007485 0.092720 0.005025
v 0.004391 0.093916 0.009058
v -0.000381 0.087877 0.010549
v 0.004971 0.087024 0.007886
v 0.004391 0.093916 0.009058
v -0.000991 0.094768 0.011646
v -0.006882 0.087419 0.008791
v -0.000381 0.087877 0.010549
v -0.000991 0.094768 0.011646
v -0.007524 0.094331 0.010922
v -0.008280 0.087106 0.003246
v -0.006882 0.087419 0.008791
v -0.007524 0.094331 0.010922
v -0.011034 0.095475 0.003147
v 0.007636 0.092578 0.001610
v 0.007539 0.092334 -0.000000
v 0.007770 0.095035 -0.000000
v 0.007708 0.095033 0.001415
v 0.004391 0.093916 0.009058
v 0.007485 0.092720 0.005025
v 0.007157 0.095040 0.005285
v 0.004225 0.096029 0.009332
v -0.000991 0.094768 0.011646
v 0.004391 0.093916 0.009058
v 0.004225 0.096029 0.009332
v -0.001300 0.098961 0.013414
v -0.007524 0.094331 0.010922
v -0.000991 0.094768 0.011646
v -0.001300 0.098961 0.013414
v -0.006593 0.098759 0.014875
v -0.011034 0.095475 0.003147
v -0.007524 0.094331 0.010922
v -0.009693 0.101095 0.009066
v -0.010828 0.102545 0.003790
v 0.007157 0.095040 0.005285
v 0.007485 0.092720 0.005025
v 0.007636 0.092578 0.001610
v 0.007708 0.095033 0.001415
v 0.007636 0.092578 0.001610
v 0.007485 0.092720 0.005025
v 0.007741 0.085822 0.002754
v -0.007524 0.094331 0.010922
v -0.006593 0.098759 0.014875
v -0.008889 0.101914 0.013020
v -0.009693 0.101095 0.009066
v -0.009693 0.101095 0.009066
v -0.008889 0.101914 0.013020
v -0.008524 0.106936 0.013895
v -0.008135 0.106680 0.009904
v -0.008135 0.106680 0.009904
v -0.008524 0.106936 0.013895
v -0.004746 0.108761 0.014897
v -0.004442 0.109099 0.010206
v -0.004442 0.109099 0.010206
v -0.004746 0.108761 0.014897
v -0.001237 0.106817 0.015086
v -0.000464 0.106898 0.010701
v -0.000464 0.106898 0.010701
v -0.001237 0.106817 0.015086
v -0.000094 0.104449 0.015516
v 0.001624 0.101685 0.010891
v 0.004225 0.096029 0.009332
v 0.001624 0.101685 0.010891
v -0.001300 0.098961 0.013414
v 0.001624 0.101685 0.010891
v -0.000094 0.104449 0.015516
v -0.001300 0.098961 0.013414
v -0.006593 0.098759 0.014875
v -0.001300 0.098961 0.013414
v -0.002272 0.101054 0.017596
v -0.006437 0.100949 0.018718
v -0.008889 0.101914 0.013020
v -0.006593 0.098759 0.014875
v -0.006437 0.100949 0.018718
v -0.008955 0.104553 0.018119
v -0.008524 0.106936 0.013895
v -0.008889 0.101914 0.013020
v -0.008955 0.104553 0.018119
v -0.008318 0.108077 0.017586
v -0.004746 0.108761 0.014897
v -0.008524 0.106936 0.013895
v -0.008318 0.108077 0.017586
v -0.004715 0.109336 0.017701
v -0.001237 0.106817 0.015086
v -0.004746 0.108761 0.014897
v -0.004715 0.109336 0.017701
v -0.001328 0.107145 0.017515
v -0.000094 0.104449 0.015516
v -0.001237 0.106817 0.015086
v -0.001328 0.107145 0.017515
v -0.000609 0.105932 0.017800
v -0.001300 0.098961 0.013414
v -0.000094 0.104449 0.015516
v -0.000609 0.105932 0.017800
v -0.002272 0.101054 0.017596
v -0.006437 0.100949 0.018718
v -0.002272 0.101054 0.017596
v -0.002365 0.102120 0.020259
v -0.006431 0.101508 0.020989
v -0.008955 0.104553 0.018119
v -0.006437 0.100949 0.018718
v -0.006431 0.101508 0.020989
v -0.008881 0.105502 0.020690
v -0.008318 0.108077 0.017586
v -0.008955 0.104553 0.018119
v -0.008881 0.105502 0.020690
v -0.008235 0.108413 0.021915
v -0.004715 0.109336 0.017701
v -0.008318 0.108077 0.017586
v -0.008235 0.108413 0.021915
v -0.005183 0.109464 0.023115
v -0.001328 0.107145 0.017515
v -0.004715 0.109336 0.017701
v -0.005183 0.109464 0.023115
v -0.002946 0.108716 0.021960
v -0.000609 0.105932 0.017800
v -0.001328 0.107145 0.017515
v -0.002946 0.108716 0.021960
v -0.001057 0.106540 0.021140
v -0.002272 0.101054 0.017596
v -0.000609 0.105932 0.017800
v -0.001057 0.106540 0.021140
v -0.002365 0.102120 0.020259
v -0.006431 0.101508 0.020989
v -0.002365 0.102120 0.020259
v -0.002558 0.103113 0.029297
v -0.006247 0.102126 0.029340
v -0.008881 0.105502 0.020690
v -0.006431 0.101508 0.020989
v -0.006247 0.102126 0.029340
v -0.009511 0.104251 0.026780
v -0.008235 0.108413 0.021915
v -0.008881 0.105502 0.020690
v -0.009511 0.104251 0.026780
v -0.008736 0.108506 0.027754
v -0.005183 0.109464 0.023115
v -0.008235 0.108413 0.021915
v -0.008736 0.108506 0.027754
v -0.006373 0.109565 0.028103
v -0.002946 0.108716 0.021960
v -0.005183 0.109464 0.023115
v -0.006373 0.109565 0.028103
v -0.003644 0.109031 0.028623
v -0.001057 0.106540 0.021140
v -0.002946 0.108716 0.021960
v -0.003644 0.109031 0.028623
v -0.001651 0.106232 0.029148
v -0.002365 0.102120 0.020259
v -0.001057 0.106540 0.021140
v -0.001651 0.106232 0.029148
v -0.002558 0.103113 0.029297
v -0.006247 0.102126 0.029340
v -0.002558 0.103113 0.029297
v -0.003005 0.103478 0.030125
v -0.006236 0.102598 0.030232
v -0.006247 0.102126 0.029340
v -0.006236 0.102598 0.030232
v -0.008899 0.104654 0.028639
v -0.009511 0.104251 0.026780
v -0.008736 0.108506 0.027754
v -0.009511 0.104251 0.026780
v -0.008899 0.104654 0.028639
v -0.008377 0.107972 0.029313
v -0.006373 0.109565 0.028103
v -0.008736 0.108506 0.027754
v -0.008377 0.107972 0.029313
v -0.006300 0.109124 0.029351
v -0.003644 0.109031 0.028623
v -0.006373 0.109565 0.028103
v -0.006300 0.109124 0.029351
v -0.003909 0.108720 0.029726
v -0.003644 0.109031 0.028623
v -0.003909 0.108720 0.029726
v -0.002276 0.106182 0.030304
v -0.001651 0.106232 0.029148
v -0.002558 0.103113 0.029297
v -0.001651 0.106232 0.029148
v -0.002276 0.106182 0.030304
v -0.003005 0.103478 0.030125
v -0.006451 0.102340 0.033704
v -0.003277 0.102869 0.032549
v -0.003198 0.103095 0.034005
v -0.006445 0.102690 0.035118
v -0.009644 0.105193 0.033205
v -0.006451 0.102340 0.033704
v -0.006445 0.102690 0.035118
v -0.008693 0.104970 0.035239
v -0.008839 0.107879 0.034805
v -0.009644 0.105193 0.033205
v -0.008693 0.104970 0.035239
v -0.008694 0.107290 0.035592
v -0.006384 0.109613 0.034253
v -0.008839 0.107879 0.034805
v -0.008694 0.107290 0.035592
v -0.006363 0.108560 0.035329
v -0.004004 0.108828 0.033940
v -0.006384 0.109613 0.034253
v -0.006363 0.108560 0.035329
v -0.003864 0.108536 0.034848
v -0.001718 0.106083 0.033470
v -0.004004 0.108828 0.033940
v -0.003864 0.108536 0.034848
v -0.002657 0.106351 0.035103
v -0.003277 0.102869 0.032549
v -0.001718 0.106083 0.033470
v -0.002657 0.106351 0.035103
v -0.003198 0.103095 0.034005
v -0.006445 0.102690 0.035118
v -0.003198 0.103095 0.034005
v -0.002059 0.102985 0.039885
v -0.005225 0.102669 0.040202
v -0.008693 0.104970 0.035239
v -0.006445 0.102690 0.035118
v -0.005225 0.102669 0.040202
v -0.008288 0.104839 0.040036
v -0.008694 0.107290 0.035592
v -0.008693 0.104970 0.035239
v -0.008288 0.104839 0.040036
v -0.008078 0.107275 0.040452
v -0.006363 0.108560 0.035329
v -0.008694 0.107290 0.035592
v -0.008078 0.107275 0.040452
v -0.005079 0.108531 0.040696
v -0.003864 0.108536 0.034848
v -0.006363 0.108560 0.035329
v -0.005079 0.108531 0.040696
v -0.002234 0.108467 0.040331
v -0.002657 0.106351 0.035103
v -0.003864 0.108536 0.034848
v -0.002234 0.108467 0.040331
v -0.000532 0.105672 0.039428
v -0.003198 0.103095 0.034005
v -0.002657 0.106351 0.035103
v -0.000532 0.105672 0.039428
v -0.002059 0.102985 0.039885
v -0.005225 0.102669 0.040202
v -0.002059 0.102985 0.039885
v -0.000913 0.104698 0.047572
v -0.002840 0.104417 0.047767
v -0.008288 0.104839 0.040036
v -0.005225 0.102669 0.040202
v -0.002840 0.104417 0.047767
v -0.005109 0.105023 0.048473
v -0.008078 0.107275 0.040452
v -0.008288 0.104839 0.040036
v -0.005109 0.105023 0.048473
v -0.005165 0.106757 0.048604
v -0.005079 0.108531 0.040696
v -0.008078 0.107275 0.040452
v -0.005165 0.106757 0.048604
v -0.003683 0.107899 0.048304
v -0.002234 0.108467 0.040331
v -0.005079 0.108531 0.040696
v -0.003683 0.107899 0.048304
v -0.001162 0.107865 0.048054
v -0.000532 0.105672 0.039428
v -0.002234 0.108467 0.040331
v -0.001162 0.107865 0.048054
v 0.000190 0.106108 0.047262
v -0.002059 0.102985 0.039885
v -0.000532 0.105672 0.039428
v 0.000190 0.106108 0.047262
v -0.000913 0.104698 0.047572
v -0.002840 0.104417 0.047767
v -0.000913 0.104698 0.047572
v -0.000572 0.104936 0.049318
v -0.002351 0.104662 0.049499
v -0.005109 0.105023 0.048473
v -0.002840 0.104417 0.047767
v -0.002351 0.104662 0.049499
v -0.004477 0.105263 0.050161
v -0.005165 0.106757 0.048604
v -0.005109 0.105023 0.048473
v -0.004477 0.105263 0.050161
v -0.004569 0.106743 0.050277
v -0.003683 0.107899 0.048304
v -0.005165 0.106757 0.048604
v -0.004569 0.106743 0.050277
v -0.003167 0.107908 0.050256
v -0.001162 0.107865 0.048054
v -0.003683 0.107899 0.048304
v -0.003167 0.107908 0.050256
v -0.000820 0.107832 0.049762
v 0.000190 0.106108 0.047262
v -0.001162 0.107865 0.048054
v -0.000820 0.107832 0.049762
v 0.000379 0.106126 0.049225
v -0.000913 0.104698 0.047572
v 0.000190 0.106108 0.047262
v 0.000379 0.106126 0.049225
v -0.000572 0.104936 0.049318
v -0.002351 0.104662 0.049499
v -0.000572 0.104936 0.049318
v -0.000534 0.104268 0.050569
v -0.001821 0.104414 0.050823
v -0.004477 0.105263 0.050161
v -0.002351 0.104662 0.049499
v -0.001821 0.104414 0.050823
v -0.004230 0.104917 0.051592
v -0.004569 0.106743 0.050277
v -0.004477 0.105263 0.050161
v -0.004230 0.104917 0.051592
v -0.004336 0.106387 0.052037
v -0.003167 0.107908 0.050256
v -0.004569 0.106743 0.050277
v -0.004336 0.106387 0.052037
v -0.002738 0.107735 0.052395
v -0.000820 0.107832 0.049762
v -0.003167 0.107908 0.050256
v -0.002738 0.107735 0.052395
v -0.000100 0.107539 0.051809
v 0.000379 0.106126 0.049225
v -0.000820 0.107832 0.049762
v -0.000100 0.107539 0.051809
v 0.001247 0.105666 0.050869
v -0.000572 0.104936 0.049318
v 0.000379 0.106126 0.049225
v 0.001247 0.105666 0.050869
v -0.000534 0.104268 0.050569
v -0.004336 0.106387 0.052037
v -0.004230 0.104917 0.051592
v -0.004174 0.104134 0.054970
v -0.004698 0.105967 0.054894
v -0.002738 0.107735 0.052395
v -0.004336 0.106387 0.052037
v -0.004698 0.105967 0.054894
v -0.003031 0.107418 0.055342
v -0.000100 0.107539 0.051809
v -0.002738 0.107735 0.052395
v -0.003031 0.107418 0.055342
v 0.001108 0.106743 0.055044
v 0.001247 0.105666 0.050869
v 0.002080 0.105322 0.053576
v 0.002557 0.104755 0.052252
v 0.001247 0.105666 0.050869
v 0.002557 0.104755 0.052252
v 0.001080 0.102881 0.051770
v -0.000534 0.104268 0.050569
v -0.001821 0.104414 0.050823
v -0.000252 0.102722 0.053000
v -0.001363 0.103801 0.054271
v -0.001821 0.104414 0.050823
v -0.001363 0.103801 0.054271
v -0.004174 0.104134 0.054970
v -0.004230 0.104917 0.051592
v -0.000100 0.107539 0.051809
v 0.001108 0.106743 0.055044
v 0.002080 0.105322 0.053576
v 0.001247 0.105666 0.050869
v -0.000534 0.104268 0.050569
v 0.001080 0.102881 0.051770
v -0.000252 0.102722 0.053000
v -0.001821 0.104414 0.050823
v 0.000607 0.103233 0.057706
v 0.001452 0.102499 0.056005
v 0.002803 0.103800 0.055606
v 0.002164 0.104805 0.057797
v 0.002694 0.101472 0.052971
v 0.003866 0.103840 0.053634
v 0.004757 0.102018 0.056489
v 0.004015 0.100501 0.056031
v 0.001452 0.102499 0.056005
v 0.002694 0.101472 0.052971
v 0.004015 0.100501 0.056031
v 0.002277 0.100812 0.057375
v 0.003866 0.103840 0.053634
v 0.002803 0.103800 0.055606
v 0.003758 0.102069 0.057727
v 0.004757 0.102018 0.056489
v 0.002803 0.103800 0.055606
v 0.001452 0.102499 0.056005
v 0.002277 0.100812 0.057375
v 0.003758 0.102069 0.057727
v 0.004015 0.100501 0.056031
v 0.004757 0.102018 0.056489
v 0.005818 0.100634 0.058739
v 0.005076 0.099117 0.058281
v 0.002277 0.100812 0.057375
v 0.004015 0.100501 0.056031
v 0.005076 0.099117 0.058281
v 0.003659 0.099693 0.059049
v 0.004757 0.102018 0.056489
v 0.003758 0.102069 0.057727
v 0.004609 0.101158 0.059526
v 0.005818 0.100634 0.058739
v 0.003758 0.102069 0.057727
v 0.002277 0.100812 0.057375
v 0.003659 0.099693 0.059049
v 0.004609 0.101158 0.059526
v 0.005818 0.100634 0.058739
v 0.004609 0.101158 0.059526
v 0.003659 0.099693 0.059049
v 0.005076 0.099117 0.058281
v -0.004174 0.104134 0.054970
v -0.004130 0.104166 0.058094
v -0.005081 0.105923 0.057853
v -0.004698 0.105967 0.054894
v -0.005081 0.105923 0.057853
v -0.002965 0.106571 0.058639
v -0.003031 0.107418 0.055342
v -0.004698 0.105967 0.054894
v 0.000614 0.106079 0.058655
v 0.002164 0.104805 0.057797
v 0.001108 0.106743 0.055044
v 0.002803 0.103800 0.055606
v 0.003866 0.103840 0.053634
v 0.002557 0.104755 0.052252
v 0.002080 0.105322 0.053576
v 0.002557 0.104755 0.052252
v 0.003866 0.103840 0.053634
v 0.002694 0.101472 0.052971
v 0.001080 0.102881 0.051770
v 0.001452 0.102499 0.056005
v 0.000607 0.103233 0.057706
v -0.001363 0.103801 0.054271
v -0.000252 0.102722 0.053000
v -0.001363 0.103801 0.054271
v 0.000607 0.103233 0.057706
v -0.004130 0.104166 0.058094
v -0.004174 0.104134 0.054970
v 0.001108 0.106743 0.055044
v 0.002164 0.104805 0.057797
v 0.002803 0.103800 0.055606
v 0.002080 0.105322 0.053576
v 0.002694 0.101472 0.052971
v 0.001452 0.102499 0.056005
v -0.000252 0.102722 0.053000
v 0.001080 0.102881 0.051770
v -0.002965 0.106571 0.058639
v 0.000614 0.106079 0.058655
v 0.001108 0.106743 0.055044
v -0.003031 0.107418 0.055342
v -0.005081 0.105923 0.057853
v -0.004130 0.104166 0.058094
v -0.003866 0.102950 0.061070
v -0.004952 0.104595 0.060547
v -0.002965 0.106571 0.058639
v -0.005081 0.105923 0.057853
v -0.004952 0.104595 0.060547
v -0.002742 0.105461 0.060875
v 0.000614 0.106079 0.058655
v -0.002965 0.106571 0.058639
v -0.002742 0.105461 0.060875
v 0.000598 0.104314 0.061885
v -0.004130 0.104166 0.058094
v 0.000607 0.103233 0.057706
v -0.001482 0.103286 0.061056
v -0.003866 0.102950 0.061070
v 0.000607 0.103233 0.057706
v 0.002164 0.104805 0.057797
v 0.002666 0.103694 0.061036
v 0.002222 0.102307 0.060669
v 0.002164 0.104805 0.057797
v 0.000614 0.106079 0.058655
v 0.000598 0.104314 0.061885
v 0.002666 0.103694 0.061036
v 0.000598 0.104314 0.061885
v -0.002225 0.103824 0.063610
v -0.001830 0.102850 0.065204
v 0.000768 0.102394 0.064888
v 0.002222 0.102307 0.060669
v 0.002666 0.103694 0.061036
v 0.002871 0.102086 0.063497
v 0.002353 0.100899 0.062807
v 0.002666 0.103694 0.061036
v 0.000598 0.104314 0.061885
v 0.000768 0.102394 0.064888
v 0.002871 0.102086 0.063497
v 0.000607 0.103233 0.057706
v 0.002222 0.102307 0.060669
v -0.001482 0.103286 0.061056
v 0.002353 0.100899 0.062807
v -0.001608 0.101409 0.064446
v -0.001673 0.102271 0.062910
v -0.001608 0.101409 0.064446
v 0.000768 0.102394 0.064888
v -0.001830 0.102850 0.065204
v 0.002353 0.100899 0.062807
v 0.002871 0.102086 0.063497
v 0.000768 0.102394 0.064888
v -0.001608 0.101409 0.064446
v 0.000598 0.104314 0.061885
v -0.002742 0.105461 0.060875
v -0.002225 0.103824 0.063610
v -0.002742 0.105461 0.060875
v -0.004952 0.104595 0.060547
v -0.004569 0.103088 0.062775
v -0.002225 0.103824 0.063610
v -0.004569 0.103088 0.062775
v -0.004952 0.104595 0.060547
v -0.003866 0.102950 0.061070
v -0.003702 0.102275 0.062192
v -0.003702 0.102275 0.062192
v -0.003866 0.102950 0.061070
v -0.001482 0.103286 0.061056
v -0.001673 0.102271 0.062910
v -0.001482 0.103286 0.061056
v 0.002222 0.102307 0.060669
v 0.002353 0.100899 0.062807
v -0.001673 0.102271 0.062910
v -0.003702 0.102275 0.062192
v -0.001673 0.102271 0.062910
v -0.002225 0.103824 0.063610
v -0.004569 0.103088 0.062775
v -0.001673 0.102271 0.062910
v -0.001608 0.101409 0.064446
v -0.001830 0.102850 0.065204
v -0.002225 0.103824 0.063610
v 0.007708 0.095033 0.001415
v 0.007770 0.095035 -0.000000
v 0.005499 0.100124 -0.000000
v 0.005630 0.100532 0.001692
v 0.004225 0.096029 0.009332
v 0.007157 0.095040 0.005285
v 0.004746 0.101686 0.006231
v 0.001624 0.101685 0.010891
v 0.007157 0.095040 0.005285
v 0.007708 0.095033 0.001415
v 0.005630 0.100532 0.001692
v 0.004746 0.101686 0.006231
v 0.005630 0.100532 0.001692
v 0.005499 0.100124 -0.000000
v 0.002522 0.105647 -0.000000
v 0.001703 0.106286 0.003409
v 0.001624 0.101685 0.010891
v 0.004746 0.101686 0.006231
v 0.000839 0.106685 0.007998
v -0.000464 0.106898 0.010701
v 0.004746 0.101686 0.006231
v 0.005630 0.100532 0.001692
v 0.001703 0.106286 0.003409
v 0.000839 0.106685 0.007998
v -0.000464 0.106898 0.010701
v 0.000839 0.106685 0.007998
v -0.003902 0.110015 0.006474
v -0.004442 0.109099 0.010206
v 0.000839 0.106685 0.007998
v 0.001021 0.107753 0.004509
v -0.002757 0.110560 0.004498
v -0.003902 0.110015 0.006474
v -0.004442 0.109099 0.010206
v -0.003902 0.110015 0.006474
v -0.008143 0.108471 0.005145
v -0.008135 0.106680 0.009904
v -0.010828 0.102545 0.003790
v -0.009693 0.101095 0.009066
v -0.008135 0.106680 0.009904
v -0.008143 0.108471 0.005145
v -0.010828 0.102545 0.003790
v -0.008143 0.108471 0.005145
v -0.008743 0.108452 -0.000000
v -0.011202 0.101768 -0.000000
v 0.001021 0.107753 0.004509
v 0.002076 0.107500 -0.000000
v 0.001487 0.109628 -0.000000
v 0.000389 0.111190 0.002509
v -0.002757 0.110560 0.004498
v 0.001021 0.107753 0.004509
v 0.000389 0.111190 0.002509
v -0.001761 0.113817 0.003957
v -0.005740 0.111775 0.002794
v -0.002757 0.110560 0.004498
v -0.001761 0.113817 0.003957
v -0.004922 0.114272 0.002054
v 0.001487 0.109628 -0.000000
v 0.003789 0.112067 -0.000000
v 0.003291 0.112246 0.001464
v 0.000389 0.111190 0.002509
v 0.000389 0.111190 0.002509
v 0.003291 0.112246 0.001464
v 0.001857 0.113970 0.003122
v -0.004922 0.114272 0.002054
v -0.001761 0.113817 0.003957
v -0.001392 0.116451 0.004247
v -0.005121 0.116770 0.003155
v 0.001857 0.113970 0.003122
v -0.001392 0.116451 0.004247
v -0.001761 0.113817 0.003957
v 0.000389 0.111190 0.002509
v 0.003789 0.112067 -0.000000
v 0.006465 0.112796 -0.000000
v 0.006027 0.112950 0.001862
v 0.003291 0.112246 0.001464
v 0.001857 0.113970 0.003122
v 0.003291 0.112246 0.001464
v 0.006027 0.112950 0.001862
v 0.004032 0.115169 0.003639
v 0.006219 0.114623 0.001551
v 0.006627 0.115690 0.001245
v 0.006110 0.116246 0.002089
v 0.005550 0.115727 0.002644
v 0.006627 0.115690 0.001245
v 0.006991 0.115473 -0.000000
v 0.006708 0.115954 -0.000000
v 0.006110 0.116246 0.002089
v 0.006708 0.115954 -0.000000
v 0.007292 0.116890 -0.000000
v 0.006950 0.116892 0.001254
v 0.006110 0.116246 0.002089
v 0.006110 0.116246 0.002089
v 0.006950 0.116892 0.001254
v 0.006749 0.118135 0.001475
v 0.005554 0.116706 0.003025
v 0.006950 0.116892 0.001254
v 0.007292 0.116890 -0.000000
v 0.007071 0.117791 -0.000000
v 0.006749 0.118135 0.001475
v 0.007071 0.117791 -0.000000
v 0.008263 0.118885 -0.000000
v 0.008008 0.119053 0.000724
v 0.006749 0.118135 0.001475
v 0.008008 0.119053 0.000724
v 0.008263 0.118885 -0.000000
v 0.006627 0.121612 -0.000000
v 0.005955 0.121747 0.000581
v 0.005955 0.121747 0.000581
v 0.006627 0.121612 -0.000000
v 0.006777 0.122560 -0.000000
v 0.006792 0.122367 0.001127
v 0.006792 0.122367 0.001127
v 0.006777 0.122560 -0.000000
v 0.006475 0.124811 -0.000000
v 0.006042 0.124787 0.001733
v 0.008008 0.119053 0.000724
v 0.006540 0.119187 0.001418
v 0.006749 0.118135 0.001475
v 0.005223 0.121387 0.001470
v 0.005955 0.121747 0.000581
v 0.006792 0.122367 0.001127
v 0.006413 0.122878 0.002591
v 0.005223 0.121387 0.001470
v 0.006413 0.122878 0.002591
v 0.004983 0.122162 0.003484
v 0.004458 0.121430 0.003763
v 0.008008 0.119053 0.000724
v 0.005955 0.121747 0.000581
v 0.006540 0.119187 0.001418
v 0.006540 0.119187 0.001418
v 0.005955 0.121747 0.000581
v 0.005223 0.121387 0.001470
v 0.006540 0.119187 0.001418
v 0.005223 0.121387 0.001470
v 0.004458 0.121430 0.003763
v 0.005249 0.119613 0.003532
v 0.006749 0.118135 0.001475
v 0.006540 0.119187 0.001418
v 0.005249 0.119613 0.003532
v 0.005554 0.116706 0.003025
v 0.005550 0.115727 0.002644
v 0.004032 0.115169 0.003639
v 0.006027 0.112950 0.001862
v 0.006219 0.114623 0.001551
v 0.006027 0.112950 0.001862
v 0.006465 0.112796 -0.000000
v 0.006654 0.114606 -0.000000
v 0.006219 0.114623 0.001551
v 0.005554 0.116706 0.003025
v 0.005550 0.115727 0.002644
v 0.006110 0.116246 0.002089
v 0.005554 0.116706 0.003025
v 0.005249 0.119613 0.003532
v 0.001841 0.119148 0.005093
v 0.002684 0.116575 0.004202
v 0.005550 0.115727 0.002644
v 0.005554 0.116706 0.003025
v 0.002684 0.116575 0.004202
v 0.004032 0.115169 0.003639
v -0.001392 0.116451 0.004247
v 0.001857 0.113970 0.003122
v 0.000400 0.115982 0.004146
v 0.006413 0.122878 0.002591
v 0.006792 0.122367 0.001127
v 0.006042 0.124787 0.001733
v 0.005622 0.124442 0.003375
v 0.004983 0.122162 0.003484
v 0.006413 0.122878 0.002591
v 0.005622 0.124442 0.003375
v 0.004480 0.123286 0.004411
v 0.004458 0.121430 0.003763
v 0.004983 0.122162 0.003484
v 0.004480 0.123286 0.004411
v 0.002065 0.121355 0.004975
v 0.005249 0.119613 0.003532
v 0.004458 0.121430 0.003763
v 0.002065 0.121355 0.004975
v 0.001841 0.119148 0.005093
v 0.006042 0.124787 0.001733
v 0.006475 0.124811 -0.000000
v 0.004588 0.127848 -0.000000
v 0.004278 0.127642 0.002197
v 0.005622 0.124442 0.003375
v 0.006042 0.124787 0.001733
v 0.004278 0.127642 0.002197
v 0.002953 0.127321 0.003954
v 0.004480 0.123286 0.004411
v 0.005622 0.124442 0.003375
v 0.002953 0.127321 0.003954
v 0.001060 0.124609 0.005109
v 0.002065 0.121355 0.004975
v 0.004480 0.123286 0.004411
v 0.001060 0.124609 0.005109
v -0.000311 0.121917 0.005345
v 0.001841 0.119148 0.005093
v 0.002065 0.121355 0.004975
v -0.000311 0.121917 0.005345
v 0.000491 0.120300 0.005180
v 0.001857 0.113970 0.003122
v 0.004032 0.115169 0.003639
v 0.002684 0.116575 0.004202
v 0.000400 0.115982 0.004146
v 0.000400 0.115982 0.004146
v 0.002684 0.116575 0.004202
v 0.001841 0.119148 0.005093
v 0.000225 0.118144 0.005080
v 0.001841 0.119148 0.005093
v 0.000491 0.120300 0.005180
v 0.000225 0.118144 0.005080
v -0.001392 0.116451 0.004247
v 0.000400 0.115982 0.004146
v 0.000225 0.118144 0.005080
v -0.002014 0.117581 0.005061
v 0.004278 0.127642 0.002197
v 0.004588 0.127848 -0.000000
v -0.000718 0.129022 -0.000000
v -0.000742 0.128984 0.002197
v 0.002953 0.127321 0.003954
v 0.004278 0.127642 0.002197
v -0.000742 0.128984 0.002197
v -0.000930 0.127819 0.004003
v 0.001060 0.124609 0.005109
v 0.002953 0.127321 0.003954
v -0.000930 0.127819 0.004003
v -0.002221 0.124870 0.005689
v -0.000311 0.121917 0.005345
v 0.001060 0.124609 0.005109
v -0.002221 0.124870 0.005689
v -0.002347 0.121964 0.005720
v -0.005121 0.116770 0.003155
v -0.001392 0.116451 0.004247
v -0.002014 0.117581 0.005061
v -0.005797 0.119024 0.003393
v -0.000742 0.128984 0.002197
v -0.000718 0.129022 -0.000000
v -0.006710 0.126796 -0.000000
v -0.006530 0.126574 0.002197
v -0.000930 0.127819 0.004003
v -0.000742 0.128984 0.002197
v -0.006530 0.126574 0.002197
v -0.005042 0.125568 0.004496
v -0.002221 0.124870 0.005689
v -0.000930 0.127819 0.004003
v -0.005042 0.125568 0.004496
v -0.003684 0.123387 0.005262
v -0.002347 0.121964 0.005720
v -0.002221 0.124870 0.005689
v -0.003684 0.123387 0.005262
v -0.002347 0.121964 0.005720
v -0.003684 0.123387 0.005262
v -0.004536 0.120923 0.004973
v -0.003038 0.120281 0.005584
v -0.003038 0.120281 0.005584
v -0.004536 0.120923 0.004973
v -0.005797 0.119024 0.003393
v -0.002014 0.117581 0.005061
v 0.000491 0.120300 0.005180
v -0.000311 0.121917 0.005345
v -0.001979 0.122088 0.006204
v -0.002952 0.120188 0.006471
v 0.000225 0.118144 0.005080
v 0.000491 0.120300 0.005180
v -0.002952 0.120188 0.006471
v -0.001511 0.117985 0.005957
v -0.002952 0.120188 0.006471
v -0.001979 0.122088 0.006204
v -0.002347 0.121964 0.005720
v -0.003038 0.120281 0.005584
v -0.001511 0.117985 0.005957
v -0.002952 0.120188 0.006471
v -0.003038 0.120281 0.005584
v -0.002014 0.117581 0.005061
v -0.002347 0.121964 0.005720
v -0.001979 0.122088 0.006204
v -0.000311 0.121917 0.005345
v 0.000225 0.118144 0.005080
v -0.001511 0.117985 0.005957
v -0.002014 0.117581 0.005061
v -0.006530 0.126574 0.002197
v -0.006710 0.126796 -0.000000
v -0.007873 0.123094 -0.000000
v -0.007272 0.123069 0.002597
v -0.005042 0.125568 0.004496
v -0.006530 0.126574 0.002197
v -0.007272 0.123069 0.002597
v -0.005747 0.123087 0.004496
v -0.007272 0.123069 0.002597
v -0.007873 0.123094 -0.000000
v -0.007049 0.119408 -0.000000
v -0.005797 0.119024 0.003393
v -0.005797 0.119024 0.003393
v -0.004536 0.120923 0.004973
v -0.005747 0.123087 0.004496
v -0.007272 0.123069 0.002597
v -0.005747 0.123087 0.004496
v -0.004536 0.120923 0.004973
v -0.003684 0.123387 0.005262
v -0.005042 0.125568 0.004496
v -0.008905 0.012167 0.014740
v -0.010320 0.011979 0.010960
v -0.010901 0.006495 0.010956
v -0.009031 0.006165 0.014959
v 0.000931 0.012045 0.010822
v -0.002778 0.012071 0.014974
v -0.003945 0.007759 0.015808
v 0.001533 0.009374 0.011083
v -0.002778 0.012071 0.014974
v -0.008905 0.012167 0.014740
v -0.009031 0.006165 0.014959
v -0.003945 0.007759 0.015808
v -0.002065 0.012767 0.007085
v 0.000931 0.012045 0.010822
v 0.001533 0.009374 0.011083
v -0.003391 0.008833 0.006752
v -0.007650 0.012894 0.007562
v -0.002065 0.012767 0.007085
v -0.003391 0.008833 0.006752
v -0.006566 0.008592 0.007275
v -0.010320 0.011979 0.010960
v -0.007650 0.012894 0.007562
v -0.006566 0.008592 0.007275
v -0.010901 0.006495 0.010956
v -0.009031 0.006165 0.014959
v -0.010901 0.006495 0.010956
v -0.008623 0.004357 0.011059
v -0.006208 0.005481 0.014137
v 0.001533 0.009374 0.011083
v -0.003945 0.007759 0.015808
v -0.002785 0.006392 0.013820
v 0.000079 0.008048 0.010985
v -0.003945 0.007759 0.015808
v -0.009031 0.006165 0.014959
v -0.006208 0.005481 0.014137
v -0.002785 0.006392 0.013820
v -0.003391 0.008833 0.006752
v 0.001533 0.009374 0.011083
v 0.000079 0.008048 0.010985
v -0.002471 0.006305 0.008480
v -0.006566 0.008592 0.007275
v -0.003391 0.008833 0.006752
v -0.002471 0.006305 0.008480
v -0.007159 0.004578 0.009066
v -0.010901 0.006495 0.010956
v -0.006566 0.008592 0.007275
v -0.007159 0.004578 0.009066
v -0.008623 0.004357 0.011059
v -0.006208 0.005481 0.014137
v -0.008623 0.004357 0.011059
v -0.009478 0.000852 0.011052
v -0.007207 0.001363 0.013683
v -0.002785 0.006392 0.013820
v -0.006208 0.005481 0.014137
v -0.007207 0.001363 0.013683
v -0.002624 0.001947 0.014685
v -0.007159 0.004578 0.009066
v -0.002471 0.006305 0.008480
v -0.002789 0.001791 0.009363
v -0.006700 0.000917 0.008224
v -0.008623 0.004357 0.011059
v -0.007159 0.004578 0.009066
v -0.006700 0.000917 0.008224
v -0.009478 0.000852 0.011052
v 0.000079 0.008048 0.010985
v -0.002785 0.006392 0.013820
v 0.002482 0.004381 0.014751
v 0.004318 0.005305 0.011126
v -0.002471 0.006305 0.008480
v 0.000079 0.008048 0.010985
v 0.004318 0.005305 0.011126
v 0.004760 0.003430 0.007882
v -0.002785 0.006392 0.013820
v -0.002624 0.001947 0.014685
v 0.002467 0.000918 0.016380
v 0.002482 0.004381 0.014751
v -0.002789 0.001791 0.009363
v -0.002471 0.006305 0.008480
v 0.004760 0.003430 0.007882
v 0.004443 0.000705 0.007949
v 0.004318 0.005305 0.011126
v 0.002482 0.004381 0.014751
v 0.007224 0.002391 0.015733
v 0.008492 0.003260 0.011018
v 0.004760 0.003430 0.007882
v 0.004318 0.005305 0.011126
v 0.008492 0.003260 0.011018
v 0.009478 0.002163 0.008719
v 0.002482 0.004381 0.014751
v 0.002467 0.000918 0.016380
v 0.007583 0.001058 0.016614
v 0.007224 0.002391 0.015733
v 0.004443 0.000705 0.007949
v 0.004760 0.003430 0.007882
v 0.009478 0.002163 0.008719
v 0.008404 0.000874 0.008564
v 0.008492 0.003260 0.011018
v 0.007224 0.002391 0.015733
v 0.011266 0.001315 0.013434
v 0.009478 0.002163 0.008719
v 0.008492 0.003260 0.011018
v 0.011266 0.001315 0.013434
v 0.011756 0.001289 0.009386
v 0.007224 0.002391 0.015733
v 0.007583 0.001058 0.016614
v 0.010752 0.000572 0.014006
v 0.011266 0.001315 0.013434
v 0.008404 0.000874 0.008564
v 0.009478 0.002163 0.008719
v 0.011756 0.001289 0.009386
v 0.011570 0.000445 0.009286
v 0.011570 0.000445 0.009286
v 0.011756 0.001289 0.009386
v 0.011266 0.001315 0.013434
v 0.010752 0.000572 0.014006
v -0.007207 0.001363 0.013683
v -0.009478 0.000852 0.011052
v -0.008436 -0.000161 0.011100
v -0.006257 -0.000097 0.013005
v -0.002624 0.001947 0.014685
v -0.007207 0.001363 0.013683
v -0.006257 -0.000097 0.013005
v -0.002220 0.000583 0.014290
v -0.006700 0.000917 0.008224
v -0.002789 0.001791 0.009363
v -0.001842 0.000688 0.011263
v -0.006110 -0.000175 0.009532
v -0.009478 0.000852 0.011052
v -0.006700 0.000917 0.008224
v -0.006110 -0.000175 0.009532
v -0.008436 -0.000161 0.011100
v 0.002467 0.000918 0.016380
v -0.002624 0.001947 0.014685
v -0.002220 0.000583 0.014290
v 0.002382 0.000013 0.015713
v -0.002789 0.001791 0.009363
v 0.004443 0.000705 0.007949
v 0.004172 -0.000157 0.009301
v -0.001842 0.000688 0.011263
v 0.007583 0.001058 0.016614
v 0.002467 0.000918 0.016380
v 0.002382 0.000013 0.015713
v 0.007006 0.000025 0.015810
v 0.004443 0.000705 0.007949
v 0.008404 0.000874 0.008564
v 0.007813 -0.000045 0.009393
v 0.004172 -0.000157 0.009301
v 0.010752 0.000572 0.014006
v 0.007583 0.001058 0.016614
v 0.007006 0.000025 0.015810
v 0.009870 -0.000009 0.013797
v 0.008404 0.000874 0.008564
v 0.011570 0.000445 0.009286
v 0.010609 -0.000076 0.009531
v 0.007813 -0.000045 0.009393
v 0.011570 0.000445 0.009286
v 0.010752 0.000572 0.014006
v 0.009870 -0.000009 0.013797
v 0.010609 -0.000076 0.009531
v 0.004172 -0.000157 0.009301
v 0.007813 -0.000045 0.009393
v 0.007006 0.000025 0.015810
v 0.002382 0.000013 0.015713
v -0.006110 -0.000175 0.009532
v -0.001842 0.000688 0.011263
v -0.002220 0.000583 0.014290
v -0.006257 -0.000097 0.013005
v 0.007813 -0.000045 0.009393
v 0.010609 -0.000076 0.009531
v 0.009870 -0.000009 0.013797
v 0.007006 0.000025 0.015810
v -0.001842 0.000688 0.011263
v 0.004172 -0.000157 0.009301
v 0.002382 0.000013 0.015713
v -0.002220 0.000583 0.014290
v -0.008436 -0.000161 0.011100
v -0.006110 -0.000175 0.009532
v -0.006257 -0.000097 0.013005
v -0.002653 0.061426 0.000000
v -0.002646 0.060206 0.001875
v -0.009316 0.063229 0.001863
v -0.009316 0.064483 0.000000
v -0.005578 0.114272 -0.000000
v -0.004922 0.114272 0.002054
v -0.005121 0.116770 0.003155
v -0.005819 0.116770 -0.000000
v 0.006627 0.115690 0.001245
v 0.006219 0.114623 0.001551
v 0.006654 0.114606 -0.000000
v 0.006991 0.115473 -0.000000
v -0.005819 0.116770 -0.000000
v -0.005121 0.116770 0.003155
v -0.005797 0.119024 0.003393
v -0.007049 0.119408 -0.000000
v 0.007837 0.079080 0.004550
v 0.005081 0.080106 0.007758
v 0.005543 0.076777 0.008034
v 0.007596 0.075450 0.005544
v 0.005081 0.080106 0.007758
v 0.001165 0.081038 0.010716
v 0.002001 0.077334 0.010828
v 0.005543 0.076777 0.008034
v 0.001165 0.081038 0.010716
v -0.005671 0.081194 0.008552
v -0.004584 0.077917 0.009398
v 0.002001 0.077334 0.010828
v -0.006694 0.078424 0.006803
v -0.005671 0.081194 0.008552
v -0.007483 0.081446 0.003248
v -0.007714 0.078671 0.002686
v -0.007714 0.078671 0.002686
v -0.007483 0.081446 0.003248
v -0.008128 0.081563 -0.000000
v -0.008021 0.078296 -0.000000
v -0.004584 0.077917 0.009398
v -0.005671 0.081194 0.008552
v -0.006694 0.078424 0.006803
v 0.001703 0.106286 0.003409
v 0.001021 0.107753 0.004509
v 0.000839 0.106685 0.007998
v -0.003902 0.110015 0.006474
v -0.002757 0.110560 0.004498
v -0.005740 0.111775 0.002794
v -0.006581 0.110694 0.003134
v -0.005740 0.111775 0.002794
v -0.005911 0.111897 -0.000000
v -0.006618 0.110694 -0.000000
v -0.006581 0.110694 0.003134
v -0.003902 0.110015 0.006474
v -0.006581 0.110694 0.003134
v -0.008143 0.108471 0.005145
v -0.003277 0.102869 0.032549
v -0.006451 0.102340 0.033704
v -0.006236 0.102598 0.030232
v -0.003005 0.103478 0.030125
v -0.006236 0.102598 0.030232
v -0.006451 0.102340 0.033704
v -0.009644 0.105193 0.033205
v -0.008899 0.104654 0.028639
v -0.009644 0.105193 0.033205
v -0.008839 0.107879 0.034805
v -0.008377 0.107972 0.029313
v -0.008899 0.104654 0.028639
v -0.008377 0.107972 0.029313
v -0.008839 0.107879 0.034805
v -0.006384 0.109613 0.034253
v -0.006300 0.109124 0.029351
v -0.006384 0.109613 0.034253
v -0.004004 0.108828 0.033940
v -0.003909 0.108720 0.029726
v -0.006300 0.109124 0.029351
v -0.004004 0.108828 0.033940
v -0.001718 0.106083 0.033470
v -0.002276 0.106182 0.030304
v -0.003909 0.108720 0.029726
v -0.002276 0.106182 0.030304
v -0.001718 0.106083 0.033470
v -0.003277 0.102869 0.032549
v -0.003005 0.103478 0.030125
v 0.004143 0.129011 -0.000000
v -0.000514 0.129716 -0.000000
v -0.000537 0.129448 0.002060
v 0.003835 0.128503 0.003367
v 0.001742 0.127046 0.005757
v 0.003835 0.128503 0.003367
v -0.000537 0.129448 0.002060
v -0.000745 0.128407 0.004059
v 0.001458 0.124855 0.005808
v 0.001742 0.127046 0.005757
v -0.001958 0.126841 0.005777
v -0.002173 0.125144 0.005924
v -0.000263 0.122314 0.005733
v 0.001458 0.124855 0.005808
v -0.002173 0.125144 0.005924
v -0.002367 0.122263 0.005958
v -0.005529 0.115674 0.002701
v -0.004863 0.116918 0.004143
v -0.006130 0.118676 0.003275
v -0.003882 0.128680 0.001955
v -0.006875 0.127095 0.002060
v -0.005294 0.125916 0.004603
v -0.003087 0.128059 0.003880
v -0.002173 0.125144 0.005924
v -0.001958 0.126841 0.005777
v -0.005294 0.125916 0.004603
v -0.003791 0.123504 0.005565
v -0.002367 0.122263 0.005958
v -0.002173 0.125144 0.005924
v -0.003791 0.123504 0.005565
v -0.002367 0.122263 0.005958
v -0.003791 0.123504 0.005565
v -0.004734 0.120777 0.005022
v -0.003964 0.120066 0.005791
v -0.003964 0.120066 0.005791
v -0.004734 0.120777 0.005022
v -0.006130 0.118676 0.003275
v -0.004863 0.116918 0.004143
v -0.006875 0.127095 0.002060
v -0.007044 0.127303 -0.000000
v -0.008341 0.123175 -0.000000
v -0.007762 0.123152 0.002502
v -0.005294 0.125916 0.004603
v -0.006875 0.127095 0.002060
v -0.007762 0.123152 0.002502
v -0.006075 0.123171 0.004603
v -0.007762 0.123152 0.002502
v -0.008341 0.123175 -0.000000
v -0.007373 0.119058 -0.000000
v -0.006130 0.118676 0.003275
v -0.006130 0.118676 0.003275
v -0.004734 0.120777 0.005022
v -0.006075 0.123171 0.004603
v -0.007762 0.123152 0.002502
v -0.006075 0.123171 0.004603
v -0.004734 0.120777 0.005022
v -0.003791 0.123504 0.005565
v -0.005294 0.125916 0.004603
v 0.003835 0.128503 0.003367
v 0.001742 0.127046 0.005757
v 0.005846 0.126706 0.004077
v 0.006734 0.126961 0.002060
v 0.001742 0.127046 0.005757
v 0.003320 0.125573 0.004856
v 0.005846 0.126706 0.004077
v 0.001458 0.124855 0.005808
v -0.000263 0.122314 0.005733
v 0.002222 0.121656 0.005198
v 0.003646 0.123114 0.004889
v 0.001458 0.124855 0.005808
v 0.003646 0.123114 0.004889
v 0.003320 0.125573 0.004856
v 0.001742 0.127046 0.005757
v 0.002222 0.121656 0.005198
v -0.000263 0.122314 0.005733
v 0.000419 0.120275 0.005347
v 0.002019 0.120504 0.005347
v 0.006734 0.126961 0.002060
v 0.005846 0.126706 0.004077
v 0.004575 0.125196 0.002978
v 0.005448 0.125010 0.001932
v 0.003320 0.125573 0.004856
v 0.003646 0.123114 0.004889
v 0.003646 0.123143 0.004562
v 0.003320 0.124868 0.004086
v 0.003646 0.123114 0.004889
v 0.002222 0.121656 0.005198
v 0.002222 0.121360 0.004780
v 0.003646 0.123143 0.004562
v 0.005846 0.126706 0.004077
v 0.003320 0.125573 0.004856
v 0.003320 0.124868 0.004086
v 0.004575 0.125196 0.002978
v 0.002222 0.121656 0.005198
v 0.002019 0.120504 0.005347
v 0.002019 0.120356 0.004861
v 0.002222 0.121360 0.004780
v -0.000263 0.122314 0.005733
v -0.002367 0.122263 0.005958
v -0.002367 0.122263 0.005377
v -0.000263 0.122314 0.005348
v -0.002367 0.122263 0.005958
v -0.003964 0.120066 0.005791
v -0.003521 0.120066 0.005065
v -0.002367 0.122263 0.005377
v -0.003964 0.120066 0.005791
v -0.004863 0.116918 0.004143
v -0.003744 0.116734 0.003441
v -0.003521 0.120066 0.005065
v 0.000419 0.120275 0.005347
v -0.000263 0.122314 0.005733
v -0.000263 0.122314 0.005348
v 0.000419 0.120275 0.004962
v 0.002019 0.120504 0.005347
v 0.000419 0.120275 0.005347
v 0.000419 0.120275 0.004962
v 0.002019 0.120356 0.004861
v -0.004863 0.116918 0.004143
v -0.005529 0.115674 0.002701
v -0.004824 0.115674 0.002701
v -0.003744 0.116734 0.003441
v -0.005529 0.115674 0.002701
v -0.006374 0.115561 -0.000000
v -0.005669 0.115561 -0.000000
v -0.004824 0.115674 0.002701
v 0.001742 0.127046 0.005757
v -0.000745 0.128407 0.004059
v -0.001958 0.126841 0.005777
v -0.001958 0.126841 0.005777
v -0.000745 0.128407 0.004059
v -0.003087 0.128059 0.003880
v -0.000745 0.128407 0.004059
v -0.000537 0.129448 0.002060
v -0.003882 0.128680 0.001955
v -0.003087 0.128059 0.003880
v -0.000537 0.129448 0.002060
v -0.000514 0.129716 -0.000000
v -0.003608 0.128814 -0.000000
v -0.003882 0.128680 0.001955
v -0.001958 0.126841 0.005777
v -0.003087 0.128059 0.003880
v -0.005294 0.125916 0.004603
v 0.005286 0.073626 0.008948
v 0.007013 0.072318 0.007098
v 0.007596 0.075450 0.005544
v 0.005543 0.076777 0.008034
v 0.007013 0.072318 0.007098
v 0.005286 0.073626 0.008948
v 0.005596 0.070638 0.009251
v -0.009316 0.064483 0.000000
v -0.009316 0.063229 0.001863
v -0.010357 0.068277 0.003279
v -0.010547 0.068616 0.000000
v -0.010547 0.068616 0.000000
v -0.010357 0.068277 0.003279
v -0.008797 0.073356 0.002415
v -0.008946 0.073392 0.000000
v -0.008797 0.073356 0.002415
v -0.007780 0.075752 0.002415
v -0.007932 0.075724 -0.000000
v -0.008946 0.073392 0.000000
v -0.007780 0.075752 0.002415
v -0.007714 0.078671 0.002686
v -0.008021 0.078296 -0.000000
v -0.007932 0.075724 -0.000000
v -0.008128 0.081563 -0.000000
v -0.007483 0.081446 0.003248
v -0.008280 0.087106 0.003246
v -0.009066 0.087666 -0.000000
v -0.009066 0.087666 -0.000000
v -0.008280 0.087106 0.003246
v -0.011034 0.095475 0.003147
v -0.011534 0.095972 -0.000000
v -0.011034 0.095475 0.003147
v -0.010828 0.102545 0.003790
v -0.011202 0.101768 -0.000000
v -0.011534 0.095972 -0.000000
v -0.005740 0.111775 0.002794
v -0.004922 0.114272 0.002054
v -0.005578 0.114272 -0.000000
v -0.005911 0.111897 -0.000000
v 0.007837 0.079080 0.004550
v 0.007596 0.075450 0.005544
v 0.007940 0.075233 -0.000000
v 0.007590 0.078996 -0.000000
v 0.002076 0.107500 -0.000000
v 0.001021 0.107753 0.004509
v 0.001703 0.106286 0.003409
v 0.002522 0.105647 -0.000000
v -0.008743 0.108452 -0.000000
v -0.008143 0.108471 0.005145
v -0.006581 0.110694 0.003134
v -0.006618 0.110694 -0.000000
v -0.007044 0.127303 -0.000000
v -0.006875 0.127095 0.002060
v -0.003882 0.128680 0.001955
v -0.003608 0.128814 -0.000000
v -0.006374 0.115561 -0.000000
v -0.005529 0.115674 0.002701
v -0.006130 0.118676 0.003275
v -0.007373 0.119058 -0.000000
v 0.004143 0.129011 -0.000000
v 0.003835 0.128503 0.003367
v 0.006734 0.126961 0.002060
v 0.007024 0.127154 -0.000000
v 0.006734 0.126961 0.002060
v 0.005448 0.125010 0.001932
v 0.006023 0.124867 -0.000000
v 0.007024 0.127154 -0.000000
v -0.002778 0.012071 -0.014973
v -0.008905 0.012167 -0.014740
v -0.008289 0.021437 -0.014245
v -0.002400 0.023026 -0.014669
v -0.002778 0.012071 -0.014973
v -0.002400 0.023026 -0.014669
v 0.000484 0.021928 -0.010819
v 0.000931 0.012045 -0.010822
v -0.009986 0.020547 -0.010084
v -0.008289 0.021437 -0.014245
v -0.008905 0.012167 -0.014740
v -0.010320 0.011979 -0.010959
v 0.000484 0.021928 -0.010819
v -0.001819 0.021405 -0.006099
v -0.002065 0.012767 -0.007084
v 0.000931 0.012045 -0.010822
v -0.001819 0.021405 -0.006099
v -0.005867 0.021313 -0.005441
v -0.007650 0.012894 -0.007561
v -0.002065 0.012767 -0.007084
v -0.005867 0.021313 -0.005441
v -0.009986 0.020547 -0.010084
v -0.010320 0.011979 -0.010959
v -0.007650 0.012894 -0.007561
v -0.008289 0.021437 -0.014245
v -0.008115 0.027435 -0.013736
v -0.001765 0.029095 -0.014261
v -0.002400 0.023026 -0.014669
v -0.002400 0.023026 -0.014669
v -0.001765 0.029095 -0.014261
v 0.001409 0.028751 -0.011070
v 0.000484 0.021928 -0.010819
v -0.009986 0.020547 -0.010084
v -0.009371 0.027428 -0.008739
v -0.008115 0.027435 -0.013736
v -0.008289 0.021437 -0.014245
v 0.000484 0.021928 -0.010819
v 0.001409 0.028751 -0.011070
v -0.000574 0.027327 -0.005813
v -0.001819 0.021405 -0.006099
v -0.001819 0.021405 -0.006099
v -0.000574 0.027327 -0.005813
v -0.006106 0.027909 -0.005040
v -0.005867 0.021313 -0.005441
v -0.005867 0.021313 -0.005441
v -0.006106 0.027909 -0.005040
v -0.009371 0.027428 -0.008739
v -0.009986 0.020547 -0.010084
v -0.008115 0.027435 -0.013736
v -0.006151 0.034427 -0.014099
v -0.000507 0.034682 -0.013769
v -0.001765 0.029095 -0.014261
v -0.001765 0.029095 -0.014261
v -0.000507 0.034682 -0.013769
v 0.002779 0.034090 -0.010002
v 0.001409 0.028751 -0.011070
v -0.009371 0.027428 -0.008739
v -0.007968 0.034420 -0.009129
v -0.006151 0.034427 -0.014099
v -0.008115 0.027435 -0.013736
v 0.001409 0.028751 -0.011070
v 0.002779 0.034090 -0.010002
v 0.000754 0.033473 -0.005052
v -0.000574 0.027327 -0.005813
v -0.000574 0.027327 -0.005813
v 0.000754 0.033473 -0.005052
v -0.004861 0.033745 -0.004165
v -0.006106 0.027909 -0.005040
v -0.006106 0.027909 -0.005040
v -0.004861 0.033745 -0.004165
v -0.007968 0.034420 -0.009129
v -0.009371 0.027428 -0.008739
v -0.006151 0.034427 -0.014099
v -0.005463 0.038420 -0.013735
v 0.000350 0.037115 -0.014023
v -0.000507 0.034682 -0.013769
v -0.000507 0.034682 -0.013769
v 0.000350 0.037115 -0.014023
v 0.003894 0.036996 -0.010105
v 0.002779 0.034090 -0.010002
v -0.007968 0.034420 -0.009129
v -0.007019 0.038589 -0.008866
v -0.005463 0.038420 -0.013735
v -0.006151 0.034427 -0.014099
v 0.002779 0.034090 -0.010002
v 0.003894 0.036996 -0.010105
v 0.001534 0.036407 -0.005173
v 0.000754 0.033473 -0.005052
v 0.000754 0.033473 -0.005052
v 0.001534 0.036407 -0.005173
v -0.003906 0.037773 -0.004302
v -0.004861 0.033745 -0.004165
v -0.004861 0.033745 -0.004165
v -0.003906 0.037773 -0.004302
v -0.007019 0.038589 -0.008866
v -0.007968 0.034420 -0.009129
v -0.005463 0.038420 -0.013735
v -0.005190 0.041386 -0.013579
v 0.000618 0.040711 -0.013830
v 0.000350 0.037115 -0.014023
v 0.000350 0.037115 -0.014023
v 0.000618 0.040711 -0.013830
v 0.004647 0.040407 -0.009612
v 0.003894 0.036996 -0.010105
v -0.007019 0.038589 -0.008866
v -0.006615 0.041357 -0.008230
v -0.005190 0.041386 -0.013579
v -0.005463 0.038420 -0.013735
v 0.003894 0.036996 -0.010105
v 0.004647 0.040407 -0.009612
v 0.002491 0.040140 -0.004872
v 0.001534 0.036407 -0.005173
v 0.001534 0.036407 -0.005173
v 0.002491 0.040140 -0.004872
v -0.004143 0.040840 -0.003904
v -0.003906 0.037773 -0.004302
v -0.003906 0.037773 -0.004302
v -0.004143 0.040840 -0.003904
v -0.006615 0.041357 -0.008230
v -0.007019 0.038589 -0.008866
v -0.005190 0.041386 -0.013579
v -0.004774 0.049838 -0.013098
v 0.001140 0.049694 -0.013178
v 0.000618 0.040711 -0.013830
v 0.000618 0.040711 -0.013830
v 0.001140 0.049694 -0.013178
v 0.005170 0.049480 -0.008753
v 0.004647 0.040407 -0.009612
v -0.006615 0.041357 -0.008230
v -0.006668 0.049345 -0.007124
v -0.004774 0.049838 -0.013098
v -0.005190 0.041386 -0.013579
v 0.004647 0.040407 -0.009612
v 0.005170 0.049480 -0.008753
v 0.003048 0.048755 -0.003216
v 0.002491 0.040140 -0.004872
v 0.002491 0.040140 -0.004872
v 0.003048 0.048755 -0.003216
v -0.003332 0.048858 -0.003079
v -0.004143 0.040840 -0.003904
v -0.004143 0.040840 -0.003904
v -0.003332 0.048858 -0.003079
v -0.006668 0.049345 -0.007124
v -0.006615 0.041357 -0.008230
v -0.004774 0.049838 -0.013098
v -0.006150 0.061839 -0.012397
v 0.001896 0.060347 -0.012914
v 0.001140 0.049694 -0.013178
v 0.001140 0.049694 -0.013178
v 0.001896 0.060347 -0.012914
v 0.006786 0.059380 -0.007852
v 0.005170 0.049480 -0.008753
v -0.006668 0.049345 -0.007124
v -0.007712 0.057993 -0.006547
v -0.006150 0.061839 -0.012397
v -0.004774 0.049838 -0.013098
v 0.005170 0.049480 -0.008753
v 0.006786 0.059380 -0.007852
v 0.004478 0.056529 -0.001667
v 0.003048 0.048755 -0.003216
v 0.003048 0.048755 -0.003216
v 0.004478 0.056529 -0.001667
v -0.004236 0.056624 -0.002123
v -0.003332 0.048858 -0.003079
v -0.003332 0.048858 -0.003079
v -0.004236 0.056624 -0.002123
v -0.007712 0.057993 -0.006547
v -0.006668 0.049345 -0.007124
v -0.006150 0.061839 -0.012397
v -0.005894 0.065217 -0.011538
v 0.001921 0.065090 -0.012319
v 0.001896 0.060347 -0.012914
v 0.001896 0.060347 -0.012914
v 0.001921 0.065090 -0.012319
v 0.006665 0.062957 -0.007199
v 0.006786 0.059380 -0.007852
v -0.007712 0.057993 -0.006547
v -0.008943 0.061746 -0.005755
v -0.005894 0.065217 -0.011538
v -0.006150 0.061839 -0.012397
v 0.006786 0.059380 -0.007852
v 0.004687 0.060770 -0.000840
v 0.004478 0.056529 -0.001667
v 0.004478 0.056529 -0.001667
v 0.004687 0.060770 -0.000840
v -0.002646 0.060206 -0.001875
v -0.004236 0.056624 -0.002123
v -0.004236 0.056624 -0.002123
v -0.002646 0.060206 -0.001875
v -0.008943 0.061746 -0.005755
v -0.007712 0.057993 -0.006547
v -0.002646 0.060206 -0.001875
v 0.004687 0.060770 -0.000840
v 0.004291 0.061112 0.000000
v -0.002653 0.061426 0.000000
v 0.004687 0.060770 -0.000840
v 0.006572 0.063326 -0.002635
v 0.006882 0.063156 -0.000000
v 0.004291 0.061112 0.000000
v 0.004687 0.060770 -0.000840
v 0.006786 0.059380 -0.007852
v 0.006665 0.062957 -0.007199
v 0.006572 0.063326 -0.002635
v 0.006572 0.063326 -0.002635
v 0.007341 0.070084 -0.003702
v 0.007723 0.069837 -0.000000
v 0.006882 0.063156 -0.000000
v 0.006665 0.062957 -0.007199
v 0.005596 0.070638 -0.009251
v 0.007341 0.070084 -0.003702
v 0.006572 0.063326 -0.002635
v -0.002646 0.060206 -0.001875
v -0.009316 0.063229 -0.001863
v -0.008943 0.061746 -0.005755
v -0.005894 0.065217 -0.011538
v -0.005433 0.069850 -0.010185
v 0.002189 0.070325 -0.012039
v 0.001921 0.065090 -0.012319
v 0.001921 0.065090 -0.012319
v 0.002189 0.070325 -0.012039
v 0.005596 0.070638 -0.009251
v 0.006665 0.062957 -0.007199
v -0.008943 0.061746 -0.005755
v -0.009195 0.068578 -0.006186
v -0.005433 0.069850 -0.010185
v -0.005894 0.065217 -0.011538
v -0.009195 0.068578 -0.006186
v -0.007919 0.073480 -0.006259
v -0.005068 0.072578 -0.009541
v -0.005433 0.069850 -0.010185
v -0.005433 0.069850 -0.010185
v -0.005068 0.072578 -0.009541
v 0.002189 0.070325 -0.012039
v -0.009316 0.063229 -0.001863
v -0.010357 0.068277 -0.003278
v -0.009195 0.068578 -0.006186
v -0.008943 0.061746 -0.005755
v -0.010357 0.068277 -0.003278
v -0.008797 0.073356 -0.002415
v -0.007919 0.073480 -0.006259
v -0.009195 0.068578 -0.006186
v 0.007723 0.069837 -0.000000
v 0.007341 0.070084 -0.003702
v 0.007217 0.071792 -0.003375
v 0.007639 0.071548 -0.000000
v 0.005596 0.070638 -0.009251
v 0.007013 0.072318 -0.007098
v 0.007217 0.071792 -0.003375
v 0.007341 0.070084 -0.003702
v 0.002189 0.070325 -0.012039
v 0.002117 0.073952 -0.011392
v 0.005286 0.073626 -0.008948
v 0.005596 0.070638 -0.009251
v -0.007919 0.073480 -0.006259
v -0.007072 0.075795 -0.006052
v -0.003501 0.075234 -0.009430
v -0.005068 0.072578 -0.009541
v -0.005068 0.072578 -0.009541
v -0.003501 0.075234 -0.009430
v 0.002117 0.073952 -0.011392
v 0.002189 0.070325 -0.012039
v -0.008797 0.073356 -0.002415
v -0.007780 0.075752 -0.002415
v -0.007072 0.075795 -0.006052
v -0.007919 0.073480 -0.006259
v 0.007217 0.071792 -0.003375
v 0.007596 0.075450 -0.005544
v 0.007940 0.075233 -0.000000
v 0.007639 0.071548 -0.000000
v 0.007013 0.072318 -0.007098
v 0.007596 0.075450 -0.005544
v 0.007217 0.071792 -0.003375
v 0.002117 0.073952 -0.011392
v 0.002001 0.077334 -0.010828
v 0.005543 0.076777 -0.008034
v 0.005286 0.073626 -0.008948
v -0.007072 0.075795 -0.006052
v -0.006694 0.078424 -0.006803
v -0.004584 0.077917 -0.009398
v -0.003501 0.075234 -0.009430
v -0.003501 0.075234 -0.009430
v -0.004584 0.077917 -0.009398
v 0.002001 0.077334 -0.010828
v 0.002117 0.073952 -0.011392
v -0.007072 0.075795 -0.006052
v -0.007780 0.075752 -0.002415
v -0.007714 0.078671 -0.002686
v -0.006694 0.078424 -0.006803
v 0.007590 0.078996 -0.000000
v 0.007837 0.079080 -0.004550
v 0.007741 0.085822 -0.002754
v 0.008212 0.086616 -0.000000
v 0.005081 0.080106 -0.007758
v 0.004971 0.087024 -0.007886
v 0.007741 0.085822 -0.002754
v 0.007837 0.079080 -0.004550
v 0.001165 0.081038 -0.010716
v -0.000381 0.087877 -0.010549
v 0.004971 0.087024 -0.007886
v 0.005081 0.080106 -0.007758
v -0.005672 0.081194 -0.008552
v -0.006882 0.087419 -0.008791
v -0.000381 0.087877 -0.010549
v 0.001165 0.081038 -0.010716
v -0.007483 0.081446 -0.003248
v -0.008280 0.087106 -0.003246
v -0.006882 0.087419 -0.008791
v -0.005672 0.081194 -0.008552
v 0.008212 0.086616 -0.000000
v 0.007741 0.085822 -0.002754
v 0.007636 0.092578 -0.001610
v 0.007539 0.092334 -0.000000
v 0.004971 0.087024 -0.007886
v 0.004391 0.093916 -0.009058
v 0.007485 0.092720 -0.005026
v 0.007741 0.085822 -0.002754
v -0.000381 0.087877 -0.010549
v -0.000991 0.094768 -0.011646
v 0.004391 0.093916 -0.009058
v 0.004971 0.087024 -0.007886
v -0.006882 0.087419 -0.008791
v -0.007524 0.094331 -0.010922
v -0.000991 0.094768 -0.011646
v -0.000381 0.087877 -0.010549
v -0.008280 0.087106 -0.003246
v -0.011034 0.095475 -0.003147
v -0.007524 0.094331 -0.010922
v -0.006882 0.087419 -0.008791
v 0.007636 0.092578 -0.001610
v 0.007708 0.095033 -0.001416
v 0.007770 0.095035 -0.000000
v 0.007539 0.092334 -0.000000
v 0.004391 0.093916 -0.009058
v 0.004225 0.096029 -0.009332
v 0.007157 0.095040 -0.005285
v 0.007485 0.092720 -0.005026
v -0.000991 0.094768 -0.011646
v -0.001300 0.098961 -0.013414
v 0.004225 0.096029 -0.009332
v 0.004391 0.093916 -0.009058
v -0.007524 0.094331 -0.010922
v -0.006594 0.098759 -0.014875
v -0.001300 0.098961 -0.013414
v -0.000991 0.094768 -0.011646
v -0.011034 0.095475 -0.003147
v -0.010828 0.102545 -0.003791
v -0.009693 0.101095 -0.009066
v -0.007524 0.094331 -0.010922
v 0.007157 0.095040 -0.005285
v 0.007708 0.095033 -0.001416
v 0.007636 0.092578 -0.001610
v 0.007485 0.092720 -0.005026
v 0.007636 0.092578 -0.001610
v 0.007741 0.085822 -0.002754
v 0.007485 0.092720 -0.005026
v -0.007524 0.094331 -0.010922
v -0.009693 0.101095 -0.009066
v -0.008889 0.101914 -0.013020
v -0.006594 0.098759 -0.014875
v -0.009693 0.101095 -0.009066
v -0.008135 0.106680 -0.009905
v -0.008524 0.106936 -0.013895
v -0.008889 0.101914 -0.013020
v -0.008135 0.106680 -0.009905
v -0.004442 0.109099 -0.010206
v -0.004746 0.108761 -0.014897
v -0.008524 0.106936 -0.013895
v -0.004442 0.109099 -0.010206
v -0.000464 0.106898 -0.010701
v -0.001237 0.106817 -0.015086
v -0.004746 0.108761 -0.014897
v -0.000464 0.106898 -0.010701
v 0.001624 0.101684 -0.010891
v -0.000094 0.104449 -0.015517
v -0.001237 0.106817 -0.015086
v 0.004225 0.096029 -0.009332
v -0.001300 0.098961 -0.013414
v 0.001624 0.101684 -0.010891
v 0.001624 0.101684 -0.010891
v -0.001300 0.098961 -0.013414
v -0.000094 0.104449 -0.015517
v -0.006594 0.098759 -0.014875
v -0.006437 0.100949 -0.018718
v -0.002272 0.101054 -0.017596
v -0.001300 0.098961 -0.013414
v -0.008889 0.101914 -0.013020
v -0.008955 0.104553 -0.018119
v -0.006437 0.100949 -0.018718
v -0.006594 0.098759 -0.014875
v -0.008524 0.106936 -0.013895
v -0.008318 0.108077 -0.017586
v -0.008955 0.104553 -0.018119
v -0.008889 0.101914 -0.013020
v -0.004746 0.108761 -0.014897
v -0.004715 0.109336 -0.017702
v -0.008318 0.108077 -0.017586
v -0.008524 0.106936 -0.013895
v -0.001237 0.106817 -0.015086
v -0.001329 0.107145 -0.017515
v -0.004715 0.109336 -0.017702
v -0.004746 0.108761 -0.014897
v -0.000094 0.104449 -0.015517
v -0.000609 0.105932 -0.017801
v -0.001329 0.107145 -0.017515
v -0.001237 0.106817 -0.015086
v -0.001300 0.098961 -0.013414
v -0.002272 0.101054 -0.017596
v -0.000609 0.105932 -0.017801
v -0.000094 0.104449 -0.015517
v -0.006437 0.100949 -0.018718
v -0.006431 0.101508 -0.020990
v -0.002365 0.102120 -0.020259
v -0.002272 0.101054 -0.017596
v -0.008955 0.104553 -0.018119
v -0.008881 0.105502 -0.020691
v -0.006431 0.101508 -0.020990
v -0.006437 0.100949 -0.018718
v -0.008318 0.108077 -0.017586
v -0.008235 0.108413 -0.021915
v -0.008881 0.105502 -0.020691
v -0.008955 0.104553 -0.018119
v -0.004715 0.109336 -0.017702
v -0.005183 0.109464 -0.023115
v -0.008235 0.108413 -0.021915
v -0.008318 0.108077 -0.017586
v -0.001329 0.107145 -0.017515
v -0.002946 0.108716 -0.021960
v -0.005183 0.109464 -0.023115
v -0.004715 0.109336 -0.017702
v -0.000609 0.105932 -0.017801
v -0.001057 0.106540 -0.021140
v -0.002946 0.108716 -0.021960
v -0.001329 0.107145 -0.017515
v -0.002272 0.101054 -0.017596
v -0.002365 0.102120 -0.020259
v -0.001057 0.106540 -0.021140
v -0.000609 0.105932 -0.017801
v -0.006431 0.101508 -0.020990
v -0.006247 0.102126 -0.029340
v -0.002558 0.103113 -0.029297
v -0.002365 0.102120 -0.020259
v -0.008881 0.105502 -0.020691
v -0.009511 0.104251 -0.026780
v -0.006247 0.102126 -0.029340
v -0.006431 0.101508 -0.020990
v -0.008235 0.108413 -0.021915
v -0.008736 0.108505 -0.027754
v -0.009511 0.104251 -0.026780
v -0.008881 0.105502 -0.020691
v -0.005183 0.109464 -0.023115
v -0.006373 0.109565 -0.028103
v -0.008736 0.108505 -0.027754
v -0.008235 0.108413 -0.021915
v -0.002946 0.108716 -0.021960
v -0.003644 0.109031 -0.028623
v -0.006373 0.109565 -0.028103
v -0.005183 0.109464 -0.023115
v -0.001057 0.106540 -0.021140
v -0.001651 0.106232 -0.029148
v -0.003644 0.109031 -0.028623
v -0.002946 0.108716 -0.021960
v -0.002365 0.102120 -0.020259
v -0.002558 0.103113 -0.029297
v -0.001651 0.106232 -0.029148
v -0.001057 0.106540 -0.021140
v -0.006247 0.102126 -0.029340
v -0.006236 0.102598 -0.030232
v -0.003005 0.103478 -0.030125
v -0.002558 0.103113 -0.029297
v -0.006247 0.102126 -0.029340
v -0.009511 0.104251 -0.026780
v -0.008899 0.104654 -0.028639
v -0.006236 0.102598 -0.030232
v -0.008736 0.108505 -0.027754
v -0.008377 0.107972 -0.029313
v -0.008899 0.104654 -0.028639
v -0.009511 0.104251 -0.026780
v -0.006373 0.109565 -0.028103
v -0.006300 0.109124 -0.029351
v -0.008377 0.107972 -0.029313
v -0.008736 0.108505 -0.027754
v -0.003644 0.109031 -0.028623
v -0.003909 0.108720 -0.029726
v -0.006300 0.109124 -0.029351
v -0.006373 0.109565 -0.028103
v -0.003644 0.109031 -0.028623
v -0.001651 0.106232 -0.029148
v -0.002276 0.106182 -0.030304
v -0.003909 0.108720 -0.029726
v -0.002558 0.103113 -0.029297
v -0.003005 0.103478 -0.030125
v -0.002276 0.106182 -0.030304
v -0.001651 0.106232 -0.029148
v -0.006451 0.102340 -0.033704
v -0.006445 0.102690 -0.035118
v -0.003198 0.103094 -0.034006
v -0.003277 0.102869 -0.032549
v -0.009644 0.105193 -0.033205
v -0.008693 0.104970 -0.035240
v -0.006445 0.102690 -0.035118
v -0.006451 0.102340 -0.033704
v -0.008839 0.107879 -0.034805
v -0.008694 0.107290 -0.035592
v -0.008693 0.104970 -0.035240
v -0.009644 0.105193 -0.033205
v -0.006384 0.109612 -0.034253
v -0.006363 0.108560 -0.035329
v -0.008694 0.107290 -0.035592
v -0.008839 0.107879 -0.034805
v -0.004004 0.108828 -0.033941
v -0.003864 0.108536 -0.034848
v -0.006363 0.108560 -0.035329
v -0.006384 0.109612 -0.034253
v -0.001718 0.106083 -0.033470
v -0.002657 0.106351 -0.035103
v -0.003864 0.108536 -0.034848
v -0.004004 0.108828 -0.033941
v -0.003277 0.102869 -0.032549
v -0.003198 0.103094 -0.034006
v -0.002657 0.106351 -0.035103
v -0.001718 0.106083 -0.033470
v -0.006445 0.102690 -0.035118
v -0.005226 0.102669 -0.040202
v -0.002060 0.102985 -0.039885
v -0.003198 0.103094 -0.034006
v -0.008693 0.104970 -0.035240
v -0.008288 0.104839 -0.040036
v -0.005226 0.102669 -0.040202
v -0.006445 0.102690 -0.035118
v -0.008694 0.107290 -0.035592
v -0.008078 0.107274 -0.040452
v -0.008288 0.104839 -0.040036
v -0.008693 0.104970 -0.035240
v -0.006363 0.108560 -0.035329
v -0.005079 0.108531 -0.040697
v -0.008078 0.107274 -0.040452
v -0.008694 0.107290 -0.035592
v -0.003864 0.108536 -0.034848
v -0.002235 0.108466 -0.040331
v -0.005079 0.108531 -0.040697
v -0.006363 0.108560 -0.035329
v -0.002657 0.106351 -0.035103
v -0.000532 0.105671 -0.039429
v -0.002235 0.108466 -0.040331
v -0.003864 0.108536 -0.034848
v -0.003198 0.103094 -0.034006
v -0.002060 0.102985 -0.039885
v -0.000532 0.105671 -0.039429
v -0.002657 0.106351 -0.035103
v -0.005226 0.102669 -0.040202
v -0.002840 0.104417 -0.047767
v -0.000913 0.104697 -0.047572
v -0.002060 0.102985 -0.039885
v -0.008288 0.104839 -0.040036
v -0.005109 0.105023 -0.048473
v -0.002840 0.104417 -0.047767
v -0.005226 0.102669 -0.040202
v -0.008078 0.107274 -0.040452
v -0.005165 0.106757 -0.048604
v -0.005109 0.105023 -0.048473
v -0.008288 0.104839 -0.040036
v -0.005079 0.108531 -0.040697
v -0.003683 0.107898 -0.048304
v -0.005165 0.106757 -0.048604
v -0.008078 0.107274 -0.040452
v -0.002235 0.108466 -0.040331
v -0.001162 0.107865 -0.048055
v -0.003683 0.107898 -0.048304
v -0.005079 0.108531 -0.040697
v -0.000532 0.105671 -0.039429
v 0.000190 0.106108 -0.047262
v -0.001162 0.107865 -0.048055
v -0.002235 0.108466 -0.040331
v -0.002060 0.102985 -0.039885
v -0.000913 0.104697 -0.047572
v 0.000190 0.106108 -0.047262
v -0.000532 0.105671 -0.039429
v -0.002840 0.104417 -0.047767
v -0.002352 0.104662 -0.049499
v -0.000572 0.104935 -0.049318
v -0.000913 0.104697 -0.047572
v -0.005109 0.105023 -0.048473
v -0.004477 0.105263 -0.050161
v -0.002352 0.104662 -0.049499
v -0.002840 0.104417 -0.047767
v -0.005165 0.106757 -0.048604
v -0.004569 0.106742 -0.050277
v -0.004477 0.105263 -0.050161
v -0.005109 0.105023 -0.048473
v -0.003683 0.107898 -0.048304
v -0.003167 0.107907 -0.050256
v -0.004569 0.106742 -0.050277
v -0.005165 0.106757 -0.048604
v -0.001162 0.107865 -0.048055
v -0.000820 0.107832 -0.049763
v -0.003167 0.107907 -0.050256
v -0.003683 0.107898 -0.048304
v 0.000190 0.106108 -0.047262
v 0.000379 0.106126 -0.049225
v -0.000820 0.107832 -0.049763
v -0.001162 0.107865 -0.048055
v -0.000913 0.104697 -0.047572
v -0.000572 0.104935 -0.049318
v 0.000379 0.106126 -0.049225
v 0.000190 0.106108 -0.047262
v -0.002352 0.104662 -0.049499
v -0.001821 0.104414 -0.050823
v -0.000534 0.104268 -0.050569
v -0.000572 0.104935 -0.049318
v -0.004477 0.105263 -0.050161
v -0.004230 0.104916 -0.051592
v -0.001821 0.104414 -0.050823
v -0.002352 0.104662 -0.049499
v -0.004569 0.106742 -0.050277
v -0.004336 0.106387 -0.052037
v -0.004230 0.104916 -0.051592
v -0.004477 0.105263 -0.050161
v -0.003167 0.107907 -0.050256
v -0.002738 0.107735 -0.052395
v -0.004336 0.106387 -0.052037
v -0.004569 0.106742 -0.050277
v -0.000820 0.107832 -0.049763
v -0.000100 0.107539 -0.051809
v -0.002738 0.107735 -0.052395
v -0.003167 0.107907 -0.050256
v 0.000379 0.106126 -0.049225
v 0.001247 0.105666 -0.050869
v -0.000100 0.107539 -0.051809
v -0.000820 0.107832 -0.049763
v -0.000572 0.104935 -0.049318
v -0.000534 0.104268 -0.050569
v 0.001247 0.105666 -0.050869
v 0.000379 0.106126 -0.049225
v -0.004336 0.106387 -0.052037
v -0.004698 0.105966 -0.054894
v -0.004174 0.104133 -0.054970
v -0.004230 0.104916 -0.051592
v -0.002738 0.107735 -0.052395
v -0.003031 0.107418 -0.055343
v -0.004698 0.105966 -0.054894
v -0.004336 0.106387 -0.052037
v -0.000100 0.107539 -0.051809
v 0.001108 0.106743 -0.055045
v -0.003031 0.107418 -0.055343
v -0.002738 0.107735 -0.052395
v 0.001247 0.105666 -0.050869
v 0.002556 0.104755 -0.052252
v 0.002079 0.105322 -0.053576
v 0.001247 0.105666 -0.050869
v -0.000534 0.104268 -0.050569
v 0.001080 0.102880 -0.051770
v 0.002556 0.104755 -0.052252
v -0.001821 0.104414 -0.050823
v -0.001363 0.103801 -0.054271
v -0.000252 0.102722 -0.053000
v -0.001821 0.104414 -0.050823
v -0.004230 0.104916 -0.051592
v -0.004174 0.104133 -0.054970
v -0.001363 0.103801 -0.054271
v -0.000100 0.107539 -0.051809
v 0.001247 0.105666 -0.050869
v 0.002079 0.105322 -0.053576
v 0.001108 0.106743 -0.055045
v -0.000534 0.104268 -0.050569
v -0.001821 0.104414 -0.050823
v -0.000252 0.102722 -0.053000
v 0.001080 0.102880 -0.051770
v 0.000607 0.103233 -0.057706
v 0.002164 0.104804 -0.057797
v 0.002803 0.103799 -0.055606
v 0.001451 0.102499 -0.056005
v 0.002694 0.101471 -0.052971
v 0.004015 0.100501 -0.056031
v 0.004757 0.102018 -0.056489
v 0.003866 0.103839 -0.053634
v 0.001451 0.102499 -0.056005
v 0.002277 0.100811 -0.057375
v 0.004015 0.100501 -0.056031
v 0.002694 0.101471 -0.052971
v 0.003866 0.103839 -0.053634
v 0.004757 0.102018 -0.056489
v 0.003758 0.102069 -0.057727
v 0.002803 0.103799 -0.055606
v 0.002803 0.103799 -0.055606
v 0.003758 0.102069 -0.057727
v 0.002277 0.100811 -0.057375
v 0.001451 0.102499 -0.056005
v 0.004015 0.100501 -0.056031
v 0.005076 0.099117 -0.058282
v 0.005818 0.100634 -0.058739
v 0.004757 0.102018 -0.056489
v 0.002277 0.100811 -0.057375
v 0.003658 0.099692 -0.059050
v 0.005076 0.099117 -0.058282
v 0.004015 0.100501 -0.056031
v 0.004757 0.102018 -0.056489
v 0.005818 0.100634 -0.058739
v 0.004608 0.101158 -0.059526
v 0.003758 0.102069 -0.057727
v 0.003758 0.102069 -0.057727
v 0.004608 0.101158 -0.059526
v 0.003658 0.099692 -0.059050
v 0.002277 0.100811 -0.057375
v 0.005818 0.100634 -0.058739
v 0.005076 0.099117 -0.058282
v 0.003658 0.099692 -0.059050
v 0.004608 0.101158 -0.059526
v -0.004174 0.104133 -0.054970
v -0.004698 0.105966 -0.054894
v -0.005081 0.105923 -0.057853
v -0.004130 0.104166 -0.058094
v -0.005081 0.105923 -0.057853
v -0.004698 0.105966 -0.054894
v -0.003031 0.107418 -0.055343
v -0.002965 0.106571 -0.058639
v 0.000614 0.106079 -0.058655
v 0.001108 0.106743 -0.055045
v 0.002164 0.104804 -0.057797
v 0.002803 0.103799 -0.055606
v 0.002079 0.105322 -0.053576
v 0.002556 0.104755 -0.052252
v 0.003866 0.103839 -0.053634
v 0.002556 0.104755 -0.052252
v 0.001080 0.102880 -0.051770
v 0.002694 0.101471 -0.052971
v 0.003866 0.103839 -0.053634
v 0.001451 0.102499 -0.056005
v -0.000252 0.102722 -0.053000
v -0.001363 0.103801 -0.054271
v 0.000607 0.103233 -0.057706
v -0.001363 0.103801 -0.054271
v -0.004174 0.104133 -0.054970
v -0.004130 0.104166 -0.058094
v 0.000607 0.103233 -0.057706
v 0.001108 0.106743 -0.055045
v 0.002079 0.105322 -0.053576
v 0.002803 0.103799 -0.055606
v 0.002164 0.104804 -0.057797
v 0.002694 0.101471 -0.052971
v 0.001080 0.102880 -0.051770
v -0.000252 0.102722 -0.053000
v 0.001451 0.102499 -0.056005
v -0.002965 0.106571 -0.058639
v -0.003031 0.107418 -0.055343
v 0.001108 0.106743 -0.055045
v 0.000614 0.106079 -0.058655
v -0.005081 0.105923 -0.057853
v -0.004953 0.104595 -0.060547
v -0.003866 0.102949 -0.061070
v -0.004130 0.104166 -0.058094
v -0.002965 0.106571 -0.058639
v -0.002742 0.105461 -0.060876
v -0.004953 0.104595 -0.060547
v -0.005081 0.105923 -0.057853
v 0.000614 0.106079 -0.058655
v 0.000598 0.104314 -0.061885
v -0.002742 0.105461 -0.060876
v -0.002965 0.106571 -0.058639
v -0.004130 0.104166 -0.058094
v -0.003866 0.102949 -0.061070
v -0.001482 0.103286 -0.061056
v 0.000607 0.103233 -0.057706
v 0.000607 0.103233 -0.057706
v 0.002222 0.102306 -0.060669
v 0.002665 0.103694 -0.061036
v 0.002164 0.104804 -0.057797
v 0.002164 0.104804 -0.057797
v 0.002665 0.103694 -0.061036
v 0.000598 0.104314 -0.061885
v 0.000614 0.106079 -0.058655
v 0.000598 0.104314 -0.061885
v 0.000768 0.102394 -0.064888
v -0.001830 0.102850 -0.065204
v -0.002225 0.103823 -0.063610
v 0.002222 0.102306 -0.060669
v 0.002353 0.100899 -0.062807
v 0.002871 0.102086 -0.063497
v 0.002665 0.103694 -0.061036
v 0.002665 0.103694 -0.061036
v 0.002871 0.102086 -0.063497
v 0.000768 0.102394 -0.064888
v 0.000598 0.104314 -0.061885
v 0.000607 0.103233 -0.057706
v -0.001482 0.103286 -0.061056
v 0.002222 0.102306 -0.060669
v 0.002353 0.100899 -0.062807
v -0.001673 0.102271 -0.062910
v -0.001608 0.101409 -0.064446
v -0.001608 0.101409 -0.064446
v -0.001830 0.102850 -0.065204
v 0.000768 0.102394 -0.064888
v 0.002353 0.100899 -0.062807
v -0.001608 0.101409 -0.064446
v 0.000768 0.102394 -0.064888
v 0.002871 0.102086 -0.063497
v 0.000598 0.104314 -0.061885
v -0.002225 0.103823 -0.063610
v -0.002742 0.105461 -0.060876
v -0.002742 0.105461 -0.060876
v -0.002225 0.103823 -0.063610
v -0.004570 0.103088 -0.062775
v -0.004953 0.104595 -0.060547
v -0.004570 0.103088 -0.062775
v -0.003702 0.102274 -0.062192
v -0.003866 0.102949 -0.061070
v -0.004953 0.104595 -0.060547
v -0.003702 0.102274 -0.062192
v -0.001673 0.102271 -0.062910
v -0.001482 0.103286 -0.061056
v -0.003866 0.102949 -0.061070
v -0.001482 0.103286 -0.061056
v -0.001673 0.102271 -0.062910
v 0.002353 0.100899 -0.062807
v 0.002222 0.102306 -0.060669
v -0.003702 0.102274 -0.062192
v -0.004570 0.103088 -0.062775
v -0.002225 0.103823 -0.063610
v -0.001673 0.102271 -0.062910
v -0.001673 0.102271 -0.062910
v -0.002225 0.103823 -0.063610
v -0.001830 0.102850 -0.065204
v -0.001608 0.101409 -0.064446
v 0.007708 0.095033 -0.001416
v 0.005630 0.100532 -0.001692
v 0.005499 0.100124 -0.000000
v 0.007770 0.095035 -0.000000
v 0.004225 0.096029 -0.009332
v 0.001624 0.101684 -0.010891
v 0.004746 0.101686 -0.006231
v 0.007157 0.095040 -0.005285
v 0.007157 0.095040 -0.005285
v 0.004746 0.101686 -0.006231
v 0.005630 0.100532 -0.001692
v 0.007708 0.095033 -0.001416
v 0.005630 0.100532 -0.001692
v 0.001703 0.106286 -0.003409
v 0.002522 0.105647 -0.000000
v 0.005499 0.100124 -0.000000
v 0.001624 0.101684 -0.010891
v -0.000464 0.106898 -0.010701
v 0.000839 0.106685 -0.007999
v 0.004746 0.101686 -0.006231
v 0.004746 0.101686 -0.006231
v 0.000839 0.106685 -0.007999
v 0.001703 0.106286 -0.003409
v 0.005630 0.100532 -0.001692
v -0.000464 0.106898 -0.010701
v -0.004442 0.109099 -0.010206
v -0.003902 0.110014 -0.006474
v 0.000839 0.106685 -0.007999
v 0.000839 0.106685 -0.007999
v -0.003902 0.110014 -0.006474
v -0.002757 0.110560 -0.004499
v 0.001021 0.107753 -0.004509
v -0.004442 0.109099 -0.010206
v -0.008135 0.106680 -0.009905
v -0.008143 0.108471 -0.005145
v -0.003902 0.110014 -0.006474
v -0.010828 0.102545 -0.003791
v -0.008143 0.108471 -0.005145
v -0.008135 0.106680 -0.009905
v -0.009693 0.101095 -0.009066
v -0.010828 0.102545 -0.003791
v -0.011202 0.101768 -0.000000
v -0.008743 0.108452 -0.000000
v -0.008143 0.108471 -0.005145
v 0.001021 0.107753 -0.004509
v 0.000389 0.111190 -0.002510
v 0.001487 0.109628 -0.000000
v 0.002076 0.107500 -0.000000
v -0.002757 0.110560 -0.004499
v -0.001761 0.113817 -0.003958
v 0.000389 0.111190 -0.002510
v 0.001021 0.107753 -0.004509
v -0.005740 0.111775 -0.002795
v -0.004922 0.114272 -0.002055
v -0.001761 0.113817 -0.003958
v -0.002757 0.110560 -0.004499
v 0.001487 0.109628 -0.000000
v 0.000389 0.111190 -0.002510
v 0.003291 0.112246 -0.001464
v 0.003789 0.112067 -0.000000
v 0.000389 0.111190 -0.002510
v 0.001857 0.113970 -0.003122
v 0.003291 0.112246 -0.001464
v -0.004922 0.114272 -0.002055
v -0.005121 0.116770 -0.003155
v -0.001392 0.116451 -0.004248
v -0.001761 0.113817 -0.003958
v 0.001857 0.113970 -0.003122
v 0.000389 0.111190 -0.002510
v -0.001761 0.113817 -0.003958
v -0.001392 0.116451 -0.004248
v 0.003789 0.112067 -0.000000
v 0.003291 0.112246 -0.001464
v 0.006027 0.112950 -0.001862
v 0.006465 0.112796 -0.000000
v 0.001857 0.113970 -0.003122
v 0.004032 0.115169 -0.003640
v 0.006027 0.112950 -0.001862
v 0.003291 0.112246 -0.001464
v 0.006219 0.114623 -0.001551
v 0.005550 0.115727 -0.002645
v 0.006110 0.116246 -0.002089
v 0.006627 0.115690 -0.001246
v 0.006627 0.115690 -0.001246
v 0.006110 0.116246 -0.002089
v 0.006708 0.115954 -0.000000
v 0.006991 0.115473 -0.000000
v 0.006708 0.115954 -0.000000
v 0.006110 0.116246 -0.002089
v 0.006950 0.116892 -0.001254
v 0.007292 0.116890 -0.000000
v 0.006110 0.116246 -0.002089
v 0.005554 0.116705 -0.003025
v 0.006749 0.118135 -0.001475
v 0.006950 0.116892 -0.001254
v 0.006950 0.116892 -0.001254
v 0.006749 0.118135 -0.001475
v 0.007071 0.117791 -0.000000
v 0.007292 0.116890 -0.000000
v 0.007071 0.117791 -0.000000
v 0.006749 0.118135 -0.001475
v 0.008008 0.119053 -0.000724
v 0.008263 0.118885 -0.000000
v 0.008008 0.119053 -0.000724
v 0.005955 0.121747 -0.000581
v 0.006627 0.121612 -0.000000
v 0.008263 0.118885 -0.000000
v 0.005955 0.121747 -0.000581
v 0.006792 0.122367 -0.001127
v 0.006777 0.122560 -0.000000
v 0.006627 0.121612 -0.000000
v 0.006792 0.122367 -0.001127
v 0.006042 0.124787 -0.001734
v 0.006475 0.124811 -0.000000
v 0.006777 0.122560 -0.000000
v 0.008008 0.119053 -0.000724
v 0.006749 0.118135 -0.001475
v 0.006540 0.119187 -0.001419
v 0.005223 0.121387 -0.001471
v 0.006413 0.122877 -0.002592
v 0.006792 0.122367 -0.001127
v 0.005955 0.121747 -0.000581
v 0.005223 0.121387 -0.001471
v 0.004458 0.121430 -0.003763
v 0.004983 0.122162 -0.003484
v 0.006413 0.122877 -0.002592
v 0.008008 0.119053 -0.000724
v 0.006540 0.119187 -0.001419
v 0.005955 0.121747 -0.000581
v 0.006540 0.119187 -0.001419
v 0.005223 0.121387 -0.001471
v 0.005955 0.121747 -0.000581
v 0.006540 0.119187 -0.001419
v 0.005249 0.119613 -0.003532
v 0.004458 0.121430 -0.003763
v 0.005223 0.121387 -0.001471
v 0.006749 0.118135 -0.001475
v 0.005554 0.116705 -0.003025
v 0.005249 0.119613 -0.003532
v 0.006540 0.119187 -0.001419
v 0.005550 0.115727 -0.002645
v 0.006219 0.114623 -0.001551
v 0.006027 0.112950 -0.001862
v 0.004032 0.115169 -0.003640
v 0.006027 0.112950 -0.001862
v 0.006219 0.114623 -0.001551
v 0.006654 0.114606 -0.000000
v 0.006465 0.112796 -0.000000
v 0.005554 0.116705 -0.003025
v 0.006110 0.116246 -0.002089
v 0.005550 0.115727 -0.002645
v 0.005554 0.116705 -0.003025
v 0.002684 0.116575 -0.004202
v 0.001841 0.119148 -0.005093
v 0.005249 0.119613 -0.003532
v 0.005550 0.115727 -0.002645
v 0.004032 0.115169 -0.003640
v 0.002684 0.116575 -0.004202
v 0.005554 0.116705 -0.003025
v -0.001392 0.116451 -0.004248
v 0.000400 0.115982 -0.004146
v 0.001857 0.113970 -0.003122
v 0.006413 0.122877 -0.002592
v 0.005622 0.124442 -0.003375
v 0.006042 0.124787 -0.001734
v 0.006792 0.122367 -0.001127
v 0.004983 0.122162 -0.003484
v 0.004480 0.123286 -0.004412
v 0.005622 0.124442 -0.003375
v 0.006413 0.122877 -0.002592
v 0.004458 0.121430 -0.003763
v 0.002065 0.121355 -0.004976
v 0.004480 0.123286 -0.004412
v 0.004983 0.122162 -0.003484
v 0.005249 0.119613 -0.003532
v 0.001841 0.119148 -0.005093
v 0.002065 0.121355 -0.004976
v 0.004458 0.121430 -0.003763
v 0.006042 0.124787 -0.001734
v 0.004278 0.127642 -0.002197
v 0.004588 0.127848 -0.000000
v 0.006475 0.124811 -0.000000
v 0.005622 0.124442 -0.003375
v 0.002953 0.127321 -0.003955
v 0.004278 0.127642 -0.002197
v 0.006042 0.124787 -0.001734
v 0.004480 0.123286 -0.004412
v 0.001060 0.124609 -0.005109
v 0.002953 0.127321 -0.003955
v 0.005622 0.124442 -0.003375
v 0.002065 0.121355 -0.004976
v -0.000311 0.121917 -0.005345
v 0.001060 0.124609 -0.005109
v 0.004480 0.123286 -0.004412
v 0.001841 0.119148 -0.005093
v 0.000491 0.120300 -0.005180
v -0.000311 0.121917 -0.005345
v 0.002065 0.121355 -0.004976
v 0.001857 0.113970 -0.003122
v 0.000400 0.115982 -0.004146
v 0.002684 0.116575 -0.004202
v 0.004032 0.115169 -0.003640
v 0.000400 0.115982 -0.004146
v 0.000225 0.118144 -0.005080
v 0.001841 0.119148 -0.005093
v 0.002684 0.116575 -0.004202
v 0.001841 0.119148 -0.005093
v 0.000225 0.118144 -0.005080
v 0.000491 0.120300 -0.005180
v -0.001392 0.116451 -0.004248
v -0.002014 0.117581 -0.005062
v 0.000225 0.118144 -0.005080
v 0.000400 0.115982 -0.004146
v 0.004278 0.127642 -0.002197
v -0.000742 0.128984 -0.002197
v -0.000718 0.129022 -0.000000
v 0.004588 0.127848 -0.000000
v 0.002953 0.127321 -0.003955
v -0.000930 0.127819 -0.004004
v -0.000742 0.128984 -0.002197
v 0.004278 0.127642 -0.002197
v 0.001060 0.124609 -0.005109
v -0.002221 0.124870 -0.005689
v -0.000930 0.127819 -0.004004
v 0.002953 0.127321 -0.003955
v -0.000311 0.121917 -0.005345
v -0.002347 0.121964 -0.005720
v -0.002221 0.124870 -0.005689
v 0.001060 0.124609 -0.005109
v -0.005121 0.116770 -0.003155
v -0.005797 0.119024 -0.003394
v -0.002014 0.117581 -0.005062
v -0.001392 0.116451 -0.004248
v -0.000742 0.128984 -0.002197
v -0.006530 0.126574 -0.002197
v -0.006710 0.126796 -0.000000
v -0.000718 0.129022 -0.000000
v -0.000930 0.127819 -0.004004
v -0.005042 0.125568 -0.004496
v -0.006530 0.126574 -0.002197
v -0.000742 0.128984 -0.002197
v -0.002221 0.124870 -0.005689
v -0.003684 0.123387 -0.005263
v -0.005042 0.125568 -0.004496
v -0.000930 0.127819 -0.004004
v -0.002347 0.121964 -0.005720
v -0.003684 0.123387 -0.005263
v -0.002221 0.124870 -0.005689
v -0.002347 0.121964 -0.005720
v -0.003038 0.120281 -0.005585
v -0.004536 0.120923 -0.004973
v -0.003684 0.123387 -0.005263
v -0.003038 0.120281 -0.005585
v -0.002014 0.117581 -0.005062
v -0.005797 0.119024 -0.003394
v -0.004536 0.120923 -0.004973
v 0.000491 0.120300 -0.005180
v -0.002952 0.120188 -0.006471
v -0.001979 0.122088 -0.006205
v -0.000311 0.121917 -0.005345
v 0.000225 0.118144 -0.005080
v -0.001511 0.117985 -0.005957
v -0.002952 0.120188 -0.006471
v 0.000491 0.120300 -0.005180
v -0.002952 0.120188 -0.006471
v -0.003038 0.120281 -0.005585
v -0.002347 0.121964 -0.005720
v -0.001979 0.122088 -0.006205
v -0.001511 0.117985 -0.005957
v -0.002014 0.117581 -0.005062
v -0.003038 0.120281 -0.005585
v -0.002952 0.120188 -0.006471
v -0.002347 0.121964 -0.005720
v -0.000311 0.121917 -0.005345
v -0.001979 0.122088 -0.006205
v 0.000225 0.118144 -0.005080
v -0.002014 0.117581 -0.005062
v -0.001511 0.117985 -0.005957
v -0.006530 0.126574 -0.002197
v -0.007272 0.123069 -0.002597
v -0.007873 0.123094 -0.000000
v -0.006710 0.126796 -0.000000
v -0.005042 0.125568 -0.004496
v -0.005747 0.123087 -0.004496
v -0.007272 0.123069 -0.002597
v -0.006530 0.126574 -0.002197
v -0.007272 0.123069 -0.002597
v -0.005797 0.119024 -0.003394
v -0.007049 0.119408 -0.000000
v -0.007873 0.123094 -0.000000
v -0.005797 0.119024 -0.003394
v -0.007272 0.123069 -0.002597
v -0.005747 0.123087 -0.004496
v -0.004536 0.120923 -0.004973
v -0.005747 0.123087 -0.004496
v -0.005042 0.125568 -0.004496
v -0.003684 0.123387 -0.005263
v -0.004536 0.120923 -0.004973
v -0.008905 0.012167 -0.014740
v -0.009031 0.006164 -0.014958
v -0.010901 0.006495 -0.010956
v -0.010320 0.011979 -0.010959
v 0.000931 0.012045 -0.010822
v 0.001533 0.009374 -0.011083
v -0.003946 0.007759 -0.015807
v -0.002778 0.012071 -0.014973
v -0.002778 0.012071 -0.014973
v -0.003946 0.007759 -0.015807
v -0.009031 0.006164 -0.014958
v -0.008905 0.012167 -0.014740
v -0.002065 0.012767 -0.007084
v -0.003391 0.008833 -0.006751
v 0.001533 0.009374 -0.011083
v 0.000931 0.012045 -0.010822
v -0.007650 0.012894 -0.007561
v -0.006566 0.008591 -0.007275
v -0.003391 0.008833 -0.006751
v -0.002065 0.012767 -0.007084
v -0.010320 0.011979 -0.010959
v -0.010901 0.006495 -0.010956
v -0.006566 0.008591 -0.007275
v -0.007650 0.012894 -0.007561
v -0.009031 0.006164 -0.014958
v -0.006208 0.005481 -0.014137
v -0.008623 0.004357 -0.011059
v -0.010901 0.006495 -0.010956
v 0.001533 0.009374 -0.011083
v 0.000079 0.008048 -0.010984
v -0.002785 0.006392 -0.013820
v -0.003946 0.007759 -0.015807
v -0.003946 0.007759 -0.015807
v -0.002785 0.006392 -0.013820
v -0.006208 0.005481 -0.014137
v -0.009031 0.006164 -0.014958
v -0.003391 0.008833 -0.006751
v -0.002471 0.006305 -0.008480
v 0.000079 0.008048 -0.010984
v 0.001533 0.009374 -0.011083
v -0.006566 0.008591 -0.007275
v -0.007159 0.004578 -0.009066
v -0.002471 0.006305 -0.008480
v -0.003391 0.008833 -0.006751
v -0.010901 0.006495 -0.010956
v -0.008623 0.004357 -0.011059
v -0.007159 0.004578 -0.009066
v -0.006566 0.008591 -0.007275
v -0.006208 0.005481 -0.014137
v -0.007207 0.001363 -0.013683
v -0.009478 0.000852 -0.011052
v -0.008623 0.004357 -0.011059
v -0.002785 0.006392 -0.013820
v -0.002624 0.001947 -0.014685
v -0.007207 0.001363 -0.013683
v -0.006208 0.005481 -0.014137
v -0.007159 0.004578 -0.009066
v -0.006700 0.000917 -0.008224
v -0.002789 0.001791 -0.009362
v -0.002471 0.006305 -0.008480
v -0.008623 0.004357 -0.011059
v -0.009478 0.000852 -0.011052
v -0.006700 0.000917 -0.008224
v -0.007159 0.004578 -0.009066
v 0.000079 0.008048 -0.010984
v 0.004318 0.005305 -0.011125
v 0.002482 0.004381 -0.014750
v -0.002785 0.006392 -0.013820
v -0.002471 0.006305 -0.008480
v 0.004760 0.003430 -0.007882
v 0.004318 0.005305 -0.011125
v 0.000079 0.008048 -0.010984
v -0.002785 0.006392 -0.013820
v 0.002482 0.004381 -0.014750
v 0.002467 0.000918 -0.016380
v -0.002624 0.001947 -0.014685
v -0.002789 0.001791 -0.009362
v 0.004443 0.000705 -0.007948
v 0.004760 0.003430 -0.007882
v -0.002471 0.006305 -0.008480
v 0.004318 0.005305 -0.011125
v 0.008492 0.003260 -0.011018
v 0.007224 0.002391 -0.015732
v 0.002482 0.004381 -0.014750
v 0.004760 0.003430 -0.007882
v 0.009478 0.002163 -0.008718
v 0.008492 0.003260 -0.011018
v 0.004318 0.005305 -0.011125
v 0.002482 0.004381 -0.014750
v 0.007224 0.002391 -0.015732
v 0.007583 0.001058 -0.016614
v 0.002467 0.000918 -0.016380
v 0.004443 0.000705 -0.007948
v 0.008404 0.000874 -0.008564
v 0.009478 0.002163 -0.008718
v 0.004760 0.003430 -0.007882
v 0.008492 0.003260 -0.011018
v 0.011266 0.001315 -0.013434
v 0.007224 0.002391 -0.015732
v 0.009478 0.002163 -0.008718
v 0.011756 0.001288 -0.009386
v 0.011266 0.001315 -0.013434
v 0.008492 0.003260 -0.011018
v 0.007224 0.002391 -0.015732
v 0.011266 0.001315 -0.013434
v 0.010752 0.000572 -0.014005
v 0.007583 0.001058 -0.016614
v 0.008404 0.000874 -0.008564
v 0.011570 0.000444 -0.009286
v 0.011756 0.001288 -0.009386
v 0.009478 0.002163 -0.008718
v 0.011570 0.000444 -0.009286
v 0.010752 0.000572 -0.014005
v 0.011266 0.001315 -0.013434
v 0.011756 0.001288 -0.009386
v -0.007207 0.001363 -0.013683
v -0.006257 -0.000097 -0.013004
v -0.008436 -0.000161 -0.011100
v -0.009478 0.000852 -0.011052
v -0.002624 0.001947 -0.014685
v -0.002220 0.000583 -0.014289
v -0.006257 -0.000097 -0.013004
v -0.007207 0.001363 -0.013683
v -0.006700 0.000917 -0.008224
v -0.006110 -0.000175 -0.009532
v -0.001842 0.000688 -0.011262
v -0.002789 0.001791 -0.009362
v -0.009478 0.000852 -0.011052
v -0.008436 -0.000161 -0.011100
v -0.006110 -0.000175 -0.009532
v -0.006700 0.000917 -0.008224
v 0.002467 0.000918 -0.016380
v 0.002382 0.000013 -0.015713
v -0.002220 0.000583 -0.014289
v -0.002624 0.001947 -0.014685
v -0.002789 0.001791 -0.009362
v -0.001842 0.000688 -0.011262
v 0.004172 -0.000157 -0.009301
v 0.004443 0.000705 -0.007948
v 0.007583 0.001058 -0.016614
v 0.007005 0.000025 -0.015810
v 0.002382 0.000013 -0.015713
v 0.002467 0.000918 -0.016380
v 0.004443 0.000705 -0.007948
v 0.004172 -0.000157 -0.009301
v 0.007813 -0.000045 -0.009392
v 0.008404 0.000874 -0.008564
v 0.010752 0.000572 -0.014005
v 0.009870 -0.000009 -0.013797
v 0.007005 0.000025 -0.015810
v 0.007583 0.001058 -0.016614
v 0.008404 0.000874 -0.008564
v 0.007813 -0.000045 -0.009392
v 0.010609 -0.000076 -0.009531
v 0.011570 0.000444 -0.009286
v 0.011570 0.000444 -0.009286
v 0.010609 -0.000076 -0.009531
v 0.009870 -0.000009 -0.013797
v 0.010752 0.000572 -0.014005
v 0.004172 -0.000157 -0.009301
v 0.002382 0.000013 -0.015713
v 0.007005 0.000025 -0.015810
v 0.007813 -0.000045 -0.009392
v -0.006110 -0.000175 -0.009532
v -0.006257 -0.000097 -0.013004
v -0.002220 0.000583 -0.014289
v -0.001842 0.000688 -0.011262
v 0.007813 -0.000045 -0.009392
v 0.007005 0.000025 -0.015810
v 0.009870 -0.000009 -0.013797
v 0.010609 -0.000076 -0.009531
v -0.001842 0.000688 -0.011262
v -0.002220 0.000583 -0.014289
v 0.002382 0.000013 -0.015713
v 0.004172 -0.000157 -0.009301
v -0.008436 -0.000161 -0.011100
v -0.006257 -0.000097 -0.013004
v -0.006110 -0.000175 -0.009532
v -0.002653 0.061426 0.000000
v -0.009316 0.064483 0.000000
v -0.009316 0.063229 -0.001863
v -0.002646 0.060206 -0.001875
v -0.005578 0.114272 -0.000000
v -0.005819 0.116770 -0.000000
v -0.005121 0.116770 -0.003155
v -0.004922 0.114272 -0.002055
v 0.006627 0.115690 -0.001246
v 0.006991 0.115473 -0.000000
v 0.006654 0.114606 -0.000000
v 0.006219 0.114623 -0.001551
v -0.005819 0.116770 -0.000000
v -0.007049 0.119408 -0.000000
v -0.005797 0.119024 -0.003394
v -0.005121 0.116770 -0.003155
v 0.007837 0.079080 -0.004550
v 0.007596 0.075450 -0.005544
v 0.005543 0.076777 -0.008034
v 0.005081 0.080106 -0.007758
v 0.005081 0.080106 -0.007758
v 0.005543 0.076777 -0.008034
v 0.002001 0.077334 -0.010828
v 0.001165 0.081038 -0.010716
v 0.001165 0.081038 -0.010716
v 0.002001 0.077334 -0.010828
v -0.004584 0.077917 -0.009398
v -0.005672 0.081194 -0.008552
v -0.006694 0.078424 -0.006803
v -0.007714 0.078671 -0.002686
v -0.007483 0.081446 -0.003248
v -0.005672 0.081194 -0.008552
v -0.007714 0.078671 -0.002686
v -0.008021 0.078296 -0.000000
v -0.008128 0.081563 -0.000000
v -0.007483 0.081446 -0.003248
v -0.004584 0.077917 -0.009398
v -0.006694 0.078424 -0.006803
v -0.005672 0.081194 -0.008552
v 0.001703 0.106286 -0.003409
v 0.000839 0.106685 -0.007999
v 0.001021 0.107753 -0.004509
v -0.003902 0.110014 -0.006474
v -0.006581 0.110694 -0.003134
v -0.005740 0.111775 -0.002795
v -0.002757 0.110560 -0.004499
v -0.005740 0.111775 -0.002795
v -0.006581 0.110694 -0.003134
v -0.006618 0.110694 -0.000000
v -0.005911 0.111897 -0.000000
v -0.003902 0.110014 -0.006474
v -0.008143 0.108471 -0.005145
v -0.006581 0.110694 -0.003134
v -0.003277 0.102869 -0.032549
v -0.003005 0.103478 -0.030125
v -0.006236 0.102598 -0.030232
v -0.006451 0.102340 -0.033704
v -0.006236 0.102598 -0.030232
v -0.008899 0.104654 -0.028639
v -0.009644 0.105193 -0.033205
v -0.006451 0.102340 -0.033704
v -0.009644 0.105193 -0.033205
v -0.008899 0.104654 -0.028639
v -0.008377 0.107972 -0.029313
v -0.008839 0.107879 -0.034805
v -0.008377 0.107972 -0.029313
v -0.006300 0.109124 -0.029351
v -0.006384 0.109612 -0.034253
v -0.008839 0.107879 -0.034805
v -0.006384 0.109612 -0.034253
v -0.006300 0.109124 -0.029351
v -0.003909 0.108720 -0.029726
v -0.004004 0.108828 -0.033941
v -0.004004 0.108828 -0.033941
v -0.003909 0.108720 -0.029726
v -0.002276 0.106182 -0.030304
v -0.001718 0.106083 -0.033470
v -0.002276 0.106182 -0.030304
v -0.003005 0.103478 -0.030125
v -0.003277 0.102869 -0.032549
v -0.001718 0.106083 -0.033470
v 0.004143 0.129011 -0.000000
v 0.003835 0.128503 -0.003367
v -0.000537 0.129448 -0.002060
v -0.000514 0.129716 -0.000000
v 0.001742 0.127046 -0.005757
v -0.000745 0.128407 -0.004059
v -0.000537 0.129448 -0.002060
v 0.003835 0.128503 -0.003367
v 0.001458 0.124855 -0.005808
v -0.002173 0.125144 -0.005924
v -0.001958 0.126841 -0.005777
v 0.001742 0.127046 -0.005757
v -0.000263 0.122314 -0.005734
v -0.002367 0.122263 -0.005958
v -0.002173 0.125144 -0.005924
v 0.001458 0.124855 -0.005808
v -0.005529 0.115674 -0.002701
v -0.006130 0.118676 -0.003275
v -0.004863 0.116918 -0.004143
v -0.003882 0.128680 -0.001956
v -0.003087 0.128059 -0.003881
v -0.005294 0.125916 -0.004604
v -0.006875 0.127095 -0.002060
v -0.002173 0.125144 -0.005924
v -0.003792 0.123504 -0.005566
v -0.005294 0.125916 -0.004604
v -0.001958 0.126841 -0.005777
v -0.002367 0.122263 -0.005958
v -0.003792 0.123504 -0.005566
v -0.002173 0.125144 -0.005924
v -0.002367 0.122263 -0.005958
v -0.003964 0.120066 -0.005791
v -0.004734 0.120777 -0.005022
v -0.003792 0.123504 -0.005566
v -0.003964 0.120066 -0.005791
v -0.004863 0.116918 -0.004143
v -0.006130 0.118676 -0.003275
v -0.004734 0.120777 -0.005022
v -0.006875 0.127095 -0.002060
v -0.007762 0.123152 -0.002502
v -0.008341 0.123175 -0.000000
v -0.007044 0.127303 -0.000000
v -0.005294 0.125916 -0.004604
v -0.006075 0.123171 -0.004604
v -0.007762 0.123152 -0.002502
v -0.006875 0.127095 -0.002060
v -0.007762 0.123152 -0.002502
v -0.006130 0.118676 -0.003275
v -0.007373 0.119058 -0.000000
v -0.008341 0.123175 -0.000000
v -0.006130 0.118676 -0.003275
v -0.007762 0.123152 -0.002502
v -0.006075 0.123171 -0.004604
v -0.004734 0.120777 -0.005022
v -0.006075 0.123171 -0.004604
v -0.005294 0.125916 -0.004604
v -0.003792 0.123504 -0.005566
v -0.004734 0.120777 -0.005022
v 0.003835 0.128503 -0.003367
v 0.006734 0.126961 -0.002060
v 0.005846 0.126706 -0.004078
v 0.001742 0.127046 -0.005757
v 0.001742 0.127046 -0.005757
v 0.005846 0.126706 -0.004078
v 0.003320 0.125573 -0.004857
v 0.001458 0.124855 -0.005808
v 0.003646 0.123114 -0.004890
v 0.002222 0.121656 -0.005198
v -0.000263 0.122314 -0.005734
v 0.001458 0.124855 -0.005808
v 0.001742 0.127046 -0.005757
v 0.003320 0.125573 -0.004857
v 0.003646 0.123114 -0.004890
v 0.002222 0.121656 -0.005198
v 0.002018 0.120504 -0.005347
v 0.000419 0.120275 -0.005347
v -0.000263 0.122314 -0.005734
v 0.006734 0.126961 -0.002060
v 0.005448 0.125010 -0.001932
v 0.004575 0.125196 -0.002978
v 0.005846 0.126706 -0.004078
v 0.003320 0.125573 -0.004857
v 0.003320 0.124868 -0.004087
v 0.003646 0.123143 -0.004563
v 0.003646 0.123114 -0.004890
v 0.003646 0.123114 -0.004890
v 0.003646 0.123143 -0.004563
v 0.002222 0.121360 -0.004780
v 0.002222 0.121656 -0.005198
v 0.005846 0.126706 -0.004078
v 0.004575 0.125196 -0.002978
v 0.003320 0.124868 -0.004087
v 0.003320 0.125573 -0.004857
v 0.002222 0.121656 -0.005198
v 0.002222 0.121360 -0.004780
v 0.002018 0.120356 -0.004861
v 0.002018 0.120504 -0.005347
v -0.000263 0.122314 -0.005734
v -0.000263 0.122314 -0.005348
v -0.002367 0.122263 -0.005377
v -0.002367 0.122263 -0.005958
v -0.002367 0.122263 -0.005958
v -0.002367 0.122263 -0.005377
v -0.003521 0.120066 -0.005066
v -0.003964 0.120066 -0.005791
v -0.003964 0.120066 -0.005791
v -0.003521 0.120066 -0.005066
v -0.003744 0.116734 -0.003442
v -0.004863 0.116918 -0.004143
v 0.000419 0.120275 -0.005347
v 0.000419 0.120275 -0.004962
v -0.000263 0.122314 -0.005348
v -0.000263 0.122314 -0.005734
v 0.002018 0.120504 -0.005347
v 0.002018 0.120356 -0.004861
v 0.000419 0.120275 -0.004962
v 0.000419 0.120275 -0.005347
v -0.004863 0.116918 -0.004143
v -0.003744 0.116734 -0.003442
v -0.004824 0.115674 -0.002701
v -0.005529 0.115674 -0.002701
v -0.005529 0.115674 -0.002701
v -0.004824 0.115674 -0.002701
v -0.005669 0.115561 -0.000000
v -0.006374 0.115561 -0.000000
v 0.001742 0.127046 -0.005757
v -0.001958 0.126841 -0.005777
v -0.000745 0.128407 -0.004059
v -0.001958 0.126841 -0.005777
v -0.003087 0.128059 -0.003881
v -0.000745 0.128407 -0.004059
v -0.000745 0.128407 -0.004059
v -0.003087 0.128059 -0.003881
v -0.003882 0.128680 -0.001956
v -0.000537 0.129448 -0.002060
v -0.000537 0.129448 -0.002060
v -0.003882 0.128680 -0.001956
v -0.003608 0.128814 -0.000000
v -0.000514 0.129716 -0.000000
v -0.001958 0.126841 -0.005777
v -0.005294 0.125916 -0.004604
v -0.003087 0.128059 -0.003881
v 0.005286 0.073626 -0.008948
v 0.005543 0.076777 -0.008034
v 0.007596 0.075450 -0.005544
v 0.007013 0.072318 -0.007098
v 0.007013 0.072318 -0.007098
v 0.005596 0.070638 -0.009251
v 0.005286 0.073626 -0.008948
v -0.009316 0.064483 0.000000
v -0.010547 0.068616 0.000000
v -0.010357 0.068277 -0.003278
v -0.009316 0.063229 -0.001863
v -0.010547 0.068616 0.000000
v -0.008946 0.073392 0.000000
v -0.008797 0.073356 -0.002415
v -0.010357 0.068277 -0.003278
v -0.008797 0.073356 -0.002415
v -0.008946 0.073392 0.000000
v -0.007932 0.075724 -0.000000
v -0.007780 0.075752 -0.002415
v -0.007780 0.075752 -0.002415
v -0.007932 0.075724 -0.000000
v -0.008021 0.078296 -0.000000
v -0.007714 0.078671 -0.002686
v -0.008128 0.081563 -0.000000
v -0.009066 0.087666 -0.000000
v -0.008280 0.087106 -0.003246
v -0.007483 0.081446 -0.003248
v -0.009066 0.087666 -0.000000
v -0.011534 0.095972 -0.000000
v -0.011034 0.095475 -0.003147
v -0.008280 0.087106 -0.003246
v -0.011034 0.095475 -0.003147
v -0.011534 0.095972 -0.000000
v -0.011202 0.101768 -0.000000
v -0.010828 0.102545 -0.003791
v -0.005740 0.111775 -0.002795
v -0.005911 0.111897 -0.000000
v -0.005578 0.114272 -0.000000
v -0.004922 0.114272 -0.002055
v 0.007837 0.079080 -0.004550
v 0.007590 0.078996 -0.000000
v 0.007940 0.075233 -0.000000
v 0.007596 0.075450 -0.005544
v 0.002076 0.107500 -0.000000
v 0.002522 0.105647 -0.000000
v 0.001703 0.106286 -0.003409
v 0.001021 0.107753 -0.004509
v -0.008743 0.108452 -0.000000
v -0.006618 0.110694 -0.000000
v -0.006581 0.110694 -0.003134
v -0.008143 0.108471 -0.005145
v -0.007044 0.127303 -0.000000
v -0.003608 0.128814 -0.000000
v -0.003882 0.128680 -0.001956
v -0.006875 0.127095 -0.002060
v -0.006374 0.115561 -0.000000
v -0.007373 0.119058 -0.000000
v -0.006130 0.118676 -0.003275
v -0.005529 0.115674 -0.002701
v 0.004143 0.129011 -0.000000
v 0.007024 0.127154 -0.000000
v 0.006734 0.126961 -0.002060
v 0.003835 0.128503 -0.003367
v 0.006734 0.126961 -0.002060
v 0.007024 0.127154 -0.000000
v 0.006023 0.124867 -0.000000
v 0.005448 0.125010 -0.001932
vn -0.0524 0.0467 0.9975
vn -0.0799 0.0305 0.9963
vn -0.0664 0.0384 0.9970
vn -0.0372 0.0557 0.9978
vn 0.7617 0.0208 0.6476
vn 0.7454 0.0339 0.6658
vn 0.7842 0.0019 0.6205
vn 0.7988 -0.0108 0.6016
vn -0.9305 0.0786 0.3577
vn -0.9353 0.0718 0.3465
vn -0.9334 0.0746 0.3511
vn -0.9288 0.0810 0.3615
vn 0.8678 -0.0395 -0.4954
vn 0.7831 0.0352 -0.6209
vn 0.8234 0.0022 -0.5674
vn 0.8994 -0.0748 -0.4306
vn 0.0710 -0.2159 -0.9738
vn -0.0871 -0.1105 -0.9901
vn -0.0162 -0.1585 -0.9872
vn 0.1604 -0.2729 -0.9486
vn -0.7576 -0.0243 -0.6523
vn -0.7878 0.0117 -0.6158
vn -0.7696 -0.0104 -0.6385
vn -0.7443 -0.0391 -0.6667
vn -0.0987 0.0820 0.9917
vn -0.0920 0.0763 0.9928
vn -0.0983 0.0817 0.9918
vn -0.1046 0.0871 0.9907
vn 0.7527 -0.0908 0.6521
vn 0.7759 -0.1279 0.6178
vn 0.7387 -0.0701 0.6704
vn 0.7073 -0.0266 0.7064
vn -0.9459 0.0920 0.3110
vn -0.9287 0.0580 0.3664
vn -0.9518 0.1059 0.2878
vn -0.9613 0.1331 0.2414
vn 0.9143 -0.1641 -0.3703
vn 0.8882 -0.2066 -0.4105
vn 0.9199 -0.1541 -0.3607
vn 0.9393 -0.1154 -0.3230
vn 0.1477 -0.0633 -0.9870
vn 0.1615 -0.0540 -0.9854
vn 0.1423 -0.0670 -0.9876
vn 0.1302 -0.0751 -0.9886
vn -0.7422 -0.0655 -0.6670
vn -0.7412 -0.0644 -0.6681
vn -0.7425 -0.0659 -0.6666
vn -0.7436 -0.0673 -0.6652
vn -0.0227 0.0194 0.9996
vn -0.1109 0.1120 0.9875
vn -0.0167 0.0131 0.9998
vn 0.0614 -0.0689 0.9957
vn 0.7233 -0.0724 0.6868
vn 0.7063 -0.0399 0.7068
vn 0.7268 -0.0796 0.6822
vn 0.7406 -0.1083 0.6631
vn -0.9356 0.2179 0.2777
vn -0.9387 0.2516 0.2356
vn -0.9332 0.2015 0.2977
vn -0.9261 0.1670 0.3384
vn 0.9148 -0.2634 -0.3063
vn 0.9286 -0.2360 -0.2863
vn 0.9134 -0.2661 -0.3082
vn 0.8964 -0.2961 -0.3299
vn 0.1321 -0.1629 -0.9778
vn 0.1186 -0.1720 -0.9779
vn 0.1338 -0.1617 -0.9777
vn 0.1469 -0.1529 -0.9773
vn -0.7894 0.1482 -0.5957
vn -0.7485 0.1857 -0.6366
vn -0.8012 0.1367 -0.5826
vn -0.8375 0.0980 -0.5376
vn -0.0043 0.0388 0.9992
vn 0.0637 -0.1259 0.9900
vn 0.0253 -0.0329 0.9991
vn -0.0279 0.0956 0.9950
vn 0.6990 -0.3058 0.6465
vn 0.6978 -0.2909 0.6545
vn 0.6984 -0.2979 0.6507
vn 0.6995 -0.3134 0.6422
vn -0.9240 0.2126 0.3180
vn -0.9222 0.1896 0.3370
vn -0.9236 0.2069 0.3226
vn -0.9247 0.2297 0.3035
vn 0.8828 -0.2921 -0.3678
vn 0.9108 -0.2279 -0.3443
vn 0.8987 -0.2571 -0.3552
vn 0.8690 -0.3198 -0.3776
vn 0.1570 -0.0020 -0.9876
vn 0.1558 -0.0032 -0.9878
vn 0.1564 -0.0026 -0.9877
vn 0.1577 -0.0012 -0.9875
vn -0.8067 0.1852 -0.5612
vn -0.8278 0.1544 -0.5393
vn -0.8139 0.1750 -0.5540
vn -0.7906 0.2069 -0.5763
vn -0.0367 0.0559 0.9978
vn -0.0368 0.0564 0.9977
vn -0.0368 0.0562 0.9977
vn -0.0366 0.0557 0.9978
vn 0.7284 -0.0337 0.6844
vn 0.7390 -0.0661 0.6705
vn 0.7327 -0.0466 0.6789
vn 0.7225 -0.0168 0.6912
vn -0.9485 0.1681 0.2684
vn -0.9464 0.1032 0.3060
vn -0.9481 0.1332 0.2889
vn -0.9478 0.1962 0.2514
vn 0.8850 -0.2543 -0.3900
vn 0.8832 -0.2580 -0.3918
vn 0.8843 -0.2558 -0.3907
vn 0.8862 -0.2519 -0.3889
vn 0.1307 -0.1143 -0.9848
vn 0.1279 -0.1178 -0.9848
vn 0.1294 -0.1159 -0.9848
vn 0.1317 -0.1131 -0.9848
vn -0.8562 -0.0893 -0.5089
vn -0.8268 -0.0085 -0.5624
vn -0.8417 -0.0466 -0.5379
vn -0.8675 -0.1293 -0.4803
vn -0.0262 0.0681 0.9973
vn -0.0344 0.0743 0.9966
vn -0.0207 0.0639 0.9977
vn -0.0121 0.0574 0.9983
vn 0.7297 0.0170 0.6835
vn 0.7238 0.0236 0.6896
vn 0.7338 0.0124 0.6792
vn 0.7396 0.0059 0.6731
vn -0.9604 0.0513 0.2738
vn -0.9645 0.0621 0.2566
vn -0.9580 0.0455 0.2830
vn -0.9535 0.0351 0.2994
vn 0.9166 -0.1173 -0.3823
vn 0.9047 -0.1361 -0.4038
vn 0.9250 -0.1031 -0.3658
vn 0.9340 -0.0867 -0.3466
vn 0.0833 -0.1471 -0.9856
vn 0.1315 -0.1147 -0.9847
vn 0.0652 -0.1591 -0.9851
vn 0.0181 -0.1899 -0.9816
vn -0.8373 -0.0422 -0.5451
vn -0.8697 -0.0733 -0.4882
vn -0.8092 -0.0179 -0.5872
vn -0.7708 0.0124 -0.6369
vn -0.0294 0.0362 0.9989
vn -0.0129 0.0257 0.9996
vn -0.0423 0.0443 0.9981
vn -0.0545 0.0520 0.9972
vn 0.7286 -0.0489 0.6832
vn 0.7367 -0.0590 0.6736
vn 0.7226 -0.0418 0.6900
vn 0.7157 -0.0335 0.6976
vn -0.9465 -0.0914 0.3096
vn -0.9471 -0.0906 0.3078
vn -0.9459 -0.0921 0.3111
vn -0.9449 -0.0932 0.3138
vn 0.9309 -0.2094 -0.2992
vn 0.9179 -0.2329 -0.3213
vn 0.9369 -0.1978 -0.2882
vn 0.9459 -0.1791 -0.2704
vn -0.0193 -0.1551 -0.9877
vn 0.0194 -0.1199 -0.9926
vn -0.0220 -0.1575 -0.9873
vn -0.0533 -0.1857 -0.9812
vn -0.7829 -0.1457 -0.6048
vn -0.7725 -0.1347 -0.6206
vn -0.7894 -0.1528 -0.5945
vn -0.7997 -0.1642 -0.5775
vn -0.0750 0.2095 0.9749
vn -0.0407 0.1246 0.9914
vn -0.0541 0.1578 0.9860
vn -0.0922 0.2518 0.9634
vn 0.7413 0.0992 0.6638
vn 0.7253 0.1474 0.6724
vn 0.7338 0.1226 0.6682
vn 0.7475 0.0788 0.6596
vn -0.8921 -0.0824 0.4443
vn -0.9760 0.1200 0.1819
vn -0.9495 0.0227 0.3130
vn -0.8305 -0.1597 0.5337
vn 0.9466 -0.1061 -0.3044
vn -0.1034 -0.1447 -0.9841
vn -0.0527 -0.0457 -0.9976
vn -0.0720 -0.0834 -0.9939
vn -0.1235 -0.1841 -0.9751
vn -0.6078 0.0044 -0.7940
vn -0.7839 -0.3634 -0.5034
vn -0.7106 -0.1686 -0.6831
vn -0.4896 0.1581 -0.8575
vn -0.0328 -0.8470 -0.5306
vn -0.0379 -0.8376 -0.5449
vn 0.0083 -0.9121 -0.4098
vn 0.0169 -0.9233 -0.3836
vn 0.6456 -0.7007 -0.3038
vn 0.5284 -0.6697 -0.5218
vn 0.7374 -0.6754 0.0075
vn 0.7522 -0.6460 0.1299
vn 0.9258 -0.3366 -0.1721
vn 0.8236 -0.5637 -0.0622
vn 0.9566 -0.1635 -0.2413
vn 0.9567 -0.0206 -0.2904
vn 0.9848 -0.1257 0.1195
vn 0.9846 -0.1240 0.1236
vn 0.9852 -0.1282 0.1134
vn 0.9854 -0.1295 0.1102
vn 0.9933 -0.0411 0.1084
vn 0.9937 -0.1085 -0.0289
vn 0.9820 -0.0006 0.1888
vn 0.9541 0.0541 0.2947
vn -0.3941 -0.8707 -0.2940
vn -0.1903 0.2072 0.9596
vn -0.0983 0.0583 0.9934
vn -0.1511 0.1433 0.9781
vn -0.2431 0.2941 0.9243
vn 0.6859 -0.0529 0.7258
vn 0.7125 -0.0869 0.6963
vn 0.6789 -0.0443 0.7329
vn 0.6327 0.0092 0.7744
vn -0.8277 0.0530 0.5587
vn -0.9111 0.1965 0.3624
vn -0.8410 0.0711 0.5363
vn -0.7154 -0.0702 0.6952
vn -0.7286 0.2029 0.6542
vn -0.7439 0.2463 0.6213
vn -0.7328 0.2142 0.6459
vn -0.7184 0.1768 0.6727
vn -0.2434 0.2536 0.9362
vn -0.9806 -0.1092 0.1625
vn -0.9960 -0.0417 0.0794
vn -0.9474 -0.1879 0.2589
vn -0.8786 -0.2880 0.3809
vn -0.9207 0.2700 0.2817
vn -0.9113 0.2320 0.3403
vn -0.9240 0.2904 0.2488
vn -0.9263 0.3187 0.2012
vn 0.9917 0.0614 0.1131
vn 0.9915 0.0486 0.1205
vn 0.9915 0.0794 0.1027
vn 0.9912 0.0906 0.0962
vn 0.9289 -0.3151 0.1944
vn 0.9500 0.1240 0.2865
vn 0.9652 -0.0394 0.2585
vn 0.8305 -0.5434 0.1224
vn 0.6157 0.1471 0.7741
vn 0.6189 0.1426 0.7724
vn 0.6165 0.1460 0.7737
vn 0.6135 0.1503 0.7753
vn -0.6334 0.3333 0.6983
vn -0.6338 0.4018 0.6610
vn -0.6341 0.3666 0.6809
vn -0.6316 0.2953 0.7169
vn -0.2789 0.1906 0.9412
vn -0.2753 0.1634 0.9474
vn -0.2765 0.1725 0.9454
vn -0.2808 0.2051 0.9376
vn -0.9100 0.3727 0.1817
vn -0.9148 0.3524 0.1975
vn -0.9120 0.3645 0.1881
vn -0.9068 0.3850 0.1719
vn 0.9888 -0.1178 0.0918
vn 0.9883 -0.0808 0.1295
vn 0.9889 -0.1127 0.0971
vn 0.9876 -0.1420 0.0669
vn 0.9863 -0.1467 0.0749
vn 0.6212 0.1588 0.7674
vn 0.6127 0.1735 0.7711
vn 0.6191 0.1624 0.7683
vn 0.6267 0.1491 0.7649
vn -0.7436 -0.1541 0.6506
vn -0.6839 -0.2682 0.6785
vn -0.7185 -0.2055 0.6645
vn -0.7806 -0.0652 0.6217
vn -0.2400 -0.0175 0.9706
vn -0.2961 0.1474 0.9437
vn -0.2777 0.0908 0.9564
vn -0.2180 -0.0767 0.9729
vn -0.9735 0.0451 0.2241
vn -0.9673 0.0696 0.2438
vn -0.9768 0.0305 0.2122
vn -0.9816 0.0045 0.1909
vn 0.9998 -0.0203 -0.0044
vn 0.9860 -0.0806 0.1457
vn 0.9948 -0.0564 0.0852
vn 0.9985 -0.0002 -0.0542
vn 0.8261 0.1009 0.5544
vn 0.7738 0.1733 0.6093
vn 0.8473 0.0670 0.5269
vn 0.8805 0.0052 0.4739
vn 0.5419 0.0519 0.8388
vn 0.6019 -0.0053 0.7985
vn 0.5178 0.0736 0.8523
vn 0.4578 0.1249 0.8802
vn -0.2787 -0.0656 0.9581
vn -0.3023 -0.0451 0.9521
vn -0.2801 -0.0644 0.9578
vn -0.2544 -0.0864 0.9632
vn -0.9451 -0.1660 0.2814
vn -0.9313 -0.1930 0.3089
vn -0.9462 -0.1638 0.2790
vn -0.9589 -0.1350 0.2494
vn 0.9878 0.0563 0.1450
vn 0.9902 0.1166 -0.0774
vn 0.9952 0.0980 -0.0068
vn 0.9823 0.0459 0.1815
vn 0.8340 -0.0950 0.5436
vn 0.8593 -0.1309 0.4944
vn 0.8202 -0.0772 0.5669
vn 0.7873 -0.0383 0.6154
vn 0.4229 -0.1121 0.8992
vn 0.4275 -0.1164 0.8965
vn 0.4218 -0.1111 0.8999
vn 0.4172 -0.1068 0.9025
vn -0.1694 -0.2360 0.9569
vn -0.2456 -0.1736 0.9537
vn -0.1625 -0.2414 0.9567
vn -0.0852 -0.3008 0.9499
vn -0.9206 -0.2350 0.3119
vn -0.9540 -0.1657 0.2499
vn -0.9155 -0.2440 0.3199
vn -0.8880 -0.2880 0.3585
vn 0.9976 -0.0670 -0.0195
vn 0.9953 -0.0850 -0.0472
vn 0.9988 -0.0476 0.0102
vn 0.9987 -0.0255 0.0438
vn 0.8063 0.0012 0.5915
vn 0.7991 0.0458 0.5995
vn 0.8014 0.0328 0.5973
vn 0.8083 -0.0129 0.5887
vn 0.4449 -0.2768 0.8518
vn 0.4211 -0.0839 0.9031
vn 0.4321 -0.1573 0.8880
vn 0.4478 -0.3190 0.8353
vn 0.0910 -0.5640 0.8208
vn -0.0754 -0.3920 0.9169
vn 0.0648 -0.5390 0.8398
vn 0.2201 -0.6749 0.7044
vn -0.9460 -0.0994 0.3086
vn -0.9055 -0.1857 0.3815
vn -0.9473 -0.0960 0.3057
vn -0.9771 0.0091 0.2127
vn 0.9940 0.0739 0.0801
vn 0.9900 0.1354 0.0383
vn 0.9937 0.0347 0.1063
vn 0.9899 -0.0176 0.1408
vn 0.9988 0.0228 0.0434
vn -0.8843 -0.2654 0.3840
vn -0.8091 -0.2875 0.5126
vn -0.8962 -0.2606 0.3589
vn -0.9416 -0.2360 0.2403
vn -0.9870 0.1505 0.0571
vn -0.9807 0.0380 0.1916
vn -0.9812 0.1931 0.0041
vn -0.9529 0.2825 -0.1109
vn -0.4872 0.8727 -0.0330
vn -0.4116 0.9061 -0.0983
vn -0.4874 0.8726 -0.0329
vn -0.5491 0.8354 0.0245
vn 0.4753 0.8745 0.0968
vn 0.4787 0.8729 0.0939
vn 0.4756 0.8743 0.0966
vn 0.4723 0.8758 0.0994
vn 0.9072 0.3991 0.1332
vn 0.8766 0.4529 0.1629
vn 0.9007 0.4113 0.1399
vn 0.9202 0.3729 0.1189
vn 0.6155 0.0666 0.7853
vn 0.7795 -0.3660 0.5083
vn 0.1578 -0.8641 0.4780
vn 0.1631 -0.8666 0.4716
vn 0.1583 -0.8643 0.4774
vn 0.1522 -0.8614 0.4845
vn -0.8302 -0.4847 0.2752
vn -0.8469 -0.4465 0.2888
vn -0.8267 -0.4923 0.2724
vn -0.8112 -0.5235 0.2605
vn -0.9921 0.1209 -0.0332
vn -0.9951 0.0821 -0.0554
vn -0.9914 0.1280 -0.0291
vn -0.9840 0.1780 -0.0001
vn -0.3408 0.9140 -0.2202
vn -0.3645 0.8952 -0.2563
vn -0.3470 0.9093 -0.2295
vn -0.3187 0.9293 -0.1869
vn 0.5168 0.8464 -0.1281
vn 0.4842 0.8561 -0.1808
vn 0.5035 0.8508 -0.1500
vn 0.5373 0.8383 -0.0931
vn 0.8913 0.4499 -0.0564
vn 0.9020 0.4311 -0.0244
vn 0.8860 0.4583 -0.0710
vn 0.8661 0.4853 -0.1197
vn 0.8689 -0.3224 0.3755
vn 0.8433 -0.3436 0.4132
vn 0.8620 -0.3285 0.3862
vn 0.8779 -0.3144 0.3613
vn 0.1636 -0.9443 0.2854
vn 0.1235 -0.9197 0.3726
vn 0.1435 -0.9330 0.3300
vn 0.1857 -0.9542 0.2345
vn -0.8360 -0.5154 0.1884
vn -0.8225 -0.5518 0.1379
vn -0.8293 -0.5347 0.1621
vn -0.8405 -0.4999 0.2088
vn -0.9806 0.1953 -0.0159
vn -0.9843 0.1728 -0.0353
vn -0.9804 0.1962 -0.0151
vn -0.9764 0.2158 0.0019
vn -0.3192 0.9458 -0.0595
vn -0.3272 0.9426 -0.0668
vn -0.3153 0.9473 -0.0559
vn -0.3079 0.9502 -0.0491
vn 0.4725 0.8804 -0.0393
vn 0.5441 0.8386 0.0273
vn 0.3930 0.9132 -0.1076
vn 0.1765 0.9464 -0.2704
vn 0.8168 0.5719 0.0759
vn 0.8414 0.5270 0.1198
vn 0.7829 0.6217 0.0236
vn 0.7516 0.6593 -0.0192
vn 0.9337 -0.3157 0.1686
vn 0.9281 -0.3241 0.1834
vn 0.9312 -0.3195 0.1753
vn 0.9382 -0.3088 0.1564
vn 0.1900 -0.9767 0.1001
vn 0.1674 -0.9796 0.1112
vn 0.2323 -0.9694 0.0789
vn 0.2585 -0.9638 0.0656
vn -0.7586 -0.6512 -0.0231
vn -0.8529 -0.5188 0.0573
vn -0.6497 -0.7541 -0.0964
vn -0.4021 -0.8878 -0.2240
vn -0.9728 0.2225 -0.0648
vn -0.9701 0.2370 -0.0517
vn -0.9747 0.2105 -0.0756
vn -0.9764 0.1978 -0.0869
vn -0.3329 0.9410 -0.0606
vn -0.3106 0.9496 -0.0417
vn -0.3635 0.9275 -0.0868
vn -0.3928 0.9128 -0.1123
vn 0.2860 0.9578 0.0272
vn 0.3454 0.9363 0.0633
vn 0.2258 0.9741 -0.0086
vn 0.1969 0.9801 -0.0256
vn 0.7779 0.6255 0.0606
vn 0.7636 0.6438 0.0496
vn 0.7964 0.6001 0.0755
vn 0.8046 0.5881 0.0823
vn 0.9555 -0.2895 0.0572
vn 0.9539 -0.2942 0.0595
vn 0.9580 -0.2817 0.0534
vn 0.9597 -0.2765 0.0508
vn 0.2451 -0.8542 0.4585
vn 0.2301 -0.8387 0.4937
vn 0.2328 -0.8416 0.4874
vn 0.2484 -0.8575 0.4505
vn -0.6934 -0.6309 0.3480
vn -0.6940 -0.6328 0.3434
vn -0.6917 -0.6256 0.3607
vn -0.6914 -0.6245 0.3633
vn -0.9585 0.1017 0.2663
vn -0.9510 0.1068 0.2901
vn -0.9534 0.1052 0.2826
vn -0.9617 0.0993 0.2555
vn -0.4490 0.8251 0.3429
vn -0.4248 0.8221 0.3791
vn -0.4367 0.8238 0.3615
vn -0.4639 0.8262 0.3196
vn 0.1164 0.9455 0.3040
vn 0.1218 0.9379 0.3248
vn 0.1199 0.9406 0.3176
vn 0.1140 0.9487 0.2949
vn 0.7412 0.5675 0.3586
vn 0.7537 0.5625 0.3398
vn 0.7164 0.5762 0.3934
vn 0.7067 0.5792 0.4064
vn 0.8194 -0.2453 0.5181
vn 0.8607 -0.2284 0.4550
vn 0.8506 -0.2328 0.4714
vn 0.8007 -0.2519 0.5435
vn 0.2020 -0.9562 0.2120
vn 0.2115 -0.9675 0.1383
vn 0.2087 -0.9646 0.1611
vn 0.1989 -0.9515 0.2345
vn -0.6803 -0.6976 0.2248
vn -0.6709 -0.7191 0.1810
vn -0.6749 -0.7107 0.1987
vn -0.6840 -0.6874 0.2442
vn -0.9560 -0.0039 0.2934
vn -0.9051 0.0183 0.4247
vn -0.9258 0.0103 0.3780
vn -0.9863 -0.0249 0.1630
vn -0.3139 0.6888 0.6534
vn -0.3672 0.7109 0.5997
vn -0.3459 0.7025 0.6219
vn -0.2950 0.6802 0.6710
vn 0.1509 0.8910 0.4281
vn 0.3119 0.6822 0.6613
vn 0.2596 0.7656 0.5886
vn 0.0662 0.9529 0.2961
vn 0.7951 0.5261 0.3016
vn 0.7726 0.6294 0.0827
vn 0.7861 0.5964 0.1624
vn 0.7918 0.4814 0.3760
vn 0.9413 -0.2920 0.1695
vn 0.7188 -0.4899 0.4933
vn 0.8161 -0.4292 0.3870
vn 0.9876 -0.1543 -0.0293
vn 0.1059 -0.9937 -0.0360
vn 0.1100 -0.9931 -0.0398
vn 0.1016 -0.9943 -0.0320
vn 0.0965 -0.9950 -0.0273
vn -0.6543 -0.7482 0.1103
vn -0.6980 -0.6970 0.1645
vn -0.6279 -0.7742 0.0797
vn -0.5789 -0.8150 0.0266
vn -0.9953 0.0095 0.0960
vn -0.9964 -0.0129 0.0838
vn -0.9925 0.0429 0.1142
vn -0.9900 0.0641 0.1257
vn -0.4438 0.8929 0.0755
vn -0.4720 0.8794 0.0627
vn -0.4147 0.9056 0.0884
vn -0.3914 0.9149 0.0986
vn 0.0141 0.9999 0.0037
vn 0.0101 0.9999 0.0029
vn 0.0200 0.9998 0.0050
vn 0.0235 0.9997 0.0057
vn 0.8341 0.4846 -0.2635
vn 0.8596 0.4457 -0.2498
vn 0.8009 0.5298 -0.2791
vn 0.7726 0.5644 -0.2908
vn 0.9135 -0.2015 -0.3533
vn 0.8975 -0.0006 -0.4409
vn 0.8940 -0.3583 -0.2692
vn 0.8434 -0.5088 -0.1728
vn 0.1238 -0.9729 0.1953
vn 0.1170 -0.9729 0.1993
vn 0.1486 -0.9723 0.1807
vn 0.1590 -0.9717 0.1744
vn -0.4953 -0.8135 0.3047
vn -0.5542 -0.7555 0.3494
vn -0.3114 -0.9352 0.1684
vn -0.2255 -0.9685 0.1061
vn -0.9367 0.0119 0.3500
vn -0.9357 0.0207 0.3522
vn -0.9408 -0.0425 0.3363
vn -0.9413 -0.0553 0.3329
vn -0.4182 0.8873 0.1945
vn -0.3925 0.8983 0.1973
vn -0.5378 0.8238 0.1790
vn -0.5790 0.7969 0.1725
vn 0.0302 0.9966 0.0765
vn 0.0326 0.9965 0.0769
vn 0.0232 0.9969 0.0752
vn 0.0205 0.9970 0.0747
vn 0.8271 0.5562 -0.0811
vn 0.8408 0.5362 -0.0750
vn 0.7872 0.6089 -0.0974
vn 0.7644 0.6360 -0.1059
vn 0.8544 -0.5180 -0.0413
vn 0.8644 -0.5001 -0.0519
vn 0.8086 -0.5883 0.0025
vn 0.7894 -0.6136 0.0190
vn 0.1570 -0.9826 0.0988
vn 0.1535 -0.9827 0.1040
vn 0.1569 -0.9826 0.0990
vn 0.1606 -0.9826 0.0935
vn -0.2012 -0.9582 0.2035
vn -0.1971 -0.9615 0.1914
vn -0.2000 -0.9592 0.1999
vn -0.2042 -0.9556 0.2124
vn -0.9354 -0.0691 0.3468
vn -0.9323 -0.0568 0.3572
vn -0.9359 -0.0711 0.3451
vn -0.9389 -0.0846 0.3336
vn -0.6002 0.7779 0.1863
vn -0.5697 0.7946 0.2098
vn -0.6010 0.7774 0.1856
vn -0.6291 0.7601 0.1629
vn 0.0249 0.9997 0.0036
vn 0.0124 0.9999 -0.0078
vn 0.0210 0.9998 -0.0000
vn 0.0347 0.9993 0.0125
vn 0.7820 0.6139 -0.1073
vn 0.7538 0.6424 -0.1383
vn 0.7764 0.6199 -0.1137
vn 0.8027 0.5906 -0.0829
vn 0.7777 -0.6250 -0.0681
vn 0.7782 -0.6242 -0.0692
vn 0.7776 -0.6251 -0.0679
vn 0.7769 -0.6261 -0.0665
vn -0.0198 -0.9487 -0.3154
vn 0.0870 -0.8779 -0.4708
vn -0.0076 -0.9426 -0.3339
vn -0.1369 -0.9822 -0.1288
vn -0.2679 -0.9523 -0.1461
vn -0.2896 -0.9551 -0.0625
vn -0.2780 -0.9545 -0.1083
vn -0.2569 -0.9485 -0.1853
vn -0.9874 -0.0892 0.1305
vn -0.9856 -0.0732 0.1522
vn -0.9876 -0.0909 0.1282
vn -0.9885 -0.1043 0.1097
vn -0.6402 0.7388 0.2104
vn -0.6193 0.7496 0.2334
vn -0.6406 0.7386 0.2101
vn -0.6575 0.7289 0.1907
vn 0.0756 0.9929 0.0918
vn 0.0470 0.9964 0.0710
vn 0.0706 0.9936 0.0881
vn 0.0973 0.9894 0.1074
vn 0.7563 0.6228 -0.2003
vn 0.7750 0.6038 -0.1865
vn 0.7591 0.6200 -0.1983
vn 0.7401 0.6383 -0.2118
vn 0.6315 -0.6384 -0.4400
vn 0.6554 -0.5632 -0.5033
vn 0.6357 -0.6271 -0.4502
vn 0.6087 -0.6922 -0.3878
vn -0.9895 -0.1358 -0.0497
vn -0.9974 -0.0717 -0.0000
vn -0.9711 -0.2122 -0.1094
vn -0.9473 -0.2772 -0.1607
vn -0.6529 0.7571 0.0237
vn -0.6483 0.7608 0.0299
vn -0.6549 0.7554 0.0210
vn -0.6591 0.7519 0.0152
vn 0.1432 0.9779 0.1522
vn 0.0991 0.9883 0.1159
vn 0.1408 0.9786 0.1503
vn 0.1708 0.9697 0.1749
vn 0.6363 0.7651 -0.0986
vn 0.4968 -0.2939 -0.8166
vn 0.5989 -0.2787 -0.7508
vn 0.4915 -0.2945 -0.8196
vn 0.3860 -0.3048 -0.8707
vn -0.7135 -0.7000 -0.0298
vn -0.2145 -0.9587 -0.1866
vn -0.1537 -0.9762 -0.1533
vn -0.1984 -0.9639 -0.1778
vn -0.2643 -0.9405 -0.2136
vn 0.7602 0.6340 -0.1421
vn 0.7551 0.6439 -0.1234
vn 0.7584 0.6375 -0.1356
vn 0.7635 0.6268 -0.1553
vn -0.2406 -0.8314 -0.5009
vn -0.3428 -0.8102 -0.4755
vn -0.2993 -0.8205 -0.4871
vn -0.1956 -0.8376 -0.5100
vn 0.6336 -0.5870 0.5041
vn 0.6582 -0.5150 0.5492
vn 0.6362 -0.5802 0.5086
vn 0.6133 -0.6347 0.4700
vn 0.8450 -0.2875 -0.4510
vn 0.8441 -0.2918 -0.4498
vn 0.8457 -0.2835 -0.4520
vn 0.8469 -0.2775 -0.4536
vn -0.5996 -0.7721 -0.2105
vn -0.6147 -0.7886 0.0153
vn -0.5981 -0.7704 -0.2210
vn -0.5222 -0.6768 -0.5189
vn 0.5544 0.7584 0.3427
vn 0.5906 0.7349 0.3334
vn 0.5246 0.7763 0.3496
vn 0.4846 0.7981 0.3580
vn -0.4176 0.5163 0.7477
vn -0.2668 0.5254 0.8079
vn -0.4704 0.5094 0.7205
vn -0.5723 0.4900 0.6575
vn 0.8138 -0.2382 -0.5301
vn -0.4263 -0.8577 -0.2874
vn -0.4080 -0.8508 -0.3311
vn -0.4357 -0.8606 -0.2639
vn -0.4595 -0.8655 -0.1995
vn 0.4398 0.8582 0.2646
vn 0.3790 0.8854 0.2693
vn 0.4787 0.8384 0.2608
vn 0.5200 0.8149 0.2562
vn -0.6429 0.3928 0.6576
vn -0.5360 0.4275 0.7280
vn -0.6765 0.3795 0.6312
vn -0.7777 0.3302 0.5350
vn 0.3141 -0.4436 0.8394
vn 0.3252 -0.4763 0.8170
vn 0.3127 -0.4395 0.8420
vn 0.3016 -0.4075 0.8620
vn -0.9325 -0.3536 -0.0740
vn -0.8802 -0.4743 0.0173
vn -0.9119 -0.4091 -0.0331
vn -0.9523 -0.2773 -0.1276
vn -0.4785 0.8689 0.1267
vn -0.3642 0.9002 0.2387
vn -0.5419 0.8385 0.0568
vn -0.6440 0.7616 -0.0724
vn 0.6896 0.6896 0.2211
vn 0.6013 0.7790 0.1778
vn 0.3862 0.8942 0.2264
vn 0.6700 0.7255 0.1575
vn 0.8514 0.5176 0.0850
vn 0.5934 -0.1485 -0.7911
vn 0.6751 -0.1308 -0.7260
vn 0.5787 -0.1513 -0.8014
vn 0.4908 -0.1668 -0.8552
vn -0.4949 -0.8536 0.1623
vn -0.4828 -0.8654 0.1338
vn -0.5124 -0.8337 0.2057
vn -0.5241 -0.8183 0.2362
vn -0.1663 -0.9857 -0.0262
vn -0.1969 -0.9792 -0.0489
vn -0.1619 -0.9865 -0.0229
vn -0.1146 -0.9933 0.0120
vn 0.8613 0.5056 0.0512
vn 0.8646 0.5019 0.0218
vn 0.8624 0.5044 0.0416
vn 0.8578 0.5083 0.0757
vn -0.3903 -0.9175 -0.0764
vn -0.3851 -0.9105 0.1506
vn -0.3883 -0.9113 -0.1372
vn -0.3469 -0.8061 -0.4794
vn 0.1547 0.9628 0.2214
vn 0.1326 0.9715 0.1967
vn 0.1523 0.9638 0.2187
vn 0.1732 0.9547 0.2420
vn -0.8351 -0.5236 -0.1685
vn -0.8657 -0.4855 -0.1217
vn -0.8130 -0.5473 -0.1987
vn -0.7686 -0.5877 -0.2529
vn -0.3956 0.8121 0.4289
vn -0.4046 0.8124 0.4198
vn -0.3935 0.8121 0.4310
vn -0.3835 0.8115 0.4409
vn 0.1410 0.8780 0.4575
vn 0.1209 0.8940 0.4315
vn 0.1370 0.8813 0.4523
vn 0.1544 0.8666 0.4745
vn -0.0673 -0.9712 -0.2285
vn -0.2008 -0.9735 -0.1098
vn -0.0668 -0.9712 -0.2289
vn 0.1267 -0.9142 -0.3850
vn 0.7503 -0.5339 -0.3899
vn 0.6801 -0.6548 -0.3298
vn 0.8218 -0.3336 -0.4619
vn 0.8509 -0.1378 -0.5069
vn 0.5973 0.7367 0.3172
vn 0.7028 0.6227 0.3440
vn 0.5037 0.8135 0.2906
vn 0.3705 0.8947 0.2493
vn 0.1853 0.8419 0.5068
vn 0.1491 0.8599 0.4882
vn 0.1815 0.8439 0.5049
vn 0.2086 0.8294 0.5183
vn 0.9398 -0.2479 -0.2350
vn 0.9422 -0.2390 -0.2348
vn 0.9365 -0.2603 -0.2352
vn 0.9335 -0.2705 -0.2353
vn 0.4247 0.7736 0.4703
vn 0.4249 0.7735 0.4703
vn 0.4246 0.7737 0.4702
vn 0.4243 0.7739 0.4702
vn -0.2675 -0.9515 -0.1518
vn -0.2971 -0.8381 -0.4576
vn 0.0264 -0.4619 0.8865
vn 0.3084 -0.6457 0.6985
vn 0.3867 -0.5839 0.7138
vn 0.2274 -0.7007 0.6763
vn 0.1794 -0.7293 0.6603
vn 0.1484 0.8605 0.4873
vn -0.3948 0.7399 0.5446
vn -0.3727 0.7376 0.5630
vn -0.4003 0.7404 0.5399
vn -0.4192 0.7418 0.5235
vn -0.7556 -0.5999 -0.2630
vn -0.7631 -0.5886 -0.2670
vn -0.7578 -0.5965 -0.2642
vn -0.7475 -0.6118 -0.2587
vn 0.1363 -0.8572 -0.4966
vn 0.1160 -0.8437 -0.5242
vn 0.1450 -0.8627 -0.4844
vn 0.1614 -0.8725 -0.4611
vn -0.2851 -0.8211 -0.4945
vn -0.2688 -0.8121 -0.5180
vn -0.2770 -0.8167 -0.5062
vn -0.2934 -0.8254 -0.4822
vn -0.1563 -0.5816 0.7983
vn -0.2936 -0.4779 0.8279
vn -0.2198 -0.5363 0.8149
vn -0.0760 -0.6328 0.7705
vn -0.9682 -0.2500 -0.0031
vn -0.9903 -0.1346 -0.0338
vn -0.9706 -0.2407 -0.0056
vn -0.9388 -0.3438 0.0226
vn 0.9170 0.3989 0.0044
vn 0.9125 0.4071 0.0407
vn 0.9223 0.3641 -0.1294
vn 0.9212 0.3559 -0.1571
vn 0.8128 0.2207 0.5391
vn 0.8148 0.2192 0.5367
vn 0.8119 0.2214 0.5403
vn 0.8098 0.2229 0.5427
vn 0.9338 0.3375 0.1190
vn 0.9295 0.3445 0.1316
vn 0.9367 0.3325 0.1102
vn 0.9398 0.3267 0.1000
vn 0.8650 0.4902 -0.1073
vn 0.8659 0.4668 -0.1796
vn 0.8446 0.5323 0.0574
vn 0.8354 0.5405 0.0993
vn 0.7881 0.3962 0.4711
vn 0.7568 0.4122 0.5072
vn 0.8143 0.3811 0.4379
vn 0.8526 0.3554 0.3831
vn 0.8196 0.5710 0.0471
vn 0.8285 0.5597 0.0191
vn 0.8115 0.5801 0.0707
vn 0.8007 0.5907 0.0995
vn 0.4950 0.8412 0.2176
vn 0.5236 0.8312 0.1870
vn 0.4722 0.8479 0.2412
vn 0.4395 0.8556 0.2734
vn 0.5259 0.7846 0.3284
vn 0.5742 0.7740 0.2669
vn 0.4668 0.7908 0.3959
vn 0.4090 0.7908 0.4553
vn -0.4687 0.8509 0.2373
vn -0.3830 0.9084 0.1675
vn -0.4708 0.8493 0.2390
vn -0.5399 0.7875 0.2973
vn -0.9318 0.2957 0.2104
vn -0.9388 0.2224 0.2630
vn -0.9291 0.3122 0.1980
vn -0.9133 0.3806 0.1448
vn -0.9304 0.3626 0.0533
vn -0.9147 0.3903 0.1051
vn -0.9236 0.3756 0.0772
vn -0.9382 0.3453 0.0219
vn 0.9346 0.2837 0.2145
vn 0.9431 0.2612 0.2059
vn 0.9369 0.2777 0.2122
vn 0.9286 0.2987 0.2201
vn 0.4833 0.2422 0.8413
vn 0.3814 0.5162 0.7669
vn 0.4667 0.2979 0.8327
vn 0.5377 -0.0244 0.8428
vn -0.4168 0.3295 0.8472
vn -0.3939 0.2665 0.8797
vn -0.4120 0.3159 0.8547
vn -0.4351 0.3839 0.8144
vn 0.5363 -0.6622 0.5234
vn 0.6904 -0.6515 0.3144
vn 0.5983 -0.6635 0.4492
vn 0.4556 -0.6525 0.6055
vn 0.4371 -0.4073 0.8019
vn -0.3856 -0.2649 0.8838
vn -0.5180 -0.0216 0.8551
vn -0.4357 -0.1815 0.8816
vn -0.2889 -0.4051 0.8674
vn 0.2279 -0.2538 0.9400
vn 0.2284 -0.1381 0.9637
vn 0.2285 -0.2100 0.9506
vn 0.2260 -0.3218 0.9195
vn 0.2335 -0.9568 0.1732
vn 0.2601 -0.9553 0.1405
vn 0.2467 -0.9563 0.1571
vn 0.2184 -0.9569 0.1914
vn 0.0909 -0.6050 0.7910
vn 0.0625 -0.6642 0.7449
vn 0.0865 -0.6146 0.7841
vn 0.1119 -0.5580 0.8223
vn 0.7853 -0.1464 0.6015
vn 0.8008 -0.1391 0.5826
vn 0.7786 -0.1495 0.6095
vn 0.7648 -0.1556 0.6252
vn 0.8372 0.5214 0.1649
vn 0.8500 0.5014 0.1615
vn 0.8467 0.5067 0.1624
vn 0.8347 0.5252 0.1655
vn 0.7969 -0.5472 0.2560
vn 0.8266 -0.5153 0.2264
vn 0.7754 -0.5681 0.2758
vn 0.7502 -0.5905 0.2974
vn 0.8011 -0.0782 0.5934
vn 0.7091 -0.0108 0.7050
vn 0.7666 -0.0514 0.6400
vn 0.8319 -0.1044 0.5450
vn 0.9641 0.1631 0.2097
vn 0.9389 0.2305 0.2556
vn 0.9577 0.1822 0.2227
vn 0.9751 0.1248 0.1833
vn 0.6594 -0.6773 0.3264
vn 0.6256 -0.6821 0.3786
vn 0.6469 -0.6794 0.3463
vn 0.6729 -0.6745 0.3039
vn 0.8250 0.5126 0.2379
vn 0.8436 0.5061 0.1796
vn 0.6540 0.5108 0.5579
vn 0.6206 0.5047 0.6001
vn 0.7716 -0.5387 0.3384
vn 0.6390 -0.1014 0.7625
vn 0.7697 -0.5617 0.3036
vn 0.6457 -0.7512 -0.1370
vn 0.9788 0.1756 0.1054
vn 0.9910 0.1331 0.0100
vn 0.9619 0.2071 0.1787
vn 0.9429 0.2324 0.2388
vn 0.4338 0.1337 0.8910
vn 0.5523 -0.7885 0.2708
vn 0.5441 -0.8317 0.1102
vn 0.5520 -0.7755 0.3066
vn 0.5474 -0.7361 0.3980
vn 0.6706 -0.6619 0.3349
vn 0.5850 -0.7310 0.3513
vn 0.7373 -0.5963 0.3176
vn 0.8267 -0.4850 0.2853
vn 0.4250 0.3678 0.8271
vn 0.6398 0.3672 0.6752
vn 0.8400 0.4171 0.3471
vn 0.8294 0.4903 0.2677
vn 0.8405 0.4087 0.3557
vn 0.8382 0.3078 0.4502
vn 0.8317 0.0794 0.5495
vn 0.8539 0.1953 0.4824
vn 0.8223 0.0450 0.5673
vn 0.8008 -0.0202 0.5985
vn 0.6583 -0.0973 0.7465
vn 0.5762 -0.1285 0.8071
vn 0.7247 -0.0688 0.6857
vn 0.8525 -0.0010 0.5227
vn 0.9643 -0.0823 0.2515
vn 0.9665 -0.1006 0.2360
vn 0.9610 -0.0606 0.2697
vn 0.7841 -0.2279 0.5773
vn 0.4083 -0.1425 0.9016
vn 0.4264 -0.1117 0.8976
vn 0.4038 -0.1501 0.9025
vn 0.3798 -0.1892 0.9055
vn 0.4257 -0.1869 0.8853
vn 0.3701 -0.3383 0.8652
vn 0.4680 -0.0395 0.8828
vn 0.5049 0.1437 0.8511
vn -0.0812 -0.4981 0.8633
vn 0.9382 0.2762 0.2085
vn 0.9537 0.2562 0.1572
vn 0.9261 0.2891 0.2424
vn 0.9038 0.3089 0.2961
vn 0.6693 -0.1527 0.7271
vn 0.5681 -0.1202 0.8141
vn 0.6586 -0.1492 0.7376
vn 0.7553 -0.1815 0.6297
vn 0.5420 -0.2831 0.7913
vn 0.6974 -0.2439 0.6739
vn 0.5286 -0.2857 0.7993
vn 0.4385 -0.3012 0.8468
vn 0.4337 0.0473 0.8998
vn 0.4484 0.0822 0.8901
vn 0.4254 0.0281 0.9046
vn 0.4157 0.0063 0.9095
vn 0.8371 0.5099 0.1981
vn 0.8296 0.5155 0.2144
vn 0.8445 0.5039 0.1813
vn 0.8508 0.4984 0.1664
vn 0.7803 0.4766 0.4050
vn 0.8306 0.4627 0.3097
vn 0.7052 0.4860 0.5162
vn 0.6520 0.4874 0.5808
vn 0.3916 0.2485 0.8859
vn 0.4783 0.2754 0.8339
vn 0.3408 0.2321 0.9110
vn 0.2725 0.2095 0.9391
vn 0.1841 0.0166 0.9828
vn 0.2088 0.0244 0.9777
vn 0.1842 0.0166 0.9828
vn 0.1553 0.0075 0.9878
vn 0.1203 0.0032 0.9927
vn 0.1618 0.0361 0.9862
vn 0.1166 0.0003 0.9932
vn -0.0392 -0.1206 0.9919
vn 0.0393 -0.3933 0.9186
vn -0.0106 -0.3801 0.9249
vn 0.0366 -0.3926 0.9190
vn 0.0824 -0.4039 0.9111
vn 0.1164 -0.3330 0.9357
vn 0.0571 -0.3100 0.9490
vn 0.1361 -0.3404 0.9304
vn 0.2234 -0.3714 0.9012
vn 0.0224 -0.0489 0.9985
vn 0.0385 -0.4703 0.8817
vn -0.0525 -0.3998 0.9151
vn 0.0286 -0.4630 0.8859
vn 0.1272 -0.5328 0.8366
vn 0.2251 0.9695 0.0968
vn 0.2144 0.9692 0.1209
vn 0.2473 0.9679 0.0453
vn 0.2582 0.9659 0.0193
vn 0.2135 0.8929 0.3963
vn 0.2421 0.9056 0.3483
vn 0.1512 0.8567 0.4931
vn 0.1133 0.8295 0.5470
vn 0.1222 0.3900 0.9127
vn 0.0575 0.3567 0.9324
vn 0.1239 0.3908 0.9121
vn 0.1904 0.4231 0.8859
vn 0.1776 0.0001 0.9841
vn 0.1740 -0.0023 0.9847
vn 0.1770 -0.0003 0.9842
vn 0.1814 0.0026 0.9834
vn -0.4321 -0.3237 0.8417
vn -0.2636 -0.6553 0.7079
vn -0.3277 -0.5504 0.7679
vn -0.4647 -0.2300 0.8551
vn -0.3556 0.9340 0.0358
vn -0.3481 0.9374 0.0121
vn -0.3747 0.9217 0.1000
vn -0.3815 0.9160 0.1242
vn -0.3391 0.7949 0.5032
vn -0.3361 0.8070 0.4856
vn -0.3443 0.7710 0.5358
vn -0.3472 0.7557 0.5553
vn -0.2777 0.3834 0.8808
vn -0.2053 0.5519 0.8082
vn -0.2879 0.3561 0.8890
vn -0.3675 0.0962 0.9250
vn -0.3018 0.0233 0.9531
vn -0.3346 0.0270 0.9420
vn -0.3236 0.0006 0.9462
vn -0.3380 0.0350 0.9405
vn -0.3518 0.0691 0.9335
vn -0.4829 -0.3439 0.8053
vn -0.4791 -0.3509 0.8046
vn -0.4827 -0.3442 0.8053
vn -0.4850 -0.3401 0.8057
vn 0.4066 0.0385 0.9128
vn 0.4649 0.1413 0.8740
vn 0.3829 -0.0005 0.9238
vn 0.3521 -0.0493 0.9346
vn 0.3861 -0.0274 0.9221
vn 0.3523 -0.0865 0.9319
vn 0.3937 -0.0135 0.9191
vn 0.4434 0.0818 0.8926
vn -0.8988 0.3902 0.1998
vn -0.7612 0.4545 0.4626
vn -0.8063 0.4409 0.3943
vn -0.9210 0.3677 0.1286
vn -0.7594 -0.4254 0.4923
vn -0.8341 -0.5511 0.0239
vn -0.8339 -0.5295 0.1557
vn -0.7195 -0.3849 0.5781
vn -0.0208 0.9721 -0.2335
vn 0.2313 -0.9288 0.2897
vn -0.9505 0.2717 0.1508
vn -0.9485 0.2979 0.1081
vn -0.9505 0.2521 0.1818
vn -0.9485 0.2263 0.2215
vn -0.7656 0.2255 0.6025
vn -0.7677 0.2309 0.5978
vn -0.7651 0.2241 0.6036
vn -0.7621 0.2166 0.6101
vn -0.9355 -0.2408 0.2587
vn -0.9523 -0.2131 0.2183
vn -0.9282 -0.2514 0.2744
vn -0.9123 -0.2726 0.3056
vn -0.7048 -0.1777 0.6868
vn -0.6394 -0.1940 0.7440
vn -0.7280 -0.1712 0.6638
vn -0.7691 -0.1586 0.6191
vn -0.3549 0.0567 0.9332
vn -0.3495 0.0107 0.9369
vn -0.3594 0.1021 0.9276
vn -0.9223 0.0712 0.3799
vn -0.9336 0.0988 0.3445
vn -0.9166 0.0588 0.3955
vn -0.9043 0.0346 0.4254
vn 0.6572 0.1181 0.7444
vn 0.7435 -0.0727 0.6648
vn 0.7061 0.0199 0.7078
vn 0.6020 0.2109 0.7702
vn -0.1228 0.1275 0.9842
vn -0.0375 0.0372 0.9986
vn -0.1124 0.1165 0.9868
vn -0.2339 0.2453 0.9408
vn 0.6991 -0.0940 -0.7089
vn 0.7858 0.1178 -0.6072
vn 0.7398 -0.0084 -0.6728
vn 0.6618 -0.1610 -0.7322
vn -0.1180 0.0738 -0.9903
vn -0.0820 0.1115 -0.9904
vn -0.1171 0.0747 -0.9903
vn -0.1644 0.0243 -0.9861
vn -0.7105 -0.0222 -0.7034
vn -0.7578 -0.1485 -0.6354
vn -0.7138 -0.0298 -0.6998
vn -0.6654 0.0711 -0.7431
vn -0.3395 -0.8665 0.3660
vn -0.6678 -0.6996 0.2542
vn -0.4789 -0.8146 0.3273
vn -0.1002 -0.9067 0.4097
vn 0.6790 -0.6142 0.4022
vn 0.6665 -0.3727 0.6456
vn 0.6742 -0.4166 0.6099
vn 0.6471 -0.7273 0.2287
vn 0.1943 -0.6983 0.6889
vn 0.0705 -0.6345 0.7697
vn 0.1234 -0.6637 0.7378
vn 0.2519 -0.7224 0.6439
vn 0.7156 -0.2824 -0.6388
vn 0.5713 -0.5841 -0.5765
vn 0.6240 -0.4964 -0.6034
vn 0.7469 -0.1683 -0.6433
vn -0.0108 -0.4812 -0.8765
vn -0.0886 -0.5839 -0.8070
vn -0.0174 -0.4904 -0.8713
vn 0.0379 -0.4120 -0.9104
vn -0.5729 -0.4317 -0.6967
vn -0.5418 -0.2745 -0.7944
vn -0.5685 -0.4026 -0.7175
vn -0.5811 -0.6435 -0.4982
vn -0.7855 0.1557 0.5990
vn -0.8051 0.1954 0.5601
vn -0.7846 0.1540 0.6006
vn -0.7629 0.1149 0.6362
vn -0.0780 0.0415 0.9961
vn 0.1280 -0.1393 0.9819
vn -0.0912 0.0531 0.9944
vn -0.2317 0.1777 0.9564
vn 0.0848 0.0271 -0.9960
vn -0.0534 -0.1880 -0.9807
vn 0.0661 -0.0024 -0.9978
vn 0.2201 0.2448 -0.9442
vn -0.7582 0.1064 -0.6433
vn -0.8073 0.0342 -0.5891
vn -0.7484 0.1193 -0.6524
vn -0.7046 0.1732 -0.6881
vn 0.3038 0.7722 0.5581
vn 0.1796 0.7596 0.6251
vn 0.3546 0.7728 0.5263
vn 0.4785 0.7619 0.4366
vn 0.3508 0.6807 -0.6432
vn 0.3735 0.5385 -0.7553
vn 0.3251 0.7753 -0.5415
vn 0.2983 0.8434 -0.4470
vn -0.1723 0.2767 0.9454
vn -0.2793 0.1737 0.9444
vn -0.1248 0.3195 0.9393
vn 0.0027 0.4257 0.9049
vn -0.1610 -0.1406 -0.9769
vn -0.1517 -0.1794 -0.9720
vn -0.1796 -0.0594 -0.9819
vn -0.1921 -0.0015 -0.9814
vn 0.3590 0.8743 0.3267
vn 0.2925 0.8807 0.3727
vn 0.3665 0.8732 0.3212
vn 0.4289 0.8608 0.2741
vn 0.3603 0.8508 -0.3826
vn 0.3905 0.8190 -0.4204
vn 0.3339 0.8753 -0.3499
vn 0.2971 0.9050 -0.3045
vn -0.0318 0.4514 0.8918
vn -0.0531 0.4253 0.9035
vn 0.0092 0.4999 0.8660
vn 0.0656 0.5629 0.8239
vn 0.1616 -0.0375 -0.9861
vn 0.1632 -0.0429 -0.9857
vn 0.1584 -0.0257 -0.9870
vn 0.1540 -0.0101 -0.9880
vn 0.3866 0.8828 0.2668
vn 0.4991 0.8659 -0.0336
vn 0.6277 0.7721 -0.0992
vn 0.5028 0.8637 -0.0354
vn 0.3489 0.9365 0.0361
vn 0.5760 0.5141 0.6355
vn 0.5785 0.5528 0.5998
vn 0.5421 0.3102 0.7809
vn 0.5285 0.2570 0.8091
vn 0.2439 -0.0523 -0.9684
vn 0.2477 -0.0911 -0.9645
vn 0.2356 0.0209 -0.9716
vn 0.2301 0.0646 -0.9710
vn 0.9569 -0.2622 0.1250
vn 0.9667 -0.2267 0.1183
vn 0.8775 -0.4523 0.1591
vn 0.8654 -0.4739 0.1628
vn -0.5276 -0.5976 0.6037
vn -0.5709 -0.5589 0.6014
vn -0.5541 -0.5744 0.6025
vn -0.5102 -0.6123 0.6040
vn -0.2091 -0.3717 0.9045
vn -0.1274 -0.4847 0.8653
vn -0.1474 -0.4583 0.8765
vn -0.2343 -0.3339 0.9130
vn 0.3819 -0.6476 -0.6594
vn 0.3361 -0.7320 -0.5926
vn 0.3562 -0.6972 -0.6221
vn 0.4010 -0.6062 -0.6869
vn -0.4696 -0.6411 -0.6070
vn -0.4402 -0.7768 -0.4503
vn -0.4515 -0.7380 -0.5015
vn -0.4780 -0.5247 -0.7044
vn -0.3191 -0.5122 0.7974
vn -0.3592 -0.3563 0.8625
vn -0.3542 -0.3793 0.8548
vn -0.3086 -0.5454 0.7793
vn -0.2481 -0.8733 -0.4192
vn -0.2287 -0.7996 -0.5552
vn -0.2332 -0.8166 -0.5280
vn -0.2515 -0.8861 -0.3894
vn -0.0161 -0.6058 0.7954
vn -0.0207 -0.5920 0.8057
vn -0.0197 -0.5948 0.8036
vn -0.0150 -0.6090 0.7930
vn 0.0605 -0.8210 -0.5677
vn 0.1376 -0.7104 -0.6902
vn 0.1167 -0.7434 -0.6586
vn 0.0393 -0.8462 -0.5313
vn 0.3777 -0.7367 0.5609
vn 0.3929 -0.6915 0.6062
vn 0.3900 -0.7007 0.5974
vn 0.3704 -0.7559 0.5399
vn 0.0423 -0.6629 -0.7475
vn 0.1062 -0.5776 -0.8094
vn 0.0911 -0.5987 -0.7958
vn 0.0289 -0.6794 -0.7332
vn 0.4997 -0.8602 0.1018
vn 0.5277 -0.8417 0.1142
vn 0.5231 -0.8448 0.1122
vn 0.4933 -0.8642 0.0990
vn 0.0198 -0.9996 0.0194
vn 0.0304 -0.9994 0.0148
vn 0.0112 -0.9997 0.0231
vn 0.0021 -0.9996 0.0270
vn 0.1752 -0.9844 0.0135
vn 0.2015 -0.9794 -0.0088
vn 0.1834 -0.9830 0.0066
vn 0.1572 -0.9872 0.0287
vn -0.0093 -0.9999 0.0125
vn -0.0116 -0.9998 0.0136
vn -0.0065 -0.9999 0.0112
vn -0.0046 -0.9999 0.0104
vn -0.1280 -0.9914 -0.0289
vn -0.1435 -0.9895 -0.0139
vn -0.1320 -0.9909 -0.0251
vn -0.1083 -0.9930 -0.0479
vn 0.0094 -0.9997 0.0227
vn -0.3548 -0.7828 -0.5112
vn -0.3546 -0.7844 -0.5089
vn -0.3556 -0.7768 -0.5198
vn -0.3558 -0.7752 -0.5220
vn -0.9576 -0.1415 0.2508
vn -0.9323 -0.2054 0.2978
vn -0.9572 -0.1429 0.2519
vn -0.9721 -0.0936 0.2150
vn 0.9113 -0.3007 0.2812
vn 0.9242 -0.2781 0.2618
vn 0.9026 -0.3149 0.2934
vn 0.8834 -0.3440 0.3183
vn -0.8955 -0.3681 0.2501
vn -0.9310 -0.3013 0.2059
vn -0.9060 -0.3500 0.2381
vn -0.8713 -0.4063 0.2753
vn 0.7849 0.1337 0.6050
vn 0.7734 0.1584 0.6137
vn 0.7836 0.1368 0.6061
vn 0.7950 0.1107 0.5964
vn 0.6235 0.1558 0.7661
vn 0.6191 0.1630 0.7682
vn 0.6220 0.1583 0.7669
vn 0.6267 0.1506 0.7646
vn -0.2376 0.0279 0.9710
vn -0.2954 0.1457 0.9442
vn -0.2732 0.0995 0.9568
vn -0.2137 -0.0186 0.9767
vn -0.9474 0.1072 0.3015
vn -0.9351 0.1392 0.3259
vn -0.9590 0.0722 0.2742
vn -0.9697 0.0316 0.2421
vn -0.9875 0.0049 0.1576
vn -0.9797 0.0417 0.1960
vn -0.9874 0.0055 0.1582
vn -0.9925 -0.0323 0.1182
vn -0.7816 -0.1004 0.6157
vn 0.9345 0.3237 0.1479
vn -0.0115 0.8998 0.4362
vn 0.1725 0.9193 0.3536
vn -0.3655 0.7554 0.5439
vn -0.5536 0.6091 0.5679
vn -0.8079 0.5888 0.0261
vn -0.8599 0.5049 0.0749
vn -0.8409 0.5383 0.0560
vn -0.7878 0.6159 0.0093
vn -0.4301 0.7529 0.4981
vn 0.1979 -0.9703 -0.1393
vn 0.1411 -0.9879 -0.0647
vn 0.1879 -0.9741 -0.1261
vn 0.2503 -0.9453 -0.2092
vn -0.6319 -0.7735 -0.0492
vn -0.6548 -0.7496 -0.0964
vn -0.6322 -0.7732 -0.0500
vn -0.6089 -0.7932 -0.0057
vn -0.9535 0.2808 -0.1099
vn -0.9424 0.3263 -0.0737
vn -0.9607 0.2381 -0.1427
vn -0.9655 0.1884 -0.1797
vn -0.5166 0.8530 -0.0749
vn -0.5817 0.8126 -0.0352
vn -0.5569 0.8290 -0.0507
vn -0.4815 0.8713 -0.0951
vn 0.2667 0.9628 -0.0440
vn 0.3111 0.9502 -0.0173
vn 0.2189 0.9731 -0.0722
vn 0.1802 0.9791 -0.0945
vn 0.7989 0.5989 -0.0560
vn 0.7539 0.6473 -0.1126
vn 0.8049 0.5914 -0.0476
vn 0.8404 0.5420 0.0052
vn 0.9348 -0.3435 -0.0901
vn 0.9049 -0.3896 -0.1715
vn 0.9400 -0.3334 -0.0728
vn 0.9640 -0.2627 0.0422
vn 0.1583 0.9755 0.1528
vn 0.1483 0.9805 0.1291
vn 0.1535 0.9780 0.1415
vn 0.1621 0.9734 0.1619
vn 0.0566 0.8528 0.5191
vn 0.0228 0.8447 0.5347
vn 0.0810 0.8579 0.5074
vn 0.1552 0.8694 0.4691
vn 0.0135 0.0391 0.9991
vn 0.0041 0.0229 0.9997
vn 0.0269 0.0621 0.9977
vn 0.0382 0.0815 0.9959
vn 0.0637 -0.0241 0.9977
vn 0.0279 -0.0483 0.9984
vn 0.0612 -0.0257 0.9978
vn 0.1060 0.0047 0.9944
vn -0.7678 -0.2653 0.5832
vn -0.4574 0.7259 0.5136
vn -0.3691 0.7344 0.5695
vn -0.4351 0.7289 0.5286
vn -0.5405 0.7095 0.4522
vn -0.3575 0.1348 0.9241
vn -0.3599 0.1257 0.9245
vn -0.3565 0.1389 0.9239
vn -0.3541 0.1477 0.9235
vn -0.2429 0.0279 0.9696
vn -0.3836 0.0297 0.9230
vn -0.3254 -0.0753 0.9426
vn -0.4552 0.1752 0.8730
vn -0.5121 0.3114 0.8005
vn -0.7234 -0.1075 0.6820
vn -0.7366 -0.0702 0.6727
vn -0.7099 -0.1426 0.6897
vn -0.7015 -0.1629 0.6938
vn -0.9493 0.2786 0.1456
vn -0.9484 0.2980 0.1081
vn -0.9483 0.2564 0.1870
vn -0.9459 0.2377 0.2210
vn -0.7677 0.2310 0.5977
vn -0.7710 0.2397 0.5901
vn -0.7669 0.2287 0.5997
vn -0.9345 -0.2459 0.2572
vn -0.9501 -0.2233 0.2177
vn -0.9231 -0.2605 0.2828
vn -0.9085 -0.2774 0.3126
vn -0.6955 -0.1958 0.6914
vn -0.6202 -0.2153 0.7543
vn -0.7210 -0.1882 0.6669
vn -0.7671 -0.1731 0.6177
vn -0.3920 0.0311 0.9194
vn -0.3813 -0.0521 0.9230
vn -0.3920 0.0315 0.9194
vn -0.3998 0.1136 0.9095
vn 0.4098 0.6930 0.5931
vn 0.3345 0.6456 0.6865
vn 0.4853 0.7320 0.4781
vn 0.5566 0.7576 0.3408
vn 0.3606 -0.1738 0.9164
vn 0.2341 -0.1279 0.9638
vn 0.1717 -0.1449 0.9744
vn 0.2428 -0.1255 0.9619
vn 0.3125 -0.1054 0.9440
vn 0.4517 0.0108 0.8921
vn 0.4326 0.0693 0.8989
vn 0.4480 0.0226 0.8937
vn 0.4668 -0.0399 0.8834
vn 0.0905 -0.0106 0.9958
vn 0.1771 -0.1257 0.9761
vn 0.1215 -0.0515 0.9913
vn -0.0188 0.1316 0.9911
vn 0.6775 -0.6412 0.3604
vn 0.6703 -0.7133 0.2048
vn 0.6741 -0.6014 0.4289
vn 0.6391 -0.4616 0.6153
vn 0.9830 0.1452 -0.1125
vn 0.9913 0.1314 0.0113
vn 0.9907 0.1349 -0.0182
vn 0.9798 0.1475 -0.1352
vn 0.7763 -0.6304 0.0028
vn 0.6929 -0.5885 0.4165
vn 0.7116 -0.6004 0.3649
vn 0.7769 -0.6273 -0.0541
vn 0.5198 -0.7118 0.4724
vn 0.4746 -0.6490 0.5946
vn 0.5049 -0.6911 0.5172
vn 0.5419 -0.7426 0.3935
vn 0.9782 -0.1797 0.1039
vn 0.9846 -0.1670 0.0508
vn 0.9826 -0.1718 0.0707
vn 0.9736 -0.1862 0.1318
vn 0.0241 -0.9997 -0.0000
vn 0.8659 -0.4918 0.0912
vn 0.7122 -0.5509 0.4352
vn 0.7436 -0.5469 0.3846
vn 0.8853 -0.4650 -0.0000
vn 0.7327 -0.3592 0.5781
vn 0.3944 -0.5120 0.7631
vn 0.4676 -0.4885 0.7367
vn 0.8147 -0.2972 0.4979
vn -0.9485 -0.3169 -0.0000
vn 0.0784 -0.9656 0.2478
vn 0.1416 -0.9899 -0.0000
vn 0.1284 -0.9902 0.0551
vn 0.0665 -0.9545 0.2905
vn 0.2080 -0.7379 0.6420
vn -0.0000 -0.7573 0.6531
vn 0.0913 -0.7529 0.6518
vn 0.2772 -0.7239 0.6318
vn -0.0000 -0.9991 0.0421
vn -0.0382 0.7518 0.6582
vn -0.1620 0.7836 0.5998
vn -0.1977 0.8901 0.4105
vn -0.2145 0.8752 0.4336
vn -0.1897 0.8969 0.3994
vn -0.1638 0.9171 0.3635
vn -0.2596 0.9614 0.0911
vn -0.2779 0.9530 0.1208
vn -0.2430 0.9679 0.0643
vn -0.2247 0.9738 0.0351
vn -0.4067 0.6393 0.6526
vn 0.7851 0.1340 0.6047
vn 0.7753 0.1588 0.6113
vn 0.7861 0.1314 0.6040
vn 0.7946 0.1082 0.5974
vn 0.7719 0.1430 0.6194
vn -0.9757 -0.2080 -0.0692
vn -0.9788 -0.1698 -0.1144
vn -0.9678 -0.2513 -0.0165
vn -0.9580 -0.2855 0.0261
vn -0.9477 0.3090 0.0803
vn -0.9481 0.3059 0.0866
vn -0.9470 0.3132 0.0715
vn -0.9463 0.3171 0.0633
vn -0.9171 0.3943 0.0582
vn -0.9192 0.3902 0.0534
vn -0.9173 0.3940 0.0578
vn -0.9152 0.3982 0.0627
vn -0.9960 -0.0108 0.0883
vn -0.9936 0.0121 0.1122
vn -0.9959 -0.0087 0.0905
vn -0.9974 -0.0346 0.0633
vn -0.9707 -0.1408 0.1949
vn -0.9725 -0.1369 0.1882
vn -0.9685 -0.1450 0.2022
vn -0.9667 -0.1486 0.2084
vn -0.9400 -0.3014 0.1598
vn -0.9360 -0.3060 0.1738
vn -0.9498 -0.2883 0.1213
vn -0.9531 -0.2832 0.1065
vn -0.9893 0.0431 0.1391
vn -0.9954 0.0205 0.0941
vn -0.9931 0.0300 0.1130
vn -0.9847 0.0563 0.1651
vn -0.9530 0.2514 0.1693
vn -0.8837 0.3733 0.2823
vn -0.9507 0.2566 0.1741
vn -0.9881 0.1388 0.0667
vn 0.9998 0.0046 0.0189
vn 0.9968 -0.0486 0.0638
vn 0.9995 0.0317 -0.0040
vn 0.9941 0.0927 -0.0557
vn 0.9511 0.2431 0.1905
vn 0.9372 0.2834 0.2033
vn 0.9415 0.2717 0.1996
vn 0.9552 0.2299 0.1862
vn -0.7505 0.6592 0.0461
vn -0.7757 0.6249 0.0880
vn -0.7593 0.6479 0.0602
vn -0.7258 0.6878 0.0086
vn -0.4422 0.8927 0.0867
vn -0.4609 0.8784 0.1269
vn -0.4216 0.9057 0.0441
vn -0.4024 0.9155 0.0062
vn -0.9173 -0.2521 0.3082
vn -0.9230 -0.2420 0.2990
vn -0.9169 -0.2528 0.3088
vn -0.9122 -0.2607 0.3160
vn 0.5272 0.8333 0.1664
vn 0.5224 0.8348 0.1739
vn 0.5294 0.8326 0.1629
vn 0.5356 0.8305 0.1531
vn 0.8684 -0.4648 0.1729
vn 0.7940 -0.5415 0.2765
vn 0.8557 -0.4801 0.1928
vn 0.9123 -0.3993 0.0911
vn -0.0524 0.0467 -0.9975
vn -0.0372 0.0557 -0.9978
vn -0.0665 0.0384 -0.9970
vn -0.0799 0.0305 -0.9963
vn 0.7617 0.0208 -0.6476
vn 0.7988 -0.0109 -0.6016
vn 0.7842 0.0019 -0.6205
vn 0.7454 0.0339 -0.6658
vn -0.9305 0.0786 -0.3577
vn -0.9288 0.0810 -0.3615
vn -0.9334 0.0746 -0.3511
vn -0.9353 0.0718 -0.3465
vn 0.8678 -0.0395 0.4954
vn 0.8994 -0.0748 0.4306
vn 0.8234 0.0022 0.5674
vn 0.7831 0.0352 0.6209
vn 0.0710 -0.2159 0.9738
vn 0.1604 -0.2729 0.9486
vn -0.0162 -0.1585 0.9872
vn -0.0871 -0.1105 0.9901
vn -0.7576 -0.0243 0.6523
vn -0.7443 -0.0391 0.6667
vn -0.7696 -0.0104 0.6385
vn -0.7878 0.0117 0.6158
vn -0.0987 0.0820 -0.9917
vn -0.1046 0.0871 -0.9907
vn -0.0983 0.0817 -0.9918
vn -0.0920 0.0763 -0.9928
vn 0.7527 -0.0908 -0.6521
vn 0.7073 -0.0266 -0.7064
vn 0.7387 -0.0701 -0.6704
vn 0.7759 -0.1279 -0.6178
vn -0.9459 0.0920 -0.3110
vn -0.9613 0.1331 -0.2414
vn -0.9518 0.1059 -0.2878
vn -0.9287 0.0580 -0.3664
vn 0.9143 -0.1641 0.3703
vn 0.9393 -0.1154 0.3230
vn 0.9199 -0.1541 0.3607
vn 0.8882 -0.2065 0.4105
vn 0.1477 -0.0633 0.9870
vn 0.1302 -0.0751 0.9886
vn 0.1423 -0.0670 0.9876
vn 0.1615 -0.0540 0.9854
vn -0.7422 -0.0655 0.6670
vn -0.7436 -0.0673 0.6652
vn -0.7425 -0.0659 0.6666
vn -0.7412 -0.0644 0.6681
vn -0.0227 0.0194 -0.9996
vn 0.0614 -0.0689 -0.9957
vn -0.0167 0.0131 -0.9998
vn -0.1109 0.1120 -0.9875
vn 0.7233 -0.0724 -0.6868
vn 0.7406 -0.1083 -0.6631
vn 0.7268 -0.0796 -0.6822
vn 0.7063 -0.0399 -0.7068
vn -0.9356 0.2179 -0.2777
vn -0.9261 0.1670 -0.3384
vn -0.9332 0.2015 -0.2977
vn -0.9387 0.2516 -0.2356
vn 0.9148 -0.2634 0.3063
vn 0.8964 -0.2961 0.3299
vn 0.9134 -0.2661 0.3082
vn 0.9286 -0.2360 0.2863
vn 0.1322 -0.1629 0.9778
vn 0.1469 -0.1529 0.9773
vn 0.1338 -0.1617 0.9777
vn 0.1186 -0.1720 0.9779
vn -0.7894 0.1482 0.5957
vn -0.8375 0.0981 0.5376
vn -0.8012 0.1367 0.5826
vn -0.7485 0.1857 0.6366
vn -0.0043 0.0388 -0.9992
vn -0.0279 0.0956 -0.9950
vn 0.0253 -0.0329 -0.9991
vn 0.0637 -0.1259 -0.9900
vn 0.6990 -0.3058 -0.6465
vn 0.6995 -0.3135 -0.6423
vn 0.6984 -0.2980 -0.6507
vn 0.6978 -0.2909 -0.6545
vn -0.9240 0.2126 -0.3180
vn -0.9247 0.2297 -0.3035
vn -0.9236 0.2069 -0.3226
vn -0.9222 0.1896 -0.3370
vn 0.8828 -0.2921 0.3678
vn 0.8690 -0.3198 0.3776
vn 0.8987 -0.2571 0.3552
vn 0.9108 -0.2279 0.3443
vn 0.1570 -0.0020 0.9876
vn 0.1577 -0.0012 0.9875
vn 0.1564 -0.0026 0.9877
vn 0.1558 -0.0032 0.9878
vn -0.8067 0.1852 0.5612
vn -0.7906 0.2069 0.5763
vn -0.8139 0.1750 0.5540
vn -0.8278 0.1544 0.5393
vn -0.0367 0.0559 -0.9978
vn -0.0366 0.0557 -0.9978
vn -0.0368 0.0562 -0.9977
vn -0.0368 0.0564 -0.9977
vn 0.7284 -0.0337 -0.6844
vn 0.7225 -0.0168 -0.6912
vn 0.7327 -0.0466 -0.6789
vn 0.7390 -0.0661 -0.6705
vn -0.9485 0.1681 -0.2684
vn -0.9478 0.1962 -0.2514
vn -0.9481 0.1332 -0.2889
vn -0.9464 0.1032 -0.3060
vn 0.8850 -0.2543 0.3900
vn 0.8862 -0.2519 0.3889
vn 0.8843 -0.2558 0.3907
vn 0.8832 -0.2580 0.3917
vn 0.1307 -0.1143 0.9848
vn 0.1317 -0.1131 0.9848
vn 0.1294 -0.1159 0.9848
vn 0.1279 -0.1178 0.9848
vn -0.8562 -0.0893 0.5090
vn -0.8675 -0.1293 0.4803
vn -0.8417 -0.0466 0.5379
vn -0.8268 -0.0085 0.5624
vn -0.0262 0.0681 -0.9973
vn -0.0121 0.0574 -0.9983
vn -0.0207 0.0639 -0.9977
vn -0.0344 0.0743 -0.9966
vn 0.7297 0.0170 -0.6835
vn 0.7396 0.0059 -0.6731
vn 0.7338 0.0124 -0.6792
vn 0.7238 0.0236 -0.6896
vn -0.9604 0.0513 -0.2738
vn -0.9535 0.0351 -0.2994
vn -0.9580 0.0455 -0.2830
vn -0.9645 0.0621 -0.2566
vn 0.9166 -0.1173 0.3823
vn 0.9340 -0.0867 0.3466
vn 0.9250 -0.1031 0.3658
vn 0.9047 -0.1361 0.4038
vn 0.0833 -0.1471 0.9856
vn 0.0181 -0.1898 0.9816
vn 0.0652 -0.1591 0.9851
vn 0.1315 -0.1147 0.9847
vn -0.8373 -0.0422 0.5451
vn -0.7708 0.0124 0.6369
vn -0.8092 -0.0179 0.5872
vn -0.8697 -0.0733 0.4882
vn -0.0294 0.0362 -0.9989
vn -0.0545 0.0520 -0.9972
vn -0.0423 0.0443 -0.9981
vn -0.0129 0.0256 -0.9996
vn 0.7286 -0.0490 -0.6832
vn 0.7157 -0.0335 -0.6976
vn 0.7226 -0.0418 -0.6900
vn 0.7367 -0.0590 -0.6736
vn -0.9465 -0.0914 -0.3096
vn -0.9449 -0.0932 -0.3138
vn -0.9459 -0.0921 -0.3111
vn -0.9471 -0.0906 -0.3077
vn 0.9309 -0.2094 0.2992
vn 0.9459 -0.1791 0.2704
vn 0.9369 -0.1978 0.2882
vn 0.9179 -0.2329 0.3213
vn -0.0193 -0.1551 0.9877
vn -0.0533 -0.1857 0.9812
vn -0.0220 -0.1575 0.9873
vn 0.0194 -0.1199 0.9926
vn -0.7829 -0.1457 0.6049
vn -0.7997 -0.1642 0.5775
vn -0.7894 -0.1528 0.5945
vn -0.7725 -0.1347 0.6206
vn -0.0750 0.2095 -0.9749
vn -0.0922 0.2518 -0.9634
vn -0.0541 0.1578 -0.9860
vn -0.0407 0.1246 -0.9914
vn 0.7413 0.0992 -0.6638
vn 0.7475 0.0788 -0.6596
vn 0.7338 0.1226 -0.6682
vn 0.7253 0.1474 -0.6724
vn -0.8921 -0.0824 -0.4443
vn -0.8305 -0.1597 -0.5337
vn -0.9495 0.0227 -0.3130
vn -0.9760 0.1200 -0.1819
vn 0.9466 -0.1061 0.3044
vn -0.1034 -0.1447 0.9841
vn -0.1235 -0.1841 0.9751
vn -0.0720 -0.0834 0.9939
vn -0.0527 -0.0457 0.9976
vn -0.6078 0.0044 0.7940
vn -0.4896 0.1581 0.8575
vn -0.7106 -0.1686 0.6831
vn -0.7839 -0.3634 0.5035
vn -0.0328 -0.8470 0.5306
vn 0.0169 -0.9233 0.3836
vn 0.0083 -0.9121 0.4098
vn -0.0379 -0.8376 0.5449
vn 0.6456 -0.7007 0.3038
vn 0.7522 -0.6460 -0.1299
vn 0.7374 -0.6755 -0.0075
vn 0.5284 -0.6697 0.5218
vn 0.9258 -0.3366 0.1721
vn 0.9567 -0.0206 0.2904
vn 0.9566 -0.1635 0.2413
vn 0.8236 -0.5637 0.0622
vn 0.9848 -0.1257 -0.1195
vn 0.9854 -0.1295 -0.1102
vn 0.9852 -0.1282 -0.1134
vn 0.9846 -0.1240 -0.1236
vn 0.9933 -0.0411 -0.1084
vn 0.9541 0.0541 -0.2947
vn 0.9820 -0.0006 -0.1888
vn 0.9937 -0.1085 0.0289
vn -0.3941 -0.8707 0.2941
vn -0.1903 0.2072 -0.9596
vn -0.2431 0.2941 -0.9243
vn -0.1511 0.1433 -0.9781
vn -0.0983 0.0583 -0.9934
vn 0.6859 -0.0529 -0.7258
vn 0.6327 0.0092 -0.7744
vn 0.6789 -0.0443 -0.7329
vn 0.7125 -0.0869 -0.6963
vn -0.8277 0.0530 -0.5587
vn -0.7154 -0.0702 -0.6952
vn -0.8410 0.0711 -0.5363
vn -0.9111 0.1965 -0.3624
vn -0.7286 0.2029 -0.6542
vn -0.7184 0.1768 -0.6727
vn -0.7328 0.2142 -0.6459
vn -0.7439 0.2463 -0.6213
vn -0.2434 0.2536 -0.9362
vn -0.9806 -0.1092 -0.1625
vn -0.8786 -0.2880 -0.3809
vn -0.9474 -0.1879 -0.2589
vn -0.9960 -0.0417 -0.0794
vn -0.9207 0.2700 -0.2817
vn -0.9263 0.3187 -0.2012
vn -0.9240 0.2904 -0.2488
vn -0.9113 0.2320 -0.3403
vn 0.9917 0.0614 -0.1131
vn 0.9912 0.0906 -0.0962
vn 0.9915 0.0794 -0.1027
vn 0.9915 0.0486 -0.1205
vn 0.9289 -0.3151 -0.1944
vn 0.8305 -0.5434 -0.1224
vn 0.9652 -0.0394 -0.2586
vn 0.9500 0.1240 -0.2865
vn 0.6157 0.1471 -0.7741
vn 0.6135 0.1503 -0.7753
vn 0.6165 0.1460 -0.7737
vn 0.6189 0.1426 -0.7724
vn -0.6334 0.3333 -0.6983
vn -0.6316 0.2953 -0.7169
vn -0.6341 0.3666 -0.6809
vn -0.6338 0.4018 -0.6610
vn -0.2789 0.1906 -0.9412
vn -0.2808 0.2051 -0.9376
vn -0.2765 0.1725 -0.9454
vn -0.2753 0.1634 -0.9474
vn -0.9100 0.3727 -0.1817
vn -0.9068 0.3849 -0.1719
vn -0.9120 0.3645 -0.1881
vn -0.9148 0.3524 -0.1975
vn 0.9888 -0.1178 -0.0918
vn 0.9876 -0.1420 -0.0669
vn 0.9889 -0.1127 -0.0971
vn 0.9883 -0.0808 -0.1295
vn 0.9863 -0.1467 -0.0749
vn 0.6212 0.1588 -0.7674
vn 0.6267 0.1491 -0.7649
vn 0.6191 0.1624 -0.7683
vn 0.6127 0.1735 -0.7711
vn -0.7436 -0.1542 -0.6506
vn -0.7806 -0.0652 -0.6217
vn -0.7185 -0.2055 -0.6645
vn -0.6839 -0.2682 -0.6785
vn -0.2400 -0.0175 -0.9706
vn -0.2180 -0.0767 -0.9729
vn -0.2777 0.0908 -0.9564
vn -0.2961 0.1474 -0.9437
vn -0.9735 0.0451 -0.2241
vn -0.9816 0.0045 -0.1909
vn -0.9768 0.0305 -0.2122
vn -0.9673 0.0696 -0.2438
vn 0.9998 -0.0203 0.0044
vn 0.9985 -0.0002 0.0542
vn 0.9948 -0.0564 -0.0852
vn 0.9860 -0.0806 -0.1457
vn 0.8261 0.1009 -0.5544
vn 0.8805 0.0052 -0.4739
vn 0.8473 0.0670 -0.5269
vn 0.7738 0.1733 -0.6093
vn 0.5419 0.0519 -0.8388
vn 0.4578 0.1249 -0.8802
vn 0.5178 0.0736 -0.8523
vn 0.6019 -0.0053 -0.7985
vn -0.2787 -0.0656 -0.9581
vn -0.2544 -0.0864 -0.9632
vn -0.2801 -0.0644 -0.9578
vn -0.3023 -0.0451 -0.9521
vn -0.9451 -0.1660 -0.2814
vn -0.9589 -0.1350 -0.2494
vn -0.9462 -0.1638 -0.2790
vn -0.9313 -0.1930 -0.3089
vn 0.9878 0.0563 -0.1450
vn 0.9823 0.0459 -0.1815
vn 0.9952 0.0980 0.0068
vn 0.9902 0.1166 0.0774
vn 0.8340 -0.0950 -0.5436
vn 0.7873 -0.0383 -0.6154
vn 0.8202 -0.0772 -0.5669
vn 0.8593 -0.1309 -0.4944
vn 0.4229 -0.1121 -0.8992
vn 0.4171 -0.1068 -0.9025
vn 0.4218 -0.1111 -0.8999
vn 0.4275 -0.1164 -0.8965
vn -0.1694 -0.2360 -0.9569
vn -0.0852 -0.3008 -0.9499
vn -0.1625 -0.2414 -0.9567
vn -0.2456 -0.1736 -0.9537
vn -0.9206 -0.2350 -0.3119
vn -0.8880 -0.2880 -0.3585
vn -0.9155 -0.2441 -0.3199
vn -0.9540 -0.1657 -0.2499
vn 0.9976 -0.0670 0.0195
vn 0.9987 -0.0255 -0.0438
vn 0.9988 -0.0476 -0.0102
vn 0.9953 -0.0850 0.0472
vn 0.8063 0.0012 -0.5915
vn 0.8083 -0.0129 -0.5887
vn 0.8014 0.0328 -0.5973
vn 0.7991 0.0458 -0.5995
vn 0.4449 -0.2768 -0.8517
vn 0.4478 -0.3190 -0.8353
vn 0.4321 -0.1573 -0.8880
vn 0.4211 -0.0839 -0.9031
vn 0.0910 -0.5640 -0.8208
vn 0.2201 -0.6749 -0.7044
vn 0.0648 -0.5390 -0.8398
vn -0.0754 -0.3920 -0.9169
vn -0.9460 -0.0994 -0.3086
vn -0.9771 0.0091 -0.2127
vn -0.9473 -0.0960 -0.3057
vn -0.9055 -0.1857 -0.3815
vn 0.9940 0.0739 -0.0801
vn 0.9899 -0.0176 -0.1408
vn 0.9937 0.0346 -0.1063
vn 0.9900 0.1354 -0.0383
vn 0.9988 0.0228 -0.0434
vn -0.8843 -0.2655 -0.3840
vn -0.9416 -0.2360 -0.2403
vn -0.8962 -0.2607 -0.3589
vn -0.8091 -0.2875 -0.5126
vn -0.9870 0.1505 -0.0571
vn -0.9528 0.2825 0.1109
vn -0.9812 0.1931 -0.0041
vn -0.9807 0.0380 -0.1916
vn -0.4872 0.8727 0.0330
vn -0.5491 0.8354 -0.0245
vn -0.4874 0.8726 0.0329
vn -0.4116 0.9061 0.0983
vn 0.4753 0.8745 -0.0968
vn 0.4723 0.8758 -0.0994
vn 0.4756 0.8743 -0.0966
vn 0.4787 0.8729 -0.0939
vn 0.9072 0.3991 -0.1332
vn 0.9202 0.3729 -0.1189
vn 0.9007 0.4113 -0.1399
vn 0.8766 0.4529 -0.1629
vn 0.6155 0.0666 -0.7853
vn 0.7795 -0.3660 -0.5083
vn 0.1578 -0.8641 -0.4780
vn 0.1522 -0.8614 -0.4845
vn 0.1583 -0.8643 -0.4774
vn 0.1631 -0.8666 -0.4716
vn -0.8302 -0.4847 -0.2752
vn -0.8112 -0.5235 -0.2605
vn -0.8267 -0.4923 -0.2724
vn -0.8469 -0.4465 -0.2888
vn -0.9921 0.1209 0.0332
vn -0.9840 0.1780 0.0001
vn -0.9914 0.1280 0.0291
vn -0.9951 0.0821 0.0554
vn -0.3408 0.9140 0.2202
vn -0.3187 0.9293 0.1869
vn -0.3470 0.9094 0.2295
vn -0.3645 0.8952 0.2563
vn 0.5168 0.8464 0.1281
vn 0.5373 0.8383 0.0931
vn 0.5035 0.8508 0.1500
vn 0.4842 0.8561 0.1808
vn 0.8913 0.4499 0.0564
vn 0.8661 0.4853 0.1197
vn 0.8860 0.4583 0.0710
vn 0.9020 0.4311 0.0244
vn 0.8689 -0.3224 -0.3755
vn 0.8779 -0.3144 -0.3613
vn 0.8620 -0.3285 -0.3862
vn 0.8433 -0.3436 -0.4132
vn 0.1636 -0.9443 -0.2854
vn 0.1857 -0.9542 -0.2345
vn 0.1435 -0.9330 -0.3300
vn 0.1235 -0.9197 -0.3726
vn -0.8360 -0.5154 -0.1884
vn -0.8405 -0.4999 -0.2088
vn -0.8293 -0.5347 -0.1621
vn -0.8225 -0.5518 -0.1379
vn -0.9806 0.1953 0.0159
vn -0.9764 0.2158 -0.0019
vn -0.9804 0.1962 0.0151
vn -0.9843 0.1728 0.0353
vn -0.3192 0.9458 0.0594
vn -0.3079 0.9502 0.0491
vn -0.3153 0.9474 0.0559
vn -0.3272 0.9426 0.0668
vn 0.4725 0.8804 0.0393
vn 0.1765 0.9464 0.2703
vn 0.3930 0.9132 0.1076
vn 0.5441 0.8386 -0.0273
vn 0.8168 0.5719 -0.0759
vn 0.7516 0.6593 0.0192
vn 0.7829 0.6217 -0.0236
vn 0.8414 0.5270 -0.1198
vn 0.9337 -0.3157 -0.1686
vn 0.9382 -0.3088 -0.1564
vn 0.9312 -0.3195 -0.1753
vn 0.9281 -0.3241 -0.1834
vn 0.1900 -0.9767 -0.1001
vn 0.2586 -0.9638 -0.0656
vn 0.2323 -0.9694 -0.0789
vn 0.1674 -0.9796 -0.1112
vn -0.7586 -0.6512 0.0231
vn -0.4021 -0.8878 0.2240
vn -0.6497 -0.7541 0.0964
vn -0.8529 -0.5188 -0.0572
vn -0.9728 0.2225 0.0648
vn -0.9764 0.1978 0.0869
vn -0.9747 0.2105 0.0756
vn -0.9701 0.2370 0.0517
vn -0.3329 0.9410 0.0606
vn -0.3928 0.9128 0.1123
vn -0.3635 0.9275 0.0868
vn -0.3106 0.9496 0.0417
vn 0.2860 0.9578 -0.0272
vn 0.1969 0.9801 0.0256
vn 0.2258 0.9741 0.0086
vn 0.3454 0.9363 -0.0633
vn 0.7778 0.6255 -0.0606
vn 0.8046 0.5881 -0.0823
vn 0.7964 0.6001 -0.0755
vn 0.7636 0.6438 -0.0496
vn 0.9555 -0.2895 -0.0572
vn 0.9597 -0.2765 -0.0508
vn 0.9580 -0.2817 -0.0534
vn 0.9539 -0.2942 -0.0595
vn 0.2451 -0.8542 -0.4585
vn 0.2484 -0.8575 -0.4505
vn 0.2328 -0.8416 -0.4874
vn 0.2301 -0.8387 -0.4937
vn -0.6934 -0.6309 -0.3480
vn -0.6914 -0.6246 -0.3632
vn -0.6917 -0.6256 -0.3607
vn -0.6940 -0.6328 -0.3434
vn -0.9585 0.1017 -0.2663
vn -0.9617 0.0993 -0.2555
vn -0.9535 0.1052 -0.2826
vn -0.9510 0.1068 -0.2901
vn -0.4490 0.8251 -0.3429
vn -0.4639 0.8262 -0.3196
vn -0.4367 0.8238 -0.3615
vn -0.4247 0.8221 -0.3791
vn 0.1164 0.9455 -0.3040
vn 0.1140 0.9487 -0.2949
vn 0.1199 0.9406 -0.3177
vn 0.1218 0.9379 -0.3248
vn 0.7412 0.5675 -0.3586
vn 0.7067 0.5792 -0.4064
vn 0.7164 0.5762 -0.3935
vn 0.7537 0.5625 -0.3398
vn 0.8194 -0.2453 -0.5181
vn 0.8007 -0.2519 -0.5435
vn 0.8506 -0.2328 -0.4714
vn 0.8607 -0.2284 -0.4550
vn 0.2020 -0.9562 -0.2120
vn 0.1989 -0.9516 -0.2345
vn 0.2087 -0.9646 -0.1611
vn 0.2115 -0.9675 -0.1383
vn -0.6803 -0.6976 -0.2248
vn -0.6840 -0.6874 -0.2442
vn -0.6749 -0.7107 -0.1987
vn -0.6709 -0.7191 -0.1810
vn -0.9560 -0.0039 -0.2934
vn -0.9863 -0.0249 -0.1630
vn -0.9258 0.0103 -0.3780
vn -0.9052 0.0183 -0.4247
vn -0.3139 0.6888 -0.6534
vn -0.2950 0.6802 -0.6710
vn -0.3459 0.7025 -0.6219
vn -0.3673 0.7109 -0.5997
vn 0.1509 0.8910 -0.4281
vn 0.0662 0.9528 -0.2961
vn 0.2596 0.7656 -0.5886
vn 0.3119 0.6822 -0.6613
vn 0.7951 0.5261 -0.3017
vn 0.7918 0.4814 -0.3760
vn 0.7861 0.5964 -0.1624
vn 0.7726 0.6294 -0.0827
vn 0.9413 -0.2920 -0.1695
vn 0.9876 -0.1543 0.0293
vn 0.8161 -0.4292 -0.3870
vn 0.7188 -0.4899 -0.4933
vn 0.1059 -0.9937 0.0360
vn 0.0965 -0.9950 0.0273
vn 0.1016 -0.9943 0.0320
vn 0.1100 -0.9931 0.0398
vn -0.6543 -0.7482 -0.1103
vn -0.5789 -0.8150 -0.0266
vn -0.6279 -0.7742 -0.0797
vn -0.6980 -0.6970 -0.1645
vn -0.9953 0.0096 -0.0960
vn -0.9900 0.0641 -0.1257
vn -0.9925 0.0429 -0.1142
vn -0.9964 -0.0129 -0.0838
vn -0.4438 0.8929 -0.0755
vn -0.3914 0.9149 -0.0986
vn -0.4147 0.9056 -0.0884
vn -0.4720 0.8794 -0.0627
vn 0.0141 0.9999 -0.0038
vn 0.0235 0.9997 -0.0057
vn 0.0200 0.9998 -0.0050
vn 0.0101 0.9999 -0.0029
vn 0.8341 0.4846 0.2635
vn 0.7726 0.5644 0.2908
vn 0.8009 0.5298 0.2791
vn 0.8596 0.4457 0.2498
vn 0.9135 -0.2015 0.3533
vn 0.8434 -0.5088 0.1728
vn 0.8940 -0.3583 0.2692
vn 0.8975 -0.0006 0.4409
vn 0.1238 -0.9729 -0.1953
vn 0.1590 -0.9717 -0.1744
vn 0.1486 -0.9723 -0.1807
vn 0.1170 -0.9729 -0.1993
vn -0.4953 -0.8135 -0.3047
vn -0.2255 -0.9684 -0.1061
vn -0.3114 -0.9352 -0.1684
vn -0.5542 -0.7555 -0.3494
vn -0.9367 0.0119 -0.3500
vn -0.9413 -0.0553 -0.3329
vn -0.9408 -0.0425 -0.3363
vn -0.9357 0.0207 -0.3522
vn -0.4182 0.8873 -0.1945
vn -0.5790 0.7969 -0.1725
vn -0.5378 0.8238 -0.1790
vn -0.3925 0.8983 -0.1973
vn 0.0302 0.9966 -0.0765
vn 0.0206 0.9970 -0.0747
vn 0.0232 0.9969 -0.0752
vn 0.0326 0.9965 -0.0769
vn 0.8271 0.5562 0.0811
vn 0.7644 0.6360 0.1059
vn 0.7872 0.6089 0.0974
vn 0.8408 0.5362 0.0750
vn 0.8544 -0.5180 0.0413
vn 0.7894 -0.6136 -0.0190
vn 0.8086 -0.5883 -0.0025
vn 0.8644 -0.5002 0.0519
vn 0.1571 -0.9826 -0.0987
vn 0.1606 -0.9826 -0.0935
vn 0.1569 -0.9826 -0.0990
vn 0.1535 -0.9827 -0.1040
vn -0.2012 -0.9582 -0.2035
vn -0.2042 -0.9556 -0.2124
vn -0.2000 -0.9592 -0.1999
vn -0.1971 -0.9615 -0.1914
vn -0.9354 -0.0691 -0.3468
vn -0.9389 -0.0846 -0.3336
vn -0.9359 -0.0711 -0.3451
vn -0.9323 -0.0568 -0.3572
vn -0.6002 0.7779 -0.1863
vn -0.6291 0.7601 -0.1629
vn -0.6010 0.7774 -0.1857
vn -0.5697 0.7946 -0.2098
vn 0.0249 0.9997 -0.0036
vn 0.0347 0.9993 -0.0125
vn 0.0124 0.9999 0.0078
vn 0.7820 0.6139 0.1073
vn 0.8027 0.5906 0.0829
vn 0.7764 0.6199 0.1137
vn 0.7538 0.6424 0.1383
vn 0.7777 -0.6250 0.0681
vn 0.7769 -0.6261 0.0665
vn 0.7776 -0.6251 0.0679
vn 0.7782 -0.6242 0.0692
vn -0.0198 -0.9487 0.3154
vn -0.1368 -0.9822 0.1289
vn -0.0076 -0.9426 0.3339
vn 0.0870 -0.8779 0.4708
vn -0.2679 -0.9523 0.1462
vn -0.2569 -0.9485 0.1853
vn -0.2780 -0.9545 0.1083
vn -0.2896 -0.9551 0.0625
vn -0.9874 -0.0892 -0.1305
vn -0.9885 -0.1043 -0.1097
vn -0.9876 -0.0909 -0.1282
vn -0.9856 -0.0732 -0.1522
vn -0.6402 0.7388 -0.2105
vn -0.6575 0.7289 -0.1907
vn -0.6406 0.7386 -0.2101
vn -0.6193 0.7496 -0.2334
vn 0.0756 0.9929 -0.0918
vn 0.0973 0.9894 -0.1074
vn 0.0706 0.9936 -0.0881
vn 0.0470 0.9964 -0.0710
vn 0.7563 0.6228 0.2003
vn 0.7401 0.6383 0.2118
vn 0.7591 0.6200 0.1983
vn 0.7750 0.6038 0.1865
vn 0.6315 -0.6384 0.4400
vn 0.6087 -0.6922 0.3878
vn 0.6357 -0.6271 0.4502
vn 0.6554 -0.5632 0.5033
vn -0.9895 -0.1358 0.0497
vn -0.9473 -0.2772 0.1607
vn -0.9711 -0.2122 0.1094
vn -0.6529 0.7571 -0.0237
vn -0.6591 0.7519 -0.0152
vn -0.6549 0.7554 -0.0210
vn -0.6483 0.7608 -0.0299
vn 0.1433 0.9779 -0.1522
vn 0.1709 0.9697 -0.1749
vn 0.1409 0.9786 -0.1503
vn 0.0991 0.9883 -0.1159
vn 0.6363 0.7651 0.0986
vn 0.4968 -0.2939 0.8166
vn 0.3860 -0.3047 0.8707
vn 0.4915 -0.2945 0.8196
vn 0.5989 -0.2787 0.7508
vn -0.7135 -0.7000 0.0298
vn -0.2145 -0.9587 0.1866
vn -0.2643 -0.9405 0.2136
vn -0.1984 -0.9639 0.1778
vn -0.1537 -0.9762 0.1533
vn 0.7602 0.6340 0.1421
vn 0.7635 0.6268 0.1553
vn 0.7584 0.6375 0.1356
vn 0.7551 0.6439 0.1234
vn -0.2406 -0.8314 0.5009
vn -0.1956 -0.8376 0.5100
vn -0.2993 -0.8205 0.4871
vn -0.3428 -0.8102 0.4755
vn 0.6336 -0.5870 -0.5040
vn 0.6133 -0.6347 -0.4700
vn 0.6362 -0.5802 -0.5086
vn 0.6582 -0.5150 -0.5491
vn 0.8450 -0.2875 0.4510
vn 0.8469 -0.2775 0.4536
vn 0.8457 -0.2835 0.4520
vn 0.8441 -0.2918 0.4498
vn -0.5996 -0.7721 0.2105
vn -0.5222 -0.6768 0.5189
vn -0.5981 -0.7703 0.2210
vn -0.6147 -0.7886 -0.0153
vn 0.5545 0.7584 -0.3427
vn 0.4846 0.7981 -0.3580
vn 0.5246 0.7763 -0.3496
vn 0.5906 0.7349 -0.3334
vn -0.4176 0.5162 -0.7477
vn -0.5724 0.4900 -0.6575
vn -0.4704 0.5094 -0.7206
vn -0.2668 0.5254 -0.8080
vn 0.8138 -0.2382 0.5301
vn -0.4263 -0.8577 0.2875
vn -0.4595 -0.8655 0.1995
vn -0.4357 -0.8606 0.2639
vn -0.4080 -0.8508 0.3311
vn 0.4398 0.8582 -0.2646
vn 0.5200 0.8149 -0.2562
vn 0.4787 0.8384 -0.2608
vn 0.3790 0.8853 -0.2693
vn -0.6429 0.3928 -0.6576
vn -0.7777 0.3302 -0.5350
vn -0.6765 0.3795 -0.6312
vn -0.5360 0.4275 -0.7280
vn 0.3141 -0.4436 -0.8394
vn 0.3016 -0.4075 -0.8620
vn 0.3127 -0.4395 -0.8420
vn 0.3251 -0.4763 -0.8170
vn -0.9325 -0.3536 0.0740
vn -0.9523 -0.2773 0.1276
vn -0.9119 -0.4091 0.0331
vn -0.8802 -0.4743 -0.0173
vn -0.4785 0.8689 -0.1267
vn -0.6440 0.7616 0.0724
vn -0.5419 0.8385 -0.0568
vn -0.3642 0.9002 -0.2387
vn 0.6896 0.6896 -0.2211
vn 0.6013 0.7790 -0.1778
vn 0.8514 0.5176 -0.0850
vn 0.6700 0.7255 -0.1575
vn 0.3862 0.8942 -0.2264
vn 0.5934 -0.1485 0.7911
vn 0.4908 -0.1668 0.8552
vn 0.5787 -0.1513 0.8014
vn 0.6751 -0.1308 0.7260
vn -0.4949 -0.8537 -0.1623
vn -0.5241 -0.8183 -0.2362
vn -0.5124 -0.8337 -0.2057
vn -0.4828 -0.8655 -0.1338
vn -0.1663 -0.9857 0.0262
vn -0.1146 -0.9933 -0.0119
vn -0.1619 -0.9865 0.0229
vn -0.1969 -0.9792 0.0489
vn 0.8613 0.5056 -0.0512
vn 0.8578 0.5083 -0.0757
vn 0.8624 0.5044 -0.0416
vn 0.8646 0.5019 -0.0218
vn -0.3903 -0.9175 0.0764
vn -0.3469 -0.8061 0.4794
vn -0.3883 -0.9113 0.1372
vn -0.3851 -0.9105 -0.1506
vn 0.1547 0.9628 -0.2214
vn 0.1732 0.9547 -0.2420
vn 0.1523 0.9638 -0.2187
vn 0.1326 0.9715 -0.1967
vn -0.8351 -0.5236 0.1685
vn -0.7686 -0.5877 0.2529
vn -0.8130 -0.5473 0.1987
vn -0.8657 -0.4855 0.1217
vn -0.3956 0.8121 -0.4289
vn -0.3835 0.8115 -0.4409
vn -0.3935 0.8121 -0.4310
vn -0.4046 0.8124 -0.4198
vn 0.1410 0.8780 -0.4575
vn 0.1544 0.8666 -0.4745
vn 0.1370 0.8813 -0.4523
vn 0.1209 0.8940 -0.4315
vn -0.0673 -0.9712 0.2285
vn 0.1268 -0.9142 0.3850
vn -0.0668 -0.9712 0.2289
vn -0.2008 -0.9735 0.1098
vn 0.7503 -0.5339 0.3899
vn 0.8509 -0.1378 0.5069
vn 0.8218 -0.3336 0.4619
vn 0.6801 -0.6548 0.3298
vn 0.5972 0.7367 -0.3172
vn 0.3705 0.8947 -0.2493
vn 0.5037 0.8135 -0.2906
vn 0.7028 0.6227 -0.3440
vn 0.1853 0.8419 -0.5068
vn 0.2086 0.8294 -0.5183
vn 0.1815 0.8439 -0.5049
vn 0.1491 0.8599 -0.4882
vn 0.9398 -0.2479 0.2350
vn 0.9335 -0.2705 0.2353
vn 0.9365 -0.2603 0.2352
vn 0.9422 -0.2390 0.2348
vn 0.4247 0.7736 -0.4703
vn 0.4243 0.7739 -0.4702
vn 0.4246 0.7737 -0.4702
vn 0.4246 0.7737 -0.4703
vn 0.4249 0.7735 -0.4703
vn -0.2675 -0.9515 0.1518
vn -0.2971 -0.8381 0.4576
vn 0.0264 -0.4619 -0.8865
vn 0.3084 -0.6457 -0.6985
vn 0.1794 -0.7293 -0.6603
vn 0.2274 -0.7007 -0.6763
vn 0.3867 -0.5839 -0.7138
vn 0.1484 0.8605 -0.4873
vn -0.3948 0.7399 -0.5446
vn -0.4192 0.7418 -0.5235
vn -0.4003 0.7404 -0.5399
vn -0.3727 0.7376 -0.5630
vn -0.7556 -0.5999 0.2630
vn -0.7475 -0.6118 0.2587
vn -0.7579 -0.5965 0.2642
vn -0.7631 -0.5886 0.2670
vn 0.1363 -0.8572 0.4966
vn 0.1614 -0.8725 0.4611
vn 0.1451 -0.8627 0.4844
vn 0.1160 -0.8437 0.5242
vn -0.2851 -0.8211 0.4946
vn -0.2934 -0.8254 0.4822
vn -0.2770 -0.8167 0.5062
vn -0.2688 -0.8121 0.5180
vn -0.1563 -0.5816 -0.7983
vn -0.0760 -0.6328 -0.7705
vn -0.2198 -0.5363 -0.8149
vn -0.2936 -0.4779 -0.8279
vn -0.9682 -0.2500 0.0031
vn -0.9388 -0.3438 -0.0226
vn -0.9706 -0.2407 0.0056
vn -0.9903 -0.1346 0.0338
vn 0.9170 0.3989 -0.0044
vn 0.9212 0.3559 0.1571
vn 0.9223 0.3641 0.1294
vn 0.9125 0.4071 -0.0407
vn 0.8128 0.2207 -0.5391
vn 0.8098 0.2229 -0.5427
vn 0.8119 0.2214 -0.5403
vn 0.8148 0.2192 -0.5367
vn 0.9338 0.3375 -0.1190
vn 0.9398 0.3267 -0.1000
vn 0.9366 0.3325 -0.1102
vn 0.9295 0.3445 -0.1316
vn 0.8650 0.4902 0.1073
vn 0.8354 0.5405 -0.0993
vn 0.8446 0.5323 -0.0575
vn 0.8659 0.4668 0.1796
vn 0.7881 0.3962 -0.4711
vn 0.8526 0.3554 -0.3831
vn 0.8143 0.3811 -0.4379
vn 0.7568 0.4122 -0.5072
vn 0.8196 0.5710 -0.0471
vn 0.8007 0.5907 -0.0995
vn 0.8115 0.5801 -0.0707
vn 0.8285 0.5597 -0.0191
vn 0.4950 0.8412 -0.2176
vn 0.4395 0.8556 -0.2734
vn 0.4722 0.8479 -0.2412
vn 0.5236 0.8312 -0.1870
vn 0.5259 0.7846 -0.3284
vn 0.4090 0.7908 -0.4553
vn 0.4668 0.7908 -0.3959
vn 0.5742 0.7740 -0.2669
vn -0.4687 0.8509 -0.2373
vn -0.5399 0.7875 -0.2973
vn -0.4708 0.8493 -0.2390
vn -0.3830 0.9084 -0.1675
vn -0.9318 0.2957 -0.2104
vn -0.9133 0.3806 -0.1448
vn -0.9291 0.3122 -0.1980
vn -0.9388 0.2224 -0.2630
vn -0.9304 0.3626 -0.0533
vn -0.9382 0.3453 -0.0219
vn -0.9236 0.3756 -0.0772
vn -0.9147 0.3903 -0.1051
vn 0.9346 0.2837 -0.2145
vn 0.9286 0.2987 -0.2201
vn 0.9369 0.2777 -0.2122
vn 0.9431 0.2612 -0.2060
vn 0.4833 0.2422 -0.8413
vn 0.5377 -0.0244 -0.8428
vn 0.4667 0.2979 -0.8327
vn 0.3814 0.5162 -0.7669
vn -0.4168 0.3295 -0.8472
vn -0.4351 0.3839 -0.8144
vn -0.4120 0.3159 -0.8547
vn -0.3939 0.2665 -0.8797
vn 0.5363 -0.6622 -0.5234
vn 0.4556 -0.6525 -0.6055
vn 0.5983 -0.6635 -0.4492
vn 0.6904 -0.6515 -0.3144
vn 0.4371 -0.4073 -0.8019
vn -0.3856 -0.2649 -0.8838
vn -0.2889 -0.4051 -0.8674
vn -0.4357 -0.1815 -0.8816
vn -0.5180 -0.0216 -0.8551
vn 0.2279 -0.2538 -0.9400
vn 0.2260 -0.3218 -0.9195
vn 0.2285 -0.2100 -0.9506
vn 0.2284 -0.1381 -0.9637
vn 0.2335 -0.9568 -0.1732
vn 0.2184 -0.9569 -0.1914
vn 0.2467 -0.9563 -0.1571
vn 0.2601 -0.9553 -0.1405
vn 0.0909 -0.6050 -0.7910
vn 0.1119 -0.5580 -0.8223
vn 0.0865 -0.6146 -0.7841
vn 0.0625 -0.6642 -0.7450
vn 0.7853 -0.1464 -0.6015
vn 0.7648 -0.1556 -0.6252
vn 0.7786 -0.1495 -0.6095
vn 0.8008 -0.1391 -0.5826
vn 0.8372 0.5215 -0.1649
vn 0.8347 0.5252 -0.1655
vn 0.8467 0.5066 -0.1624
vn 0.8500 0.5014 -0.1615
vn 0.7969 -0.5472 -0.2560
vn 0.7502 -0.5905 -0.2974
vn 0.7754 -0.5681 -0.2758
vn 0.8266 -0.5153 -0.2264
vn 0.8011 -0.0782 -0.5934
vn 0.8319 -0.1044 -0.5450
vn 0.7666 -0.0514 -0.6400
vn 0.7091 -0.0108 -0.7050
vn 0.9641 0.1631 -0.2097
vn 0.9751 0.1248 -0.1833
vn 0.9577 0.1822 -0.2227
vn 0.9389 0.2305 -0.2556
vn 0.6594 -0.6773 -0.3264
vn 0.6729 -0.6744 -0.3039
vn 0.6469 -0.6794 -0.3463
vn 0.6256 -0.6821 -0.3786
vn 0.8250 0.5126 -0.2379
vn 0.6206 0.5047 -0.6001
vn 0.6540 0.5108 -0.5579
vn 0.8436 0.5061 -0.1796
vn 0.7716 -0.5387 -0.3384
vn 0.6457 -0.7512 0.1370
vn 0.7696 -0.5617 -0.3036
vn 0.6390 -0.1014 -0.7625
vn 0.9788 0.1755 -0.1054
vn 0.9428 0.2324 -0.2388
vn 0.9619 0.2071 -0.1787
vn 0.9910 0.1331 -0.0100
vn 0.4338 0.1337 -0.8910
vn 0.5522 -0.7885 -0.2708
vn 0.5474 -0.7361 -0.3980
vn 0.5520 -0.7755 -0.3066
vn 0.5441 -0.8318 -0.1102
vn 0.6706 -0.6619 -0.3349
vn 0.8267 -0.4850 -0.2853
vn 0.7373 -0.5963 -0.3175
vn 0.5850 -0.7310 -0.3513
vn 0.4250 0.3678 -0.8271
vn 0.6398 0.3672 -0.6752
vn 0.8399 0.4171 -0.3471
vn 0.8382 0.3078 -0.4502
vn 0.8405 0.4087 -0.3557
vn 0.8294 0.4903 -0.2677
vn 0.8317 0.0794 -0.5495
vn 0.8008 -0.0202 -0.5985
vn 0.8223 0.0450 -0.5673
vn 0.8539 0.1953 -0.4824
vn 0.6583 -0.0973 -0.7465
vn 0.8525 -0.0010 -0.5227
vn 0.7247 -0.0688 -0.6857
vn 0.5762 -0.1285 -0.8071
vn 0.9643 -0.0823 -0.2515
vn 0.9610 -0.0606 -0.2697
vn 0.9665 -0.1006 -0.2360
vn 0.7841 -0.2279 -0.5773
vn 0.4083 -0.1425 -0.9016
vn 0.3798 -0.1892 -0.9055
vn 0.4038 -0.1501 -0.9025
vn 0.4264 -0.1117 -0.8976
vn 0.4257 -0.1870 -0.8853
vn 0.5049 0.1437 -0.8511
vn 0.4680 -0.0395 -0.8829
vn 0.3701 -0.3383 -0.8652
vn -0.0812 -0.4981 -0.8633
vn 0.9382 0.2762 -0.2085
vn 0.9038 0.3089 -0.2961
vn 0.9261 0.2891 -0.2424
vn 0.9537 0.2562 -0.1572
vn 0.6693 -0.1527 -0.7271
vn 0.7553 -0.1815 -0.6297
vn 0.6586 -0.1492 -0.7376
vn 0.5681 -0.1202 -0.8141
vn 0.5420 -0.2831 -0.7913
vn 0.4385 -0.3012 -0.8468
vn 0.5286 -0.2857 -0.7993
vn 0.6974 -0.2439 -0.6739
vn 0.4337 0.0473 -0.8998
vn 0.4157 0.0063 -0.9095
vn 0.4254 0.0281 -0.9046
vn 0.4484 0.0821 -0.8901
vn 0.8371 0.5099 -0.1982
vn 0.8508 0.4984 -0.1664
vn 0.8445 0.5039 -0.1813
vn 0.8296 0.5155 -0.2144
vn 0.7803 0.4766 -0.4050
vn 0.6520 0.4874 -0.5808
vn 0.7052 0.4860 -0.5162
vn 0.8306 0.4627 -0.3097
vn 0.3916 0.2485 -0.8859
vn 0.2725 0.2095 -0.9391
vn 0.3408 0.2321 -0.9110
vn 0.4783 0.2754 -0.8339
vn 0.1841 0.0166 -0.9828
vn 0.1553 0.0075 -0.9878
vn 0.1842 0.0166 -0.9828
vn 0.2088 0.0244 -0.9777
vn 0.1203 0.0032 -0.9927
vn -0.0392 -0.1207 -0.9919
vn 0.1166 0.0003 -0.9932
vn 0.1618 0.0361 -0.9862
vn 0.0393 -0.3933 -0.9186
vn 0.0824 -0.4039 -0.9111
vn 0.0366 -0.3927 -0.9190
vn -0.0106 -0.3801 -0.9249
vn 0.1164 -0.3330 -0.9357
vn 0.2234 -0.3714 -0.9012
vn 0.1361 -0.3404 -0.9304
vn 0.0571 -0.3100 -0.9490
vn 0.0224 -0.0490 -0.9985
vn 0.0384 -0.4703 -0.8817
vn 0.1271 -0.5328 -0.8366
vn 0.0286 -0.4630 -0.8859
vn -0.0526 -0.3998 -0.9151
vn 0.2251 0.9695 -0.0968
vn 0.2582 0.9659 -0.0193
vn 0.2473 0.9679 -0.0453
vn 0.2144 0.9692 -0.1209
vn 0.2135 0.8929 -0.3963
vn 0.1133 0.8294 -0.5470
vn 0.1512 0.8567 -0.4931
vn 0.2421 0.9056 -0.3483
vn 0.1222 0.3900 -0.9127
vn 0.1904 0.4231 -0.8859
vn 0.1239 0.3908 -0.9121
vn 0.0575 0.3567 -0.9324
vn 0.1776 -0.0000 -0.9841
vn 0.1814 0.0026 -0.9834
vn 0.1770 -0.0003 -0.9842
vn 0.1740 -0.0023 -0.9847
vn -0.4321 -0.3237 -0.8417
vn -0.4647 -0.2300 -0.8550
vn -0.3277 -0.5504 -0.7679
vn -0.2636 -0.6553 -0.7079
vn -0.3556 0.9340 -0.0358
vn -0.3815 0.9160 -0.1242
vn -0.3747 0.9217 -0.1000
vn -0.3481 0.9374 -0.0121
vn -0.3391 0.7949 -0.5032
vn -0.3472 0.7557 -0.5553
vn -0.3443 0.7710 -0.5358
vn -0.3361 0.8070 -0.4856
vn -0.2777 0.3834 -0.8808
vn -0.3675 0.0962 -0.9250
vn -0.2879 0.3561 -0.8890
vn -0.2053 0.5519 -0.8082
vn -0.3018 0.0233 -0.9531
vn -0.3346 0.0270 -0.9420
vn -0.3518 0.0691 -0.9335
vn -0.3380 0.0350 -0.9405
vn -0.3236 0.0006 -0.9462
vn -0.4829 -0.3439 -0.8053
vn -0.4850 -0.3401 -0.8057
vn -0.4827 -0.3442 -0.8053
vn -0.4792 -0.3509 -0.8046
vn 0.4066 0.0384 -0.9128
vn 0.3521 -0.0493 -0.9346
vn 0.3829 -0.0005 -0.9238
vn 0.4649 0.1413 -0.8740
vn 0.3861 -0.0274 -0.9221
vn 0.4434 0.0818 -0.8926
vn 0.3937 -0.0135 -0.9191
vn 0.3523 -0.0865 -0.9319
vn -0.8988 0.3902 -0.1998
vn -0.9210 0.3677 -0.1286
vn -0.8063 0.4409 -0.3943
vn -0.7612 0.4545 -0.4626
vn -0.7594 -0.4254 -0.4923
vn -0.7195 -0.3849 -0.5781
vn -0.8339 -0.5296 -0.1557
vn -0.8341 -0.5511 -0.0239
vn -0.0208 0.9721 0.2335
vn 0.2313 -0.9288 -0.2897
vn -0.9505 0.2717 -0.1508
vn -0.9485 0.2263 -0.2215
vn -0.9505 0.2522 -0.1818
vn -0.9485 0.2979 -0.1081
vn -0.7656 0.2255 -0.6025
vn -0.7621 0.2166 -0.6101
vn -0.7651 0.2241 -0.6036
vn -0.7677 0.2309 -0.5978
vn -0.9355 -0.2408 -0.2587
vn -0.9123 -0.2726 -0.3055
vn -0.9282 -0.2514 -0.2744
vn -0.9523 -0.2131 -0.2183
vn -0.7048 -0.1777 -0.6868
vn -0.7691 -0.1586 -0.6191
vn -0.7280 -0.1712 -0.6638
vn -0.6394 -0.1940 -0.7440
vn -0.3549 0.0567 -0.9332
vn -0.3594 0.1021 -0.9276
vn -0.3495 0.0107 -0.9369
vn -0.9223 0.0712 -0.3799
vn -0.9043 0.0346 -0.4254
vn -0.9166 0.0588 -0.3955
vn -0.9336 0.0988 -0.3445
vn 0.6572 0.1181 -0.7444
vn 0.6020 0.2109 -0.7702
vn 0.7061 0.0199 -0.7078
vn 0.7435 -0.0727 -0.6648
vn -0.1228 0.1275 -0.9842
vn -0.2339 0.2453 -0.9408
vn -0.1124 0.1165 -0.9868
vn -0.0375 0.0372 -0.9986
vn 0.6991 -0.0940 0.7089
vn 0.6618 -0.1610 0.7322
vn 0.7398 -0.0084 0.6728
vn 0.7858 0.1178 0.6072
vn -0.1180 0.0738 0.9903
vn -0.1644 0.0243 0.9861
vn -0.1171 0.0747 0.9903
vn -0.0820 0.1115 0.9904
vn -0.7105 -0.0222 0.7034
vn -0.6654 0.0711 0.7431
vn -0.7138 -0.0297 0.6998
vn -0.7578 -0.1485 0.6354
vn -0.3395 -0.8665 -0.3660
vn -0.1002 -0.9067 -0.4097
vn -0.4789 -0.8146 -0.3273
vn -0.6678 -0.6996 -0.2542
vn 0.6790 -0.6142 -0.4022
vn 0.6471 -0.7273 -0.2287
vn 0.6742 -0.4166 -0.6099
vn 0.6665 -0.3727 -0.6456
vn 0.1943 -0.6983 -0.6889
vn 0.2519 -0.7224 -0.6439
vn 0.1234 -0.6637 -0.7378
vn 0.0705 -0.6345 -0.7697
vn 0.7156 -0.2824 0.6388
vn 0.7469 -0.1683 0.6433
vn 0.6240 -0.4964 0.6034
vn 0.5713 -0.5841 0.5765
vn -0.0108 -0.4812 0.8765
vn 0.0379 -0.4120 0.9104
vn -0.0174 -0.4904 0.8713
vn -0.0886 -0.5839 0.8070
vn -0.5729 -0.4317 0.6967
vn -0.5811 -0.6435 0.4982
vn -0.5685 -0.4026 0.7175
vn -0.5418 -0.2745 0.7944
vn -0.7855 0.1556 -0.5990
vn -0.7629 0.1149 -0.6362
vn -0.7846 0.1540 -0.6006
vn -0.8051 0.1954 -0.5601
vn -0.0780 0.0415 -0.9961
vn -0.2317 0.1777 -0.9564
vn -0.0912 0.0531 -0.9944
vn 0.1280 -0.1393 -0.9819
vn 0.0848 0.0271 0.9960
vn 0.2201 0.2449 0.9442
vn 0.0661 -0.0024 0.9978
vn -0.0534 -0.1880 0.9807
vn -0.7582 0.1064 0.6433
vn -0.7046 0.1732 0.6881
vn -0.7484 0.1193 0.6524
vn -0.8073 0.0342 0.5891
vn 0.3038 0.7722 -0.5581
vn 0.4785 0.7619 -0.4366
vn 0.3546 0.7728 -0.5263
vn 0.1796 0.7596 -0.6251
vn 0.3508 0.6807 0.6432
vn 0.2983 0.8434 0.4470
vn 0.3251 0.7753 0.5415
vn 0.3735 0.5385 0.7553
vn -0.1723 0.2767 -0.9454
vn 0.0027 0.4257 -0.9049
vn -0.1248 0.3195 -0.9393
vn -0.2793 0.1737 -0.9444
vn -0.1610 -0.1405 0.9769
vn -0.1921 -0.0015 0.9814
vn -0.1796 -0.0594 0.9819
vn -0.1517 -0.1794 0.9720
vn 0.3590 0.8743 -0.3267
vn 0.4289 0.8608 -0.2741
vn 0.3665 0.8732 -0.3212
vn 0.2925 0.8807 -0.3727
vn 0.3603 0.8508 0.3826
vn 0.2971 0.9050 0.3045
vn 0.3339 0.8753 0.3499
vn 0.3905 0.8190 0.4203
vn -0.0318 0.4514 -0.8918
vn 0.0656 0.5629 -0.8239
vn 0.0092 0.4999 -0.8660
vn -0.0531 0.4253 -0.9035
vn 0.1617 -0.0375 0.9861
vn 0.1540 -0.0101 0.9880
vn 0.1584 -0.0257 0.9870
vn 0.1632 -0.0429 0.9857
vn 0.3866 0.8828 -0.2668
vn 0.4991 0.8659 0.0336
vn 0.3489 0.9365 -0.0361
vn 0.5028 0.8637 0.0354
vn 0.6277 0.7721 0.0992
vn 0.5760 0.5141 -0.6355
vn 0.5285 0.2570 -0.8091
vn 0.5421 0.3102 -0.7810
vn 0.5785 0.5528 -0.5998
vn 0.2439 -0.0523 0.9684
vn 0.2301 0.0646 0.9710
vn 0.2356 0.0209 0.9716
vn 0.2477 -0.0911 0.9645
vn 0.9569 -0.2622 -0.1250
vn 0.8654 -0.4740 -0.1628
vn 0.8775 -0.4523 -0.1591
vn 0.9667 -0.2267 -0.1183
vn -0.5276 -0.5976 -0.6037
vn -0.5102 -0.6123 -0.6040
vn -0.5541 -0.5744 -0.6025
vn -0.5709 -0.5589 -0.6014
vn -0.2091 -0.3717 -0.9045
vn -0.2343 -0.3339 -0.9130
vn -0.1474 -0.4583 -0.8765
vn -0.1274 -0.4847 -0.8653
vn 0.3819 -0.6476 0.6594
vn 0.4010 -0.6062 0.6869
vn 0.3562 -0.6972 0.6221
vn 0.3361 -0.7320 0.5926
vn -0.4696 -0.6411 0.6070
vn -0.4780 -0.5246 0.7044
vn -0.4515 -0.7380 0.5015
vn -0.4402 -0.7768 0.4503
vn -0.3191 -0.5122 -0.7974
vn -0.3086 -0.5454 -0.7793
vn -0.3542 -0.3793 -0.8548
vn -0.3592 -0.3563 -0.8625
vn -0.2481 -0.8733 0.4192
vn -0.2515 -0.8861 0.3894
vn -0.2332 -0.8166 0.5281
vn -0.2287 -0.7996 0.5552
vn -0.0161 -0.6058 -0.7954
vn -0.0150 -0.6090 -0.7930
vn -0.0197 -0.5948 -0.8036
vn -0.0207 -0.5920 -0.8057
vn 0.0605 -0.8210 0.5677
vn 0.0393 -0.8462 0.5314
vn 0.1167 -0.7434 0.6586
vn 0.1376 -0.7104 0.6902
vn 0.3777 -0.7367 -0.5609
vn 0.3704 -0.7559 -0.5399
vn 0.3900 -0.7007 -0.5974
vn 0.3929 -0.6915 -0.6062
vn 0.0423 -0.6629 0.7475
vn 0.0289 -0.6794 0.7332
vn 0.0911 -0.5987 0.7958
vn 0.1062 -0.5775 0.8094
vn 0.4997 -0.8602 -0.1018
vn 0.4933 -0.8642 -0.0990
vn 0.5231 -0.8448 -0.1122
vn 0.5277 -0.8417 -0.1142
vn 0.0198 -0.9996 -0.0194
vn 0.0021 -0.9996 -0.0270
vn 0.0112 -0.9997 -0.0231
vn 0.0304 -0.9994 -0.0148
vn 0.1752 -0.9844 -0.0135
vn 0.1572 -0.9872 -0.0287
vn 0.1834 -0.9830 -0.0066
vn 0.2015 -0.9794 0.0088
vn -0.0093 -0.9999 -0.0125
vn -0.0046 -0.9999 -0.0104
vn -0.0065 -0.9999 -0.0112
vn -0.0116 -0.9998 -0.0136
vn -0.1280 -0.9914 0.0289
vn -0.1083 -0.9930 0.0479
vn -0.1320 -0.9909 0.0251
vn -0.1435 -0.9895 0.0139
vn 0.0094 -0.9997 -0.0227
vn -0.3548 -0.7828 0.5112
vn -0.3558 -0.7752 0.5220
vn -0.3556 -0.7768 0.5198
vn -0.3546 -0.7844 0.5090
vn -0.9576 -0.1415 -0.2508
vn -0.9721 -0.0936 -0.2150
vn -0.9572 -0.1429 -0.2519
vn -0.9323 -0.2054 -0.2978
vn 0.9113 -0.3007 -0.2812
vn 0.8834 -0.3440 -0.3183
vn 0.9026 -0.3149 -0.2934
vn 0.9242 -0.2781 -0.2618
vn -0.8955 -0.3681 -0.2501
vn -0.8713 -0.4063 -0.2753
vn -0.9060 -0.3500 -0.2381
vn -0.9310 -0.3013 -0.2059
vn 0.7849 0.1337 -0.6050
vn 0.7950 0.1107 -0.5964
vn 0.7836 0.1368 -0.6061
vn 0.7734 0.1584 -0.6137
vn 0.6235 0.1558 -0.7661
vn 0.6267 0.1506 -0.7646
vn 0.6220 0.1583 -0.7669
vn 0.6191 0.1630 -0.7682
vn -0.2376 0.0279 -0.9710
vn -0.2137 -0.0186 -0.9767
vn -0.2732 0.0995 -0.9568
vn -0.2954 0.1457 -0.9442
vn -0.9474 0.1072 -0.3015
vn -0.9697 0.0316 -0.2421
vn -0.9590 0.0722 -0.2742
vn -0.9351 0.1392 -0.3259
vn -0.9875 0.0049 -0.1576
vn -0.9925 -0.0323 -0.1182
vn -0.9874 0.0055 -0.1582
vn -0.9797 0.0417 -0.1960
vn -0.7816 -0.1004 -0.6157
vn 0.9345 0.3237 -0.1479
vn -0.0115 0.8998 -0.4362
vn -0.5536 0.6091 -0.5679
vn -0.3655 0.7554 -0.5439
vn 0.1725 0.9193 -0.3537
vn -0.8079 0.5888 -0.0261
vn -0.7878 0.6159 -0.0093
vn -0.8409 0.5383 -0.0560
vn -0.8599 0.5049 -0.0749
vn -0.4301 0.7529 -0.4981
vn 0.1979 -0.9703 0.1393
vn 0.2503 -0.9453 0.2092
vn 0.1879 -0.9741 0.1261
vn 0.1411 -0.9879 0.0647
vn -0.6319 -0.7735 0.0492
vn -0.6089 -0.7932 0.0057
vn -0.6322 -0.7732 0.0500
vn -0.6548 -0.7496 0.0964
vn -0.9535 0.2808 0.1099
vn -0.9655 0.1884 0.1797
vn -0.9607 0.2381 0.1427
vn -0.9424 0.3263 0.0737
vn -0.5166 0.8530 0.0749
vn -0.4815 0.8713 0.0951
vn -0.5569 0.8290 0.0507
vn -0.5817 0.8126 0.0352
vn 0.2667 0.9628 0.0440
vn 0.1802 0.9791 0.0945
vn 0.2189 0.9731 0.0722
vn 0.3111 0.9502 0.0173
vn 0.7989 0.5989 0.0560
vn 0.8404 0.5420 -0.0052
vn 0.8049 0.5914 0.0476
vn 0.7539 0.6473 0.1126
vn 0.9348 -0.3435 0.0901
vn 0.9640 -0.2627 -0.0422
vn 0.9400 -0.3334 0.0728
vn 0.9049 -0.3896 0.1715
vn 0.1583 0.9755 -0.1528
vn 0.1621 0.9734 -0.1619
vn 0.1535 0.9780 -0.1415
vn 0.1483 0.9805 -0.1291
vn 0.0566 0.8528 -0.5191
vn 0.1552 0.8694 -0.4691
vn 0.0810 0.8579 -0.5074
vn 0.0228 0.8447 -0.5347
vn 0.0135 0.0391 -0.9991
vn 0.0382 0.0815 -0.9959
vn 0.0269 0.0620 -0.9977
vn 0.0041 0.0229 -0.9997
vn 0.0637 -0.0241 -0.9977
vn 0.1060 0.0047 -0.9944
vn 0.0612 -0.0257 -0.9978
vn 0.0279 -0.0483 -0.9984
vn -0.7678 -0.2653 -0.5832
vn -0.4574 0.7259 -0.5136
vn -0.5405 0.7095 -0.4522
vn -0.4351 0.7289 -0.5286
vn -0.3691 0.7344 -0.5695
vn -0.3575 0.1348 -0.9241
vn -0.3541 0.1477 -0.9235
vn -0.3565 0.1389 -0.9239
vn -0.3599 0.1257 -0.9245
vn -0.2429 0.0279 -0.9696
vn -0.3836 0.0297 -0.9230
vn -0.5121 0.3114 -0.8005
vn -0.4552 0.1752 -0.8730
vn -0.3254 -0.0753 -0.9426
vn -0.7234 -0.1075 -0.6820
vn -0.7015 -0.1629 -0.6938
vn -0.7099 -0.1426 -0.6897
vn -0.7366 -0.0702 -0.6727
vn -0.9493 0.2786 -0.1456
vn -0.9459 0.2377 -0.2210
vn -0.9483 0.2564 -0.1870
vn -0.9484 0.2980 -0.1081
vn -0.7677 0.2310 -0.5977
vn -0.7669 0.2287 -0.5997
vn -0.7710 0.2397 -0.5901
vn -0.9345 -0.2459 -0.2572
vn -0.9085 -0.2773 -0.3126
vn -0.9231 -0.2605 -0.2828
vn -0.9501 -0.2233 -0.2177
vn -0.6955 -0.1958 -0.6914
vn -0.7671 -0.1731 -0.6177
vn -0.7210 -0.1882 -0.6669
vn -0.6202 -0.2153 -0.7543
vn -0.3920 0.0311 -0.9194
vn -0.3998 0.1136 -0.9095
vn -0.3920 0.0315 -0.9194
vn -0.3813 -0.0521 -0.9230
vn 0.4098 0.6930 -0.5931
vn 0.5566 0.7576 -0.3408
vn 0.4853 0.7320 -0.4781
vn 0.3345 0.6456 -0.6865
vn 0.3606 -0.1738 -0.9164
vn 0.2341 -0.1279 -0.9638
vn 0.3125 -0.1054 -0.9440
vn 0.2428 -0.1255 -0.9619
vn 0.1717 -0.1449 -0.9744
vn 0.4517 0.0108 -0.8921
vn 0.4668 -0.0399 -0.8834
vn 0.4480 0.0226 -0.8937
vn 0.4326 0.0693 -0.8989
vn 0.0905 -0.0106 -0.9958
vn -0.0188 0.1316 -0.9911
vn 0.1215 -0.0515 -0.9913
vn 0.1771 -0.1258 -0.9761
vn 0.6775 -0.6412 -0.3604
vn 0.6391 -0.4616 -0.6153
vn 0.6741 -0.6014 -0.4289
vn 0.6703 -0.7133 -0.2048
vn 0.9830 0.1452 0.1125
vn 0.9798 0.1475 0.1352
vn 0.9907 0.1349 0.0182
vn 0.9913 0.1314 -0.0114
vn 0.7763 -0.6304 -0.0028
vn 0.7769 -0.6273 0.0541
vn 0.7116 -0.6004 -0.3649
vn 0.6929 -0.5885 -0.4165
vn 0.5198 -0.7118 -0.4724
vn 0.5419 -0.7426 -0.3935
vn 0.5049 -0.6911 -0.5172
vn 0.4745 -0.6490 -0.5946
vn 0.9782 -0.1797 -0.1039
vn 0.9736 -0.1862 -0.1318
vn 0.9826 -0.1718 -0.0707
vn 0.9846 -0.1670 -0.0508
vn 0.8659 -0.4918 -0.0912
vn 0.7436 -0.5469 -0.3846
vn 0.7122 -0.5509 -0.4352
vn 0.7327 -0.3592 -0.5781
vn 0.8147 -0.2972 -0.4979
vn 0.4676 -0.4885 -0.7367
vn 0.3944 -0.5120 -0.7631
vn 0.0784 -0.9656 -0.2478
vn 0.0666 -0.9545 -0.2905
vn 0.1284 -0.9902 -0.0551
vn 0.2080 -0.7379 -0.6420
vn 0.2772 -0.7239 -0.6318
vn 0.0913 -0.7529 -0.6518
vn -0.0000 -0.7573 -0.6531
vn -0.0000 -0.9991 -0.0421
vn -0.0382 0.7518 -0.6583
vn -0.1620 0.7836 -0.5998
vn -0.1977 0.8901 -0.4105
vn -0.1639 0.9171 -0.3635
vn -0.1897 0.8969 -0.3994
vn -0.2145 0.8752 -0.4336
vn -0.2597 0.9614 -0.0911
vn -0.2247 0.9738 -0.0351
vn -0.2430 0.9679 -0.0643
vn -0.2779 0.9530 -0.1208
vn -0.4067 0.6393 -0.6526
vn 0.7851 0.1340 -0.6047
vn 0.7946 0.1082 -0.5974
vn 0.7861 0.1314 -0.6040
vn 0.7753 0.1588 -0.6113
vn 0.7719 0.1430 -0.6194
vn -0.9757 -0.2080 0.0692
vn -0.9580 -0.2855 -0.0261
vn -0.9678 -0.2513 0.0165
vn -0.9788 -0.1698 0.1144
vn -0.9477 0.3090 -0.0803
vn -0.9463 0.3171 -0.0633
vn -0.9470 0.3132 -0.0715
vn -0.9481 0.3059 -0.0866
vn -0.9171 0.3943 -0.0582
vn -0.9152 0.3982 -0.0627
vn -0.9173 0.3940 -0.0578
vn -0.9192 0.3902 -0.0534
vn -0.9960 -0.0108 -0.0883
vn -0.9974 -0.0346 -0.0633
vn -0.9959 -0.0087 -0.0905
vn -0.9936 0.0121 -0.1122
vn -0.9707 -0.1408 -0.1949
vn -0.9667 -0.1486 -0.2084
vn -0.9685 -0.1450 -0.2022
vn -0.9725 -0.1369 -0.1882
vn -0.9400 -0.3014 -0.1598
vn -0.9531 -0.2832 -0.1065
vn -0.9498 -0.2883 -0.1213
vn -0.9360 -0.3060 -0.1738
vn -0.9893 0.0431 -0.1391
vn -0.9847 0.0563 -0.1651
vn -0.9931 0.0300 -0.1129
vn -0.9954 0.0205 -0.0941
vn -0.9530 0.2514 -0.1693
vn -0.9881 0.1387 -0.0667
vn -0.9507 0.2566 -0.1741
vn -0.8837 0.3733 -0.2823
vn 0.9998 0.0046 -0.0189
vn 0.9941 0.0927 0.0557
vn 0.9995 0.0317 0.0040
vn 0.9968 -0.0486 -0.0638
vn 0.9511 0.2431 -0.1905
vn 0.9552 0.2299 -0.1863
vn 0.9415 0.2717 -0.1996
vn 0.9372 0.2834 -0.2033
vn -0.7505 0.6592 -0.0461
vn -0.7258 0.6878 -0.0086
vn -0.7593 0.6479 -0.0602
vn -0.7757 0.6249 -0.0880
vn -0.4422 0.8927 -0.0867
vn -0.4023 0.9155 -0.0062
vn -0.4216 0.9057 -0.0441
vn -0.4609 0.8784 -0.1269
vn -0.9173 -0.2521 -0.3082
vn -0.9122 -0.2607 -0.3160
vn -0.9169 -0.2528 -0.3088
vn -0.9230 -0.2420 -0.2990
vn 0.5272 0.8333 -0.1664
vn 0.5356 0.8305 -0.1531
vn 0.5294 0.8326 -0.1629
vn 0.5224 0.8348 -0.1739
vn 0.8684 -0.4648 -0.1729
vn 0.9123 -0.3993 -0.0911
vn 0.8557 -0.4801 -0.1928
vn 0.7940 -0.5415 -0.2765
vt 0.300000 0.033333
vt 0.330556 0.022222
vt 0.300000 0.033333
vt 0.816667 0.125000
vt 0.269444 0.047222
vt 0.269444 0.047222
vt 0.788889 0.116667
vt 0.077778 0.025000
vt 0.080556 0.016667
vt 0.269444 0.047222
vt 0.066667 0.022222
vt 0.669444 0.277778
vt 0.097222 0.050000
vt 0.091667 0.052778
vt 0.702778 0.272222
vt 0.580556 0.388889
vt 0.588889 0.361111
vt 0.788889 0.116667
vt 0.788889 0.116667
vt 0.675000 0.030556
vt 0.675000 0.030555
vt 0.602778 0.025000
vt 0.602778 0.025000
vt 0.602778 0.025000
vt 0.602778 0.025000
vt 0.077778 0.025000
s 1
usemtl peopleColors
f 1/1/1 2/1/2 3/1/3
f 3/1/3 4/1/4 1/1/1
f 5/1/5 6/1/6 7/1/7
f 7/1/7 8/1/8 5/1/5
f 9/1/9 10/1/10 11/1/11
f 11/1/11 12/1/12 9/1/9
f 13/1/13 14/1/14 15/1/15
f 15/1/15 16/1/16 13/1/13
f 17/1/17 18/1/18 19/1/19
f 19/1/19 20/1/20 17/1/17
f 21/1/21 22/1/22 23/1/23
f 23/1/23 24/1/24 21/1/21
f 25/1/25 26/1/26 27/1/27
f 27/1/27 28/1/28 25/1/25
f 29/1/29 30/1/30 31/1/31
f 31/1/31 32/1/32 29/1/29
f 33/2/33 34/2/34 35/2/35
f 35/2/35 36/2/36 33/2/33
f 37/1/37 38/1/38 39/1/39
f 39/1/39 40/1/40 37/1/37
f 41/1/41 42/1/42 43/1/43
f 43/1/43 44/1/44 41/1/41
f 45/2/45 46/2/46 47/2/47
f 47/2/47 48/2/48 45/2/45
f 49/1/49 50/1/50 51/1/51
f 51/1/51 52/1/52 49/1/49
f 53/1/53 54/1/54 55/1/55
f 55/1/55 56/1/56 53/1/53
f 57/1/57 58/1/58 59/1/59
f 59/1/59 60/1/60 57/1/57
f 61/1/61 62/1/62 63/1/63
f 63/1/63 64/1/64 61/1/61
f 65/1/65 66/1/66 67/1/67
f 67/1/67 68/1/68 65/1/65
f 69/1/69 70/1/70 71/1/71
f 71/1/71 72/1/72 69/1/69
f 73/1/73 74/1/74 75/1/75
f 75/1/75 76/1/76 73/1/73
f 77/2/77 78/2/78 79/2/79
f 79/2/79 80/2/80 77/2/77
f 81/1/81 82/1/82 83/1/83
f 83/1/83 84/1/84 81/1/81
f 85/2/85 86/2/86 87/2/87
f 87/2/87 88/2/88 85/2/85
f 89/1/89 90/1/90 91/1/91
f 91/1/91 92/1/92 89/1/89
f 93/1/93 94/1/94 95/1/95
f 95/1/95 96/1/96 93/1/93
f 97/1/97 98/1/98 99/1/99
f 99/1/99 100/1/100 97/1/97
f 101/2/101 102/2/102 103/2/103
f 103/2/103 104/2/104 101/2/101
f 105/2/105 106/2/106 107/2/107
f 107/2/107 108/2/108 105/2/105
f 109/1/109 110/1/110 111/1/111
f 111/1/111 112/1/112 109/1/109
f 113/1/113 114/1/114 115/1/115
f 115/1/115 116/1/116 113/1/113
f 117/2/117 118/2/118 119/2/119
f 119/2/119 120/2/120 117/2/117
f 121/1/121 122/1/122 123/1/123
f 123/1/123 124/1/124 121/1/121
f 125/1/125 126/1/126 127/1/127
f 127/1/127 128/1/128 125/1/125
f 129/1/129 130/1/130 131/1/131
f 131/1/131 132/1/132 129/1/129
f 133/1/133 134/1/134 135/1/135
f 135/1/135 136/1/136 133/1/133
f 137/2/137 138/2/138 139/2/139
f 139/2/139 140/2/140 137/2/137
f 141/1/141 142/1/142 143/1/143
f 143/1/143 144/1/144 141/1/141
f 145/1/145 146/1/146 147/1/147
f 147/1/147 148/1/148 145/1/145
f 149/1/149 150/1/150 151/1/151
f 151/1/151 152/1/152 149/1/149
f 153/1/153 154/1/154 155/1/155
f 155/1/155 156/1/156 153/1/153
f 157/1/157 158/1/158 159/1/159
f 159/1/159 160/1/160 157/1/157
f 161/2/161 162/2/162 163/2/163
f 163/2/163 164/2/164 161/2/161
f 165/1/165 166/1/166 167/1/167
f 167/1/167 168/1/168 165/1/165
f 169/1/169 170/1/170 171/1/171
f 171/1/171 172/1/172 169/1/169
f 173/1/173 174/1/174 175/1/175
f 175/1/175 176/1/176 173/1/173
f 177/2/177 178/2/178 179/2/179
f 179/2/179 180/2/180 177/2/177
s 0
f 181/1/181 182/1/181 183/1/181
s 1
f 184/2/182 185/2/183 186/2/184
f 186/2/184 187/2/185 184/2/182
f 188/2/186 189/2/187 190/2/188
f 190/2/188 191/2/189 188/2/186
f 192/2/190 193/2/191 194/2/192
f 194/2/192 195/2/193 192/2/190
f 196/1/194 197/1/195 198/1/196
f 198/1/196 199/1/197 196/1/194
f 200/1/198 201/1/199 202/1/200
f 202/1/200 203/1/201 200/1/198
f 204/1/202 205/1/203 206/3/204
f 206/3/204 207/1/205 204/1/202
f 208/1/206 209/1/207 210/1/208
f 210/1/208 211/1/209 208/1/206
s 0
f 212/2/210 213/2/210 214/2/210
s 1
f 215/1/211 216/1/212 217/1/213
f 217/1/213 218/1/214 215/1/211
f 219/1/215 220/1/216 221/1/217
f 221/1/217 222/1/218 219/1/215
f 223/1/219 224/1/220 225/1/221
f 225/1/221 226/1/222 223/1/219
f 227/1/223 228/1/224 229/1/225
f 229/1/225 230/1/226 227/1/223
s 0
f 231/1/227 232/1/227 233/1/227
s 1
f 234/1/228 235/1/229 236/1/230
f 236/1/230 237/1/231 234/1/228
f 238/1/232 239/1/233 240/1/234
f 240/1/234 241/1/235 238/1/232
f 242/3/236 243/1/237 244/1/238
f 244/1/238 245/1/239 242/3/236
f 246/1/240 247/1/241 248/1/242
f 248/1/242 249/1/243 246/1/240
f 250/4/244 251/4/245 252/4/246
f 252/4/246 253/4/247 250/4/244
f 254/4/248 255/4/249 256/4/250
f 256/4/250 257/4/251 254/4/248
f 258/4/252 259/4/253 260/4/254
f 260/4/254 261/4/255 258/4/252
f 262/4/256 263/4/257 264/4/258
f 264/4/258 265/4/259 262/4/256
f 266/5/260 267/5/261 268/5/262
f 268/5/262 269/5/263 266/5/260
s 0
f 270/5/264 271/5/264 272/5/264
s 1
f 273/4/265 274/4/266 275/4/267
f 275/4/267 276/4/268 273/4/265
f 277/4/269 278/4/270 279/4/271
f 279/4/271 280/4/272 277/4/269
f 281/4/273 282/4/274 283/4/275
f 283/4/275 284/4/276 281/4/273
f 285/4/277 286/4/278 287/4/279
f 287/4/279 288/4/280 285/4/277
f 289/5/281 290/5/282 291/5/283
f 291/5/283 292/5/284 289/5/281
f 293/4/285 294/4/286 295/4/287
f 295/4/287 296/4/288 293/4/285
f 297/4/289 298/4/290 299/4/291
f 299/4/291 300/4/292 297/4/289
f 301/4/293 302/4/294 303/4/295
f 303/4/295 304/4/296 301/4/293
f 305/4/297 306/4/298 307/4/299
f 307/4/299 308/4/300 305/4/297
f 309/5/301 310/6/302 311/5/303
f 311/5/303 312/5/304 309/5/301
f 313/4/305 314/4/306 315/4/307
f 315/4/307 316/4/308 313/4/305
f 317/4/309 318/4/310 319/4/311
f 319/4/311 320/4/312 317/4/309
f 321/4/313 322/4/314 323/4/315
f 323/4/315 324/4/316 321/4/313
f 325/4/317 326/4/318 327/4/319
f 327/4/319 328/4/320 325/4/317
f 329/5/321 330/6/322 331/5/323
f 331/5/323 332/5/324 329/5/321
f 333/7/325 334/7/326 335/7/327
f 335/7/327 336/7/328 333/7/325
f 337/7/329 338/7/330 339/7/331
f 339/7/331 340/7/332 337/7/329
f 341/7/333 342/7/334 343/7/335
f 343/7/335 344/7/336 341/7/333
f 345/4/337 346/4/338 347/4/339
f 347/4/339 348/4/340 345/4/337
f 349/7/341 350/7/342 351/7/343
f 351/7/343 352/7/344 349/7/341
s 0
f 353/4/345 354/4/345 355/4/345
s 1
f 356/4/346 357/4/347 358/4/348
f 358/4/348 359/4/349 356/4/346
f 360/4/350 361/4/351 362/4/352
f 362/4/352 363/4/353 360/4/350
f 364/4/354 365/4/355 366/4/356
f 366/4/356 367/4/357 364/4/354
f 368/4/358 369/4/359 370/4/360
f 370/4/360 371/4/361 368/4/358
f 372/4/362 373/4/363 374/4/364
f 374/4/364 375/4/365 372/4/362
s 0
f 376/7/366 377/7/366 378/7/366
f 379/7/367 380/7/367 381/7/367
s 1
f 382/7/368 383/7/369 384/7/370
f 384/7/370 385/7/371 382/7/368
f 386/7/372 387/7/373 388/7/374
f 388/7/374 389/7/375 386/7/372
f 390/4/376 391/4/377 392/4/378
f 392/4/378 393/4/379 390/4/376
f 394/4/380 395/4/381 396/4/382
f 396/4/382 397/4/383 394/4/380
f 398/4/384 399/4/385 400/4/386
f 400/4/386 401/4/387 398/4/384
f 402/4/388 403/4/389 404/4/390
f 404/4/390 405/4/391 402/4/388
f 406/7/392 407/7/393 408/7/394
f 408/7/394 409/7/395 406/7/392
f 410/7/396 411/7/397 412/7/398
f 412/7/398 413/7/399 410/7/396
f 414/7/400 415/7/401 416/7/402
f 416/7/402 417/7/403 414/7/400
f 418/4/404 419/4/405 420/4/406
f 420/4/406 421/4/407 418/4/404
f 422/4/408 423/4/409 424/4/410
f 424/4/410 425/4/411 422/4/408
f 426/4/412 427/4/413 428/4/414
f 428/4/414 429/4/415 426/4/412
f 430/4/416 431/4/417 432/4/418
f 432/4/418 433/4/419 430/4/416
f 434/4/420 435/4/421 436/4/422
f 436/4/422 437/4/423 434/4/420
f 438/7/424 439/7/425 440/7/426
f 440/7/426 441/7/427 438/7/424
f 442/7/428 443/7/429 444/7/430
f 444/7/430 445/7/431 442/7/428
f 446/4/432 447/4/433 448/4/434
f 448/4/434 449/4/435 446/4/432
f 450/4/436 451/4/437 452/4/438
f 452/4/438 453/4/439 450/4/436
f 454/4/440 455/4/441 456/4/442
f 456/4/442 457/4/443 454/4/440
f 458/4/444 459/4/445 460/4/446
f 460/4/446 461/4/447 458/4/444
f 462/4/448 463/4/449 464/4/450
f 464/4/450 465/4/451 462/4/448
f 466/7/452 467/7/453 468/7/454
f 468/7/454 469/7/455 466/7/452
f 470/7/456 471/7/457 472/7/458
f 472/7/458 473/7/459 470/7/456
f 474/7/460 475/7/461 476/7/462
f 476/7/462 477/7/463 474/7/460
f 478/7/464 479/7/465 480/7/466
f 480/7/466 481/7/467 478/7/464
f 482/7/468 483/7/469 484/7/470
f 484/7/470 485/7/471 482/7/468
f 486/7/472 487/7/473 488/7/474
f 488/7/474 489/7/475 486/7/472
f 490/7/476 491/7/477 492/7/478
f 492/7/478 493/7/479 490/7/476
f 494/7/480 495/7/481 496/7/482
f 496/7/482 497/7/483 494/7/480
f 498/7/484 499/7/485 500/7/486
f 500/7/486 501/7/487 498/7/484
f 502/7/488 503/7/489 504/7/490
f 504/7/490 505/7/491 502/7/488
f 506/7/492 507/7/493 508/7/494
f 508/7/494 509/7/495 506/7/492
f 510/7/496 511/7/497 512/7/498
f 512/7/498 513/7/499 510/7/496
f 514/7/500 515/7/501 516/7/502
f 516/7/502 517/7/503 514/7/500
f 518/7/504 519/7/505 520/7/506
f 520/7/506 521/7/507 518/7/504
f 522/8/508 523/8/509 524/8/510
f 524/8/510 525/8/511 522/8/508
f 526/8/512 527/8/513 528/8/514
f 528/8/514 529/8/515 526/8/512
f 530/9/516 531/9/517 532/9/518
f 532/9/518 533/9/519 530/9/516
f 534/9/520 535/9/521 536/9/522
f 536/9/522 537/9/523 534/9/520
f 538/9/524 539/9/525 540/9/526
f 540/9/526 541/9/527 538/9/524
f 542/9/528 543/9/529 544/9/530
f 544/9/530 545/9/531 542/9/528
f 546/9/532 547/9/533 548/9/534
f 548/9/534 549/9/535 546/9/532
f 550/8/536 551/8/537 552/8/538
f 552/8/538 553/8/539 550/8/536
f 554/8/540 555/8/541 556/8/542
f 556/8/542 557/8/543 554/8/540
f 558/9/544 559/9/545 560/9/546
f 560/9/546 561/9/547 558/9/544
f 562/9/548 563/9/549 564/9/550
f 564/9/550 565/9/551 562/9/548
f 566/9/552 567/9/553 568/9/554
f 568/9/554 569/9/555 566/9/552
f 570/9/556 571/9/557 572/9/558
f 572/9/558 573/9/559 570/9/556
f 574/9/560 575/9/561 576/9/562
f 576/9/562 577/9/563 574/9/560
f 578/8/564 579/8/565 580/8/566
f 580/8/566 581/8/567 578/8/564
f 582/8/568 583/8/569 584/8/570
f 584/8/570 585/8/571 582/8/568
f 586/9/572 587/9/573 588/9/574
f 588/9/574 589/9/575 586/9/572
f 590/9/576 591/9/577 592/9/578
f 592/9/578 593/9/579 590/9/576
f 594/9/580 595/9/581 596/9/582
f 596/9/582 597/9/583 594/9/580
f 598/9/584 599/9/585 600/9/586
f 600/9/586 601/9/587 598/9/584
f 602/9/588 603/9/589 604/9/590
f 604/9/590 605/9/591 602/9/588
f 606/9/592 607/9/593 608/9/594
f 608/9/594 609/9/595 606/9/592
f 610/9/596 611/9/597 612/9/598
f 612/9/598 613/9/599 610/9/596
f 614/9/600 615/9/601 616/9/602
f 616/9/602 617/9/603 614/9/600
f 618/9/604 619/9/605 620/9/606
f 620/9/606 621/9/607 618/9/604
f 622/9/608 623/9/609 624/9/610
f 624/9/610 625/9/611 622/9/608
f 626/9/612 627/9/613 628/9/614
f 628/9/614 629/9/615 626/9/612
f 630/9/616 631/9/617 632/9/618
f 632/9/618 633/9/619 630/9/616
f 634/9/620 635/9/621 636/9/622
f 636/9/622 637/9/623 634/9/620
f 638/9/624 639/9/625 640/9/626
f 640/9/626 641/9/627 638/9/624
f 642/9/628 643/9/629 644/9/630
f 644/9/630 645/9/631 642/9/628
s 0
f 646/9/632 647/9/632 648/9/632
s 1
f 649/9/633 650/9/634 651/9/635
f 651/9/635 652/9/636 649/9/633
s 0
f 653/9/637 654/9/637 655/9/637
s 1
f 656/9/638 657/9/639 658/9/640
f 658/9/640 659/9/641 656/9/638
f 660/9/642 661/9/643 662/9/644
f 662/9/644 663/9/645 660/9/642
f 664/9/646 665/9/647 666/9/648
f 666/9/648 667/9/649 664/9/646
f 668/9/650 669/9/651 670/9/652
f 670/9/652 671/9/653 668/9/650
f 672/9/654 673/9/655 674/9/656
f 674/9/656 675/9/657 672/9/654
f 676/9/658 677/9/659 678/9/660
f 678/9/660 679/9/661 676/9/658
f 680/9/662 681/9/663 682/9/664
f 682/9/664 683/9/665 680/9/662
f 684/9/666 685/9/667 686/9/668
f 686/9/668 687/9/669 684/9/666
s 0
f 688/9/670 689/9/670 690/9/670
f 690/9/670 691/9/670 688/9/670
s 1
f 692/9/671 693/9/672 694/9/673
f 694/9/673 695/9/674 692/9/671
f 696/9/675 697/9/676 698/9/677
f 698/9/677 699/9/678 696/9/675
f 700/9/679 701/9/680 702/9/681
f 702/9/681 703/9/682 700/9/679
f 704/9/683 705/9/684 706/9/685
f 706/9/685 707/9/686 704/9/683
f 708/9/687 709/9/688 710/9/689
f 710/9/689 711/9/690 708/9/687
f 712/9/691 713/9/692 714/9/693
f 714/9/693 715/9/694 712/9/691
f 716/9/695 717/9/695 718/9/695
f 719/9/696 720/9/697 721/9/698
f 721/9/698 722/9/699 719/9/696
f 723/9/700 724/9/701 725/9/702
f 725/9/702 726/9/703 723/9/700
f 727/9/704 728/9/705 729/9/706
f 729/9/706 730/9/707 727/9/704
f 731/9/708 732/9/709 733/9/710
f 733/9/710 734/9/711 731/9/708
f 735/9/712 736/9/713 737/9/714
f 737/9/714 738/9/715 735/9/712
f 739/9/716 740/9/717 741/9/718
f 741/9/718 742/9/719 739/9/716
f 743/9/720 744/9/721 745/9/722
f 745/9/722 746/9/723 743/9/720
f 747/9/724 748/9/725 749/9/726
f 749/9/726 750/9/727 747/9/724
f 751/9/728 752/9/729 753/9/730
f 753/9/730 754/9/731 751/9/728
f 755/9/732 756/9/733 757/9/734
f 757/9/734 758/9/735 755/9/732
f 759/9/736 760/9/737 761/9/738
f 761/9/738 762/9/739 759/9/736
f 763/9/740 764/9/741 765/9/742
f 765/9/742 766/9/743 763/9/740
f 767/9/744 768/9/745 769/9/746
f 769/9/746 770/9/747 767/9/744
f 771/9/748 772/9/749 773/9/750
f 773/9/750 774/9/751 771/9/748
f 775/9/752 776/9/753 777/9/754
f 777/9/754 778/9/755 775/9/752
f 779/9/756 780/9/757 781/9/758
f 781/9/758 782/9/759 779/9/756
s 0
f 783/9/760 784/9/760 785/9/760
s 1
f 786/9/761 787/9/761 788/9/761
s 0
f 789/9/762 790/9/762 791/9/762
s 1
f 792/9/763 793/9/764 794/9/765
f 794/9/765 795/9/766 792/9/763
f 796/9/767 797/9/767 798/9/767
f 799/9/768 800/9/769 801/9/770
f 801/9/770 802/9/771 799/9/768
f 803/9/772 804/9/773 805/9/774
f 805/9/774 806/9/775 803/9/772
f 807/9/776 808/9/777 809/9/778
f 809/9/778 810/9/779 807/9/776
f 811/9/780 812/9/781 813/9/782
f 813/9/782 814/9/783 811/9/780
f 815/9/784 816/9/785 817/9/786
f 817/9/786 818/9/787 815/9/784
f 819/9/788 820/9/789 821/9/790
f 821/9/790 822/9/791 819/9/788
f 823/5/792 824/5/793 825/5/794
f 825/5/794 826/5/795 823/5/792
f 827/4/796 828/4/797 829/4/798
f 829/4/798 830/4/799 827/4/796
f 831/4/800 832/4/801 833/4/802
f 833/4/802 834/4/803 831/4/800
f 835/5/804 836/5/805 837/10/806
f 837/10/806 838/5/807 835/5/804
f 839/4/808 840/4/809 841/4/810
f 841/4/810 842/4/811 839/4/808
f 843/4/812 844/4/813 845/4/814
f 845/4/814 846/4/815 843/4/812
f 847/4/816 848/4/817 849/4/818
f 849/4/818 850/4/819 847/4/816
f 851/7/820 852/7/821 853/7/822
f 853/7/822 854/7/823 851/7/820
f 855/4/824 856/4/825 857/4/826
f 857/4/826 858/4/827 855/4/824
f 859/4/828 860/4/829 861/4/830
f 861/4/830 862/4/831 859/4/828
f 863/4/832 864/4/833 865/4/834
f 865/4/834 866/4/835 863/4/832
f 867/8/836 868/8/837 869/8/838
f 869/8/838 870/8/839 867/8/836
f 871/9/840 872/9/841 873/9/842
f 873/9/842 874/9/843 871/9/840
f 875/9/844 876/9/845 877/9/846
f 877/9/846 878/9/847 875/9/844
f 879/11/848 880/11/849 881/11/850
f 881/11/850 882/11/851 879/11/848
s 0
f 883/11/852 884/11/852 885/11/852
s 1
f 886/9/853 887/9/854 888/9/855
f 888/9/855 889/9/856 886/9/853
f 890/9/857 891/9/858 892/9/859
f 892/9/859 893/9/860 890/9/857
f 894/12/861 895/12/862 896/12/863
f 896/12/863 897/12/864 894/12/861
f 898/12/865 899/12/866 900/12/867
f 900/12/867 901/12/868 898/12/865
f 902/9/869 903/9/870 904/9/871
f 904/9/871 905/9/872 902/9/869
f 906/13/873 907/13/874 908/13/875
f 908/13/875 909/13/876 906/13/873
f 910/14/877 911/14/878 912/14/879
f 912/14/879 913/14/880 910/14/877
f 914/15/881 915/15/882 916/15/883
f 916/15/883 917/15/884 914/15/881
f 918/15/885 919/15/886 920/15/887
f 920/15/887 921/15/888 918/15/885
f 922/11/889 923/11/890 924/11/891
f 924/11/891 925/11/892 922/11/889
f 926/9/893 927/9/894 928/9/895
f 928/9/895 929/9/896 926/9/893
f 930/9/897 931/9/898 932/9/899
f 932/9/899 933/9/900 930/9/897
f 934/9/901 935/9/902 936/9/903
f 936/9/903 937/9/904 934/9/901
s 0
f 938/8/905 939/8/905 940/8/905
s 1
f 941/11/906 942/11/907 943/11/908
f 943/11/908 944/11/909 941/11/906
f 945/11/910 946/11/911 947/11/912
f 947/11/912 948/11/913 945/11/910
f 949/8/914 950/8/914 951/8/914
f 952/8/915 953/8/915 954/8/915
f 955/9/916 956/9/917 957/9/918
f 957/9/918 958/9/919 955/9/916
f 959/9/920 960/9/921 961/9/922
f 961/9/922 962/9/923 959/9/920
f 963/12/924 964/12/925 965/12/926
f 965/12/926 966/12/927 963/12/924
f 967/12/928 968/12/929 969/12/928
f 969/12/928 970/12/930 967/12/928
s 0
f 971/15/931 972/15/931 973/15/931
s 1
f 974/9/932 975/9/933 976/9/934
f 976/9/934 977/9/935 974/9/932
f 978/15/936 979/15/937 980/15/938
f 980/15/938 981/15/939 978/15/936
s 0
f 982/11/940 983/11/940 984/11/940
s 1
f 985/9/941 986/9/942 987/9/943
f 987/9/943 988/9/944 985/9/941
f 989/9/945 990/9/946 991/9/947
f 991/9/947 992/9/948 989/9/945
f 993/9/949 994/9/950 995/9/951
f 995/9/951 996/9/952 993/9/949
f 997/9/953 998/9/954 999/9/955
f 999/9/955 1000/9/956 997/9/953
f 1001/9/957 1002/9/958 1003/9/959
f 1003/9/959 1004/9/960 1001/9/957
f 1005/9/961 1006/9/962 1007/9/963
f 1007/9/963 1008/9/964 1005/9/961
f 1009/9/965 1010/9/966 1011/9/967
f 1011/9/967 1012/9/968 1009/9/965
f 1013/9/969 1014/9/970 1015/9/971
f 1015/9/971 1016/9/972 1013/9/969
f 1017/15/973 1018/15/974 1019/15/975
f 1019/15/975 1020/15/976 1017/15/973
f 1021/15/977 1022/15/978 1023/15/979
f 1023/15/979 1024/15/980 1021/15/977
f 1025/15/981 1026/15/982 1027/15/983
f 1027/15/983 1028/15/984 1025/15/981
s 0
f 1029/15/985 1030/15/985 1031/15/985
s 1
f 1032/11/986 1033/11/987 1034/11/988
f 1034/11/988 1035/11/989 1032/11/986
f 1036/9/990 1037/9/991 1038/9/992
f 1038/9/992 1039/9/993 1036/9/990
f 1040/9/994 1041/9/995 1042/9/996
f 1042/9/996 1043/9/997 1040/9/994
f 1044/9/998 1045/9/999 1046/9/1000
f 1046/9/1000 1047/9/1001 1044/9/998
f 1048/9/1002 1049/9/1003 1050/9/1004
f 1050/9/1004 1051/9/1005 1048/9/1002
f 1052/9/1006 1053/9/1007 1054/9/1008
f 1054/9/1008 1055/9/1009 1052/9/1006
f 1056/9/1010 1057/9/1011 1058/9/1012
f 1058/9/1012 1059/9/1013 1056/9/1010
f 1060/9/1014 1061/9/1015 1062/9/1016
f 1062/9/1016 1063/9/1017 1060/9/1014
f 1064/9/1018 1065/9/1019 1066/9/1020
f 1066/9/1020 1067/9/1021 1064/9/1018
s 0
f 1068/9/1022 1069/9/1022 1070/9/1022
s 1
f 1071/9/1023 1072/9/1024 1073/9/1025
f 1073/9/1025 1074/9/1026 1071/9/1023
f 1075/9/1027 1076/9/1028 1077/9/1029
f 1077/9/1029 1078/9/1030 1075/9/1027
f 1079/9/1031 1080/9/1032 1081/9/1033
f 1081/9/1033 1082/9/1034 1079/9/1031
f 1083/9/1035 1084/9/1036 1085/9/1037
f 1085/9/1037 1086/9/1038 1083/9/1035
f 1087/11/1039 1088/11/1040 1089/11/1041
f 1089/11/1041 1090/11/1042 1087/11/1039
f 1091/11/1043 1092/11/1044 1093/11/1045
f 1093/11/1045 1094/11/1046 1091/11/1043
s 0
f 1095/11/1047 1096/11/1047 1097/11/1047
f 1098/11/1048 1099/11/1048 1100/11/1048
s 1
f 1101/9/1049 1102/9/1050 1103/9/1051
f 1103/9/1051 1104/9/1052 1101/9/1049
f 1105/9/1053 1106/9/1054 1107/9/1055
f 1107/9/1055 1108/9/1056 1105/9/1053
f 1109/9/1057 1110/9/1058 1111/9/1059
f 1111/9/1059 1112/9/1060 1109/9/1057
f 1113/9/1061 1114/9/1062 1115/9/1063
f 1115/9/1063 1116/9/1064 1113/9/1061
f 1117/9/1065 1118/9/1066 1119/9/1065
f 1119/9/1065 1120/9/1067 1117/9/1065
f 1121/1/1068 1122/1/1069 1123/1/1070
f 1123/1/1070 1124/1/1071 1121/1/1068
f 1125/1/1072 1126/1/1073 1127/1/1074
f 1127/1/1074 1128/1/1075 1125/1/1072
f 1129/1/1076 1130/1/1077 1131/1/1078
f 1131/1/1078 1132/1/1079 1129/1/1076
f 1133/1/1080 1134/1/1081 1135/1/1082
f 1135/1/1082 1136/1/1083 1133/1/1080
f 1137/1/1084 1138/1/1085 1139/1/1086
f 1139/1/1086 1140/1/1087 1137/1/1084
f 1141/1/1088 1142/1/1089 1143/1/1090
f 1143/1/1090 1144/1/1091 1141/1/1088
f 1145/2/1092 1146/2/1093 1147/2/1094
f 1147/2/1094 1148/2/1095 1145/2/1092
f 1149/2/1096 1150/2/1097 1151/2/1098
f 1151/2/1098 1152/2/1099 1149/2/1096
f 1153/2/1100 1154/2/1101 1155/2/1102
f 1155/2/1102 1156/2/1103 1153/2/1100
f 1157/2/1104 1158/2/1105 1159/2/1106
f 1159/2/1106 1160/2/1107 1157/2/1104
f 1161/2/1108 1162/2/1109 1163/2/1110
f 1163/2/1110 1164/2/1111 1161/2/1108
f 1165/2/1112 1166/2/1113 1167/2/1114
f 1167/2/1114 1168/2/1115 1165/2/1112
f 1169/16/1116 1170/16/1117 1171/16/1118
f 1171/16/1118 1172/16/1119 1169/16/1116
f 1173/16/1120 1174/16/1121 1175/16/1122
f 1175/16/1122 1176/16/1123 1173/16/1120
f 1177/16/1124 1178/16/1125 1179/16/1126
f 1179/16/1126 1180/16/1127 1177/16/1124
f 1181/16/1128 1182/16/1129 1183/16/1130
f 1183/16/1130 1184/16/1131 1181/16/1128
f 1185/17/1132 1186/17/1133 1187/17/1134
f 1187/17/1134 1188/17/1135 1185/17/1132
f 1189/17/1136 1190/17/1137 1191/17/1138
f 1191/17/1138 1192/17/1139 1189/17/1136
f 1193/16/1140 1194/16/1141 1195/16/1142
f 1195/16/1142 1196/16/1143 1193/16/1140
f 1197/16/1144 1198/16/1145 1199/16/1146
f 1199/16/1146 1200/16/1147 1197/16/1144
f 1201/16/1148 1202/16/1149 1203/16/1150
f 1203/16/1150 1204/16/1151 1201/16/1148
f 1205/16/1152 1206/16/1153 1207/16/1154
f 1207/16/1154 1208/16/1155 1205/16/1152
f 1209/16/1156 1210/16/1157 1211/16/1158
f 1211/16/1158 1212/16/1159 1209/16/1156
f 1213/16/1160 1214/16/1161 1215/16/1162
f 1215/16/1162 1216/16/1163 1213/16/1160
s 0
f 1217/16/1164 1218/16/1164 1219/16/1164
s 1
f 1220/16/1165 1221/16/1166 1222/16/1167
f 1222/16/1167 1223/16/1168 1220/16/1165
f 1224/16/1169 1225/16/1170 1226/16/1171
f 1226/16/1171 1227/16/1172 1224/16/1169
f 1228/16/1173 1229/16/1174 1230/16/1175
f 1230/16/1175 1231/16/1176 1228/16/1173
f 1232/16/1177 1233/16/1178 1234/16/1179
f 1234/16/1179 1235/16/1180 1232/16/1177
f 1236/17/1181 1237/17/1182 1238/17/1183
f 1238/17/1183 1239/17/1184 1236/17/1181
f 1240/17/1185 1241/17/1186 1242/17/1187
f 1242/17/1187 1243/17/1188 1240/17/1185
f 1244/17/1189 1245/17/1190 1246/17/1191
f 1246/17/1191 1247/17/1192 1244/17/1189
f 1248/17/1193 1249/17/1194 1250/17/1195
f 1250/17/1195 1251/17/1196 1248/17/1193
f 1252/17/1197 1253/17/1198 1254/17/1199
f 1254/17/1199 1255/17/1200 1252/17/1197
f 1256/17/1201 1257/17/1202 1258/17/1203
f 1258/17/1203 1259/17/1204 1256/17/1201
f 1260/17/1205 1261/17/1206 1262/17/1207
f 1262/17/1207 1263/17/1208 1260/17/1205
f 1264/17/1209 1265/17/1210 1266/17/1211
f 1266/17/1211 1267/17/1212 1264/17/1209
f 1268/17/1213 1269/17/1214 1270/17/1215
f 1270/17/1215 1271/17/1216 1268/17/1213
f 1272/17/1217 1273/17/1218 1274/17/1219
f 1274/17/1219 1275/17/1220 1272/17/1217
f 1276/17/1221 1277/17/1222 1278/17/1223
f 1278/17/1223 1279/17/1224 1276/17/1221
f 1280/17/1225 1281/17/1226 1282/17/1227
f 1282/17/1227 1283/17/1228 1280/17/1225
f 1284/17/1229 1285/17/1230 1286/17/1231
f 1286/17/1231 1287/17/1232 1284/17/1229
f 1288/17/1233 1289/17/1234 1290/17/1235
f 1290/17/1235 1291/17/1236 1288/17/1233
f 1292/17/1237 1293/17/1238 1294/17/1239
f 1294/17/1239 1295/17/1240 1292/17/1237
s 0
f 1296/17/1241 1297/17/1241 1298/17/1241
s 1
f 1299/2/1242 1300/2/1243 1301/2/1244
f 1301/2/1244 1302/2/1245 1299/2/1242
f 1303/9/1246 1304/9/1247 1305/9/1248
f 1305/9/1248 1306/9/1249 1303/9/1246
f 1307/8/1250 1308/8/1251 1309/8/1252
f 1309/8/1252 1310/8/1253 1307/8/1250
f 1311/9/1254 1312/9/1255 1313/9/1256
f 1313/9/1256 1314/9/1257 1311/9/1254
f 1315/4/1258 1316/4/1259 1317/4/1260
f 1317/4/1260 1318/4/1261 1315/4/1258
f 1319/4/1262 1320/4/1263 1321/4/1264
f 1321/4/1264 1322/4/1265 1319/4/1262
f 1323/4/1266 1324/4/1267 1325/4/1268
f 1325/4/1268 1326/4/1269 1323/4/1266
f 1327/4/1270 1328/4/1271 1329/4/1272
f 1329/4/1272 1330/4/1273 1327/4/1270
f 1331/4/1274 1332/4/1275 1333/4/1276
f 1333/4/1276 1334/4/1277 1331/4/1274
s 0
f 1335/4/1278 1336/4/1278 1337/4/1278
f 1338/7/1279 1339/7/1279 1340/7/1279
s 1
f 1341/7/1280 1342/7/1281 1343/7/1282
f 1343/7/1282 1344/7/1283 1341/7/1280
f 1345/7/1284 1346/18/1285 1347/19/1286
f 1347/19/1286 1348/7/1287 1345/7/1284
s 0
f 1349/4/1288 1350/4/1288 1351/4/1288
s 1
f 1352/4/1289 1353/4/1290 1354/4/1291
f 1354/4/1291 1355/4/1292 1352/4/1289
f 1356/4/1293 1357/4/1294 1358/4/1295
f 1358/4/1295 1359/4/1296 1356/4/1293
f 1360/4/1297 1361/4/1298 1362/4/1299
f 1362/4/1299 1363/4/1300 1360/4/1297
f 1364/4/1301 1365/4/1302 1366/4/1303
f 1366/4/1303 1367/4/1304 1364/4/1301
f 1368/4/1305 1369/4/1306 1370/4/1307
f 1370/4/1307 1371/4/1308 1368/4/1305
f 1372/4/1309 1373/4/1310 1374/4/1311
f 1374/4/1311 1375/4/1312 1372/4/1309
f 1376/4/1313 1377/4/1314 1378/4/1315
f 1378/4/1315 1379/4/1316 1376/4/1313
f 1380/20/1317 1381/21/1318 1382/20/1319
f 1382/20/1319 1383/20/1320 1380/20/1317
f 1384/20/1321 1385/20/1322 1386/20/1323
f 1386/20/1323 1387/20/1324 1384/20/1321
f 1388/22/1325 1389/22/1326 1390/22/1327
f 1390/22/1327 1391/22/1328 1388/22/1325
f 1392/20/1329 1393/20/1330 1394/20/1331
f 1394/20/1331 1395/20/1332 1392/20/1329
f 1396/22/1333 1397/22/1333 1398/22/1333
f 1399/20/1334 1400/20/1335 1401/20/1336
f 1401/20/1336 1402/20/1337 1399/20/1334
f 1403/22/1338 1404/22/1339 1405/22/1340
f 1405/22/1340 1406/22/1341 1403/22/1338
s 0
f 1407/22/1342 1408/22/1342 1409/22/1342
s 1
f 1410/22/1343 1411/22/1344 1412/22/1345
f 1412/22/1345 1413/22/1346 1410/22/1343
f 1414/22/1347 1415/22/1348 1416/22/1349
f 1416/22/1349 1417/22/1350 1414/22/1347
f 1418/22/1351 1419/22/1352 1420/23/1353
f 1420/23/1353 1421/22/1354 1418/22/1351
f 1422/22/1355 1423/22/1356 1424/22/1357
f 1424/22/1357 1425/22/1056 1422/22/1355
f 1426/22/1358 1427/23/1359 1428/24/1360
f 1428/24/1360 1429/22/1361 1426/22/1358
f 1430/22/1362 1431/22/1363 1432/22/1364
f 1432/22/1364 1433/22/1365 1430/22/1362
f 1434/22/1366 1435/22/1367 1436/22/1368
f 1436/22/1368 1437/22/1369 1434/22/1366
f 1438/20/1370 1439/20/1371 1440/20/1372
f 1440/20/1372 1441/20/1373 1438/20/1370
s 0
f 1442/22/1374 1443/22/1374 1444/22/1374
s 1
f 1445/20/1375 1446/20/1376 1447/20/1377
f 1447/20/1377 1448/20/1378 1445/20/1375
f 1449/22/1379 1450/22/1380 1451/22/1381
f 1451/22/1381 1452/22/1382 1449/22/1379
f 1453/22/1383 1454/22/1384 1455/22/1385
f 1455/22/1385 1456/22/1386 1453/22/1383
f 1457/22/1387 1458/22/1388 1459/22/1389
f 1459/22/1389 1460/22/1390 1457/22/1387
f 1461/22/1391 1462/22/1392 1463/22/1393
f 1463/22/1393 1464/22/1394 1461/22/1391
f 1465/22/1395 1466/22/1396 1467/22/1397
f 1467/22/1397 1468/22/1398 1465/22/1395
f 1469/22/1399 1470/22/1400 1471/22/1401
f 1471/22/1401 1472/22/1402 1469/22/1399
f 1473/22/1403 1474/22/1404 1475/22/1405
f 1475/22/1405 1476/22/1406 1473/22/1403
s 0
f 1477/22/1407 1478/22/1407 1479/22/1407
f 1479/22/1407 1480/22/1407 1477/22/1407
s 1
f 1481/22/1408 1482/22/1409 1483/22/1410
f 1483/22/1410 1484/22/1411 1481/22/1408
f 1485/22/1412 1486/22/1413 1487/22/1414
f 1487/22/1414 1488/22/1415 1485/22/1412
s 0
f 1489/22/1416 1490/22/1416 1491/22/1416
f 1491/22/1416 1492/22/1416 1489/22/1416
s 1
f 1493/22/1417 1494/22/1418 1495/22/1419
f 1495/22/1419 1496/22/1420 1493/22/1417
f 1497/22/1421 1498/22/1422 1499/22/1423
f 1499/22/1423 1500/22/1424 1497/22/1421
s 0
f 1501/22/1425 1502/25/1425 1503/25/1425
f 1503/25/1425 1504/22/1425 1501/22/1425
f 1505/22/1426 1506/22/1426 1507/22/1426
f 1508/22/1427 1509/22/1427 1510/22/1427
s 1
f 1511/20/1428 1512/20/1429 1513/20/1430
f 1513/20/1430 1514/20/1431 1511/20/1428
f 1515/20/1432 1516/21/1433 1517/20/1434
f 1517/20/1434 1518/20/1435 1515/20/1432
s 0
f 1519/22/1436 1520/22/1436 1521/22/1436
s 1
f 1522/4/1437 1523/4/1438 1524/4/1439
f 1524/4/1439 1525/4/1440 1522/4/1437
s 0
f 1526/4/1441 1527/4/1441 1528/4/1441
s 1
f 1529/1/1442 1530/1/1443 1531/1/1444
f 1531/1/1444 1532/1/1445 1529/1/1442
f 1533/1/1446 1534/1/1447 1535/1/1448
f 1535/1/1448 1536/1/1449 1533/1/1446
f 1537/4/1450 1538/4/1451 1539/4/1452
f 1539/4/1452 1540/4/1453 1537/4/1450
f 1541/4/1454 1542/4/1455 1543/4/1456
f 1543/4/1456 1544/4/1457 1541/4/1454
f 1545/4/1458 1546/4/1459 1547/4/1460
f 1547/4/1460 1548/4/1461 1545/4/1458
f 1549/4/1462 1550/4/1463 1551/4/1464
f 1551/4/1464 1552/4/1465 1549/4/1462
f 1553/4/1466 1554/4/1467 1555/4/1468
f 1555/4/1468 1556/4/1469 1553/4/1466
f 1557/9/1470 1558/9/1471 1559/9/1472
f 1559/9/1472 1560/9/1473 1557/9/1470
f 1561/5/1474 1562/5/1475 1563/5/1476
f 1563/5/1476 1564/5/1477 1561/5/1474
f 1565/8/1478 1566/8/1479 1567/8/1480
f 1567/8/1480 1568/26/1481 1565/8/1478
f 1569/4/1482 1570/4/1483 1571/4/1484
f 1571/4/1484 1572/4/1485 1569/4/1482
f 1573/21/1486 1574/20/1487 1575/20/1488
f 1575/20/1488 1576/20/1489 1573/21/1486
f 1577/25/1490 1578/22/1491 1579/22/1492
f 1579/22/1492 1580/24/1493 1577/25/1490
f 1581/20/1494 1582/20/1495 1583/20/1496
f 1583/20/1496 1584/20/1497 1581/20/1494
f 1585/22/1498 1586/22/1499 1587/22/1500
f 1587/22/1500 1588/22/1501 1585/22/1498
f 1589/1/1502 1590/1/1503 1591/1/1504
f 1591/1/1504 1592/1/1505 1589/1/1502
f 1593/1/1506 1594/1/1507 1595/1/1508
f 1595/1/1508 1596/1/1509 1593/1/1506
f 1597/1/1510 1598/1/1511 1599/1/1512
f 1599/1/1512 1600/1/1513 1597/1/1510
f 1601/1/1514 1602/1/1515 1603/1/1516
f 1603/1/1516 1604/1/1517 1601/1/1514
f 1605/1/1518 1606/1/1519 1607/1/1520
f 1607/1/1520 1608/1/1521 1605/1/1518
f 1609/1/1522 1610/1/1523 1611/1/1524
f 1611/1/1524 1612/1/1525 1609/1/1522
f 1613/1/1526 1614/1/1527 1615/1/1528
f 1615/1/1528 1616/1/1529 1613/1/1526
f 1617/1/1530 1618/1/1531 1619/1/1532
f 1619/1/1532 1620/1/1533 1617/1/1530
f 1621/2/1534 1622/2/1535 1623/2/1536
f 1623/2/1536 1624/2/1537 1621/2/1534
f 1625/1/1538 1626/1/1539 1627/1/1540
f 1627/1/1540 1628/1/1541 1625/1/1538
f 1629/1/1542 1630/1/1543 1631/1/1544
f 1631/1/1544 1632/1/1545 1629/1/1542
f 1633/2/1546 1634/2/1547 1635/2/1548
f 1635/2/1548 1636/2/1549 1633/2/1546
f 1637/1/1550 1638/1/1551 1639/1/1552
f 1639/1/1552 1640/1/1553 1637/1/1550
f 1641/1/1554 1642/1/1555 1643/1/1556
f 1643/1/1556 1644/1/1557 1641/1/1554
f 1645/1/1558 1646/1/1559 1647/1/1560
f 1647/1/1560 1648/1/1561 1645/1/1558
f 1649/1/1562 1650/1/1563 1651/1/1564
f 1651/1/1564 1652/1/1565 1649/1/1562
f 1653/1/1566 1654/1/1567 1655/1/1568
f 1655/1/1568 1656/1/1569 1653/1/1566
f 1657/1/1570 1658/1/1571 1659/1/1572
f 1659/1/1572 1660/1/1573 1657/1/1570
f 1661/1/1574 1662/1/1575 1663/1/1576
f 1663/1/1576 1664/1/1577 1661/1/1574
f 1665/2/1578 1666/2/1579 1667/2/1580
f 1667/2/1580 1668/2/1581 1665/2/1578
f 1669/1/1582 1670/1/1583 1671/1/1584
f 1671/1/1584 1672/1/1585 1669/1/1582
f 1673/2/1586 1674/2/1587 1675/2/1588
f 1675/2/1588 1676/2/1589 1673/2/1586
f 1677/1/1590 1678/1/1591 1679/1/1592
f 1679/1/1592 1680/1/1593 1677/1/1590
f 1681/1/1594 1682/1/1595 1683/1/1596
f 1683/1/1596 1684/1/1597 1681/1/1594
f 1685/1/1598 1686/1/1599 1687/1/1600
f 1687/1/1600 1688/1/1601 1685/1/1598
f 1689/2/1602 1690/2/1603 1691/2/1604
f 1691/2/1604 1692/2/1605 1689/2/1602
f 1693/2/1606 1694/2/1607 1695/2/1608
f 1695/2/1608 1696/2/1609 1693/2/1606
f 1697/1/1610 1698/1/1611 1699/1/1612
f 1699/1/1612 1700/1/1613 1697/1/1610
f 1701/1/1614 1702/1/1615 1703/1/1616
f 1703/1/1616 1704/1/1617 1701/1/1614
f 1705/2/1618 1706/2/1619 1707/2/1620
f 1707/2/1620 1708/2/1621 1705/2/1618
f 1709/1/1622 1710/1/1623 1711/1/1624
f 1711/1/1624 1712/1/1625 1709/1/1622
f 1713/1/1626 1714/1/1627 1715/1/1628
f 1715/1/1628 1716/1/1629 1713/1/1626
f 1717/1/1630 1718/1/1631 1719/1/1632
f 1719/1/1632 1720/1/1633 1717/1/1630
f 1721/1/1634 1722/1/1635 1723/1/1636
f 1723/1/1636 1724/1/1637 1721/1/1634
f 1725/2/1638 1726/2/1639 1727/2/1640
f 1727/2/1640 1728/2/1641 1725/2/1638
f 1729/1/1642 1730/1/1643 1731/1/1644
f 1731/1/1644 1732/1/1645 1729/1/1642
f 1733/1/1646 1734/1/1647 1735/1/1648
f 1735/1/1648 1736/1/1649 1733/1/1646
f 1737/1/1650 1738/1/1651 1739/1/1652
f 1739/1/1652 1740/1/1653 1737/1/1650
f 1741/1/1654 1742/1/1655 1743/1/1656
f 1743/1/1656 1744/1/1657 1741/1/1654
f 1745/1/1658 1746/1/1659 1747/1/1660
f 1747/1/1660 1748/1/1661 1745/1/1658
f 1749/2/1662 1750/2/1663 1751/2/1664
f 1751/2/1664 1752/2/1665 1749/2/1662
f 1753/1/1666 1754/1/1667 1755/1/1668
f 1755/1/1668 1756/1/1669 1753/1/1666
f 1757/1/1670 1758/1/1671 1759/1/1672
f 1759/1/1672 1760/1/1673 1757/1/1670
f 1761/1/1674 1762/1/1675 1763/1/1676
f 1763/1/1676 1764/1/1677 1761/1/1674
f 1765/2/1678 1766/2/1679 1767/2/1680
f 1767/2/1680 1768/2/1681 1765/2/1678
s 0
f 1769/1/1682 1770/1/1682 1771/1/1682
s 1
f 1772/2/1683 1773/2/1684 1774/2/1685
f 1774/2/1685 1775/2/1686 1772/2/1683
f 1776/2/1687 1777/2/1688 1778/2/1689
f 1778/2/1689 1779/2/1690 1776/2/1687
f 1780/2/1691 1781/2/1692 1782/2/1693
f 1782/2/1693 1783/2/1694 1780/2/1691
f 1784/1/1695 1785/1/1696 1786/1/1697
f 1786/1/1697 1787/1/1698 1784/1/1695
f 1788/1/1699 1789/1/1700 1790/1/1701
f 1790/1/1701 1791/1/1702 1788/1/1699
f 1792/1/1703 1793/1/1704 1794/3/1705
f 1794/3/1705 1795/1/1706 1792/1/1703
f 1796/1/1707 1797/1/1708 1798/1/1709
f 1798/1/1709 1799/1/1710 1796/1/1707
s 0
f 1800/2/1711 1801/2/1711 1802/2/1711
s 1
f 1803/1/1712 1804/1/1713 1805/1/1714
f 1805/1/1714 1806/1/1715 1803/1/1712
f 1807/1/1716 1808/1/1717 1809/1/1718
f 1809/1/1718 1810/1/1719 1807/1/1716
f 1811/1/1720 1812/1/1721 1813/1/1722
f 1813/1/1722 1814/1/1723 1811/1/1720
f 1815/1/1724 1816/1/1725 1817/1/1726
f 1817/1/1726 1818/1/1727 1815/1/1724
s 0
f 1819/1/1728 1820/1/1728 1821/1/1728
s 1
f 1822/1/1729 1823/1/1730 1824/1/1731
f 1824/1/1731 1825/1/1732 1822/1/1729
f 1826/1/1733 1827/1/1734 1828/1/1735
f 1828/1/1735 1829/1/1736 1826/1/1733
f 1830/3/1737 1831/1/1738 1832/1/1739
f 1832/1/1739 1833/1/1740 1830/3/1737
f 1834/1/1741 1835/1/1742 1836/1/1743
f 1836/1/1743 1837/1/1744 1834/1/1741
f 1838/4/1745 1839/4/1746 1840/4/1747
f 1840/4/1747 1841/4/1748 1838/4/1745
f 1842/4/1749 1843/4/1750 1844/4/1751
f 1844/4/1751 1845/4/1752 1842/4/1749
f 1846/4/1753 1847/4/1754 1848/4/1755
f 1848/4/1755 1849/4/1756 1846/4/1753
f 1850/4/1757 1851/4/1758 1852/4/1759
f 1852/4/1759 1853/4/1760 1850/4/1757
f 1854/5/1761 1855/5/1762 1856/5/1763
f 1856/5/1763 1857/5/1764 1854/5/1761
s 0
f 1858/5/1765 1859/5/1765 1860/5/1765
s 1
f 1861/4/1766 1862/4/1767 1863/4/1768
f 1863/4/1768 1864/4/1769 1861/4/1766
f 1865/4/1770 1866/4/1771 1867/4/1772
f 1867/4/1772 1868/4/1773 1865/4/1770
f 1869/4/1774 1870/4/1775 1871/4/1776
f 1871/4/1776 1872/4/1777 1869/4/1774
f 1873/4/1778 1874/4/1779 1875/4/1780
f 1875/4/1780 1876/4/1781 1873/4/1778
f 1877/5/1782 1878/5/1783 1879/5/1784
f 1879/5/1784 1880/5/1785 1877/5/1782
f 1881/4/1786 1882/4/1787 1883/4/1788
f 1883/4/1788 1884/4/1789 1881/4/1786
f 1885/4/1790 1886/4/1791 1887/4/1792
f 1887/4/1792 1888/4/1793 1885/4/1790
f 1889/4/1794 1890/4/1795 1891/4/1796
f 1891/4/1796 1892/4/1797 1889/4/1794
f 1893/4/1798 1894/4/1799 1895/4/1800
f 1895/4/1800 1896/4/1801 1893/4/1798
f 1897/5/1802 1898/5/1803 1899/5/1804
f 1899/5/1804 1900/6/1805 1897/5/1802
f 1901/4/1806 1902/4/1807 1903/4/1808
f 1903/4/1808 1904/4/1809 1901/4/1806
f 1905/4/1810 1906/4/1811 1907/4/1812
f 1907/4/1812 1908/4/1813 1905/4/1810
f 1909/4/1814 1910/4/1815 1911/4/1816
f 1911/4/1816 1912/4/1817 1909/4/1814
f 1913/4/1818 1914/4/1819 1915/4/1820
f 1915/4/1820 1916/4/1821 1913/4/1818
f 1917/5/1822 1918/5/1823 1919/5/1824
f 1919/5/1824 1920/6/1825 1917/5/1822
f 1921/7/1826 1922/7/1827 1923/7/1828
f 1923/7/1828 1924/7/1829 1921/7/1826
f 1925/7/1830 1926/7/1831 1927/7/1832
f 1927/7/1832 1928/7/1833 1925/7/1830
f 1929/7/1834 1930/7/1835 1931/7/1836
f 1931/7/1836 1932/7/1837 1929/7/1834
f 1933/4/1838 1934/4/1839 1935/4/1840
f 1935/4/1840 1936/4/1841 1933/4/1838
f 1937/7/1842 1938/7/1843 1939/7/1844
f 1939/7/1844 1940/7/1845 1937/7/1842
s 0
f 1941/4/1846 1942/4/1846 1943/4/1846
s 1
f 1944/4/1847 1945/4/1848 1946/4/1849
f 1946/4/1849 1947/4/1850 1944/4/1847
f 1948/4/1851 1949/4/1852 1950/4/1853
f 1950/4/1853 1951/4/1854 1948/4/1851
f 1952/4/1855 1953/4/1856 1954/4/1857
f 1954/4/1857 1955/4/1858 1952/4/1855
f 1956/4/1859 1957/4/1860 1958/4/1861
f 1958/4/1861 1959/4/1862 1956/4/1859
f 1960/4/1863 1961/4/1864 1962/4/1865
f 1962/4/1865 1963/4/1866 1960/4/1863
s 0
f 1964/7/1867 1965/7/1867 1966/7/1867
f 1967/7/1868 1968/7/1868 1969/7/1868
s 1
f 1970/7/1869 1971/7/1870 1972/7/1871
f 1972/7/1871 1973/7/1872 1970/7/1869
f 1974/7/1873 1975/7/1874 1976/7/1875
f 1976/7/1875 1977/7/1876 1974/7/1873
f 1978/4/1877 1979/4/1878 1980/4/1879
f 1980/4/1879 1981/4/1880 1978/4/1877
f 1982/4/1881 1983/4/1882 1984/4/1883
f 1984/4/1883 1985/4/1884 1982/4/1881
f 1986/4/1885 1987/4/1886 1988/4/1887
f 1988/4/1887 1989/4/1888 1986/4/1885
f 1990/4/1889 1991/4/1890 1992/4/1891
f 1992/4/1891 1993/4/1892 1990/4/1889
f 1994/7/1893 1995/7/1894 1996/7/1895
f 1996/7/1895 1997/7/1896 1994/7/1893
f 1998/7/1897 1999/7/1898 2000/7/1899
f 2000/7/1899 2001/7/1900 1998/7/1897
f 2002/7/1901 2003/7/1902 2004/7/1903
f 2004/7/1903 2005/7/1904 2002/7/1901
f 2006/4/1905 2007/4/1906 2008/4/1907
f 2008/4/1907 2009/4/1908 2006/4/1905
f 2010/4/1909 2011/4/1910 2012/4/1911
f 2012/4/1911 2013/4/1912 2010/4/1909
f 2014/4/1913 2015/4/1914 2016/4/1915
f 2016/4/1915 2017/4/1916 2014/4/1913
f 2018/4/1917 2019/4/1918 2020/4/1919
f 2020/4/1919 2021/4/1920 2018/4/1917
f 2022/4/1921 2023/4/1922 2024/4/1923
f 2024/4/1923 2025/4/1924 2022/4/1921
f 2026/7/1925 2027/7/1926 2028/7/1927
f 2028/7/1927 2029/7/1928 2026/7/1925
f 2030/7/1929 2031/7/1930 2032/7/1931
f 2032/7/1931 2033/7/1932 2030/7/1929
f 2034/4/1933 2035/4/1934 2036/4/1935
f 2036/4/1935 2037/4/1936 2034/4/1933
f 2038/4/1937 2039/4/1938 2040/4/1939
f 2040/4/1939 2041/4/1940 2038/4/1937
f 2042/4/1941 2043/4/1942 2044/4/1943
f 2044/4/1943 2045/4/1944 2042/4/1941
f 2046/4/1945 2047/4/1946 2048/4/1947
f 2048/4/1947 2049/4/1948 2046/4/1945
f 2050/4/1949 2051/4/1950 2052/4/1951
f 2052/4/1951 2053/4/1952 2050/4/1949
f 2054/7/1953 2055/7/1954 2056/7/1955
f 2056/7/1955 2057/7/1956 2054/7/1953
f 2058/7/1957 2059/7/1958 2060/7/1959
f 2060/7/1959 2061/7/1960 2058/7/1957
f 2062/7/1961 2063/7/1962 2064/7/1963
f 2064/7/1963 2065/7/1964 2062/7/1961
f 2066/7/1965 2067/7/1966 2068/7/1967
f 2068/7/1967 2069/7/1968 2066/7/1965
f 2070/7/1969 2071/7/1970 2072/7/1971
f 2072/7/1971 2073/7/1972 2070/7/1969
f 2074/7/1973 2075/7/1974 2076/7/1975
f 2076/7/1975 2077/7/1976 2074/7/1973
f 2078/7/1977 2079/7/1978 2080/7/1979
f 2080/7/1979 2081/7/1980 2078/7/1977
f 2082/7/1981 2083/7/1982 2084/7/1983
f 2084/7/1983 2085/7/1984 2082/7/1981
f 2086/7/1985 2087/7/1986 2088/7/1987
f 2088/7/1987 2089/7/1988 2086/7/1985
f 2090/7/1989 2091/7/1990 2092/7/1991
f 2092/7/1991 2093/7/1992 2090/7/1989
f 2094/7/1993 2095/7/1994 2096/7/1995
f 2096/7/1995 2097/7/1996 2094/7/1993
f 2098/7/1997 2099/7/1998 2100/7/1999
f 2100/7/1999 2101/7/2000 2098/7/1997
f 2102/7/2001 2103/7/2002 2104/7/2003
f 2104/7/2003 2105/7/2004 2102/7/2001
f 2106/7/2005 2107/7/2006 2108/7/2007
f 2108/7/2007 2109/7/2008 2106/7/2005
f 2110/8/2009 2111/8/2010 2112/8/2011
f 2112/8/2011 2113/8/2012 2110/8/2009
f 2114/8/2013 2115/8/2014 2116/8/2015
f 2116/8/2015 2117/8/2016 2114/8/2013
f 2118/9/2017 2119/9/2018 2120/9/2019
f 2120/9/2019 2121/9/2020 2118/9/2017
f 2122/9/2021 2123/9/2022 2124/9/2023
f 2124/9/2023 2125/9/2024 2122/9/2021
f 2126/9/2025 2127/9/2026 2128/9/2027
f 2128/9/2027 2129/9/2028 2126/9/2025
f 2130/9/2029 2131/9/2030 2132/9/2031
f 2132/9/2031 2133/9/2032 2130/9/2029
f 2134/9/2033 2135/9/2034 2136/9/2035
f 2136/9/2035 2137/9/2036 2134/9/2033
f 2138/8/2037 2139/8/2038 2140/8/2039
f 2140/8/2039 2141/8/2040 2138/8/2037
f 2142/8/2041 2143/8/2042 2144/8/2043
f 2144/8/2043 2145/8/2044 2142/8/2041
f 2146/9/2045 2147/9/2046 2148/9/2047
f 2148/9/2047 2149/9/2048 2146/9/2045
f 2150/9/2049 2151/9/2050 2152/9/2051
f 2152/9/2051 2153/9/2052 2150/9/2049
f 2154/9/2053 2155/9/2054 2156/9/2055
f 2156/9/2055 2157/9/2056 2154/9/2053
f 2158/9/2057 2159/9/2058 2160/9/2059
f 2160/9/2059 2161/9/2060 2158/9/2057
f 2162/9/2061 2163/9/2062 2164/9/2063
f 2164/9/2063 2165/9/2064 2162/9/2061
f 2166/8/2065 2167/8/2066 2168/8/2067
f 2168/8/2067 2169/8/2068 2166/8/2065
f 2170/8/2069 2171/8/2070 2172/8/2071
f 2172/8/2071 2173/8/2072 2170/8/2069
f 2174/9/2073 2175/9/2074 2176/9/2075
f 2176/9/2075 2177/9/2076 2174/9/2073
f 2178/9/2077 2179/9/2078 2180/9/2079
f 2180/9/2079 2181/9/2080 2178/9/2077
f 2182/9/2081 2183/9/2082 2184/9/582
f 2184/9/582 2185/9/2083 2182/9/2081
f 2186/9/2084 2187/9/2085 2188/9/2086
f 2188/9/2086 2189/9/2087 2186/9/2084
f 2190/9/2088 2191/9/2089 2192/9/2090
f 2192/9/2090 2193/9/2091 2190/9/2088
f 2194/9/2092 2195/9/2093 2196/9/2094
f 2196/9/2094 2197/9/2095 2194/9/2092
f 2198/9/2096 2199/9/2097 2200/9/2098
f 2200/9/2098 2201/9/2099 2198/9/2096
f 2202/9/2100 2203/9/2101 2204/9/2102
f 2204/9/2102 2205/9/2103 2202/9/2100
f 2206/9/2104 2207/9/2105 2208/9/2106
f 2208/9/2106 2209/9/2107 2206/9/2104
f 2210/9/2108 2211/9/2109 2212/9/2110
f 2212/9/2110 2213/9/2111 2210/9/2108
f 2214/9/2112 2215/9/2113 2216/9/2114
f 2216/9/2114 2217/9/2115 2214/9/2112
f 2218/9/2116 2219/9/2117 2220/9/2118
f 2220/9/2118 2221/9/2119 2218/9/2116
f 2222/9/2120 2223/9/2121 2224/9/2122
f 2224/9/2122 2225/9/621 2222/9/2120
f 2226/9/2123 2227/9/2124 2228/9/2125
f 2228/9/2125 2229/9/2126 2226/9/2123
f 2230/9/2127 2231/9/2128 2232/9/2129
f 2232/9/2129 2233/9/2130 2230/9/2127
s 0
f 2234/9/2131 2235/9/2131 2236/9/2131
s 1
f 2237/9/2132 2238/9/2133 2239/9/2134
f 2239/9/2134 2240/9/2135 2237/9/2132
s 0
f 2241/9/2136 2242/9/2136 2243/9/2136
s 1
f 2244/9/2137 2245/9/2138 2246/9/2139
f 2246/9/2139 2247/9/2140 2244/9/2137
f 2248/9/2141 2249/9/2142 2250/9/2143
f 2250/9/2143 2251/9/2144 2248/9/2141
f 2252/9/2145 2253/9/2146 2254/9/2147
f 2254/9/2147 2255/9/2148 2252/9/2145
f 2256/9/2149 2257/9/2150 2258/9/2151
f 2258/9/2151 2259/9/2152 2256/9/2149
f 2260/9/2153 2261/9/2154 2262/9/2155
f 2262/9/2155 2263/9/2156 2260/9/2153
f 2264/9/2157 2265/9/2158 2266/9/2159
f 2266/9/2159 2267/9/2160 2264/9/2157
f 2268/9/2161 2269/9/2162 2270/9/2163
f 2270/9/2163 2271/9/2164 2268/9/2161
f 2272/9/2165 2273/9/2166 2274/9/2167
f 2274/9/2167 2275/9/2168 2272/9/2165
s 0
f 2276/9/2169 2277/9/2169 2278/9/2169
f 2278/9/2169 2279/9/2169 2276/9/2169
s 1
f 2280/9/2170 2281/9/2171 2282/9/2172
f 2282/9/2172 2283/9/2173 2280/9/2170
f 2284/9/2174 2285/9/2175 2286/9/2176
f 2286/9/2176 2287/9/2177 2284/9/2174
f 2288/9/2178 2289/9/2179 2290/9/2180
f 2290/9/2180 2291/9/2181 2288/9/2178
f 2292/9/2182 2293/9/2183 2294/9/2184
f 2294/9/2184 2295/9/2185 2292/9/2182
f 2296/9/2186 2297/9/2187 2298/9/2188
f 2298/9/2188 2299/9/2189 2296/9/2186
f 2300/9/2190 2301/9/2191 2302/9/2192
f 2302/9/2192 2303/9/2193 2300/9/2190
s 0
f 2304/9/2194 2305/9/2194 2306/9/2194
s 1
f 2307/9/2195 2308/9/2196 2309/9/2197
f 2309/9/2197 2310/9/2198 2307/9/2195
f 2311/9/2199 2312/9/2200 2313/9/2201
f 2313/9/2201 2314/9/2202 2311/9/2199
f 2315/9/2203 2316/9/2204 2317/9/2205
f 2317/9/2205 2318/9/2206 2315/9/2203
f 2319/9/2207 2320/9/2208 2321/9/2209
f 2321/9/2209 2322/9/2210 2319/9/2207
f 2323/9/2211 2324/9/2212 2325/9/2213
f 2325/9/2213 2326/9/2214 2323/9/2211
f 2327/9/2215 2328/9/2216 2329/9/2217
f 2329/9/2217 2330/9/2218 2327/9/2215
f 2331/9/2219 2332/9/2220 2333/9/2221
f 2333/9/2221 2334/9/2222 2331/9/2219
f 2335/9/2223 2336/9/2224 2337/9/2225
f 2337/9/2225 2338/9/2226 2335/9/2223
f 2339/9/2227 2340/9/2228 2341/9/2229
f 2341/9/2229 2342/9/2230 2339/9/2227
f 2343/9/2231 2344/9/2232 2345/9/2233
f 2345/9/2233 2346/9/2234 2343/9/2231
f 2347/9/2235 2348/9/2236 2349/9/2237
f 2349/9/2237 2350/9/2238 2347/9/2235
f 2351/9/2239 2352/9/2240 2353/9/2241
f 2353/9/2241 2354/9/2242 2351/9/2239
f 2355/9/2243 2356/9/2244 2357/9/2245
f 2357/9/2245 2358/9/2246 2355/9/2243
f 2359/9/2247 2360/9/2248 2361/9/2249
f 2361/9/2249 2362/9/2250 2359/9/2247
f 2363/9/2251 2364/9/2252 2365/9/2253
f 2365/9/2253 2366/9/2254 2363/9/2251
f 2367/9/2255 2368/9/2256 2369/9/2257
s 0
f 2369/9/2258 2370/9/2259 2367/9/2258
f 2371/9/2260 2372/9/2260 2373/9/2260
f 2374/9/2261 2375/9/2261 2376/9/2261
f 2377/9/2262 2378/9/2262 2379/9/2262
s 1
f 2380/9/2263 2381/9/2264 2382/9/2265
f 2382/9/2265 2383/9/2266 2380/9/2263
s 0
f 2384/9/2267 2385/9/2267 2386/9/2267
s 1
f 2387/9/2268 2388/9/2269 2389/9/2270
f 2389/9/2270 2390/9/2271 2387/9/2268
f 2391/9/2272 2392/9/2273 2393/9/2274
f 2393/9/2274 2394/9/2275 2391/9/2272
f 2395/9/2276 2396/9/2277 2397/9/2278
f 2397/9/2278 2398/9/2279 2395/9/2276
f 2399/9/2280 2400/9/2281 2401/9/2282
f 2401/9/2282 2402/9/2283 2399/9/2280
f 2403/9/2284 2404/9/2285 2405/9/2286
f 2405/9/2286 2406/9/2287 2403/9/2284
f 2407/9/2288 2408/9/2289 2409/9/2290
f 2409/9/2290 2410/9/2291 2407/9/2288
f 2411/5/2292 2412/5/2293 2413/5/2294
f 2413/5/2294 2414/5/2295 2411/5/2292
f 2415/4/2296 2416/4/2297 2417/4/2298
f 2417/4/2298 2418/4/2299 2415/4/2296
f 2419/4/2300 2420/4/2301 2421/4/2302
f 2421/4/2302 2422/4/2303 2419/4/2300
f 2423/5/2304 2424/5/2305 2425/10/2306
f 2425/10/2306 2426/5/2307 2423/5/2304
f 2427/4/2308 2428/4/2309 2429/4/2310
f 2429/4/2310 2430/4/2311 2427/4/2308
f 2431/4/2312 2432/4/2313 2433/4/2314
f 2433/4/2314 2434/4/2315 2431/4/2312
f 2435/4/2316 2436/4/2317 2437/4/2318
f 2437/4/2318 2438/4/2319 2435/4/2316
f 2439/7/2320 2440/7/2321 2441/7/2322
f 2441/7/2322 2442/7/2323 2439/7/2320
f 2443/4/2324 2444/4/2325 2445/4/2326
f 2445/4/2326 2446/4/2327 2443/4/2324
f 2447/4/2328 2448/4/2329 2449/4/2330
f 2449/4/2330 2450/4/2331 2447/4/2328
f 2451/4/2332 2452/4/2333 2453/4/2334
f 2453/4/2334 2454/4/2335 2451/4/2332
f 2455/8/2336 2456/8/2337 2457/8/2338
f 2457/8/2338 2458/8/2339 2455/8/2336
f 2459/9/2340 2460/9/2341 2461/9/2342
f 2461/9/2342 2462/9/2343 2459/9/2340
f 2463/9/2344 2464/9/2345 2465/9/2346
f 2465/9/2346 2466/9/2347 2463/9/2344
f 2467/11/2348 2468/11/2349 2469/11/2350
f 2469/11/2350 2470/11/2351 2467/11/2348
s 0
f 2471/11/2352 2472/11/2352 2473/11/2352
s 1
f 2474/9/2353 2475/9/2354 2476/9/2355
f 2476/9/2355 2477/9/2356 2474/9/2353
f 2478/9/2357 2479/9/2358 2480/9/2359
f 2480/9/2359 2481/9/2360 2478/9/2357
f 2482/12/2361 2483/12/2362 2484/12/2363
f 2484/12/2363 2485/12/2364 2482/12/2361
f 2486/12/2365 2487/12/2366 2488/12/2367
f 2488/12/2367 2489/12/2368 2486/12/2365
f 2490/9/2369 2491/9/2370 2492/9/2371
f 2492/9/2371 2493/9/2372 2490/9/2369
f 2494/13/2373 2495/13/2374 2496/13/2375
f 2496/13/2375 2497/13/2376 2494/13/2373
f 2498/14/2377 2499/14/2378 2500/14/2379
f 2500/14/2379 2501/14/2380 2498/14/2377
f 2502/15/2381 2503/15/2382 2504/15/2383
f 2504/15/2383 2505/15/2384 2502/15/2381
f 2506/15/2385 2507/15/2386 2508/15/2387
f 2508/15/2387 2509/15/2388 2506/15/2385
f 2510/11/2389 2511/11/2390 2512/11/2391
f 2512/11/2391 2513/11/2392 2510/11/2389
f 2514/9/2393 2515/9/2394 2516/9/2395
f 2516/9/2395 2517/9/2396 2514/9/2393
f 2518/9/2397 2519/9/2398 2520/9/2399
f 2520/9/2399 2521/9/2400 2518/9/2397
f 2522/9/2401 2523/9/2402 2524/9/2403
f 2524/9/2403 2525/9/2404 2522/9/2401
s 0
f 2526/8/2405 2527/8/2405 2528/8/2405
s 1
f 2529/11/2406 2530/11/2407 2531/11/2408
f 2531/11/2408 2532/11/2409 2529/11/2406
f 2533/11/2410 2534/11/2411 2535/11/2412
f 2535/11/2412 2536/11/2413 2533/11/2410
s 0
f 2537/8/2414 2538/8/2414 2539/8/2414
f 2540/8/2415 2541/8/2415 2542/8/2415
s 1
f 2543/9/2416 2544/9/2417 2545/9/2418
f 2545/9/2418 2546/9/2419 2543/9/2416
f 2547/9/2420 2548/9/2421 2549/9/2422
f 2549/9/2422 2550/9/2423 2547/9/2420
f 2551/12/2424 2552/12/2425 2553/12/2426
f 2553/12/2426 2554/12/2427 2551/12/2424
f 2555/12/2428 2556/12/2429 2557/12/2428
f 2557/12/2428 2558/12/2430 2555/12/2428
s 0
f 2559/15/2431 2560/15/2431 2561/15/2431
s 1
f 2562/9/2432 2563/9/2433 2564/9/2434
f 2564/9/2434 2565/9/2435 2562/9/2432
f 2566/15/2436 2567/15/2437 2568/15/2438
f 2568/15/2438 2569/15/2439 2566/15/2436
s 0
f 2570/11/2440 2571/11/2440 2572/11/2440
s 1
f 2573/9/2441 2574/9/2442 2575/9/2443
f 2575/9/2443 2576/9/2444 2573/9/2441
f 2577/9/2445 2578/9/2446 2579/9/2447
f 2579/9/2447 2580/9/2448 2577/9/2445
f 2581/9/2449 2582/9/2450 2583/9/2451
f 2583/9/2451 2584/9/2452 2581/9/2449
f 2585/9/2453 2586/9/2454 2587/9/2455
f 2587/9/2455 2588/9/2456 2585/9/2453
f 2589/9/2457 2590/9/2458 2591/9/2459
f 2591/9/2459 2592/9/2460 2589/9/2457
f 2593/9/2461 2594/9/2462 2595/9/2463
f 2595/9/2463 2596/9/2464 2593/9/2461
f 2597/9/2465 2598/9/2466 2599/9/2467
f 2599/9/2467 2600/9/2468 2597/9/2465
f 2601/9/2469 2602/9/2470 2603/9/2471
f 2603/9/2471 2604/9/2472 2601/9/2469
f 2605/15/2473 2606/15/2474 2607/15/2475
f 2607/15/2475 2608/15/2476 2605/15/2473
f 2609/15/2477 2610/15/2478 2611/15/2479
f 2611/15/2479 2612/15/2480 2609/15/2477
f 2613/15/2481 2614/15/2482 2615/15/2483
f 2615/15/2483 2616/15/2484 2613/15/2481
s 0
f 2617/15/2485 2618/15/2485 2619/15/2485
s 1
f 2620/11/2486 2621/11/2487 2622/11/2488
f 2622/11/2488 2623/11/2489 2620/11/2486
f 2624/9/2490 2625/9/2491 2626/9/2492
f 2626/9/2492 2627/9/2493 2624/9/2490
f 2628/9/2494 2629/9/2495 2630/9/2496
f 2630/9/2496 2631/9/2497 2628/9/2494
f 2632/9/2498 2633/9/2499 2634/9/2500
f 2634/9/2500 2635/9/2501 2632/9/2498
f 2636/9/2502 2637/9/2503 2638/9/2504
f 2638/9/2504 2639/9/2505 2636/9/2502
f 2640/9/2506 2641/9/2507 2642/9/2508
f 2642/9/2508 2643/9/2509 2640/9/2506
f 2644/9/2510 2645/9/2511 2646/9/2512
f 2646/9/2512 2647/9/2513 2644/9/2510
f 2648/9/2514 2649/9/2515 2650/9/2516
f 2650/9/2516 2651/9/2517 2648/9/2514
f 2652/9/2518 2653/9/2519 2654/9/2520
f 2654/9/2520 2655/9/2521 2652/9/2518
s 0
f 2656/9/2522 2657/9/2522 2658/9/2522
s 1
f 2659/9/2523 2660/9/2524 2661/9/2525
f 2661/9/2525 2662/9/2526 2659/9/2523
f 2663/9/2527 2664/9/2528 2665/9/2529
f 2665/9/2529 2666/9/2530 2663/9/2527
f 2667/9/2531 2668/9/2532 2669/9/2533
f 2669/9/2533 2670/9/2534 2667/9/2531
f 2671/9/2535 2672/9/2536 2673/9/2537
f 2673/9/2537 2674/9/2538 2671/9/2535
f 2675/11/2539 2676/11/2540 2677/11/2541
f 2677/11/2541 2678/11/2542 2675/11/2539
f 2679/11/2543 2680/11/2544 2681/11/2545
f 2681/11/2545 2682/11/2546 2679/11/2543
s 0
f 2683/11/2547 2684/11/2547 2685/11/2547
f 2686/11/2548 2687/11/2548 2688/11/2548
s 1
f 2689/9/2549 2690/9/2550 2691/9/2551
f 2691/9/2551 2692/9/2552 2689/9/2549
f 2693/9/2553 2694/9/2554 2695/9/2555
f 2695/9/2555 2696/9/2556 2693/9/2553
f 2697/9/2557 2698/9/2558 2699/9/2559
f 2699/9/2559 2700/9/2560 2697/9/2557
f 2701/9/2561 2702/9/2562 2703/9/2563
f 2703/9/2563 2704/9/2564 2701/9/2561
f 2705/9/2565 2706/9/2566 2707/9/2565
f 2707/9/2565 2708/9/2567 2705/9/2565
f 2709/1/2568 2710/1/2569 2711/1/2570
f 2711/1/2570 2712/1/2571 2709/1/2568
f 2713/1/2572 2714/1/2573 2715/1/2574
f 2715/1/2574 2716/1/2575 2713/1/2572
f 2717/1/2576 2718/1/2577 2719/1/2578
f 2719/1/2578 2720/1/2579 2717/1/2576
f 2721/1/2580 2722/1/2581 2723/1/2582
f 2723/1/2582 2724/1/2583 2721/1/2580
f 2725/1/2584 2726/1/2585 2727/1/2586
f 2727/1/2586 2728/1/2587 2725/1/2584
f 2729/1/2588 2730/1/2589 2731/1/2590
f 2731/1/2590 2732/1/2591 2729/1/2588
f 2733/2/2592 2734/2/2593 2735/2/2594
f 2735/2/2594 2736/2/2595 2733/2/2592
f 2737/2/2596 2738/2/2597 2739/2/2598
f 2739/2/2598 2740/2/2599 2737/2/2596
f 2741/2/2600 2742/2/2601 2743/2/2602
f 2743/2/2602 2744/2/2603 2741/2/2600
f 2745/2/2604 2746/2/2605 2747/2/2606
f 2747/2/2606 2748/2/2607 2745/2/2604
f 2749/2/2608 2750/2/2609 2751/2/2610
f 2751/2/2610 2752/2/2611 2749/2/2608
f 2753/2/2612 2754/2/2613 2755/2/2614
f 2755/2/2614 2756/2/2615 2753/2/2612
f 2757/16/2616 2758/16/2617 2759/16/2618
f 2759/16/2618 2760/16/2619 2757/16/2616
f 2761/16/2620 2762/16/2621 2763/16/2622
f 2763/16/2622 2764/16/2623 2761/16/2620
f 2765/16/2624 2766/16/2625 2767/16/2626
f 2767/16/2626 2768/16/2627 2765/16/2624
f 2769/16/2628 2770/16/2629 2771/16/2630
f 2771/16/2630 2772/16/2631 2769/16/2628
f 2773/17/2632 2774/17/2633 2775/17/2634
f 2775/17/2634 2776/17/2635 2773/17/2632
f 2777/17/2636 2778/17/2637 2779/17/2638
f 2779/17/2638 2780/17/2639 2777/17/2636
f 2781/16/2640 2782/16/2641 2783/16/2642
f 2783/16/2642 2784/16/2643 2781/16/2640
f 2785/16/2644 2786/16/2645 2787/16/2646
f 2787/16/2646 2788/16/2647 2785/16/2644
f 2789/16/2648 2790/16/2649 2791/16/2650
f 2791/16/2650 2792/16/2651 2789/16/2648
f 2793/16/2652 2794/16/2653 2795/16/2654
f 2795/16/2654 2796/16/2655 2793/16/2652
f 2797/16/2656 2798/16/2657 2799/16/2658
f 2799/16/2658 2800/16/2659 2797/16/2656
f 2801/16/2660 2802/16/2661 2803/16/2662
f 2803/16/2662 2804/16/2663 2801/16/2660
s 0
f 2805/16/2664 2806/16/2664 2807/16/2664
s 1
f 2808/16/2665 2809/16/2666 2810/16/2667
f 2810/16/2667 2811/16/2668 2808/16/2665
f 2812/16/2669 2813/16/2670 2814/16/2671
f 2814/16/2671 2815/16/2672 2812/16/2669
f 2816/16/2673 2817/16/2674 2818/16/2675
f 2818/16/2675 2819/16/2676 2816/16/2673
f 2820/16/2677 2821/16/2678 2822/16/2679
f 2822/16/2679 2823/16/2680 2820/16/2677
f 2824/17/2681 2825/17/2682 2826/17/2683
f 2826/17/2683 2827/17/2684 2824/17/2681
f 2828/17/2685 2829/17/2686 2830/17/2687
f 2830/17/2687 2831/17/2688 2828/17/2685
f 2832/17/2689 2833/17/2690 2834/17/2691
f 2834/17/2691 2835/17/2692 2832/17/2689
f 2836/17/2693 2837/17/2694 2838/17/2695
f 2838/17/2695 2839/17/2696 2836/17/2693
f 2840/17/2697 2841/17/2698 2842/17/2699
f 2842/17/2699 2843/17/2700 2840/17/2697
f 2844/17/2701 2845/17/2702 2846/17/2703
f 2846/17/2703 2847/17/2704 2844/17/2701
f 2848/17/2705 2849/17/2706 2850/17/2707
f 2850/17/2707 2851/17/2708 2848/17/2705
f 2852/17/2709 2853/17/2710 2854/17/2711
f 2854/17/2711 2855/17/2712 2852/17/2709
f 2856/17/2713 2857/17/2714 2858/17/2715
f 2858/17/2715 2859/17/2716 2856/17/2713
f 2860/17/2717 2861/17/2718 2862/17/2719
f 2862/17/2719 2863/17/2720 2860/17/2717
f 2864/17/2721 2865/17/2722 2866/17/2723
f 2866/17/2723 2867/17/2724 2864/17/2721
f 2868/17/2725 2869/17/2726 2870/17/2727
f 2870/17/2727 2871/17/2728 2868/17/2725
f 2872/17/2729 2873/17/2730 2874/17/2731
f 2874/17/2731 2875/17/2732 2872/17/2729
f 2876/17/2733 2877/17/2734 2878/17/2735
f 2878/17/2735 2879/17/2736 2876/17/2733
f 2880/17/2737 2881/17/2738 2882/17/2739
f 2882/17/2739 2883/17/2740 2880/17/2737
s 0
f 2884/17/2741 2885/17/2741 2886/17/2741
s 1
f 2887/2/2742 2888/2/2743 2889/2/2744
f 2889/2/2744 2890/2/2745 2887/2/2742
f 2891/9/2746 2892/9/2747 2893/9/2748
f 2893/9/2748 2894/9/2749 2891/9/2746
f 2895/8/2750 2896/8/2751 2897/8/2752
f 2897/8/2752 2898/8/2753 2895/8/2750
f 2899/9/2754 2900/9/2755 2901/9/2756
f 2901/9/2756 2902/9/2757 2899/9/2754
f 2903/4/2758 2904/4/2759 2905/4/2760
f 2905/4/2760 2906/4/2761 2903/4/2758
f 2907/4/2762 2908/4/2763 2909/4/2764
f 2909/4/2764 2910/4/2765 2907/4/2762
f 2911/4/2766 2912/4/2767 2913/4/2768
f 2913/4/2768 2914/4/2769 2911/4/2766
f 2915/4/2770 2916/4/2771 2917/4/2772
f 2917/4/2772 2918/4/2773 2915/4/2770
f 2919/4/2774 2920/4/2775 2921/4/2776
f 2921/4/2776 2922/4/2777 2919/4/2774
s 0
f 2923/4/2778 2924/4/2778 2925/4/2778
f 2926/7/2779 2927/7/2779 2928/7/2779
s 1
f 2929/7/2780 2930/7/2781 2931/7/2782
f 2931/7/2782 2932/7/2783 2929/7/2780
f 2933/7/2784 2934/7/2785 2935/19/2786
f 2935/19/2786 2936/18/2787 2933/7/2784
s 0
f 2937/4/2788 2938/4/2788 2939/4/2788
s 1
f 2940/4/2789 2941/4/2790 2942/4/2791
f 2942/4/2791 2943/4/2792 2940/4/2789
f 2944/4/2793 2945/4/2794 2946/4/2795
f 2946/4/2795 2947/4/2796 2944/4/2793
f 2948/4/2797 2949/4/2798 2950/4/2799
f 2950/4/2799 2951/4/2800 2948/4/2797
f 2952/4/2801 2953/4/2802 2954/4/2803
f 2954/4/2803 2955/4/2804 2952/4/2801
f 2956/4/2805 2957/4/2806 2958/4/2807
f 2958/4/2807 2959/4/2808 2956/4/2805
f 2960/4/2809 2961/4/2810 2962/4/2811
f 2962/4/2811 2963/4/2812 2960/4/2809
f 2964/4/2813 2965/4/2814 2966/4/2815
f 2966/4/2815 2967/4/2816 2964/4/2813
f 2968/20/2817 2969/20/2818 2970/20/2819
f 2970/20/2819 2971/21/2820 2968/20/2817
f 2972/20/2821 2973/20/2822 2974/20/2823
f 2974/20/2823 2975/20/2824 2972/20/2821
f 2976/22/2825 2977/22/2826 2978/22/2827
f 2978/22/2827 2979/22/2828 2976/22/2825
f 2980/20/2829 2981/20/2830 2982/20/2831
f 2982/20/2831 2983/20/2832 2980/20/2829
s 0
f 2984/22/2833 2985/22/2833 2986/22/2833
s 1
f 2987/20/2834 2988/20/2835 2989/20/2836
f 2989/20/2836 2990/20/2837 2987/20/2834
f 2991/22/2838 2992/22/2839 2993/22/2840
f 2993/22/2840 2994/22/2841 2991/22/2838
s 0
f 2995/22/2842 2996/22/2842 2997/22/2842
s 1
f 2998/22/2843 2999/22/2844 3000/22/2845
f 3000/22/2845 3001/22/2846 2998/22/2843
f 3002/22/2847 3003/22/2848 3004/22/2849
f 3004/22/2849 3005/22/2850 3002/22/2847
f 3006/22/2851 3007/22/2852 3008/23/2853
f 3008/23/2853 3009/22/2854 3006/22/2851
f 3010/22/2855 3011/22/2554 3012/22/2856
f 3012/22/2856 3013/22/2857 3010/22/2855
f 3014/22/2858 3015/22/2859 3016/24/2860
f 3016/24/2860 3017/23/2861 3014/22/2858
f 3018/22/2862 3019/22/2863 3020/22/2864
f 3020/22/2864 3021/22/2865 3018/22/2862
f 3022/22/2866 3023/22/2867 3024/22/2868
f 3024/22/2868 3025/22/2869 3022/22/2866
f 3026/20/2870 3027/20/2871 3028/20/2872
f 3028/20/2872 3029/20/2873 3026/20/2870
s 0
f 3030/22/2874 3031/22/2874 3032/22/2874
s 1
f 3033/20/2875 3034/20/2876 3035/20/2877
f 3035/20/2877 3036/20/2878 3033/20/2875
f 3037/22/2879 3038/22/2880 3039/22/2881
f 3039/22/2881 3040/22/2882 3037/22/2879
f 3041/22/2883 3042/22/2884 3043/22/2885
f 3043/22/2885 3044/22/2886 3041/22/2883
f 3045/22/2887 3046/22/2888 3047/22/2889
f 3047/22/2889 3048/22/2890 3045/22/2887
f 3049/22/2891 3050/22/2892 3051/22/2893
f 3051/22/2893 3052/22/2894 3049/22/2891
f 3053/22/2895 3054/22/2896 3055/22/2897
f 3055/22/2897 3056/22/2898 3053/22/2895
f 3057/22/2899 3058/22/2900 3059/22/2901
f 3059/22/2901 3060/22/2902 3057/22/2899
f 3061/22/2903 3062/22/2904 3063/22/2905
f 3063/22/2905 3064/22/2906 3061/22/2903
s 0
f 3065/22/1407 3066/22/1407 3067/22/1407
f 3067/22/1407 3068/22/1407 3065/22/1407
s 1
f 3069/22/2907 3070/22/1411 3071/22/2908
f 3071/22/2908 3072/22/2909 3069/22/2907
f 3073/22/2910 3074/22/2911 3075/22/2912
f 3075/22/2912 3076/22/2913 3073/22/2910
s 0
f 3077/22/1416 3078/22/1416 3079/22/1416
f 3079/22/1416 3080/22/1416 3077/22/1416
s 1
f 3081/22/2914 3082/22/2915 3083/22/2916
f 3083/22/2916 3084/22/1418 3081/22/2914
f 3085/22/2917 3086/22/2918 3087/22/2919
f 3087/22/2919 3088/22/2920 3085/22/2917
s 0
f 3089/22/2921 3090/22/2921 3091/25/2921
f 3091/25/2921 3092/25/2921 3089/22/2921
f 3093/22/2922 3094/22/2922 3095/22/2922
f 3096/22/2923 3097/22/2923 3098/22/2923
s 1
f 3099/20/2924 3100/20/2925 3101/20/2926
f 3101/20/2926 3102/20/2927 3099/20/2924
f 3103/20/2928 3104/20/2929 3105/20/2930
f 3105/20/2930 3106/21/2931 3103/20/2928
s 0
f 3107/22/2932 3108/22/2932 3109/22/2932
s 1
f 3110/4/2933 3111/4/2934 3112/4/2935
f 3112/4/2935 3113/4/2936 3110/4/2933
s 0
f 3114/4/2937 3115/4/2937 3116/4/2937
s 1
f 3117/1/2938 3118/1/2939 3119/1/2940
f 3119/1/2940 3120/1/2941 3117/1/2938
f 3121/1/2942 3122/1/2943 3123/1/2944
f 3123/1/2944 3124/1/2945 3121/1/2942
f 3125/4/2946 3126/4/2947 3127/4/2948
f 3127/4/2948 3128/4/2949 3125/4/2946
f 3129/4/2950 3130/4/2951 3131/4/2952
f 3131/4/2952 3132/4/2953 3129/4/2950
f 3133/4/2954 3134/4/2955 3135/4/2956
f 3135/4/2956 3136/4/2957 3133/4/2954
f 3137/4/2958 3138/4/2959 3139/4/2960
f 3139/4/2960 3140/4/2961 3137/4/2958
f 3141/4/2962 3142/4/2963 3143/4/2964
f 3143/4/2964 3144/4/2965 3141/4/2962
f 3145/9/2966 3146/9/2967 3147/9/2968
f 3147/9/2968 3148/9/2969 3145/9/2966
f 3149/5/2970 3150/5/2971 3151/5/2972
f 3151/5/2972 3152/5/2973 3149/5/2970
f 3153/8/2974 3154/26/2975 3155/8/2976
f 3155/8/2976 3156/8/2977 3153/8/2974
f 3157/4/2978 3158/4/2979 3159/4/2980
f 3159/4/2980 3160/4/2981 3157/4/2978
f 3161/21/2982 3162/20/2983 3163/20/2984
f 3163/20/2984 3164/20/2985 3161/21/2982
f 3165/25/2986 3166/24/2987 3167/22/2988
f 3167/22/2988 3168/22/2989 3165/25/2986
f 3169/20/2990 3170/20/2991 3171/20/2992
f 3171/20/2992 3172/20/2993 3169/20/2990
f 3173/22/2994 3174/22/2995 3175/22/2996
f 3175/22/2996 3176/22/2997 3173/22/2994
