mtllib idle_male.mtl
o Object_7
usemtl material2
v -2.777999845173212e-7 -0.000001497400119418017 0.0000012070999286593878
v -2.4000000312458705e-7 -0.0000014669001764690056 0.000002302599957027779
v -8.288999921469015e-7 -0.0000014245000894502402 0.0000021437000155522236
v -8.904999941615385e-7 -0.0000014740000563230617 0.0000012166999041143882
v -2.777999845173212e-7 -0.000001497400119418017 0.0000012070999286593878
v 9.309998650858204e-8 -0.0000010822000978951133 0.0000012044999207005263
v 4.8399991838343134e-8 -0.0000010819001701563233 0.0000021927998297742594
v -2.4000000312458705e-7 -0.0000014669001764690056 0.000002302599957027779
v -9.985999854128806e-7 -0.000001008400165780211 0.00000205469996587698
v -0.000001031999977055937 -0.000001096000043562975 0.0000011978998969553063
v -8.904999941615385e-7 -0.0000014740000563230617 0.0000012166999041143882
v -8.288999921469015e-7 -0.0000014245000894502402 0.0000021437000155522236
v 4.8399991838343134e-8 -0.0000010819001701563233 0.0000021927998297742594
v 9.309998650858204e-8 -0.0000010822000978951133 0.0000012044999207005263
v -2.0649998525646538e-7 -7.085001160337261e-7 0.0000012766999612390619
v -1.8189999130265798e-7 -6.099001178201645e-7 0.000002140500012964624
v -1.8189999130265798e-7 -6.099001178201645e-7 0.000002140500012964624
v -2.0649998525646538e-7 -7.085001160337261e-7 0.0000012766999612390619
v -7.649999872222542e-7 -7.562000642886135e-7 0.000001289399994749052
v -5.866999941474756e-7 -5.441001320492805e-7 0.000002131300008929289
v -5.866999941474756e-7 -5.441001320492805e-7 0.000002131300008929289
v -7.649999872222542e-7 -7.562000642886135e-7 0.000001289399994749052
v -0.000001031999977055937 -0.000001096000043562975 0.0000011978998969553063
v -9.985999854128806e-7 -0.000001008400165780211 0.00000205469996587698
v -8.288999921469015e-7 -0.0000014245000894502402 0.0000021437000155522236
v -2.4000000312458705e-7 -0.0000014669001764690056 0.000002302599957027779
v -1.7650001215073244e-7 -0.0000014261001756007887 0.0000029094998786945607
v -8.114999764589594e-7 -0.0000013737001558956593 0.000002743599884477076
v -2.4000000312458705e-7 -0.0000014669001764690056 0.000002302599957027779
v 4.8399991838343134e-8 -0.0000010819001701563233 0.0000021927998297742594
v 1.4089998925304989e-7 -0.000001107000135622403 0.0000028751000632304973
v -1.7650001215073244e-7 -0.0000014261001756007887 0.0000029094998786945607
v -9.985999854128806e-7 -0.000001008400165780211 0.00000205469996587698
v -8.288999921469015e-7 -0.0000014245000894502402 0.0000021437000155522236
v -8.114999764589594e-7 -0.0000013737001558956593 0.000002743599884477076
v -9.371000278132025e-7 -8.740002093210815e-7 0.0000027427998872273114
v 4.8399991838343134e-8 -0.0000010819001701563233 0.0000021927998297742594
v -1.8189999130265798e-7 -6.099001178201645e-7 0.000002140500012964624
v -5.740000105046196e-8 -5.814001590945546e-7 0.0000027327998492757013
v 1.4089998925304989e-7 -0.000001107000135622403 0.0000028751000632304973
v -1.8189999130265798e-7 -6.099001178201645e-7 0.000002140500012964624
v -5.866999941474756e-7 -5.441001320492805e-7 0.000002131300008929289
v -6.105999500449755e-7 -5.04100166270839e-7 0.000002790899842910027
v -5.740000105046196e-8 -5.814001590945546e-7 0.0000027327998492757013
v -5.866999941474756e-7 -5.441001320492805e-7 0.000002131300008929289
v -9.985999854128806e-7 -0.000001008400165780211 0.00000205469996587698
v -9.371000278132025e-7 -8.740002093210815e-7 0.0000027427998872273114
v -6.105999500449755e-7 -5.04100166270839e-7 0.000002790899842910027
v -8.114999764589594e-7 -0.0000013737001558956593 0.000002743599884477076
v -1.7650001215073244e-7 -0.0000014261001756007887 0.0000029094998786945607
v -5.07000038433004e-8 -0.0000013769002197691963 0.0000034681997783185906
v -6.149999397946532e-7 -0.0000014099001802792653 0.000003442699867897307
v -1.7650001215073244e-7 -0.0000014261001756007887 0.0000029094998786945607
v 1.4089998925304989e-7 -0.000001107000135622403 0.0000028751000632304973
v 2.7789997436259917e-7 -0.0000010002001970735796 0.00000340900001180703
v -5.07000038433004e-8 -0.0000013769002197691963 0.0000034681997783185906
v -9.371000278132025e-7 -8.740002093210815e-7 0.0000027427998872273114
v -8.114999764589594e-7 -0.0000013737001558956593 0.000002743599884477076
v -6.149999397946532e-7 -0.0000014099001802792653 0.000003442699867897307
v -7.967999958217141e-7 -9.129001963719863e-7 0.0000034419996964344267
v 1.4089998925304989e-7 -0.000001107000135622403 0.0000028751000632304973
v -5.740000105046196e-8 -5.814001590945546e-7 0.0000027327998492757013
v 7.539999218985918e-8 -5.052001840436368e-7 0.000003347299950835528
v 2.7789997436259917e-7 -0.0000010002001970735796 0.00000340900001180703
v -5.740000105046196e-8 -5.814001590945546e-7 0.0000027327998492757013
v -6.105999500449755e-7 -5.04100166270839e-7 0.000002790899842910027
v -4.860999870776199e-7 -4.1650017902164404e-7 0.00000337449982366799
v 7.539999218985918e-8 -5.052001840436368e-7 0.000003347299950835528
v -6.105999500449755e-7 -5.04100166270839e-7 0.000002790899842910027
v -9.371000278132025e-7 -8.740002093210815e-7 0.0000027427998872273114
v -7.967999958217141e-7 -9.129001963719863e-7 0.0000034419996964344267
v -4.860999870776199e-7 -4.1650017902164404e-7 0.00000337449982366799
v -6.149999397946532e-7 -0.0000014099001802792653 0.000003442699867897307
v -5.07000038433004e-8 -0.0000013769002197691963 0.0000034681997783185906
v 3.49999928765466e-8 -0.0000014023001867773579 0.0000037114999667413042
v -5.462999857392163e-7 -0.0000013735002146185966 0.000003841999814765913
v -5.07000038433004e-8 -0.0000013769002197691963 0.0000034681997783185906
v 2.7789997436259917e-7 -0.0000010002001970735796 0.00000340900001180703
v 3.8940000234115844e-7 -0.0000010105001556301018 0.0000036995997528147327
v 3.49999928765466e-8 -0.0000014023001867773579 0.0000037114999667413042
v -7.967999958217141e-7 -9.129001963719863e-7 0.0000034419996964344267
v -6.149999397946532e-7 -0.0000014099001802792653 0.000003442699867897307
v -5.462999857392163e-7 -0.0000013735002146185966 0.000003841999814765913
v -7.018999738194051e-7 -8.866002092503126e-7 0.00000385889989434777
v 2.7789997436259917e-7 -0.0000010002001970735796 0.00000340900001180703
v 7.539999218985918e-8 -5.052001840436368e-7 0.000003347299950835528
v 1.5339999320534997e-7 -5.173002150917834e-7 0.0000036407000624815837
v 3.8940000234115844e-7 -0.0000010105001556301018 0.0000036995997528147327
v 7.539999218985918e-8 -5.052001840436368e-7 0.000003347299950835528
v -4.860999870776199e-7 -4.1650017902164404e-7 0.00000337449982366799
v -3.9059998962385584e-7 -4.303002160758051e-7 0.0000037772997908345364
v 1.5339999320534997e-7 -5.173002150917834e-7 0.0000036407000624815837
v -4.860999870776199e-7 -4.1650017902164404e-7 0.00000337449982366799
v -7.967999958217141e-7 -9.129001963719863e-7 0.0000034419996964344267
v -7.018999738194051e-7 -8.866002092503126e-7 0.00000385889989434777
v -3.9059998962385584e-7 -4.303002160758051e-7 0.0000037772997908345364
v -5.462999857392163e-7 -0.0000013735002146185966 0.000003841999814765913
v 3.49999928765466e-8 -0.0000014023001867773579 0.0000037114999667413042
v 6.179999080013967e-8 -0.0000013830001732828195 0.0000040710999538162814
v -5.189999749246056e-7 -0.0000013579001630398519 0.000004138599896650857
v 3.49999928765466e-8 -0.0000014023001867773579 0.0000037114999667413042
v 3.8940000234115844e-7 -0.0000010105001556301018 0.0000036995997528147327
v 4.6470001378068646e-7 -9.612001988932419e-7 0.00000404069989201853
v 6.179999080013967e-8 -0.0000013830001732828195 0.0000040710999538162814
v -7.018999738194051e-7 -8.866002092503126e-7 0.00000385889989434777
v -5.462999857392163e-7 -0.0000013735002146185966 0.000003841999814765913
v -5.189999749246056e-7 -0.0000013579001630398519 0.000004138599896650857
v -6.614999290313584e-7 -8.230002206966759e-7 0.000004135699771489535
v 3.8940000234115844e-7 -0.0000010105001556301018 0.0000036995997528147327
v 1.5339999320534997e-7 -5.173002150917834e-7 0.0000036407000624815837
v 2.4910000672945725e-7 -4.87200207303215e-7 0.000004013999807614699
v 4.6470001378068646e-7 -9.612001988932419e-7 0.00000404069989201853
v 1.5339999320534997e-7 -5.173002150917834e-7 0.0000036407000624815837
v -3.9059998962385584e-7 -4.303002160758051e-7 0.0000037772997908345364
v -4.14300002210587e-7 -3.905002189794064e-7 0.000004084000070423955
v 2.4910000672945725e-7 -4.87200207303215e-7 0.000004013999807614699
v -3.9059998962385584e-7 -4.303002160758051e-7 0.0000037772997908345364
v -7.018999738194051e-7 -8.866002092503126e-7 0.00000385889989434777
v -6.614999290313584e-7 -8.230002206966759e-7 0.000004135699771489535
v -4.14300002210587e-7 -3.905002189794064e-7 0.000004084000070423955
v -5.189999749246056e-7 -0.0000013579001630398519 0.000004138599896650857
v 6.179999080013967e-8 -0.0000013830001732828195 0.0000040710999538162814
v 1.1399998329428522e-7 -0.0000013178002849880647 0.0000049694998027298505
v -4.773999792336489e-7 -0.000001309800225097369 0.000004983799681463029
v 6.179999080013967e-8 -0.0000013830001732828195 0.0000040710999538162814
v 4.6470001378068646e-7 -9.612001988932419e-7 0.00000404069989201853
v 5.169999597403227e-7 -8.753002828229484e-7 0.000004947999696063858
v 1.1399998329428522e-7 -0.0000013178002849880647 0.0000049694998027298505
v -6.614999290313584e-7 -8.230002206966759e-7 0.000004135699771489535
v -5.189999749246056e-7 -0.0000013579001630398519 0.000004138599896650857
v -4.773999792336489e-7 -0.000001309800225097369 0.000004983799681463029
v -6.667999547177932e-7 -7.124003029307844e-7 0.000004934500195719817
v 4.6470001378068646e-7 -9.612001988932419e-7 0.00000404069989201853
v 2.4910000672945725e-7 -4.87200207303215e-7 0.000004013999807614699
v 3.04799971226417e-7 -3.2160027318174194e-7 0.000004875500083402012
v 5.169999597403227e-7 -8.753002828229484e-7 0.000004947999696063858
v 2.4910000672945725e-7 -4.87200207303215e-7 0.000004013999807614699
v -4.14300002210587e-7 -3.905002189794064e-7 0.000004084000070423955
v -3.331999976683407e-7 -3.079002633000478e-7 0.000004885800223033361
v 3.04799971226417e-7 -3.2160027318174194e-7 0.000004875500083402012
v -4.14300002210587e-7 -3.905002189794064e-7 0.000004084000070423955
v -6.614999290313584e-7 -8.230002206966759e-7 0.000004135699771489535
v -6.667999547177932e-7 -7.124003029307844e-7 0.000004934500195719817
v -3.331999976683407e-7 -3.079002633000478e-7 0.000004885800223033361
v -4.773999792336489e-7 -0.000001309800225097369 0.000004983799681463029
v 1.1399998329428522e-7 -0.0000013178002849880647 0.0000049694998027298505
v 1.895999915544876e-7 -0.000001291400340542763 0.000006034699538226712
v -6.149999397946532e-7 -0.0000012397003103750169 0.000006183899766644392
v 1.1399998329428522e-7 -0.0000013178002849880647 0.0000049694998027298505
v 5.169999597403227e-7 -8.753002828229484e-7 0.000004947999696063858
v 6.78599956993573e-7 -7.852003308609473e-7 0.000005937999790409156
v 1.895999915544876e-7 -0.000001291400340542763 0.000006034699538226712
v -6.667999547177932e-7 -7.124003029307844e-7 0.000004934500195719817
v -4.773999792336489e-7 -0.000001309800225097369 0.000004983799681463029
v -6.149999397946532e-7 -0.0000012397003103750169 0.000006183899766644392
v -7.711999760858716e-7 -6.547003225511135e-7 0.000005799299667599927
v 5.169999597403227e-7 -8.753002828229484e-7 0.000004947999696063858
v 3.04799971226417e-7 -3.2160027318174194e-7 0.000004875500083402012
v 4.4780000188881505e-7 -1.6670031584673139e-7 0.000005652899882575926
v 6.78599956993573e-7 -7.852003308609473e-7 0.000005937999790409156
v 3.04799971226417e-7 -3.2160027318174194e-7 0.000004875500083402012
v -3.331999976683407e-7 -3.079002633000478e-7 0.000004885800223033361
v -4.2359998550601315e-7 -2.1230033111954411e-7 0.000005662399949850924
v 4.4780000188881505e-7 -1.6670031584673139e-7 0.000005652899882575926
v -3.331999976683407e-7 -3.079002633000478e-7 0.000004885800223033361
v -6.667999547177932e-7 -7.124003029307844e-7 0.000004934500195719817
v -7.711999760858716e-7 -6.547003225511135e-7 0.000005799299667599927
v -4.2359998550601315e-7 -2.1230033111954411e-7 0.000005662399949850924
v -6.149999397946532e-7 -0.0000012397003103750169 0.000006183899766644392
v 1.895999915544876e-7 -0.000001291400340542763 0.000006034699538226712
v 1.920999923449476e-7 -0.0000012319003810999063 0.0000065090000676866085
v -5.893999928183852e-7 -0.0000011538003177874777 0.000006521700409137279
v 1.895999915544876e-7 -0.000001291400340542763 0.000006034699538226712
v 6.78599956993573e-7 -7.852003308609473e-7 0.000005937999790409156
v 6.664999669920657e-7 -7.19900325490079e-7 0.000006295700467476295
v 1.920999923449476e-7 -0.0000012319003810999063 0.0000065090000676866085
v -7.711999760858716e-7 -6.547003225511135e-7 0.000005799299667599927
v -6.149999397946532e-7 -0.0000012397003103750169 0.000006183899766644392
v -5.893999928183852e-7 -0.0000011538003177874777 0.000006521700409137279
v -8.942999357001866e-7 -5.755003285618828e-7 0.000006174600016859737
v 6.78599956993573e-7 -7.852003308609473e-7 0.000005937999790409156
v 4.4780000188881505e-7 -1.6670031584673139e-7 0.000005652899882575926
v 4.686999713896778e-7 -8.400032865632083e-8 0.000006077000376528588
v 4.4780000188881505e-7 -1.6670031584673139e-7 0.000005652899882575926
v -4.2359998550601315e-7 -2.1230033111954411e-7 0.000005662399949850924
v -2.645999788885008e-7 -1.875003295108484e-7 0.000006020600043263106
v 4.686999713896778e-7 -8.400032865632083e-8 0.000006077000376528588
v -4.2359998550601315e-7 -2.1230033111954411e-7 0.000005662399949850924
v -7.711999760858716e-7 -6.547003225511135e-7 0.000005799299667599927
v -8.942999357001866e-7 -5.755003285618828e-7 0.000006174600016859737
v -2.645999788885008e-7 -1.875003295108484e-7 0.000006020600043263106
v -2.645999788885008e-7 -1.875003295108484e-7 0.000006020600043263106
v -2.652999805650211e-7 -3.3980283800232567e-13 0.000006142599846935203
v 4.2909995450321665e-7 -3.357049419668451e-13 0.000006111200302815071
v 4.686999713896778e-7 -8.400032865632083e-8 0.000006077000376528588
v 4.686999713896778e-7 -8.400032865632083e-8 0.000006077000376528588
v 4.2909995450321665e-7 -3.357049419668451e-13 0.000006111200302815071
v 6.881999280147267e-7 -3.45689017631717e-13 0.000006315600019466588
v 6.571999836966396e-7 -2.635003583783481e-7 0.000006332600115413555
v 4.686999713896778e-7 -8.400032865632083e-8 0.000006077000376528588
v 6.571999836966396e-7 -2.635003583783481e-7 0.000006332600115413555
v 6.664999669920657e-7 -7.19900325490079e-7 0.000006295700467476295
v 6.78599956993573e-7 -7.852003308609473e-7 0.000005937999790409156
v 6.571999836966396e-7 -2.635003583783481e-7 0.000006332600115413555
v 6.881999280147267e-7 -3.45689017631717e-13 0.000006315600019466588
v 7.722999553333974e-7 -3.809869533739008e-13 0.000006983699477190728
v 7.340999417999769e-7 -3.7020039684271925e-7 0.000007008399851126338
v 6.664999669920657e-7 -7.19900325490079e-7 0.000006295700467476295
v 6.571999836966396e-7 -2.635003583783481e-7 0.000006332600115413555
v 7.340999417999769e-7 -3.7020039684271925e-7 0.000007008399851126338
v 5.59599963023421e-7 -9.251004280101919e-7 0.0000070638000882034534
v -2.645999788885008e-7 -1.875003295108484e-7 0.000006020600043263106
v -8.942999357001866e-7 -5.755003285618828e-7 0.000006174600016859737
v -9.315999860564245e-7 -1.863003463038547e-7 0.000006322900400085
v -5.893999928183852e-7 -0.0000011538003177874777 0.000006521700409137279
v 1.920999923449476e-7 -0.0000012319003810999063 0.0000065090000676866085
v 2.1889998117359386e-7 -0.0000012039003806138856 0.0000070325000417353945
v -5.432999993425791e-7 -0.0000010185003678262961 0.00000698499969963671
v 1.920999923449476e-7 -0.0000012319003810999063 0.0000065090000676866085
v 6.664999669920657e-7 -7.19900325490079e-7 0.000006295700467476295
v 5.59599963023421e-7 -9.251004280101919e-7 0.0000070638000882034534
v 2.1889998117359386e-7 -0.0000012039003806138856 0.0000070325000417353945
v -8.942999357001866e-7 -5.755003285618828e-7 0.000006174600016859737
v -5.893999928183852e-7 -0.0000011538003177874777 0.000006521700409137279
v -5.432999993425791e-7 -0.0000010185003678262961 0.00000698499969963671
v -9.194999232953427e-7 -6.18600360466252e-7 0.000006857799701878517
v -9.194999232953427e-7 -6.18600360466252e-7 0.000006857799701878517
v -5.432999993425791e-7 -0.0000010185003678262961 0.00000698499969963671
v -5.067999768879267e-7 -9.54100387105975e-7 0.000007257799837018292
v -7.919000022759657e-7 -6.259003954209841e-7 0.00000734800022879928
v -5.432999993425791e-7 -0.0000010185003678262961 0.00000698499969963671
v 2.1889998117359386e-7 -0.0000012039003806138856 0.0000070325000417353945
v -5.067999768879267e-7 -9.54100387105975e-7 0.000007257799837018292
v -9.315999860564245e-7 -1.863003463038547e-7 0.000006322900400085
v -8.942999357001866e-7 -5.755003285618828e-7 0.000006174600016859737
v -9.194999232953427e-7 -6.18600360466252e-7 0.000006857799701878517
v -0.0000010356999469392008 -3.279003877031326e-7 0.000006827699974030276
v -0.0000010356999469392008 -3.279003877031326e-7 0.000006827699974030276
v -9.194999232953427e-7 -6.18600360466252e-7 0.000006857799701878517
v -7.919000022759657e-7 -6.259003954209841e-7 0.00000734800022879928
v -8.796999994779001e-7 -2.4150039591684253e-7 0.000007335600301053536
v 7.722999553333974e-7 -3.809869533739008e-13 0.000006983699477190728
v 7.639000079747284e-7 -3.90131339506572e-13 0.0000071547997514570955
v 7.21699964072742e-7 -3.3750040724123296e-7 0.000007179199778222282
v 7.340999417999769e-7 -3.7020039684271925e-7 0.000007008399851126338
v 5.59599963023421e-7 -9.251004280101919e-7 0.0000070638000882034534
v 7.340999417999769e-7 -3.7020039684271925e-7 0.000007008399851126338
v 7.21699964072742e-7 -3.3750040724123296e-7 0.000007179199778222282
v 7.0129999836795e-7 -7.098004023295286e-7 0.0000072318002510297945
v 2.1889998117359386e-7 -0.0000012039003806138856 0.0000070325000417353945
v 5.59599963023421e-7 -9.251004280101919e-7 0.0000070638000882034534
v 5.285999823255466e-7 -8.948003941146739e-7 0.0000073625998398157685
v 2.117000029077286e-7 -0.0000011392004242063117 0.000007395199593201069
v -7.919000022759657e-7 -6.259003954209841e-7 0.00000734800022879928
v -5.067999768879267e-7 -9.54100387105975e-7 0.000007257799837018292
v -3.501000095602121e-7 -9.43000366131408e-7 0.00000752340026085375
v -7.071999267462654e-7 -6.05200397553735e-7 0.000007579500274035547
v -5.067999768879267e-7 -9.54100387105975e-7 0.000007257799837018292
v 2.1889998117359386e-7 -0.0000012039003806138856 0.0000070325000417353945
v 2.117000029077286e-7 -0.0000011392004242063117 0.000007395199593201069
v -3.501000095602121e-7 -9.43000366131408e-7 0.00000752340026085375
v -8.796999994779001e-7 -2.4150039591684253e-7 0.000007335600301053536
v -7.919000022759657e-7 -6.259003954209841e-7 0.00000734800022879928
v -7.071999267462654e-7 -6.05200397553735e-7 0.000007579500274035547
v -7.779999404009441e-7 -2.415004099192757e-7 0.0000075751999404318954
v 7.21699964072742e-7 -3.3750040724123296e-7 0.000007179199778222282
v 7.639000079747284e-7 -3.90131339506572e-13 0.0000071547997514570955
v 7.939999891156329e-7 -4.096573439240519e-13 0.000007523299688289469
v 7.59599989880435e-7 -5.544003787618898e-7 0.000007545000014296683
v 7.0129999836795e-7 -7.098004023295286e-7 0.0000072318002510297945
v 7.21699964072742e-7 -3.3750040724123296e-7 0.000007179199778222282
v 7.59599989880435e-7 -5.544003787618898e-7 0.000007545000014296683
v 2.117000029077286e-7 -0.0000011392004242063117 0.000007395199593201069
v 5.285999823255466e-7 -8.948003941146739e-7 0.0000073625998398157685
v 5.542999737167734e-7 -8.03400428740961e-7 0.000007677700074825375
v 2.0009999851239838e-7 -0.0000010828003685659528 0.000007733400118405644
v -7.071999267462654e-7 -6.05200397553735e-7 0.000007579500274035547
v -3.501000095602121e-7 -9.43000366131408e-7 0.00000752340026085375
v -4.583999805021102e-7 -9.398004356627602e-7 0.00000779170035524331
v -6.694000181131057e-7 -6.803004019563603e-7 0.000007842399850520372
v -3.501000095602121e-7 -9.43000366131408e-7 0.00000752340026085375
v 2.117000029077286e-7 -0.0000011392004242063117 0.000007395199593201069
v 2.0009999851239838e-7 -0.0000010828003685659528 0.000007733400118405644
v -4.583999805021102e-7 -9.398004356627602e-7 0.00000779170035524331
v -7.071999267462654e-7 -6.05200397553735e-7 0.000007579500274035547
v -6.694000181131057e-7 -6.803004019563603e-7 0.000007842399850520372
v -7.713999921562148e-7 -2.6860042933416903e-7 0.000007867100329511156
v -7.779999404009441e-7 -2.415004099192757e-7 0.0000075751999404318954
v 7.589999416694054e-7 -4.298262055480565e-13 0.000007899600034634559
v 8.211999918950719e-7 -4.702030049322138e-13 0.00000866160010146184
v 7.740999544473371e-7 -2.7540047245296215e-7 0.000008582200149467218
v 7.836999982280653e-7 -4.550004307714947e-7 0.000007907999921988563
v 5.080999722057957e-7 -7.758004348405227e-7 0.000008010599623887274
v 7.836999982280653e-7 -4.550004307714947e-7 0.000007907999921988563
v 7.740999544473371e-7 -2.7540047245296215e-7 0.000008582200149467218
v 4.970999614518142e-7 -7.886004666181599e-7 0.000008702400077917046
v 1.1650000227463886e-7 -0.0000010716003900032968 0.000008103799955007856
v 5.080999722057957e-7 -7.758004348405227e-7 0.000008010599623887274
v 4.970999614518142e-7 -7.886004666181599e-7 0.000008702400077917046
v -3.8099994129565424e-8 -0.0000010549005565855608 0.000008787699886300496
v -5.670999835846946e-7 -8.552004372105488e-7 0.000008119399638955183
v 1.1650000227463886e-7 -0.0000010716003900032968 0.000008103799955007856
v -3.8099994129565424e-8 -0.0000010549005565855608 0.000008787699886300496
v -6.881999280147267e-7 -8.79100443577903e-7 0.000008741900370954378
v -7.482999186411514e-7 -3.24800460652612e-7 0.000008144600137757612
v -5.670999835846946e-7 -8.552004372105488e-7 0.000008119399638955183
v -6.881999280147267e-7 -8.79100443577903e-7 0.000008741900370954378
v -8.279999562101444e-7 -3.2460048422266716e-7 0.000008710599854370853
v 8.211999918950719e-7 -4.702030049322138e-13 0.00000866160010146184
v 7.538999320533138e-7 -5.008995623853546e-13 0.000009233400212107921
v 7.635999474894263e-7 -1.6100050513533557e-7 0.000009257800262587445
v 7.740999544473371e-7 -2.7540047245296215e-7 0.000008582200149467218
v 4.970999614518142e-7 -7.886004666181599e-7 0.000008702400077917046
v 7.740999544473371e-7 -2.7540047245296215e-7 0.000008582200149467218
v 7.484999347114946e-7 -5.02500471728682e-7 0.00000927199997717422
v 4.39099994044844e-7 -9.058004606819293e-7 0.00000939159979933885
v -3.8099994129565424e-8 -0.0000010549005565855608 0.000008787699886300496
v 4.970999614518142e-7 -7.886004666181599e-7 0.000008702400077917046
v 4.39099994044844e-7 -9.058004606819293e-7 0.00000939159979933885
v -9.909998658669672e-8 -0.0000011646004926871965 0.000009476800073618688
v -6.881999280147267e-7 -8.79100443577903e-7 0.000008741900370954378
v -3.8099994129565424e-8 -0.0000010549005565855608 0.000008787699886300496
v -9.909998658669672e-8 -0.0000011646004926871965 0.000009476800073618688
v -7.523999934246761e-7 -0.0000010922004803897827 0.00000943309951286749
v -8.279999562101444e-7 -3.2460048422266716e-7 0.000008710599854370853
v -6.881999280147267e-7 -8.79100443577903e-7 0.000008741900370954378
v -7.523999934246761e-7 -0.0000010922004803897827 0.00000943309951286749
v -0.0000011033998934024963 -3.1470052745124535e-7 0.000009547500384827903
v 7.635999474894263e-7 -1.6100050513533557e-7 0.000009257800262587445
v 7.538999320533138e-7 -5.008995623853546e-13 0.000009233400212107921
v 7.770000055683772e-7 -5.152079352289725e-13 0.00000950350008714457
v 7.707999439451852e-7 -1.4150050568792087e-7 0.000009503299833756827
v 4.39099994044844e-7 -9.058004606819293e-7 0.00000939159979933885
v 7.484999347114946e-7 -5.02500471728682e-7 0.00000927199997717422
v 7.156999185198933e-7 -5.285005218900127e-7 0.000009504000019999175
v 4.224999698787001e-7 -9.332005116032009e-7 0.000009602900031283128
v -9.909998658669672e-8 -0.0000011646004926871965 0.000009476800073618688
v 4.39099994044844e-7 -9.058004606819293e-7 0.00000939159979933885
v 4.224999698787001e-7 -9.332005116032009e-7 0.000009602900031283128
v -1.2999998653423996e-7 -0.0000013414005180853663 0.000009896100728448694
v -7.523999934246761e-7 -0.0000010922004803897827 0.00000943309951286749
v -9.909998658669672e-8 -0.0000011646004926871965 0.000009476800073618688
v -1.2999998653423996e-7 -0.0000013414005180853663 0.000009896100728448694
v -6.592999705363068e-7 -0.0000014875005964750967 0.00000987590031991286
v -0.0000011033998934024963 -3.1470052745124535e-7 0.000009547500384827903
v -7.523999934246761e-7 -0.0000010922004803897827 0.00000943309951286749
v -9.692999957937743e-7 -9.066005487673712e-7 0.000010109499408904594
v -0.0000010827999116273611 -3.790005590080546e-7 0.000010254499435981663
v 7.156999185198933e-7 -5.285005218900127e-7 0.000009504000019999175
v 7.484999347114946e-7 -5.02500471728682e-7 0.00000927199997717422
v 7.635999474894263e-7 -1.6100050513533557e-7 0.000009257800262587445
v 7.707999439451852e-7 -1.4150050568792087e-7 0.000009503299833756827
v 7.635999474894263e-7 -1.6100050513533557e-7 0.000009257800262587445
v 7.484999347114946e-7 -5.02500471728682e-7 0.00000927199997717422
v 7.740999544473371e-7 -2.7540047245296215e-7 0.000008582200149467218
v -7.523999934246761e-7 -0.0000010922004803897827 0.00000943309951286749
v -6.592999705363068e-7 -0.0000014875005964750967 0.00000987590031991286
v -8.888999383583674e-7 -0.0000013020006607909349 0.000010191399872164221
v -9.692999957937743e-7 -9.066005487673712e-7 0.000010109499408904594
v -9.692999957937743e-7 -9.066005487673712e-7 0.000010109499408904594
v -8.888999383583674e-7 -0.0000013020006607909349 0.000010191399872164221
v -8.523999522835023e-7 -0.000001389500676739051 0.000010693600481027423
v -8.134999916432423e-7 -9.904006018994512e-7 0.000010667999638359602
v -8.134999916432423e-7 -9.904006018994512e-7 0.000010667999638359602
v -8.523999522835023e-7 -0.000001389500676739051 0.000010693600481027423
v -4.745999725275677e-7 -0.0000014897005441322485 0.000010876100131421159
v -4.4419996728114835e-7 -0.0000010206005912548533 0.00001090990022277396
v -4.4419996728114835e-7 -0.0000010206005912548533 0.00001090990022277396
v -4.745999725275677e-7 -0.0000014897005441322485 0.000010876100131421159
v -1.2369998963545094e-7 -0.000001508600547628323 0.000010681699325341923
v -4.639999484395385e-8 -0.00000107010058034628 0.000010689799563258264
v -4.639999484395385e-8 -0.00000107010058034628 0.000010689799563258264
v -1.2369998963545094e-7 -0.000001508600547628323 0.000010681699325341923
v -9.399995878071146e-9 -0.0000015516005570134684 0.000010444900051066338
v 1.624000069649422e-7 -0.0000010891005115894118 0.00001016849984024769
v 4.224999698787001e-7 -9.332005116032009e-7 0.000009602900031283128
v 1.624000069649422e-7 -0.0000010891005115894118 0.00001016849984024769
v -1.2999998653423996e-7 -0.0000013414005180853663 0.000009896100728448694
v 1.624000069649422e-7 -0.0000010891005115894118 0.00001016849984024769
v -9.399995878071146e-9 -0.0000015516005570134684 0.000010444900051066338
v -1.2999998653423996e-7 -0.0000013414005180853663 0.000009896100728448694
v -6.592999705363068e-7 -0.0000014875005964750967 0.00000987590031991286
v -1.2999998653423996e-7 -0.0000013414005180853663 0.000009896100728448694
v -2.271999932566658e-7 -0.0000017596006633191167 0.000010105399146202498
v -6.436999539623044e-7 -0.000001871800597499187 0.000010094899632075856
v -8.888999383583674e-7 -0.0000013020006607909349 0.000010191399872164221
v -6.592999705363068e-7 -0.0000014875005964750967 0.00000987590031991286
v -6.436999539623044e-7 -0.000001871800597499187 0.000010094899632075856
v -8.954999593626712e-7 -0.0000018119005905583218 0.000010455299397956333
v -8.523999522835023e-7 -0.000001389500676739051 0.000010693600481027423
v -8.888999383583674e-7 -0.0000013020006607909349 0.000010191399872164221
v -8.954999593626712e-7 -0.0000018119005905583218 0.000010455299397956333
v -8.317998977487926e-7 -0.000001758600604433653 0.000010807699101138028
v -4.745999725275677e-7 -0.0000014897005441322485 0.000010876100131421159
v -8.523999522835023e-7 -0.000001389500676739051 0.000010693600481027423
v -8.317998977487926e-7 -0.000001758600604433653 0.000010807699101138028
v -4.714999417159717e-7 -0.0000017701005646851424 0.00001093359995594409
v -1.2369998963545094e-7 -0.000001508600547628323 0.000010681699325341923
v -4.745999725275677e-7 -0.0000014897005441322485 0.000010876100131421159
v -4.714999417159717e-7 -0.0000017701005646851424 0.00001093359995594409
v -1.3279999324032114e-7 -0.000001751500566157112 0.000010714499313304734
v -9.399995878071146e-9 -0.0000015516005570134684 0.000010444900051066338
v -1.2369998963545094e-7 -0.000001508600547628323 0.000010681699325341923
v -1.3279999324032114e-7 -0.000001751500566157112 0.000010714499313304734
v -6.089999124316981e-8 -0.0000017800004790263193 0.000010593199187158248
v -1.2999998653423996e-7 -0.0000013414005180853663 0.000009896100728448694
v -9.399995878071146e-9 -0.0000015516005570134684 0.000010444900051066338
v -6.089999124316981e-8 -0.0000017800004790263193 0.000010593199187158248
v -2.271999932566658e-7 -0.0000017596006633191167 0.000010105399146202498
v -6.436999539623044e-7 -0.000001871800597499187 0.000010094899632075856
v -2.271999932566658e-7 -0.0000017596006633191167 0.000010105399146202498
v -2.3649999474198557e-7 -0.000002025900610629261 0.000010211999468406452
v -6.430999785108493e-7 -0.000002098900584364485 0.000010150799917059057
v -8.954999593626712e-7 -0.0000018119005905583218 0.000010455299397956333
v -6.436999539623044e-7 -0.000001871800597499187 0.000010094899632075856
v -6.430999785108493e-7 -0.000002098900584364485 0.000010150799917059057
v -8.880999468365692e-7 -0.0000020690005234203578 0.000010550199980242327
v -8.317998977487926e-7 -0.000001758600604433653 0.000010807699101138028
v -8.954999593626712e-7 -0.0000018119005905583218 0.000010455299397956333
v -8.880999468365692e-7 -0.0000020690005234203578 0.000010550199980242327
v -8.234999948050824e-7 -0.0000021915006359136224 0.000010841300001076537
v -4.714999417159717e-7 -0.0000017701005646851424 0.00001093359995594409
v -8.317998977487926e-7 -0.000001758600604433653 0.000010807699101138028
v -8.234999948050824e-7 -0.0000021915006359136224 0.000010841300001076537
v -5.18299991437979e-7 -0.000002311500558580685 0.000010946399749270766
v -1.3279999324032114e-7 -0.000001751500566157112 0.000010714499313304734
v -4.714999417159717e-7 -0.0000017701005646851424 0.00001093359995594409
v -5.18299991437979e-7 -0.000002311500558580685 0.000010946399749270766
v -2.94599988374021e-7 -0.000002196000529234861 0.000010871600583830931
v -6.089999124316981e-8 -0.0000017800004790263193 0.000010593199187158248
v -1.3279999324032114e-7 -0.000001751500566157112 0.000010714499313304734
v -2.94599988374021e-7 -0.000002196000529234861 0.000010871600583830931
v -1.0569999849605372e-7 -0.0000021140005940211045 0.000010654000543376342
v -2.271999932566658e-7 -0.0000017596006633191167 0.000010105399146202498
v -6.089999124316981e-8 -0.0000017800004790263193 0.000010593199187158248
v -1.0569999849605372e-7 -0.0000021140005940211045 0.000010654000543376342
v -2.3649999474198557e-7 -0.000002025900610629261 0.000010211999468406452
v -6.430999785108493e-7 -0.000002098900584364485 0.000010150799917059057
v -2.3649999474198557e-7 -0.000002025900610629261 0.000010211999468406452
v -2.557999811992518e-7 -0.0000029297003894323884 0.000010311300463460553
v -6.246999552307657e-7 -0.000002934000758641076 0.000010212600049523082
v -8.880999468365692e-7 -0.0000020690005234203578 0.000010550199980242327
v -6.430999785108493e-7 -0.000002098900584364485 0.000010150799917059057
v -6.246999552307657e-7 -0.000002934000758641076 0.000010212600049523082
v -9.510999158244594e-7 -0.0000026780005554379965 0.000010425099979570486
v -8.234999948050824e-7 -0.0000021915006359136224 0.000010841300001076537
v -8.880999468365692e-7 -0.0000020690005234203578 0.000010550199980242327
v -9.510999158244594e-7 -0.0000026780005554379965 0.000010425099979570486
v -8.73599982269667e-7 -0.000002775400666676953 0.000010850600343726874
v -5.18299991437979e-7 -0.000002311500558580685 0.000010946399749270766
v -8.234999948050824e-7 -0.0000021915006359136224 0.000010841300001076537
v -8.73599982269667e-7 -0.000002775400666676953 0.000010850600343726874
v -6.372999490283438e-7 -0.000002810300543106717 0.000010956499876705577
v -2.94599988374021e-7 -0.000002196000529234861 0.000010871600583830931
v -5.18299991437979e-7 -0.000002311500558580685 0.000010946399749270766
v -6.372999490283438e-7 -0.000002810300543106717 0.000010956499876705577
v -3.643999944365583e-7 -0.0000028623006466717256 0.00001090310015561574
v -1.0569999849605372e-7 -0.0000021140005940211045 0.000010654000543376342
v -2.94599988374021e-7 -0.000002196000529234861 0.000010871600583830931
v -3.643999944365583e-7 -0.0000028623006466717256 0.00001090310015561574
v -1.6509998744595816e-7 -0.0000029148004326293704 0.000010623200430636233
v -2.3649999474198557e-7 -0.000002025900610629261 0.000010211999468406452
v -1.0569999849605372e-7 -0.0000021140005940211045 0.000010654000543376342
v -1.6509998744595816e-7 -0.0000029148004326293704 0.000010623200430636233
v -2.557999811992518e-7 -0.0000029297003894323884 0.000010311300463460553
v -6.246999552307657e-7 -0.000002934000758641076 0.000010212600049523082
v -2.557999811992518e-7 -0.0000029297003894323884 0.000010311300463460553
v -3.004999895119109e-7 -0.0000030125005102217493 0.000010347800152276249
v -6.235999759832399e-7 -0.0000030232005228639767 0.00001025979947090649
v -6.246999552307657e-7 -0.000002934000758641076 0.000010212600049523082
v -6.235999759832399e-7 -0.0000030232005228639767 0.00001025979947090649
v -8.898999459505089e-7 -0.000002863900425602167 0.000010465399451063856
v -9.510999158244594e-7 -0.0000026780005554379965 0.000010425099979570486
v -8.73599982269667e-7 -0.000002775400666676953 0.000010850600343726874
v -9.510999158244594e-7 -0.0000026780005554379965 0.000010425099979570486
v -8.898999459505089e-7 -0.000002863900425602167 0.000010465399451063856
v -8.37699971646257e-7 -0.000002931300583495104 0.00001079720060867718
v -6.372999490283438e-7 -0.000002810300543106717 0.000010956499876705577
v -8.73599982269667e-7 -0.000002775400666676953 0.000010850600343726874
v -8.37699971646257e-7 -0.000002931300583495104 0.00001079720060867718
v -6.299999809172006e-7 -0.000002935100686541453 0.00001091239940278353
v -3.643999944365583e-7 -0.0000028623006466717256 0.00001090310015561574
v -6.372999490283438e-7 -0.000002810300543106717 0.000010956499876705577
v -6.299999809172006e-7 -0.000002935100686541453 0.00001091239940278353
v -3.9090001372937063e-7 -0.000002972600679818871 0.00001087199978408643
v -3.643999944365583e-7 -0.0000028623006466717256 0.00001090310015561574
v -3.9090001372937063e-7 -0.000002972600679818871 0.00001087199978408643
v -2.2760000720745856e-7 -0.0000030304005684414488 0.000010618200376471826
v -1.6509998744595816e-7 -0.0000029148004326293704 0.000010623200430636233
v -2.557999811992518e-7 -0.0000029297003894323884 0.000010311300463460553
v -1.6509998744595816e-7 -0.0000029148004326293704 0.000010623200430636233
v -2.2760000720745856e-7 -0.0000030304005684414488 0.000010618200376471826
v -3.004999895119109e-7 -0.0000030125005102217493 0.000010347800152276249
v -6.450999936951323e-7 -0.000003370400815524422 0.000010233999457743997
v -3.276999922913499e-7 -0.0000032549008033361514 0.00001028689976557903
v -3.197999759691771e-7 -0.000003400500592574865 0.000010309499454974002
v -6.444999454841027e-7 -0.0000035118003411472857 0.000010268999709173268
v -9.643999294884514e-7 -0.0000033205005847199473 0.000010519299689758677
v -6.450999936951323e-7 -0.000003370400815524422 0.000010233999457743997
v -6.444999454841027e-7 -0.0000035118003411472857 0.000010268999709173268
v -8.692999641753737e-7 -0.0000035239005816871823 0.000010497000305036454
v -8.838999731572346e-7 -0.000003480500692895656 0.000010787900113784825
v -9.643999294884514e-7 -0.0000033205005847199473 0.000010519299689758677
v -8.692999641753737e-7 -0.0000035239005816871823 0.000010497000305036454
v -8.69399935830758e-7 -0.000003559200652773188 0.000010728999764535193
v -6.384000010354441e-7 -0.0000034253006389365394 0.000010961299598331414
v -8.838999731572346e-7 -0.000003480500692895656 0.000010787900113784825
v -8.69399935830758e-7 -0.000003559200652773188 0.000010728999764535193
v -6.362999414362023e-7 -0.000003532900408422083 0.000010855999585181187
v -4.0040001309513996e-7 -0.000003394000328342208 0.000010882799578083208
v -6.384000010354441e-7 -0.0000034253006389365394 0.000010961299598331414
v -6.362999414362023e-7 -0.000003532900408422083 0.000010855999585181187
v -3.8639997956473407e-7 -0.00000348480079315452 0.000010853599107438853
v -1.7179999829553994e-7 -0.000003347000801430105 0.00001060829920970341
v -4.0040001309513996e-7 -0.000003394000328342208 0.000010882799578083208
v -3.8639997956473407e-7 -0.00000348480079315452 0.000010853599107438853
v -2.656999945158139e-7 -0.0000035103006697847246 0.000010635100326155545
v -3.276999922913499e-7 -0.0000032549008033361514 0.00001028689976557903
v -1.7179999829553994e-7 -0.000003347000801430105 0.00001060829920970341
v -2.656999945158139e-7 -0.0000035103006697847246 0.000010635100326155545
v -3.197999759691771e-7 -0.000003400500592574865 0.000010309499454974002
v -6.444999454841027e-7 -0.0000035118003411472857 0.000010268999709173268
v -3.197999759691771e-7 -0.000003400500592574865 0.000010309499454974002
v -2.059000098050103e-7 -0.000003988500477666453 0.000010298500455132856
v -5.224999651173135e-7 -0.000004020200369104675 0.000010266899508224243
v -8.692999641753737e-7 -0.0000035239005816871823 0.000010497000305036454
v -6.444999454841027e-7 -0.0000035118003411472857 0.000010268999709173268
v -5.224999651173135e-7 -0.000004020200369104675 0.000010266899508224243
v -8.287999477319427e-7 -0.000004003600735661872 0.000010483898858798646
v -8.69399935830758e-7 -0.000003559200652773188 0.000010728999764535193
v -8.692999641753737e-7 -0.0000035239005816871823 0.000010497000305036454
v -8.287999477319427e-7 -0.000004003600735661872 0.000010483898858798646
v -8.077999338161211e-7 -0.000004045200624152992 0.000010727500269723724
v -6.362999414362023e-7 -0.000003532900408422083 0.000010855999585181187
v -8.69399935830758e-7 -0.000003559200652773188 0.000010728999764535193
v -8.077999338161211e-7 -0.000004045200624152992 0.000010727500269723724
v -5.078999561354525e-7 -0.000004069600422101334 0.000010853099607079277
v -3.8639997956473407e-7 -0.00000348480079315452 0.000010853599107438853
v -6.362999414362023e-7 -0.000003532900408422083 0.000010855999585181187
v -5.078999561354525e-7 -0.000004069600422101334 0.000010853099607079277
v -2.233999971483368e-7 -0.000004033100430262406 0.000010846699096872427
v -2.656999945158139e-7 -0.0000035103006697847246 0.000010635100326155545
v -3.8639997956473407e-7 -0.00000348480079315452 0.000010853599107438853
v -2.233999971483368e-7 -0.000004033100430262406 0.000010846699096872427
v -5.320000008628701e-8 -0.000003942800509913486 0.000010567199859831261
v -3.197999759691771e-7 -0.000003400500592574865 0.000010309499454974002
v -2.656999945158139e-7 -0.0000035103006697847246 0.000010635100326155545
v -5.320000008628701e-8 -0.000003942800509913486 0.000010567199859831261
v -2.059000098050103e-7 -0.000003988500477666453 0.000010298500455132856
v -5.224999651173135e-7 -0.000004020200369104675 0.000010266899508224243
v -2.059000098050103e-7 -0.000003988500477666453 0.000010298500455132856
v -9.130000558453595e-8 -0.000004757200852107537 0.000010469799696340155
v -2.8399999157083225e-7 -0.000004776700416922266 0.000010441700524343542
v -8.287999477319427e-7 -0.000004003600735661872 0.000010483898858798646
v -5.224999651173135e-7 -0.000004020200369104675 0.000010266899508224243
v -2.8399999157083225e-7 -0.000004776700416922266 0.000010441700524343542
v -5.108999789118769e-7 -0.000004847300504893911 0.00001050229935326909
v -8.077999338161211e-7 -0.000004045200624152992 0.000010727500269723724
v -8.287999477319427e-7 -0.000004003600735661872 0.000010483898858798646
v -5.108999789118769e-7 -0.000004847300504893911 0.00001050229935326909
v -5.164999923240393e-7 -0.000004860400745824322 0.000010675699992792282
v -5.078999561354525e-7 -0.000004069600422101334 0.000010853099607079277
v -8.077999338161211e-7 -0.000004045200624152992 0.000010727500269723724
v -5.164999923240393e-7 -0.000004860400745824322 0.000010675699992792282
v -3.683000167699525e-7 -0.0000048304005293730546 0.000010789899947866852
v -2.233999971483368e-7 -0.000004033100430262406 0.000010846699096872427
v -5.078999561354525e-7 -0.000004069600422101334 0.000010853099607079277
v -3.683000167699525e-7 -0.0000048304005293730546 0.000010789899947866852
v -1.1620000545396452e-7 -0.0000048054003357536355 0.000010786499459294405
v -5.320000008628701e-8 -0.000003942800509913486 0.000010567199859831261
v -2.233999971483368e-7 -0.000004033100430262406 0.000010846699096872427
v -1.1620000545396452e-7 -0.0000048054003357536355 0.000010786499459294405
v 1.8999993047196913e-8 -0.000004726200631530581 0.000010610799625788652
v -2.059000098050103e-7 -0.000003988500477666453 0.000010298500455132856
v -5.320000008628701e-8 -0.000003942800509913486 0.000010567199859831261
v 1.8999993047196913e-8 -0.000004726200631530581 0.000010610799625788652
v -9.130000558453595e-8 -0.000004757200852107537 0.000010469799696340155
v -2.8399999157083225e-7 -0.000004776700416922266 0.000010441700524343542
v -9.130000558453595e-8 -0.000004757200852107537 0.000010469799696340155
v -5.72000031700124e-8 -0.000004931800865576052 0.000010493599623941164
v -2.3509999138894498e-7 -0.00000494990053608302 0.000010466200108295183
v -5.108999789118769e-7 -0.000004847300504893911 0.00001050229935326909
v -2.8399999157083225e-7 -0.000004776700416922266 0.000010441700524343542
v -2.3509999138894498e-7 -0.00000494990053608302 0.000010466200108295183
v -4.476999574738562e-7 -0.000005016100706406292 0.000010526299516025324
v -5.164999923240393e-7 -0.000004860400745824322 0.000010675699992792282
v -5.108999789118769e-7 -0.000004847300504893911 0.00001050229935326909
v -4.476999574738562e-7 -0.000005016100706406292 0.000010526299516025324
v -4.5690000549368525e-7 -0.0000050277003502574726 0.00001067429949383566
v -3.683000167699525e-7 -0.0000048304005293730546 0.000010789899947866852
v -5.164999923240393e-7 -0.000004860400745824322 0.000010675699992792282
v -4.5690000549368525e-7 -0.0000050277003502574726 0.00001067429949383566
v -3.166999815373684e-7 -0.000005025600233269333 0.000010790799812178562
v -1.1620000545396452e-7 -0.0000048054003357536355 0.000010786499459294405
v -3.683000167699525e-7 -0.0000048304005293730546 0.000010789899947866852
v -3.166999815373684e-7 -0.000005025600233269333 0.000010790799812178562
v -8.200000409921618e-8 -0.0000049762005490509466 0.000010783199061602427
v 1.8999993047196913e-8 -0.000004726200631530581 0.000010610799625788652
v -1.1620000545396452e-7 -0.0000048054003357536355 0.000010786499459294405
v -8.200000409921618e-8 -0.0000049762005490509466 0.000010783199061602427
v 3.789999170164245e-8 -0.000004922500460462254 0.000010612599380491067
v -9.130000558453595e-8 -0.000004757200852107537 0.000010469799696340155
v 1.8999993047196913e-8 -0.000004726200631530581 0.000010610799625788652
v 3.789999170164245e-8 -0.000004922500460462254 0.000010612599380491067
v -5.72000031700124e-8 -0.000004931800865576052 0.000010493599623941164
v -2.3509999138894498e-7 -0.00000494990053608302 0.000010466200108295183
v -5.72000031700124e-8 -0.000004931800865576052 0.000010493599623941164
v -5.340000706168339e-8 -0.000005056900775448147 0.000010426799323833264
v -1.8210000737300117e-7 -0.00000508230027517102 0.000010441400131719544
v -4.476999574738562e-7 -0.000005016100706406292 0.000010526299516025324
v -2.3509999138894498e-7 -0.00000494990053608302 0.000010466200108295183
v -1.8210000737300117e-7 -0.00000508230027517102 0.000010441400131719544
v -4.230000100545581e-7 -0.00000515920075968183 0.000010491699695122959
v -4.5690000549368525e-7 -0.0000050277003502574726 0.00001067429949383566
v -4.476999574738562e-7 -0.000005016100706406292 0.000010526299516025324
v -4.230000100545581e-7 -0.00000515920075968183 0.000010491699695122959
v -4.335999886678532e-7 -0.0000052037005411852105 0.00001063869966078637
v -3.166999815373684e-7 -0.000005025600233269333 0.000010790799812178562
v -4.5690000549368525e-7 -0.0000050277003502574726 0.00001067429949383566
v -4.335999886678532e-7 -0.0000052037005411852105 0.00001063869966078637
v -2.737999905285426e-7 -0.000005239500603074813 0.00001077349930052468
v -8.200000409921618e-8 -0.0000049762005490509466 0.000010783199061602427
v -3.166999815373684e-7 -0.000005025600233269333 0.000010790799812178562
v -2.737999905285426e-7 -0.000005239500603074813 0.00001077349930052468
v -1.0000007709313472e-8 -0.000005180900613329782 0.000010753899622620019
v 3.789999170164245e-8 -0.000004922500460462254 0.000010612599380491067
v -8.200000409921618e-8 -0.0000049762005490509466 0.000010783199061602427
v -1.0000007709313472e-8 -0.000005180900613329782 0.000010753899622620019
v 1.2469997903769876e-7 -0.000005086900443949835 0.000010566599002983415
v -5.72000031700124e-8 -0.000004931800865576052 0.000010493599623941164
v 3.789999170164245e-8 -0.000004922500460462254 0.000010612599380491067
v 1.2469997903769876e-7 -0.000005086900443949835 0.000010566599002983415
v -5.340000706168339e-8 -0.000005056900775448147 0.000010426799323833264
v -4.335999886678532e-7 -0.0000052037005411852105 0.00001063869966078637
v -4.230000100545581e-7 -0.00000515920075968183 0.000010491699695122959
v -4.173999966423957e-7 -0.000005497000798036345 0.000010413399859658825
v -4.6979998701699084e-7 -0.0000054894006475275 0.000010596699297886978
v -2.737999905285426e-7 -0.000005239500603074813 0.00001077349930052468
v -4.335999886678532e-7 -0.0000052037005411852105 0.00001063869966078637
v -4.6979998701699084e-7 -0.0000054894006475275 0.000010596699297886978
v -3.030999983375425e-7 -0.000005534200780339567 0.000010741799365245018
v -1.0000007709313472e-8 -0.000005180900613329782 0.000010753899622620019
v -2.737999905285426e-7 -0.000005239500603074813 0.00001077349930052468
v -3.030999983375425e-7 -0.000005534200780339567 0.000010741799365245018
v 1.1079998992225172e-7 -0.000005504400191774609 0.000010674299429786822
v 1.2469997903769876e-7 -0.000005086900443949835 0.000010566599002983415
v 2.0799997845478394e-7 -0.000005357600435415834 0.00001053219939931284
v 2.556999731640802e-7 -0.000005225200103300908 0.000010475499328255373
v 1.2469997903769876e-7 -0.000005086900443949835 0.000010566599002983415
v 2.556999731640802e-7 -0.000005225200103300908 0.000010475499328255373
v 1.0799998321617054e-7 -0.000005177000637027432 0.0000102880997494304
v -5.340000706168339e-8 -0.000005056900775448147 0.000010426799323833264
v -1.8210000737300117e-7 -0.00000508230027517102 0.000010441400131719544
v -2.5200008058786432e-8 -0.000005300000421097441 0.000010272199726468256
v -1.3630000162292261e-7 -0.00000542710095197168 0.00001038009926251199
v -1.8210000737300117e-7 -0.00000508230027517102 0.000010441400131719544
v -1.3630000162292261e-7 -0.00000542710095197168 0.00001038009926251199
v -4.173999966423957e-7 -0.000005497000798036345 0.000010413399859658825
v -4.230000100545581e-7 -0.00000515920075968183 0.000010491699695122959
v -1.0000007709313472e-8 -0.000005180900613329782 0.000010753899622620019
v 1.1079998992225172e-7 -0.000005504400191774609 0.000010674299429786822
v 2.0799997845478394e-7 -0.000005357600435415834 0.00001053219939931284
v 1.2469997903769876e-7 -0.000005086900443949835 0.000010566599002983415
v -5.340000706168339e-8 -0.000005056900775448147 0.000010426799323833264
v 1.0799998321617054e-7 -0.000005177000637027432 0.0000102880997494304
v -2.5200008058786432e-8 -0.000005300000421097441 0.000010272199726468256
v -1.8210000737300117e-7 -0.00000508230027517102 0.000010441400131719544
v 6.069998881524684e-8 -0.00000577060010593339 0.000010323300174478584
v 1.451999800625028e-7 -0.000005600500411608122 0.000010249899164546442
v 2.802999671178876e-7 -0.000005560600819292808 0.000010379999127387116
v 2.1639998038313385e-7 -0.000005779700313780978 0.000010480499292385875
v 2.693999825889713e-7 -0.000005297100498311094 0.000010147199925198566
v 3.8659999563507726e-7 -0.000005363400227486863 0.000010383999184788763
v 4.7569998815488073e-7 -0.0000056489000806162085 0.000010201799834136816
v 4.0149999234266576e-7 -0.000005603100521267602 0.000010050100181579492
v 1.451999800625028e-7 -0.000005600500411608122 0.000010249899164546442
v 2.693999825889713e-7 -0.000005297100498311094 0.000010147199925198566
v 4.0149999234266576e-7 -0.000005603100521267602 0.000010050100181579492
v 2.2769999705273653e-7 -0.0000057375002833191484 0.000010081199356077874
v 3.8659999563507726e-7 -0.000005363400227486863 0.000010383999184788763
v 2.802999671178876e-7 -0.000005560600819292808 0.000010379999127387116
v 3.757999645716517e-7 -0.000005772700805011655 0.000010206899973323587
v 4.7569998815488073e-7 -0.0000056489000806162085 0.000010201799834136816
v 2.802999671178876e-7 -0.000005560600819292808 0.000010379999127387116
v 1.451999800625028e-7 -0.000005600500411608122 0.000010249899164546442
v 2.2769999705273653e-7 -0.0000057375002833191484 0.000010081199356077874
v 3.757999645716517e-7 -0.000005772700805011655 0.000010206899973323587
v 4.0149999234266576e-7 -0.000005603100521267602 0.000010050100181579492
v 4.7569998815488073e-7 -0.0000056489000806162085 0.000010201799834136816
v 5.8179996422194e-7 -0.000005873900636330348 0.000010063399433050226
v 5.07599968409725e-7 -0.000005828100494905066 0.000009911699780492977
v 2.2769999705273653e-7 -0.0000057375002833191484 0.000010081199356077874
v 4.0149999234266576e-7 -0.000005603100521267602 0.000010050100181579492
v 5.07599968409725e-7 -0.000005828100494905066 0.000009911699780492977
v 3.658999694449832e-7 -0.000005904900281132091 0.000009969299749559386
v 4.7569998815488073e-7 -0.0000056489000806162085 0.000010201799834136816
v 3.757999645716517e-7 -0.000005772700805011655 0.000010206899973323587
v 4.6089996310267657e-7 -0.000005952600320123687 0.00001011579912885289
v 5.8179996422194e-7 -0.000005873900636330348 0.000010063399433050226
v 3.757999645716517e-7 -0.000005772700805011655 0.000010206899973323587
v 2.2769999705273653e-7 -0.0000057375002833191484 0.000010081199356077874
v 3.658999694449832e-7 -0.000005904900281132091 0.000009969299749559386
v 4.6089996310267657e-7 -0.000005952600320123687 0.00001011579912885289
v 5.8179996422194e-7 -0.000005873900636330348 0.000010063399433050226
v 4.6089996310267657e-7 -0.000005952600320123687 0.00001011579912885289
v 3.658999694449832e-7 -0.000005904900281132091 0.000009969299749559386
v 5.07599968409725e-7 -0.000005828100494905066 0.000009911699780492977
v -4.173999966423957e-7 -0.000005497000798036345 0.000010413399859658825
v -4.1299997051293076e-7 -0.000005809400185426639 0.000010416600075240681
v -5.080999722057957e-7 -0.000005785300488485966 0.000010592298758472274
v -4.6979998701699084e-7 -0.0000054894006475275 0.000010596699297886978
v -5.080999722057957e-7 -0.000005785300488485966 0.000010592298758472274
v -2.9649999552313234e-7 -0.00000586390063883412 0.000010657099015758268
v -3.030999983375425e-7 -0.000005534200780339567 0.000010741799365245018
v -4.6979998701699084e-7 -0.0000054894006475275 0.000010596699297886978
v 6.139999049176713e-8 -0.000005865500761001477 0.00001060789956672209
v 2.1639998038313385e-7 -0.000005779700313780978 0.000010480499292385875
v 1.1079998992225172e-7 -0.000005504400191774609 0.000010674299429786822
v 2.802999671178876e-7 -0.000005560600819292808 0.000010379999127387116
v 3.8659999563507726e-7 -0.000005363400227486863 0.000010383999184788763
v 2.556999731640802e-7 -0.000005225200103300908 0.000010475499328255373
v 2.0799997845478394e-7 -0.000005357600435415834 0.00001053219939931284
v 2.556999731640802e-7 -0.000005225200103300908 0.000010475499328255373
v 3.8659999563507726e-7 -0.000005363400227486863 0.000010383999184788763
v 2.693999825889713e-7 -0.000005297100498311094 0.000010147199925198566
v 1.0799998321617054e-7 -0.000005177000637027432 0.0000102880997494304
v 1.451999800625028e-7 -0.000005600500411608122 0.000010249899164546442
v 6.069998881524684e-8 -0.00000577060010593339 0.000010323300174478584
v -1.3630000162292261e-7 -0.00000542710095197168 0.00001038009926251199
v -2.5200008058786432e-8 -0.000005300000421097441 0.000010272199726468256
v -1.3630000162292261e-7 -0.00000542710095197168 0.00001038009926251199
v 6.069998881524684e-8 -0.00000577060010593339 0.000010323300174478584
v -4.1299997051293076e-7 -0.000005809400185426639 0.000010416600075240681
v -4.173999966423957e-7 -0.000005497000798036345 0.000010413399859658825
v 1.1079998992225172e-7 -0.000005504400191774609 0.000010674299429786822
v 2.1639998038313385e-7 -0.000005779700313780978 0.000010480499292385875
v 2.802999671178876e-7 -0.000005560600819292808 0.000010379999127387116
v 2.0799997845478394e-7 -0.000005357600435415834 0.00001053219939931284
v 2.693999825889713e-7 -0.000005297100498311094 0.000010147199925198566
v 1.451999800625028e-7 -0.000005600500411608122 0.000010249899164546442
v -2.5200008058786432e-8 -0.000005300000421097441 0.000010272199726468256
v 1.0799998321617054e-7 -0.000005177000637027432 0.0000102880997494304
v -2.9649999552313234e-7 -0.00000586390063883412 0.000010657099015758268
v 6.139999049176713e-8 -0.000005865500761001477 0.00001060789956672209
v 1.1079998992225172e-7 -0.000005504400191774609 0.000010674299429786822
v -3.030999983375425e-7 -0.000005534200780339567 0.000010741799365245018
v -5.080999722057957e-7 -0.000005785300488485966 0.000010592298758472274
v -4.1299997051293076e-7 -0.000005809400185426639 0.000010416600075240681
v -3.8659999563507726e-7 -0.0000061070002566039745 0.000010294999561374257
v -4.951999906824901e-7 -0.0000060547006895172645 0.000010459499093180615
v -2.9649999552313234e-7 -0.00000586390063883412 0.000010657099015758268
v -5.080999722057957e-7 -0.000005785300488485966 0.000010592298758472274
v -4.951999906824901e-7 -0.0000060547006895172645 0.000010459499093180615
v -2.7419998628944176e-7 -0.000006087500139674666 0.000010546099292227396
v 6.139999049176713e-8 -0.000005865500761001477 0.00001060789956672209
v -2.9649999552313234e-7 -0.00000586390063883412 0.000010657099015758268
v -2.7419998628944176e-7 -0.000006087500139674666 0.000010546099292227396
v 5.979998471080357e-8 -0.000006188500322563752 0.000010431399905826778
v -4.1299997051293076e-7 -0.000005809400185426639 0.000010416600075240681
v 6.069998881524684e-8 -0.00000577060010593339 0.000010323300174478584
v -1.4820000283892718e-7 -0.000006105600366716637 0.00001032859935551145
v -3.8659999563507726e-7 -0.0000061070002566039745 0.000010294999561374257
v 6.069998881524684e-8 -0.00000577060010593339 0.000010323300174478584
v 2.1639998038313385e-7 -0.000005779700313780978 0.000010480499292385875
v 2.665999758828901e-7 -0.000006103600356745485 0.000010369399438190755
v 2.2219997348585214e-7 -0.00000606690040379338 0.000010230699884855334
v 2.1639998038313385e-7 -0.000005779700313780978 0.000010480499292385875
v 6.139999049176713e-8 -0.000005865500761001477 0.00001060789956672209
v 5.979998471080357e-8 -0.000006188500322563752 0.000010431399905826778
v 2.665999758828901e-7 -0.000006103600356745485 0.000010369399438190755
v 5.979998471080357e-8 -0.000006188500322563752 0.000010431399905826778
v -2.2249999759136693e-7 -0.000006361001066724924 0.000010382399504051212
v -1.8300000692997103e-7 -0.000006520401004673995 0.0000102849994285652
v 7.679998644795295e-8 -0.00000648880063797447 0.000010239399546143866
v 2.2219997348585214e-7 -0.00000606690040379338 0.000010230699884855334
v 2.665999758828901e-7 -0.000006103600356745485 0.000010369399438190755
v 2.8709996781274734e-7 -0.000006349700606817896 0.000010208599559687613
v 2.3529997107950092e-7 -0.000006280700639817664 0.000010089900165222011
v 2.665999758828901e-7 -0.000006103600356745485 0.000010369399438190755
v 5.979998471080357e-8 -0.000006188500322563752 0.000010431399905826778
v 7.679998644795295e-8 -0.00000648880063797447 0.000010239399546143866
v 2.8709996781274734e-7 -0.000006349700606817896 0.000010208599559687613
v 6.069998881524684e-8 -0.00000577060010593339 0.000010323300174478584
v 2.2219997348585214e-7 -0.00000606690040379338 0.000010230699884855334
v -1.4820000283892718e-7 -0.000006105600366716637 0.00001032859935551145
v 2.3529997107950092e-7 -0.000006280700639817664 0.000010089900165222011
v -1.6080000573145205e-7 -0.000006444600632474746 0.000010140899373098818
v -1.6730001870058427e-7 -0.0000062910005050038515 0.00001022709912843809
v -1.6080000573145205e-7 -0.000006444600632474746 0.000010140899373098818
v 7.679998644795295e-8 -0.00000648880063797447 0.000010239399546143866
v -1.8300000692997103e-7 -0.000006520401004673995 0.0000102849994285652
v 2.3529997107950092e-7 -0.000006280700639817664 0.000010089900165222011
v 2.8709996781274734e-7 -0.000006349700606817896 0.000010208599559687613
v 7.679998644795295e-8 -0.00000648880063797447 0.000010239399546143866
v -1.6080000573145205e-7 -0.000006444600632474746 0.000010140899373098818
v 5.979998471080357e-8 -0.000006188500322563752 0.000010431399905826778
v -2.7419998628944176e-7 -0.000006087500139674666 0.000010546099292227396
v -2.2249999759136693e-7 -0.000006361001066724924 0.000010382399504051212
v -2.7419998628944176e-7 -0.000006087500139674666 0.000010546099292227396
v -4.951999906824901e-7 -0.0000060547006895172645 0.000010459499093180615
v -4.5690000549368525e-7 -0.000006277500411673238 0.000010308799412261104
v -2.2249999759136693e-7 -0.000006361001066724924 0.000010382399504051212
v -4.5690000549368525e-7 -0.000006277500411673238 0.000010308799412261104
v -4.951999906824901e-7 -0.0000060547006895172645 0.000010459499093180615
v -3.8659999563507726e-7 -0.0000061070002566039745 0.000010294999561374257
v -3.701999875392766e-7 -0.000006219200765202206 0.00001022749960683696
v -3.701999875392766e-7 -0.000006219200765202206 0.00001022749960683696
v -3.8659999563507726e-7 -0.0000061070002566039745 0.000010294999561374257
v -1.4820000283892718e-7 -0.000006105600366716637 0.00001032859935551145
v -1.6730001870058427e-7 -0.0000062910005050038515 0.00001022709912843809
v -1.4820000283892718e-7 -0.000006105600366716637 0.00001032859935551145
v 2.2219997348585214e-7 -0.00000606690040379338 0.000010230699884855334
v 2.3529997107950092e-7 -0.000006280700639817664 0.000010089900165222011
v -1.6730001870058427e-7 -0.0000062910005050038515 0.00001022709912843809
v -3.701999875392766e-7 -0.000006219200765202206 0.00001022749960683696
v -1.6730001870058427e-7 -0.0000062910005050038515 0.00001022709912843809
v -2.2249999759136693e-7 -0.000006361001066724924 0.000010382399504051212
v -4.5690000549368525e-7 -0.000006277500411673238 0.000010308799412261104
v -1.6730001870058427e-7 -0.0000062910005050038515 0.00001022709912843809
v -1.6080000573145205e-7 -0.000006444600632474746 0.000010140899373098818
v -1.8300000692997103e-7 -0.000006520401004673995 0.0000102849994285652
v -2.2249999759136693e-7 -0.000006361001066724924 0.000010382399504051212
v 7.707999439451852e-7 -1.4150050568792087e-7 0.000009503299833756827
v 7.770000055683772e-7 -5.152079352289725e-13 0.00000950350008714457
v 5.49900020346883e-7 -5.431116631447988e-13 0.000010012399828209051
v 5.629999815607445e-7 -1.692005443943647e-7 0.00001005319988788612
v 4.224999698787001e-7 -9.332005116032009e-7 0.000009602900031283128
v 7.156999185198933e-7 -5.285005218900127e-7 0.000009504000019999175
v 4.745999725275677e-7 -6.231005490324559e-7 0.00001016860002004689
v 1.624000069649422e-7 -0.0000010891005115894118 0.00001016849984024769
v 7.156999185198933e-7 -5.285005218900127e-7 0.000009504000019999175
v 7.707999439451852e-7 -1.4150050568792087e-7 0.000009503299833756827
v 5.629999815607445e-7 -1.692005443943647e-7 0.00001005319988788612
v 4.745999725275677e-7 -6.231005490324559e-7 0.00001016860002004689
v 5.629999815607445e-7 -1.692005443943647e-7 0.00001005319988788612
v 5.49900020346883e-7 -5.431116631447988e-13 0.000010012399828209051
v 2.5220000116126597e-7 -5.735740725522418e-13 0.000010564699788188353
v 1.7030000509722138e-7 -3.4090059865446513e-7 0.000010628600119693523
v 1.624000069649422e-7 -0.0000010891005115894118 0.00001016849984024769
v 4.745999725275677e-7 -6.231005490324559e-7 0.00001016860002004689
v 8.390000215338068e-8 -7.998005408314902e-7 0.000010668500249908331
v -4.639999484395385e-8 -0.00000107010058034628 0.000010689799563258264
v 4.745999725275677e-7 -6.231005490324559e-7 0.00001016860002004689
v 5.629999815607445e-7 -1.692005443943647e-7 0.00001005319988788612
v 1.7030000509722138e-7 -3.4090059865446513e-7 0.000010628600119693523
v 8.390000215338068e-8 -7.998005408314902e-7 0.000010668500249908331
v -4.639999484395385e-8 -0.00000107010058034628 0.000010689799563258264
v 8.390000215338068e-8 -7.998005408314902e-7 0.000010668500249908331
v -3.9019995748316945e-7 -6.474006158631556e-7 0.000011001499350849512
v -4.4419996728114835e-7 -0.0000010206005912548533 0.00001090990022277396
v 8.390000215338068e-8 -7.998005408314902e-7 0.000010668500249908331
v 1.0210000026817428e-7 -4.50900595164991e-7 0.000010775299724992448
v -2.756999794877603e-7 -4.4980058072470297e-7 0.00001105600038056982
v -3.9019995748316945e-7 -6.474006158631556e-7 0.000011001499350849512
v -4.4419996728114835e-7 -0.0000010206005912548533 0.00001090990022277396
v -3.9019995748316945e-7 -6.474006158631556e-7 0.000011001499350849512
v -8.142999831650406e-7 -5.145005577965601e-7 0.000010847100038379356
v -8.134999916432423e-7 -9.904006018994512e-7 0.000010667999638359602
v -0.0000010827999116273611 -3.790005590080546e-7 0.000010254499435981663
v -9.692999957937743e-7 -9.066005487673712e-7 0.000010109499408904594
v -8.134999916432423e-7 -9.904006018994512e-7 0.000010667999638359602
v -8.142999831650406e-7 -5.145005577965601e-7 0.000010847100038379356
v -0.0000010827999116273611 -3.790005590080546e-7 0.000010254499435981663
v -8.142999831650406e-7 -5.145005577965601e-7 0.000010847100038379356
v -8.74300002136081e-7 -5.924514806586069e-13 0.000010845200209241959
v -0.0000011201999336389834 -5.577025797433822e-13 0.00001017680039995386
v 1.0210000026817428e-7 -4.50900595164991e-7 0.000010775299724992448
v 2.0760000088377843e-7 -5.836013519981063e-13 0.000010750000405001708
v 1.487000066349979e-7 -5.951434396637651e-13 0.000010962799488063828
v 3.890000611499402e-8 -2.5090060580522793e-7 0.000011118999729910026
v -2.756999794877603e-7 -4.4980058072470297e-7 0.00001105600038056982
v 1.0210000026817428e-7 -4.50900595164991e-7 0.000010775299724992448
v 3.890000611499402e-8 -2.5090060580522793e-7 0.000011118999729910026
v -1.7609998001004605e-7 -3.9570063576318013e-7 0.000011381700226807413
v -5.739999559349387e-7 -2.794006155918941e-7 0.000011177500760157802
v -2.756999794877603e-7 -4.4980058072470297e-7 0.00001105600038056982
v -1.7609998001004605e-7 -3.9570063576318013e-7 0.000011381700226807413
v -4.92200004285853e-7 -2.0540062307697892e-7 0.00001142720002185504
v 1.487000066349979e-7 -5.951434396637651e-13 0.000010962799488063828
v 3.7889999538324765e-7 -6.073328798759931e-13 0.000011206700091988822
v 3.290999956443905e-7 -1.46400603834658e-7 0.000011224600094207729
v 3.890000611499402e-8 -2.5090060580522793e-7 0.000011118999729910026
v 3.890000611499402e-8 -2.5090060580522793e-7 0.000011118999729910026
v 3.290999956443905e-7 -1.46400603834658e-7 0.000011224600094207729
v 1.8570000560088061e-7 -3.122006111123818e-7 0.000011396999541334506
v -4.92200004285853e-7 -2.0540062307697892e-7 0.00001142720002185504
v -1.7609998001004605e-7 -3.9570063576318013e-7 0.000011381700226807413
v -1.3919998907933495e-7 -4.24700640563315e-7 0.000011645100395426105
v -5.120999661945743e-7 -3.1550062329857977e-7 0.000011676999376004804
v 1.8570000560088061e-7 -3.122006111123818e-7 0.000011396999541334506
v -1.3919998907933495e-7 -4.24700640563315e-7 0.000011645100395426105
v -1.7609998001004605e-7 -3.9570063576318013e-7 0.000011381700226807413
v 3.890000611499402e-8 -2.5090060580522793e-7 0.000011118999729910026
v 3.7889999538324765e-7 -6.073328798759931e-13 0.000011206700091988822
v 6.464999606683856e-7 -6.102819245210404e-13 0.000011279600538835437
v 6.026999701025899e-7 -1.8620060612305056e-7 0.000011294999934313933
v 3.290999956443905e-7 -1.46400603834658e-7 0.000011224600094207729
v 1.8570000560088061e-7 -3.122006111123818e-7 0.000011396999541334506
v 3.290999956443905e-7 -1.46400603834658e-7 0.000011224600094207729
v 6.026999701025899e-7 -1.8620060612305056e-7 0.000011294999934313933
v 4.031999834214339e-7 -3.6390060467664543e-7 0.000011516900344380335
v 6.219000212842591e-7 -1.551006174998474e-7 0.000011462300416228823
v 6.626999526938431e-7 -1.2450063369254063e-7 0.000011568999731358541
v 6.109999821856619e-7 -2.089006402623308e-7 0.000011624599683950791
v 5.549999572034001e-7 -2.6440064374228326e-7 0.000011572699391903789
v 6.626999526938431e-7 -1.2450063369254063e-7 0.000011568999731358541
v 6.990999671133239e-7 -6.243593645049966e-13 0.000011547299929667145
v 6.707999850863591e-7 -6.270205297324008e-13 0.000011595399253573846
v 6.109999821856619e-7 -2.089006402623308e-7 0.000011624599683950791
v 6.707999850863591e-7 -6.270205297324008e-13 0.000011595399253573846
v 7.292000210138029e-7 -6.318029932733866e-13 0.000011688999511113031
v 6.949999650893737e-7 -1.2540063133046936e-7 0.000011689199728640403
v 6.109999821856619e-7 -2.089006402623308e-7 0.000011624599683950791
v 6.109999821856619e-7 -2.089006402623308e-7 0.000011624599683950791
v 6.949999650893737e-7 -1.2540063133046936e-7 0.000011689199728640403
v 6.748999871103093e-7 -1.475006441639697e-7 0.000011813499871167847
v 5.553999893440865e-7 -3.0250063113362953e-7 0.000011670600026793868
v 6.949999650893737e-7 -1.2540063133046936e-7 0.000011689199728640403
v 7.292000210138029e-7 -6.318029932733866e-13 0.000011688999511113031
v 7.07099955090881e-7 -6.366800144552684e-13 0.000011779099159532788
v 6.748999871103093e-7 -1.475006441639697e-7 0.000011813499871167847
v 7.07099955090881e-7 -6.366800144552684e-13 0.000011779099159532788
v 8.263000015111636e-7 -6.420918920971708e-13 0.000011888500470473376
v 8.008000261902799e-7 -7.240064194369272e-8 0.000011905300357720348
v 6.748999871103093e-7 -1.475006441639697e-7 0.000011813499871167847
v 8.008000261902799e-7 -7.240064194369272e-8 0.000011905300357720348
v 8.263000015111636e-7 -6.420918920971708e-13 0.000011888500470473376
v 6.626999526938431e-7 -6.571907823668907e-13 0.00001216119989993759
v 5.954999736468311e-7 -5.810065950999928e-8 0.000012174700578515785
v 5.954999736468311e-7 -5.810065950999928e-8 0.000012174700578515785
v 6.626999526938431e-7 -6.571907823668907e-13 0.00001216119989993759
v 6.776999938163904e-7 -6.621887018100623e-13 0.000012256000399579249
v 6.792000052046026e-7 -1.1270065587810675e-7 0.000012236699886069528
v 6.792000052046026e-7 -1.1270065587810675e-7 0.000012236699886069528
v 6.776999938163904e-7 -6.621887018100623e-13 0.000012256000399579249
v 6.47499968260527e-7 -6.742858685209952e-13 0.00001248109992692334
v 6.041999814908021e-7 -1.7330067276778581e-7 0.000012478700583587359
v 8.008000261902799e-7 -7.240064194369272e-8 0.000011905300357720348
v 6.53999944849872e-7 -1.418006451802693e-7 0.000011918699753438955
v 6.748999871103093e-7 -1.475006441639697e-7 0.000011813499871167847
v 5.222999854267575e-7 -1.470006567092688e-7 0.000012138699124263887
v 5.954999736468311e-7 -5.810065950999928e-8 0.000012174700578515785
v 6.792000052046026e-7 -1.1270065587810675e-7 0.000012236699886069528
v 6.412999793969096e-7 -2.5910065885419253e-7 0.000012287800377638948
v 5.222999854267575e-7 -1.470006567092688e-7 0.000012138699124263887
v 6.412999793969096e-7 -2.5910065885419253e-7 0.000012287800377638948
v 4.982999851142988e-7 -3.4840065163258554e-7 0.000012216200278084547
v 4.4579998670453213e-7 -3.763006681920358e-7 0.000012143000640078712
v 8.008000261902799e-7 -7.240064194369272e-8 0.000011905300357720348
v 5.954999736468311e-7 -5.810065950999928e-8 0.000012174700578515785
v 6.53999944849872e-7 -1.418006451802693e-7 0.000011918699753438955
v 6.53999944849872e-7 -1.418006451802693e-7 0.000011918699753438955
v 5.954999736468311e-7 -5.810065950999928e-8 0.000012174700578515785
v 5.222999854267575e-7 -1.470006567092688e-7 0.000012138699124263887
v 6.53999944849872e-7 -1.418006451802693e-7 0.000011918699753438955
v 5.222999854267575e-7 -1.470006567092688e-7 0.000012138699124263887
v 4.4579998670453213e-7 -3.763006681920358e-7 0.000012143000640078712
v 5.249000124422828e-7 -3.532006399197147e-7 0.000011961299588523114
v 6.748999871103093e-7 -1.475006441639697e-7 0.000011813499871167847
v 6.53999944849872e-7 -1.418006451802693e-7 0.000011918699753438955
v 5.249000124422828e-7 -3.532006399197147e-7 0.000011961299588523114
v 5.553999893440865e-7 -3.0250063113362953e-7 0.000011670600026793868
v 5.549999572034001e-7 -2.6440064374228326e-7 0.000011572699391903789
v 4.031999834214339e-7 -3.6390060467664543e-7 0.000011516900344380335
v 6.026999701025899e-7 -1.8620060612305056e-7 0.000011294999934313933
v 6.219000212842591e-7 -1.551006174998474e-7 0.000011462300416228823
v 6.026999701025899e-7 -1.8620060612305056e-7 0.000011294999934313933
v 6.464999606683856e-7 -6.102819245210404e-13 0.000011279600538835437
v 6.653999877445399e-7 -6.19858234931797e-13 0.000011460599609025482
v 6.219000212842591e-7 -1.551006174998474e-7 0.000011462300416228823
v 5.553999893440865e-7 -3.0250063113362953e-7 0.000011670600026793868
v 5.549999572034001e-7 -2.6440064374228326e-7 0.000011572699391903789
v 6.109999821856619e-7 -2.089006402623308e-7 0.000011624599683950791
v 5.553999893440865e-7 -3.0250063113362953e-7 0.000011670600026793868
v 5.249000124422828e-7 -3.532006399197147e-7 0.000011961299588523114
v 1.8410000436739046e-7 -5.093006465217346e-7 0.00001191479979034406
v 2.6839999318672346e-7 -4.2020060746002767e-7 0.000011657499793347334
v 5.549999572034001e-7 -2.6440064374228326e-7 0.000011572699391903789
v 5.553999893440865e-7 -3.0250063113362953e-7 0.000011670600026793868
v 2.6839999318672346e-7 -4.2020060746002767e-7 0.000011657499793347334
v 4.031999834214339e-7 -3.6390060467664543e-7 0.000011516900344380335
v -1.3919998907933495e-7 -4.24700640563315e-7 0.000011645100395426105
v 1.8570000560088061e-7 -3.122006111123818e-7 0.000011396999541334506
v 4.0000008099886853e-8 -4.1460062170781487e-7 0.000011598200150825553
v 6.412999793969096e-7 -2.5910065885419253e-7 0.000012287800377638948
v 6.792000052046026e-7 -1.1270065587810675e-7 0.000012236699886069528
v 6.041999814908021e-7 -1.7330067276778581e-7 0.000012478700583587359
v 5.621999900389462e-7 -3.3750067808315923e-7 0.000012444200877038014
v 4.982999851142988e-7 -3.4840065163258554e-7 0.000012216200278084547
v 6.412999793969096e-7 -2.5910065885419253e-7 0.000012287800377638948
v 5.621999900389462e-7 -3.3750067808315923e-7 0.000012444200877038014
v 4.4800001795915824e-7 -4.4110063355749736e-7 0.000012328600435596226
v 4.4579998670453213e-7 -3.763006681920358e-7 0.000012143000640078712
v 4.982999851142988e-7 -3.4840065163258554e-7 0.000012216200278084547
v 4.4800001795915824e-7 -4.4110063355749736e-7 0.000012328600435596226
v 2.0649998525646538e-7 -4.975006359337492e-7 0.000012135499983768991
v 5.249000124422828e-7 -3.532006399197147e-7 0.000011961299588523114
v 4.4579998670453213e-7 -3.763006681920358e-7 0.000012143000640078712
v 2.0649998525646538e-7 -4.975006359337492e-7 0.000012135499983768991
v 1.8410000436739046e-7 -5.093006465217346e-7 0.00001191479979034406
v 6.041999814908021e-7 -1.7330067276778581e-7 0.000012478700583587359
v 6.47499968260527e-7 -6.742858685209952e-13 0.00001248109992692334
v 4.587999762630093e-7 -6.911238692166092e-13 0.000012784799595909095
v 4.277999955651349e-7 -2.1970068037318193e-7 0.00001276420103703922
v 5.621999900389462e-7 -3.3750067808315923e-7 0.000012444200877038014
v 6.041999814908021e-7 -1.7330067276778581e-7 0.000012478700583587359
v 4.277999955651349e-7 -2.1970068037318193e-7 0.00001276420103703922
v 2.952999900505413e-7 -3.954006839162101e-7 0.000012732100648996344
v 4.4800001795915824e-7 -4.4110063355749736e-7 0.000012328600435596226
v 5.621999900389462e-7 -3.3750067808315923e-7 0.000012444200877038014
v 2.952999900505413e-7 -3.954006839162101e-7 0.000012732100648996344
v 1.060000135066217e-7 -5.109006667738294e-7 0.000012460899469373411
v 2.0649998525646538e-7 -4.975006359337492e-7 0.000012135499983768991
v 4.4800001795915824e-7 -4.4110063355749736e-7 0.000012328600435596226
v 1.060000135066217e-7 -5.109006667738294e-7 0.000012460899469373411
v -3.109998873304599e-8 -5.345006383270178e-7 0.000012191700645857759
v 1.8410000436739046e-7 -5.093006465217346e-7 0.00001191479979034406
v 2.0649998525646538e-7 -4.975006359337492e-7 0.000012135499983768991
v -3.109998873304599e-8 -5.345006383270178e-7 0.000012191700645857759
v 4.910000715728365e-8 -5.180006346329692e-7 0.000012029999747945418
v 1.8570000560088061e-7 -3.122006111123818e-7 0.000011396999541334506
v 4.031999834214339e-7 -3.6390060467664543e-7 0.000011516900344380335
v 2.6839999318672346e-7 -4.2020060746002767e-7 0.000011657499793347334
v 4.0000008099886853e-8 -4.1460062170781487e-7 0.000011598200150825553
v 4.0000008099886853e-8 -4.1460062170781487e-7 0.000011598200150825553
v 2.6839999318672346e-7 -4.2020060746002767e-7 0.000011657499793347334
v 1.8410000436739046e-7 -5.093006465217346e-7 0.00001191479979034406
v 2.2500007114140147e-8 -5.080006375395619e-7 0.000011814399713270001
v 1.8410000436739046e-7 -5.093006465217346e-7 0.00001191479979034406
v 4.910000715728365e-8 -5.180006346329692e-7 0.000012029999747945418
v 2.2500007114140147e-8 -5.080006375395619e-7 0.000011814399713270001
v -1.3919998907933495e-7 -4.24700640563315e-7 0.000011645100395426105
v 4.0000008099886853e-8 -4.1460062170781487e-7 0.000011598200150825553
v 2.2500007114140147e-8 -5.080006375395619e-7 0.000011814399713270001
v -2.0139997564037375e-7 -5.061006589506084e-7 0.000011758100093430597
v 4.277999955651349e-7 -2.1970068037318193e-7 0.00001276420103703922
v 4.587999762630093e-7 -6.911238692166092e-13 0.000012784799595909095
v -7.179998486703292e-8 -6.992312564762862e-13 0.000012902199804508345
v -7.419998671726815e-8 -2.197006984039958e-7 0.000012898399978459671
v 2.952999900505413e-7 -3.954006839162101e-7 0.000012732100648996344
v 4.277999955651349e-7 -2.1970068037318193e-7 0.00001276420103703922
v -7.419998671726815e-8 -2.197006984039958e-7 0.000012898399978459671
v -9.299997847341045e-8 -4.0030068481125025e-7 0.000012781899636133735
v 1.060000135066217e-7 -5.109006667738294e-7 0.000012460899469373411
v 2.952999900505413e-7 -3.954006839162101e-7 0.000012732100648996344
v -9.299997847341045e-8 -4.0030068481125025e-7 0.000012781899636133735
v -2.2209996545068054e-7 -5.689006454804174e-7 0.000012486999779657624
v -3.109998873304599e-8 -5.345006383270178e-7 0.000012191700645857759
v 1.060000135066217e-7 -5.109006667738294e-7 0.000012460899469373411
v -2.2209996545068054e-7 -5.689006454804174e-7 0.000012486999779657624
v -2.3469997743815222e-7 -5.720006376639253e-7 0.000012196400327887856
v -5.120999661945743e-7 -3.1550062329857977e-7 0.000011676999376004804
v -1.3919998907933495e-7 -4.24700640563315e-7 0.000011645100395426105
v -2.0139997564037375e-7 -5.061006589506084e-7 0.000011758100093430597
v -5.796999773822727e-7 -3.3930064102305626e-7 0.000011902400415868457
v -7.419998671726815e-8 -2.197006984039958e-7 0.000012898399978459671
v -7.179998486703292e-8 -6.992312564762862e-13 0.000012902199804508345
v -6.709999283971278e-7 -6.89465485607338e-13 0.00001267960087855718
v -6.529999372577305e-7 -2.1970068421331806e-7 0.000012657399280526196
v -9.299997847341045e-8 -4.0030068481125025e-7 0.000012781899636133735
v -7.419998671726815e-8 -2.197006984039958e-7 0.000012898399978459671
v -6.529999372577305e-7 -2.1970068421331806e-7 0.000012657399280526196
v -5.041999862521887e-7 -4.496006571338167e-7 0.000012556800102165756
v -2.2209996545068054e-7 -5.689006454804174e-7 0.000012486999779657624
v -9.299997847341045e-8 -4.0030068481125025e-7 0.000012781899636133735
v -5.041999862521887e-7 -4.496006571338167e-7 0.000012556800102165756
v -3.6839998842533685e-7 -5.262006812593033e-7 0.000012338700618615283
v -2.3469997743815222e-7 -5.720006376639253e-7 0.000012196400327887856
v -2.2209996545068054e-7 -5.689006454804174e-7 0.000012486999779657624
v -3.6839998842533685e-7 -5.262006812593033e-7 0.000012338700618615283
v -2.3469997743815222e-7 -5.720006376639253e-7 0.000012196400327887856
v -3.6839998842533685e-7 -5.262006812593033e-7 0.000012338700618615283
v -4.5359999499153334e-7 -4.973006504119462e-7 0.000012092299417180333
v -3.037999818241692e-7 -5.584006482140595e-7 0.0000120280998442523
v -3.037999818241692e-7 -5.584006482140595e-7 0.0000120280998442523
v -4.5359999499153334e-7 -4.973006504119462e-7 0.000012092299417180333
v -5.796999773822727e-7 -3.3930064102305626e-7 0.000011902400415868457
v -2.0139997564037375e-7 -5.061006589506084e-7 0.000011758100093430597
v 4.910000715728365e-8 -5.180006346329692e-7 0.000012029999747945418
v -3.109998873304599e-8 -5.345006383270178e-7 0.000012191700645857759
v -1.9789996725777227e-7 -6.204007149782628e-7 0.000012208799718701486
v -2.951999638254761e-7 -6.471006920207923e-7 0.000012018799411232199
v 2.2500007114140147e-8 -5.080006375395619e-7 0.000011814399713270001
v 4.910000715728365e-8 -5.180006346329692e-7 0.000012029999747945418
v -2.951999638254761e-7 -6.471006920207923e-7 0.000012018799411232199
v -1.510999812003927e-7 -5.957006363532886e-7 0.000011798499695050696
v -2.951999638254761e-7 -6.471006920207923e-7 0.000012018799411232199
v -1.9789996725777227e-7 -6.204007149782628e-7 0.000012208799718701486
v -2.3469997743815222e-7 -5.720006376639253e-7 0.000012196400327887856
v -3.037999818241692e-7 -5.584006482140595e-7 0.0000120280998442523
v -1.510999812003927e-7 -5.957006363532886e-7 0.000011798499695050696
v -2.951999638254761e-7 -6.471006920207923e-7 0.000012018799411232199
v -3.037999818241692e-7 -5.584006482140595e-7 0.0000120280998442523
v -2.0139997564037375e-7 -5.061006589506084e-7 0.000011758100093430597
v -2.3469997743815222e-7 -5.720006376639253e-7 0.000012196400327887856
v -1.9789996725777227e-7 -6.204007149782628e-7 0.000012208799718701486
v -3.109998873304599e-8 -5.345006383270178e-7 0.000012191700645857759
v 2.2500007114140147e-8 -5.080006375395619e-7 0.000011814399713270001
v -1.510999812003927e-7 -5.957006363532886e-7 0.000011798499695050696
v -2.0139997564037375e-7 -5.061006589506084e-7 0.000011758100093430597
v -6.529999372577305e-7 -2.1970068421331806e-7 0.000012657399280526196
v -6.709999283971278e-7 -6.89465485607338e-13 0.00001267960087855718
v -7.872999236963702e-7 -6.701499490817082e-13 0.00001230940011368241
v -7.271999330699455e-7 -2.5970067333234104e-7 0.000012306900641549841
v -5.041999862521887e-7 -4.496006571338167e-7 0.000012556800102165756
v -6.529999372577305e-7 -2.1970068421331806e-7 0.000012657399280526196
v -7.271999330699455e-7 -2.5970067333234104e-7 0.000012306900641549841
v -5.746999758013527e-7 -4.4960066017906426e-7 0.000012308699232958784
v -7.271999330699455e-7 -2.5970067333234104e-7 0.000012306900641549841
v -7.872999236963702e-7 -6.701499490817082e-13 0.00001230940011368241
v -7.048999238362549e-7 -6.502257660195494e-13 0.000011940800059662052
v -5.796999773822727e-7 -3.3930064102305626e-7 0.000011902400415868457
v -5.796999773822727e-7 -3.3930064102305626e-7 0.000011902400415868457
v -4.5359999499153334e-7 -4.973006504119462e-7 0.000012092299417180333
v -5.746999758013527e-7 -4.4960066017906426e-7 0.000012308699232958784
v -7.271999330699455e-7 -2.5970067333234104e-7 0.000012306900641549841
v -5.746999758013527e-7 -4.4960066017906426e-7 0.000012308699232958784
v -4.5359999499153334e-7 -4.973006504119462e-7 0.000012092299417180333
v -3.6839998842533685e-7 -5.262006812593033e-7 0.000012338700618615283
v -5.041999862521887e-7 -4.496006571338167e-7 0.000012556800102165756
v -8.904999941615385e-7 -0.0000014740000563230617 0.0000012166999041143882
v -0.000001031999977055937 -0.000001096000043562975 0.0000011978998969553063
v -0.0000010901000252576534 -0.0000010956000104457415 6.49499923507352e-7
v -9.03099915199542e-7 -0.000001495900028475932 6.164999057872991e-7
v 9.309998650858204e-8 -0.0000010822000978951133 0.0000012044999207005263
v -2.777999845173212e-7 -0.000001497400119418017 0.0000012070999286593878
v -3.944999755774628e-7 -0.000001580800007380688 7.758999181754529e-7
v 1.5329998517017837e-7 -0.0000011083000890465504 9.373999198174443e-7
v -2.777999845173212e-7 -0.000001497400119418017 0.0000012070999286593878
v -8.904999941615385e-7 -0.0000014740000563230617 0.0000012166999041143882
v -9.03099915199542e-7 -0.000001495900028475932 6.164999057872991e-7
v -3.944999755774628e-7 -0.000001580800007380688 7.758999181754529e-7
v -2.0649998525646538e-7 -7.085001160337261e-7 0.0000012766999612390619
v 9.309998650858204e-8 -0.0000010822000978951133 0.0000012044999207005263
v 1.5329998517017837e-7 -0.0000011083000890465504 9.373999198174443e-7
v -3.390999988062306e-7 -6.752001114747267e-7 8.833000256658706e-7
v -7.649999872222542e-7 -7.562000642886135e-7 0.000001289399994749052
v -2.0649998525646538e-7 -7.085001160337261e-7 0.0000012766999612390619
v -3.390999988062306e-7 -6.752001114747267e-7 8.833000256658706e-7
v -6.566000082451845e-7 -7.275000612232743e-7 8.592000070532297e-7
v -0.000001031999977055937 -0.000001096000043562975 0.0000011978998969553063
v -7.649999872222542e-7 -7.562000642886135e-7 0.000001289399994749052
v -6.566000082451845e-7 -7.275000612232743e-7 8.592000070532297e-7
v -0.0000010901000252576534 -0.0000010956000104457415 6.49499923507352e-7
v -9.03099915199542e-7 -0.000001495900028475932 6.164999057872991e-7
v -0.0000010901000252576534 -0.0000010956000104457415 6.49499923507352e-7
v -8.62299983789958e-7 -0.000001105900046750869 4.356999218400253e-7
v -6.207999692771588e-7 -0.0000014137000244517178 5.480999049319521e-7
v 1.5329998517017837e-7 -0.0000011083000890465504 9.373999198174443e-7
v -3.944999755774628e-7 -0.000001580800007380688 7.758999181754529e-7
v -2.785000043837351e-7 -0.0000013819999954885495 6.391998927555199e-7
v 7.899991879503246e-9 -0.0000010985000828223598 8.047999443380963e-7
v -3.944999755774628e-7 -0.000001580800007380688 7.758999181754529e-7
v -9.03099915199542e-7 -0.000001495900028475932 6.164999057872991e-7
v -6.207999692771588e-7 -0.0000014137000244517178 5.480999049319521e-7
v -2.785000043837351e-7 -0.0000013819999954885495 6.391998927555199e-7
v -3.390999988062306e-7 -6.752001114747267e-7 8.833000256658706e-7
v 1.5329998517017837e-7 -0.0000011083000890465504 9.373999198174443e-7
v 7.899991879503246e-9 -0.0000010985000828223598 8.047999443380963e-7
v -2.4709999154517434e-7 -8.480000884238026e-7 6.304999554902328e-7
v -6.566000082451845e-7 -7.275000612232743e-7 8.592000070532297e-7
v -3.390999988062306e-7 -6.752001114747267e-7 8.833000256658706e-7
v -2.4709999154517434e-7 -8.480000884238026e-7 6.304999554902328e-7
v -7.158999345902365e-7 -9.065999795720852e-7 4.577999447504284e-7
v -0.0000010901000252576534 -0.0000010956000104457415 6.49499923507352e-7
v -6.566000082451845e-7 -7.275000612232743e-7 8.592000070532297e-7
v -7.158999345902365e-7 -9.065999795720852e-7 4.577999447504284e-7
v -8.62299983789958e-7 -0.000001105900046750869 4.356999218400253e-7
v -6.207999692771588e-7 -0.0000014137000244517178 5.480999049319521e-7
v -8.62299983789958e-7 -0.000001105900046750869 4.356999218400253e-7
v -9.47799978081882e-7 -0.000001105200052457215 8.51999422797625e-8
v -7.207000292401751e-7 -0.0000013683000257932606 1.362999179473677e-7
v -2.785000043837351e-7 -0.0000013819999954885495 6.391998927555199e-7
v -6.207999692771588e-7 -0.0000014137000244517178 5.480999049319521e-7
v -7.207000292401751e-7 -0.0000013683000257932606 1.362999179473677e-7
v -2.624000022035556e-7 -0.0000014685000220317422 1.9469992097377543e-7
v -7.158999345902365e-7 -9.065999795720852e-7 4.577999447504284e-7
v -2.4709999154517434e-7 -8.480000884238026e-7 6.304999554902328e-7
v -2.7890000014463425e-7 -9.363000406361168e-7 1.7909995561964757e-7
v -6.699999935645608e-7 -8.224000656154127e-7 9.169995773911474e-8
v -8.62299983789958e-7 -0.000001105900046750869 4.356999218400253e-7
v -7.158999345902365e-7 -9.065999795720852e-7 4.577999447504284e-7
v -6.699999935645608e-7 -8.224000656154127e-7 9.169995773911474e-8
v -9.47799978081882e-7 -0.000001105200052457215 8.51999422797625e-8
v 7.899991879503246e-9 -0.0000010985000828223598 8.047999443380963e-7
v -2.785000043837351e-7 -0.0000013819999954885495 6.391998927555199e-7
v 2.4819998898259376e-7 -0.0000014751000766257586 4.380999198821751e-7
v 4.3179995317412623e-7 -0.0000011126000530479817 5.304999476441808e-7
v -2.4709999154517434e-7 -8.480000884238026e-7 6.304999554902328e-7
v 7.899991879503246e-9 -0.0000010985000828223598 8.047999443380963e-7
v 4.3179995317412623e-7 -0.0000011126000530479817 5.304999476441808e-7
v 4.7599997588060826e-7 -7.88200038860279e-7 3.4299996132307997e-7
v -2.785000043837351e-7 -0.0000013819999954885495 6.391998927555199e-7
v -2.624000022035556e-7 -0.0000014685000220317422 1.9469992097377543e-7
v 2.466999775943816e-7 -0.0000016380001536948457 9.179990167938302e-8
v 2.4819998898259376e-7 -0.0000014751000766257586 4.380999198821751e-7
v -2.7890000014463425e-7 -9.363000406361168e-7 1.7909995561964757e-7
v -2.4709999154517434e-7 -8.480000884238026e-7 6.304999554902328e-7
v 4.7599997588060826e-7 -7.88200038860279e-7 3.4299996132307997e-7
v 4.4429997531631994e-7 -7.949000685669714e-7 7.049996043172358e-8
v 4.3179995317412623e-7 -0.0000011126000530479817 5.304999476441808e-7
v 2.4819998898259376e-7 -0.0000014751000766257586 4.380999198821751e-7
v 7.223999839391559e-7 -0.0000015733000228272716 2.390999152555414e-7
v 8.491999861963092e-7 -0.0000011017999566772996 3.259999333568049e-7
v 4.7599997588060826e-7 -7.88200038860279e-7 3.4299996132307997e-7
v 4.3179995317412623e-7 -0.0000011126000530479817 5.304999476441808e-7
v 8.491999861963092e-7 -0.0000011017999566772996 3.259999333568049e-7
v 9.47799978081882e-7 -8.719000282608326e-7 2.1629993883199632e-7
v 2.4819998898259376e-7 -0.0000014751000766257586 4.380999198821751e-7
v 2.466999775943816e-7 -0.0000016380001536948457 9.179990167938302e-8
v 7.58299994562566e-7 -0.00000166139992892233 1.0579990666200695e-7
v 7.223999839391559e-7 -0.0000015733000228272716 2.390999152555414e-7
v 4.4429997531631994e-7 -7.949000685669714e-7 7.049996043172358e-8
v 4.7599997588060826e-7 -7.88200038860279e-7 3.4299996132307997e-7
v 9.47799978081882e-7 -8.719000282608326e-7 2.1629993883199632e-7
v 8.403999339373793e-7 -8.564000367003779e-7 8.739995268877523e-8
v 8.491999861963092e-7 -0.0000011017999566772996 3.259999333568049e-7
v 7.223999839391559e-7 -0.0000015733000228272716 2.390999152555414e-7
v 0.000001126599938572944 -0.000001343400094692959 1.3149992604244797e-7
v 9.47799978081882e-7 -8.719000282608326e-7 2.1629993883199632e-7
v 8.491999861963092e-7 -0.0000011017999566772996 3.259999333568049e-7
v 0.000001126599938572944 -0.000001343400094692959 1.3149992604244797e-7
v 0.0000011755999467900029 -9.386000371103391e-7 1.2889995306605156e-7
v 7.223999839391559e-7 -0.0000015733000228272716 2.390999152555414e-7
v 7.58299994562566e-7 -0.00000166139992892233 1.0579990666200695e-7
v 0.0000010751999557904904 -0.0000014006000319008003 5.7199918169301435e-8
v 0.000001126599938572944 -0.000001343400094692959 1.3149992604244797e-7
v 8.403999339373793e-7 -8.564000367003779e-7 8.739995268877523e-8
v 9.47799978081882e-7 -8.719000282608326e-7 2.1629993883199632e-7
v 0.0000011755999467900029 -9.386000371103391e-7 1.2889995306605156e-7
v 0.0000011569999801991506 -9.286000212650235e-7 4.44999507627229e-8
v 0.0000011569999801991506 -9.286000212650235e-7 4.44999507627229e-8
v 0.0000011755999467900029 -9.386000371103391e-7 1.2889995306605156e-7
v 0.000001126599938572944 -0.000001343400094692959 1.3149992604244797e-7
v 0.0000010751999557904904 -0.0000014006000319008003 5.7199918169301435e-8
v -7.207000292401751e-7 -0.0000013683000257932606 1.362999179473677e-7
v -9.47799978081882e-7 -0.000001105200052457215 8.51999422797625e-8
v -8.435999727841469e-7 -0.0000011099999886223692 -1.6100063669054972e-8
v -6.256999628229072e-7 -0.0000013005000061890862 -9.700074375609933e-9
v -2.624000022035556e-7 -0.0000014685000220317422 1.9469992097377543e-7
v -7.207000292401751e-7 -0.0000013683000257932606 1.362999179473677e-7
v -6.256999628229072e-7 -0.0000013005000061890862 -9.700074375609933e-9
v -2.219999937952962e-7 -0.00000142899998954673 5.8299916486203985e-8
v -6.699999935645608e-7 -8.224000656154127e-7 9.169995773911474e-8
v -2.7890000014463425e-7 -9.363000406361168e-7 1.7909995561964757e-7
v -1.8420001240256206e-7 -0.0000011262999659003216 6.879993824046336e-8
v -6.109999821856619e-7 -9.532000283837062e-7 -1.7500051827080435e-8
v -9.47799978081882e-7 -0.000001105200052457215 8.51999422797625e-8
v -6.699999935645608e-7 -8.224000656154127e-7 9.169995773911474e-8
v -6.109999821856619e-7 -9.532000283837062e-7 -1.7500051827080435e-8
v -8.435999727841469e-7 -0.0000011099999886223692 -1.6100063669054972e-8
v 2.466999775943816e-7 -0.0000016380001536948457 9.179990167938302e-8
v -2.624000022035556e-7 -0.0000014685000220317422 1.9469992097377543e-7
v -2.219999937952962e-7 -0.00000142899998954673 5.8299916486203985e-8
v 2.3819996763086007e-7 -0.000001571300120942905 1.2999084352513807e-9
v -2.7890000014463425e-7 -9.363000406361168e-7 1.7909995561964757e-7
v 4.4429997531631994e-7 -7.949000685669714e-7 7.049996043172358e-8
v 4.171999805720525e-7 -9.301000247663734e-7 -1.5700050504473707e-8
v -1.8420001240256206e-7 -0.0000011262999659003216 6.879993824046336e-8
v 7.58299994562566e-7 -0.00000166139992892233 1.0579990666200695e-7
v 2.466999775943816e-7 -0.0000016380001536948457 9.179990167938302e-8
v 2.3819996763086007e-7 -0.000001571300120942905 1.2999084352513807e-9
v 7.005999057419616e-7 -0.0000015809999923243625 2.4999083604448826e-9
v 4.4429997531631994e-7 -7.949000685669714e-7 7.049996043172358e-8
v 8.403999339373793e-7 -8.564000367003779e-7 8.739995268877523e-8
v 7.81299950903096e-7 -9.393000391473373e-7 -4.500050127839093e-9
v 4.171999805720525e-7 -9.301000247663734e-7 -1.5700050504473707e-8
v 0.0000010751999557904904 -0.0000014006000319008003 5.7199918169301435e-8
v 7.58299994562566e-7 -0.00000166139992892233 1.0579990666200695e-7
v 7.005999057419616e-7 -0.0000015809999923243625 2.4999083604448826e-9
v 9.86999999207444e-7 -0.0000013796999790260091 -9.000781160856464e-10
v 8.403999339373793e-7 -8.564000367003779e-7 8.739995268877523e-8
v 0.0000011569999801991506 -9.286000212650235e-7 4.44999507627229e-8
v 0.000001060899934534357 -9.530999852854582e-7 -7.600050240909817e-9
v 7.81299950903096e-7 -9.393000391473373e-7 -4.500050127839093e-9
v 0.0000011569999801991506 -9.286000212650235e-7 4.44999507627229e-8
v 0.0000010751999557904904 -0.0000014006000319008003 5.7199918169301435e-8
v 9.86999999207444e-7 -0.0000013796999790260091 -9.000781160856464e-10
v 0.000001060899934534357 -9.530999852854582e-7 -7.600050240909817e-9
v 4.171999805720525e-7 -9.301000247663734e-7 -1.5700050504473707e-8
v 7.81299950903096e-7 -9.393000391473373e-7 -4.500050127839093e-9
v 7.005999057419616e-7 -0.0000015809999923243625 2.4999083604448826e-9
v 2.3819996763086007e-7 -0.000001571300120942905 1.2999084352513807e-9
v -6.109999821856619e-7 -9.532000283837062e-7 -1.7500051827080435e-8
v -1.8420001240256206e-7 -0.0000011262999659003216 6.879993824046336e-8
v -2.219999937952962e-7 -0.00000142899998954673 5.8299916486203985e-8
v -6.256999628229072e-7 -0.0000013005000061890862 -9.700074375609933e-9
v 7.81299950903096e-7 -9.393000391473373e-7 -4.500050127839093e-9
v 0.000001060899934534357 -9.530999852854582e-7 -7.600050240909817e-9
v 9.86999999207444e-7 -0.0000013796999790260091 -9.000781160856464e-10
v 7.005999057419616e-7 -0.0000015809999923243625 2.4999083604448826e-9
v -1.8420001240256206e-7 -0.0000011262999659003216 6.879993824046336e-8
v 4.171999805720525e-7 -9.301000247663734e-7 -1.5700050504473707e-8
v 2.3819996763086007e-7 -0.000001571300120942905 1.2999084352513807e-9
v -2.219999937952962e-7 -0.00000142899998954673 5.8299916486203985e-8
v -8.435999727841469e-7 -0.0000011099999886223692 -1.6100063669054972e-8
v -6.109999821856619e-7 -9.532000283837062e-7 -1.7500051827080435e-8
v -6.256999628229072e-7 -0.0000013005000061890862 -9.700074375609933e-9
v -2.652999805650211e-7 -3.3980283800232567e-13 0.000006142599846935203
v -2.645999788885008e-7 -1.875003295108484e-7 0.000006020600043263106
v -9.315999860564245e-7 -1.863003463038547e-7 0.000006322900400085
v -9.315999860564245e-7 -3.5841544619294667e-13 0.000006448300113450637
v -5.577999639094812e-7 -6.223509593967972e-13 0.000011427200049452345
v -4.92200004285853e-7 -2.0540062307697892e-7 0.00001142720002185504
v -5.120999661945743e-7 -3.1550062329857977e-7 0.000011676999376004804
v -5.818999358773243e-7 -6.357426231669607e-13 0.000011676999418395015
v 6.626999526938431e-7 -1.2450063369254063e-7 0.000011568999731358541
v 6.219000212842591e-7 -1.551006174998474e-7 0.000011462300416228823
v 6.653999877445399e-7 -6.19858234931797e-13 0.000011460599609025482
v 6.990999671133239e-7 -6.243593645049966e-13 0.000011547299929667145
v -5.818999358773243e-7 -6.357426231669607e-13 0.000011676999418395015
v -5.120999661945743e-7 -3.1550062329857977e-7 0.000011676999376004804
v -5.796999773822727e-7 -3.3930064102305626e-7 0.000011902400415868457
v -7.048999238362549e-7 -6.502257660195494e-13 0.000011940800059662052
v 7.836999982280653e-7 -4.550004307714947e-7 0.000007907999921988563
v 5.080999722057957e-7 -7.758004348405227e-7 0.000008010599623887274
v 5.542999737167734e-7 -8.03400428740961e-7 0.000007677700074825375
v 7.59599989880435e-7 -5.544003787618898e-7 0.000007545000014296683
v 5.080999722057957e-7 -7.758004348405227e-7 0.000008010599623887274
v 1.1650000227463886e-7 -0.0000010716003900032968 0.000008103799955007856
v 2.0009999851239838e-7 -0.0000010828003685659528 0.000007733400118405644
v 5.542999737167734e-7 -8.03400428740961e-7 0.000007677700074825375
v 1.1650000227463886e-7 -0.0000010716003900032968 0.000008103799955007856
v -5.670999835846946e-7 -8.552004372105488e-7 0.000008119399638955183
v -4.583999805021102e-7 -9.398004356627602e-7 0.00000779170035524331
v 2.0009999851239838e-7 -0.0000010828003685659528 0.000007733400118405644
v -6.694000181131057e-7 -6.803004019563603e-7 0.000007842399850520372
v -5.670999835846946e-7 -8.552004372105488e-7 0.000008119399638955183
v -7.482999186411514e-7 -3.24800460652612e-7 0.000008144600137757612
v -7.713999921562148e-7 -2.6860042933416903e-7 0.000007867100329511156
v -7.713999921562148e-7 -2.6860042933416903e-7 0.000007867100329511156
v -7.482999186411514e-7 -3.24800460652612e-7 0.000008144600137757612
v -8.127999717768284e-7 -4.4899087033987737e-13 0.0000081563005046281
v -8.020999487485744e-7 -4.315492059631886e-13 0.000007829600075856138
v -4.583999805021102e-7 -9.398004356627602e-7 0.00000779170035524331
v -5.670999835846946e-7 -8.552004372105488e-7 0.000008119399638955183
v -6.694000181131057e-7 -6.803004019563603e-7 0.000007842399850520372
v 1.7030000509722138e-7 -3.4090059865446513e-7 0.000010628600119693523
v 1.0210000026817428e-7 -4.50900595164991e-7 0.000010775299724992448
v 8.390000215338068e-8 -7.998005408314902e-7 0.000010668500249908331
v -3.9019995748316945e-7 -6.474006158631556e-7 0.000011001499350849512
v -2.756999794877603e-7 -4.4980058072470297e-7 0.00001105600038056982
v -5.739999559349387e-7 -2.794006155918941e-7 0.000011177500760157802
v -6.580999468738222e-7 -3.134006272999722e-7 0.000011069399803939468
v -5.739999559349387e-7 -2.794006155918941e-7 0.000011177500760157802
v -5.910999838971534e-7 -6.098148805641486e-13 0.0000111896999606383
v -6.617999895166605e-7 -6.036530809198686e-13 0.000011069399846047531
v -6.580999468738222e-7 -3.134006272999722e-7 0.000011069399803939468
v -3.9019995748316945e-7 -6.474006158631556e-7 0.000011001499350849512
v -6.580999468738222e-7 -3.134006272999722e-7 0.000011069399803939468
v -8.142999831650406e-7 -5.145005577965601e-7 0.000010847100038379356
v -3.276999922913499e-7 -0.0000032549008033361514 0.00001028689976557903
v -6.450999936951323e-7 -0.000003370400815524422 0.000010233999457743997
v -6.235999759832399e-7 -0.0000030232005228639767 0.00001025979947090649
v -3.004999895119109e-7 -0.0000030125005102217493 0.000010347800152276249
v -6.235999759832399e-7 -0.0000030232005228639767 0.00001025979947090649
v -6.450999936951323e-7 -0.000003370400815524422 0.000010233999457743997
v -9.643999294884514e-7 -0.0000033205005847199473 0.000010519299689758677
v -8.898999459505089e-7 -0.000002863900425602167 0.000010465399451063856
v -9.643999294884514e-7 -0.0000033205005847199473 0.000010519299689758677
v -8.838999731572346e-7 -0.000003480500692895656 0.000010787900113784825
v -8.37699971646257e-7 -0.000002931300583495104 0.00001079720060867718
v -8.898999459505089e-7 -0.000002863900425602167 0.000010465399451063856
v -8.37699971646257e-7 -0.000002931300583495104 0.00001079720060867718
v -8.838999731572346e-7 -0.000003480500692895656 0.000010787900113784825
v -6.384000010354441e-7 -0.0000034253006389365394 0.000010961299598331414
v -6.299999809172006e-7 -0.000002935100686541453 0.00001091239940278353
v -6.384000010354441e-7 -0.0000034253006389365394 0.000010961299598331414
v -4.0040001309513996e-7 -0.000003394000328342208 0.000010882799578083208
v -3.9090001372937063e-7 -0.000002972600679818871 0.00001087199978408643
v -6.299999809172006e-7 -0.000002935100686541453 0.00001091239940278353
v -4.0040001309513996e-7 -0.000003394000328342208 0.000010882799578083208
v -1.7179999829553994e-7 -0.000003347000801430105 0.00001060829920970341
v -2.2760000720745856e-7 -0.0000030304005684414488 0.000010618200376471826
v -3.9090001372937063e-7 -0.000002972600679818871 0.00001087199978408643
v -2.2760000720745856e-7 -0.0000030304005684414488 0.000010618200376471826
v -1.7179999829553994e-7 -0.000003347000801430105 0.00001060829920970341
v -3.276999922913499e-7 -0.0000032549008033361514 0.00001028689976557903
v -3.004999895119109e-7 -0.0000030125005102217493 0.000010347800152276249
v 4.14300002210587e-7 -6.974750962089078e-13 0.000012901100843747207
v -5.1399987329927065e-8 -7.028571708038681e-13 0.000012971599642235527
v -5.369998569246411e-8 -2.0600071156248758e-7 0.00001294479964031804
v 3.8350000120326855e-7 -3.367007046370187e-7 0.000012850299474679637
v 1.74200009240722e-7 -5.757006763254076e-7 0.000012704599830215985
v 3.8350000120326855e-7 -3.367007046370187e-7 0.000012850299474679637
v -5.369998569246411e-8 -2.0600071156248758e-7 0.00001294479964031804
v -7.449998808541591e-8 -4.0590067049636136e-7 0.000012840699856868936
v 1.4580001008363876e-7 -5.808006571886226e-7 0.000012485499184392325
v 1.74200009240722e-7 -5.757006763254076e-7 0.000012704599830215985
v -1.9579998041810502e-7 -5.777006890239546e-7 0.000012684099089477313
v -2.172999799401037e-7 -5.924006852155533e-7 0.000012514400453867661
v -2.629998730631223e-8 -5.733006742386914e-7 0.000012231399433987382
v 1.4580001008363876e-7 -5.808006571886226e-7 0.000012485499184392325
v -2.172999799401037e-7 -5.924006852155533e-7 0.000012514400453867661
v -2.3669999262243514e-7 -5.958006655009162e-7 0.000012226300439297167
v -5.528999703637328e-7 -2.701006288636756e-7 0.000011567400165094833
v -4.862999667681759e-7 -4.143006465176468e-7 0.000011691799244251697
v -6.129999973699448e-7 -3.275006324861492e-7 0.000011867600381402314
v -3.881999786786738e-7 -1.9550069287515705e-7 0.000012868000445317526
v -6.874999809078873e-7 -2.060006981377706e-7 0.000012709499801332965
v -5.293999374675576e-7 -4.60300686275406e-7 0.00001259160013677969
v -3.08699957180024e-7 -3.88000680311422e-7 0.000012805899823222381
v -2.172999799401037e-7 -5.924006852155533e-7 0.000012514400453867661
v -1.9579998041810502e-7 -5.777006890239546e-7 0.000012684099089477313
v -5.293999374675576e-7 -4.60300686275406e-7 0.00001259160013677969
v -3.790999750738036e-7 -5.565006841134312e-7 0.000012350399191544922
v -2.3669999262243514e-7 -5.958006655009162e-7 0.000012226300439297167
v -2.172999799401037e-7 -5.924006852155533e-7 0.000012514400453867661
v -3.790999750738036e-7 -5.565006841134312e-7 0.000012350399191544922
v -2.3669999262243514e-7 -5.958006655009162e-7 0.000012226300439297167
v -3.790999750738036e-7 -5.565006841134312e-7 0.000012350399191544922
v -4.733999852448703e-7 -5.022006426544606e-7 0.000012077699769376396
v -3.963999463467869e-7 -5.791006742967262e-7 0.000012006600257427964
v -3.963999463467869e-7 -5.791006742967262e-7 0.000012006600257427964
v -4.733999852448703e-7 -5.022006426544606e-7 0.000012077699769376396
v -6.129999973699448e-7 -3.275006324861492e-7 0.000011867600381402314
v -4.862999667681759e-7 -4.143006465176468e-7 0.000011691799244251697
v -6.874999809078873e-7 -2.060006981377706e-7 0.000012709499801332965
v -7.043999927997587e-7 -6.922831097012822e-13 0.000012730300921044795
v -8.340999734183775e-7 -6.70744854922471e-13 0.000012317500292682406
v -7.761999412870044e-7 -2.502006738052402e-7 0.000012315199892048868
v -5.293999374675576e-7 -4.60300686275406e-7 0.00001259160013677969
v -6.874999809078873e-7 -2.060006981377706e-7 0.000012709499801332965
v -7.761999412870044e-7 -2.502006738052402e-7 0.000012315199892048868
v -6.074999556131668e-7 -4.603006493938545e-7 0.000012317099762085095
v -7.761999412870044e-7 -2.502006738052402e-7 0.000012315199892048868
v -8.340999734183775e-7 -6.70744854922471e-13 0.000012317500292682406
v -7.372999806467444e-7 -6.484742822479492e-13 0.000011905799789234503
v -6.129999973699448e-7 -3.275006324861492e-7 0.000011867600381402314
v -6.129999973699448e-7 -3.275006324861492e-7 0.000011867600381402314
v -4.733999852448703e-7 -5.022006426544606e-7 0.000012077699769376396
v -6.074999556131668e-7 -4.603006493938545e-7 0.000012317099762085095
v -7.761999412870044e-7 -2.502006738052402e-7 0.000012315199892048868
v -6.074999556131668e-7 -4.603006493938545e-7 0.000012317099762085095
v -4.733999852448703e-7 -5.022006426544606e-7 0.000012077699769376396
v -3.790999750738036e-7 -5.565006841134312e-7 0.000012350399191544922
v -5.293999374675576e-7 -4.60300686275406e-7 0.00001259160013677969
v 3.8350000120326855e-7 -3.367007046370187e-7 0.000012850299474679637
v 1.74200009240722e-7 -5.757006763254076e-7 0.000012704599830215985
v 5.845999709280211e-7 -4.077006833776212e-7 0.000012670600754240571
v 6.733999757220971e-7 -2.060006963372857e-7 0.000012696099232136509
v 1.74200009240722e-7 -5.757006763254076e-7 0.000012704599830215985
v 3.3199997400585604e-7 -4.856006806964215e-7 0.00001255729951911541
v 5.845999709280211e-7 -4.077006833776212e-7 0.000012670600754240571
v 1.4580001008363876e-7 -5.808006571886226e-7 0.000012485499184392325
v -2.629998730631223e-8 -5.733006742386914e-7 0.000012231399433987382
v 2.2219999167574577e-7 -5.198006522078914e-7 0.000012165600329755812
v 3.6460001050690147e-7 -4.889006949829859e-7 0.000012311400063447374
v 1.4580001008363876e-7 -5.808006571886226e-7 0.000012485499184392325
v 3.6460001050690147e-7 -4.889006949829859e-7 0.000012311400063447374
v 3.3199997400585604e-7 -4.856006806964215e-7 0.00001255729951911541
v 1.74200009240722e-7 -5.757006763254076e-7 0.000012704599830215985
v 2.2219999167574577e-7 -5.198006522078914e-7 0.000012165600329755812
v -2.629998730631223e-8 -5.733006742386914e-7 0.000012231399433987382
v 4.190000615405136e-8 -5.347006323624684e-7 0.000012027500308462047
v 2.018999976263381e-7 -5.347006354392939e-7 0.000012050400368983592
v 6.733999757220971e-7 -2.060006963372857e-7 0.000012696099232136509
v 5.845999709280211e-7 -4.077006833776212e-7 0.000012670600754240571
v 4.575000173249276e-7 -2.97800676147857e-7 0.000012519599602304903
v 5.447999743510041e-7 -1.932006767261511e-7 0.000012500999938307254
v 3.3199997400585604e-7 -4.856006806964215e-7 0.00001255729951911541
v 3.6460001050690147e-7 -4.889006949829859e-7 0.000012311400063447374
v 3.6460001050690147e-7 -4.5620064644285634e-7 0.000012314299973832433
v 3.3199997400585604e-7 -4.0860065836019996e-7 0.000012486799566819374
v 3.6460001050690147e-7 -4.889006949829859e-7 0.000012311400063447374
v 2.2219999167574577e-7 -5.198006522078914e-7 0.000012165600329755812
v 2.2219999167574577e-7 -4.780006672330356e-7 0.000012135999408175561
v 3.6460001050690147e-7 -4.5620064644285634e-7 0.000012314299973832433
v 5.845999709280211e-7 -4.077006833776212e-7 0.000012670600754240571
v 3.3199997400585604e-7 -4.856006806964215e-7 0.00001255729951911541
v 3.3199997400585604e-7 -4.0860065836019996e-7 0.000012486799566819374
v 4.575000173249276e-7 -2.97800676147857e-7 0.000012519599602304903
v 2.2219999167574577e-7 -5.198006522078914e-7 0.000012165600329755812
v 2.018999976263381e-7 -5.347006354392939e-7 0.000012050400368983592
v 2.018999976263381e-7 -4.861006508445893e-7 0.000012035600493991879
v 2.2219999167574577e-7 -4.780006672330356e-7 0.000012135999408175561
v -2.629998730631223e-8 -5.733006742386914e-7 0.000012231399433987382
v -2.3669999262243514e-7 -5.958006655009162e-7 0.000012226300439297167
v -2.3669999262243514e-7 -5.37700682252528e-7 0.000012226300447103412
v -2.629998730631223e-8 -5.348006678067272e-7 0.000012231399439160198
v -2.3669999262243514e-7 -5.958006655009162e-7 0.000012226300439297167
v -3.963999463467869e-7 -5.791006742967262e-7 0.000012006600257427964
v -3.5209998836470776e-7 -5.065006517736531e-7 0.00001200660026718242
v -2.3669999262243514e-7 -5.37700682252528e-7 0.000012226300447103412
v -3.963999463467869e-7 -5.791006742967262e-7 0.000012006600257427964
v -4.862999667681759e-7 -4.143006465176468e-7 0.000011691799244251697
v -3.7439999759839834e-7 -3.4410063279009056e-7 0.000011673399810008073
v -3.5209998836470776e-7 -5.065006517736531e-7 0.00001200660026718242
v 4.190000615405136e-8 -5.347006323624684e-7 0.000012027500308462047
v -2.629998730631223e-8 -5.733006742386914e-7 0.000012231399433987382
v -2.629998730631223e-8 -5.348006678067272e-7 0.000012231399439160198
v 4.190000615405136e-8 -4.962006623102963e-7 0.000012027500313634856
v 2.018999976263381e-7 -5.347006354392939e-7 0.000012050400368983592
v 4.190000615405136e-8 -5.347006323624684e-7 0.000012027500308462047
v 4.190000615405136e-8 -4.962006623102963e-7 0.000012027500313634856
v 2.018999976263381e-7 -4.861006508445893e-7 0.000012035600493991879
v -4.862999667681759e-7 -4.143006465176468e-7 0.000011691799244251697
v -5.528999703637328e-7 -2.701006288636756e-7 0.000011567400165094833
v -4.823999808145689e-7 -2.701006288636756e-7 0.000011567400165094833
v -3.7439999759839834e-7 -3.4410063279009056e-7 0.000011673399810008073
v -5.528999703637328e-7 -2.701006288636756e-7 0.000011567400165094833
v -6.373999934433026e-7 -6.294957598809207e-13 0.000011556099764829685
v -5.668999675143515e-7 -6.292495678976347e-13 0.000011556099764829685
v -4.823999808145689e-7 -2.701006288636756e-7 0.000011567400165094833
v 1.74200009240722e-7 -5.757006763254076e-7 0.000012704599830215985
v -7.449998808541591e-8 -4.0590067049636136e-7 0.000012840699856868936
v -1.9579998041810502e-7 -5.777006890239546e-7 0.000012684099089477313
v -1.9579998041810502e-7 -5.777006890239546e-7 0.000012684099089477313
v -7.449998808541591e-8 -4.0590067049636136e-7 0.000012840699856868936
v -3.08699957180024e-7 -3.88000680311422e-7 0.000012805899823222381
v -7.449998808541591e-8 -4.0590067049636136e-7 0.000012840699856868936
v -5.369998569246411e-8 -2.0600071156248758e-7 0.00001294479964031804
v -3.881999786786738e-7 -1.9550069287515705e-7 0.000012868000445317526
v -3.08699957180024e-7 -3.88000680311422e-7 0.000012805899823222381
v -5.369998569246411e-8 -2.0600071156248758e-7 0.00001294479964031804
v -5.1399987329927065e-8 -7.028571708038681e-13 0.000012971599642235527
v -3.607999598288916e-7 -6.991325710772221e-13 0.000012881399876627786
v -3.881999786786738e-7 -1.9550069287515705e-7 0.000012868000445317526
v -1.9579998041810502e-7 -5.777006890239546e-7 0.000012684099089477313
v -3.08699957180024e-7 -3.88000680311422e-7 0.000012805899823222381
v -5.293999374675576e-7 -4.60300686275406e-7 0.00001259160013677969
v 5.285999823255466e-7 -8.948003941146739e-7 0.0000073625998398157685
v 7.0129999836795e-7 -7.098004023295286e-7 0.0000072318002510297945
v 7.59599989880435e-7 -5.544003787618898e-7 0.000007545000014296683
v 5.542999737167734e-7 -8.03400428740961e-7 0.000007677700074825375
v 7.0129999836795e-7 -7.098004023295286e-7 0.0000072318002510297945
v 5.285999823255466e-7 -8.948003941146739e-7 0.0000073625998398157685
v 5.59599963023421e-7 -9.251004280101919e-7 0.0000070638000882034534
v -9.315999860564245e-7 -3.5841544619294667e-13 0.000006448300113450637
v -9.315999860564245e-7 -1.863003463038547e-7 0.000006322900400085
v -0.0000010356999469392008 -3.279003877031326e-7 0.000006827699974030276
v -0.0000010546999456707395 -3.808631151282303e-13 0.0000068616001635996014
v -0.0000010546999456707395 -3.808631151282303e-13 0.0000068616001635996014
v -0.0000010356999469392008 -3.279003877031326e-7 0.000006827699974030276
v -8.796999994779001e-7 -2.4150039591684253e-7 0.000007335600301053536
v -8.945999234259141e-7 -4.057471632082789e-13 0.000007339199895655259
v -8.796999994779001e-7 -2.4150039591684253e-7 0.000007335600301053536
v -7.779999404009441e-7 -2.415004099192757e-7 0.0000075751999404318954
v -7.931999248342601e-7 -4.1781622710103095e-13 0.000007572399601999345
v -8.945999234259141e-7 -4.057471632082789e-13 0.000007339199895655259
v -7.779999404009441e-7 -2.415004099192757e-7 0.0000075751999404318954
v -7.713999921562148e-7 -2.6860042933416903e-7 0.000007867100329511156
v -8.020999487485744e-7 -4.315492059631886e-13 0.000007829600075856138
v -7.931999248342601e-7 -4.1781622710103095e-13 0.000007572399601999345
v -8.127999717768284e-7 -4.4899087033987737e-13 0.0000081563005046281
v -7.482999186411514e-7 -3.24800460652612e-7 0.000008144600137757612
v -8.279999562101444e-7 -3.2460048422266716e-7 0.000008710599854370853
v -9.065999417720371e-7 -4.818309521531118e-13 0.000008766599748591133
v -9.065999417720371e-7 -4.818309521531118e-13 0.000008766599748591133
v -8.279999562101444e-7 -3.2460048422266716e-7 0.000008710599854370853
v -0.0000011033998934024963 -3.1470052745124535e-7 0.000009547500384827903
v -0.0000011533999092116966 -5.269414178719674e-13 0.000009597199879795066
v -0.0000011033998934024963 -3.1470052745124535e-7 0.000009547500384827903
v -0.0000010827999116273611 -3.790005590080546e-7 0.000010254499435981663
v -0.0000011201999336389834 -5.577025797433822e-13 0.00001017680039995386
v -0.0000011533999092116966 -5.269414178719674e-13 0.000009597199879795066
v -5.739999559349387e-7 -2.794006155918941e-7 0.000011177500760157802
v -4.92200004285853e-7 -2.0540062307697892e-7 0.00001142720002185504
v -5.577999639094812e-7 -6.223509593967972e-13 0.000011427200049452345
v -5.910999838971534e-7 -6.098148805641486e-13 0.0000111896999606383
v 7.836999982280653e-7 -4.550004307714947e-7 0.000007907999921988563
v 7.59599989880435e-7 -5.544003787618898e-7 0.000007545000014296683
v 7.939999891156329e-7 -4.096573439240519e-13 0.000007523299688289469
v 7.589999416694054e-7 -4.298262055480565e-13 0.000007899600034634559
v 2.0760000088377843e-7 -5.836013519981063e-13 0.000010750000405001708
v 1.0210000026817428e-7 -4.50900595164991e-7 0.000010775299724992448
v 1.7030000509722138e-7 -3.4090059865446513e-7 0.000010628600119693523
v 2.5220000116126597e-7 -5.735740725522418e-13 0.000010564699788188353
v -8.74300002136081e-7 -5.924514806586069e-13 0.000010845200209241959
v -8.142999831650406e-7 -5.145005577965601e-7 0.000010847100038379356
v -6.580999468738222e-7 -3.134006272999722e-7 0.000011069399803939468
v -6.617999895166605e-7 -6.036530809198686e-13 0.000011069399846047531
v -7.043999927997587e-7 -6.922831097012822e-13 0.000012730300921044795
v -6.874999809078873e-7 -2.060006981377706e-7 0.000012709499801332965
v -3.881999786786738e-7 -1.9550069287515705e-7 0.000012868000445317526
v -3.607999598288916e-7 -6.991325710772221e-13 0.000012881399876627786
v -6.373999934433026e-7 -6.294957598809207e-13 0.000011556099764829685
v -5.528999703637328e-7 -2.701006288636756e-7 0.000011567400165094833
v -6.129999973699448e-7 -3.275006324861492e-7 0.000011867600381402314
v -7.372999806467444e-7 -6.484742822479492e-13 0.000011905799789234503
v 4.14300002210587e-7 -6.974750962089078e-13 0.000012901100843747207
v 3.8350000120326855e-7 -3.367007046370187e-7 0.000012850299474679637
v 6.733999757220971e-7 -2.060006963372857e-7 0.000012696099232136509
v 7.023999776154758e-7 -6.865760533416946e-13 0.000012715399758181911
v 6.733999757220971e-7 -2.060006963372857e-7 0.000012696099232136509
v 5.447999743510041e-7 -1.932006767261511e-7 0.000012500999938307254
v 6.022999743416908e-7 -6.747419998500583e-13 0.000012486699504530407
v 7.023999776154758e-7 -6.865760533416946e-13 0.000012715399758181911
v -2.777999845173212e-7 0.0000014972998233800873 0.0000012071001127450407
v -8.904999941615385e-7 0.000001473999874893425 0.000001216700154685066
v -8.288999921469015e-7 0.000001424499804438477 0.000002143700107302203
v -2.4000000312458705e-7 0.000001466899848757998 0.0000023026002056905737
v -2.777999845173212e-7 0.0000014972998233800873 0.0000012071001127450407
v -2.4000000312458705e-7 0.000001466899848757998 0.0000023026002056905737
v 4.839999638581654e-8 0.000001081899871950565 0.000002192799974980751
v 9.309999560352886e-8 0.0000010821999197438417 0.00000120450006598763
v -9.985999854128806e-7 0.0000010083999046843296 0.0000020547000913327264
v -8.288999921469015e-7 0.000001424499804438477 0.000002143700107302203
v -8.904999941615385e-7 0.000001473999874893425 0.000001216700154685066
v -0.000001031999977055937 0.0000010958999682760138 0.0000011979000459372774
v 4.839999638581654e-8 0.000001081899871950565 0.000002192799974980751
v -1.8189999130265798e-7 6.098998700481005e-7 0.000002140500031336365
v -2.0649998525646538e-7 7.083998740526403e-7 0.0000012767000060929303
v 9.309999560352886e-8 0.0000010821999197438417 0.00000120450006598763
v -1.8189999130265798e-7 6.098998700481005e-7 0.000002140500031336365
v -5.866999941474756e-7 5.440998867494031e-7 0.0000021313001551385793
v -7.649999872222542e-7 7.560998916543867e-7 0.0000012894000524207489
v -2.0649998525646538e-7 7.083998740526403e-7 0.0000012767000060929303
v -5.866999941474756e-7 5.440998867494031e-7 0.0000021313001551385793
v -9.985999854128806e-7 0.0000010083999046843296 0.0000020547000913327264
v -0.000001031999977055937 0.0000010958999682760138 0.0000011979000459372774
v -7.649999872222542e-7 7.560998916543867e-7 0.0000012894000524207489
v -8.288999921469015e-7 0.000001424499804438477 0.000002143700107302203
v -8.114999764589594e-7 0.0000013735998835439635 0.0000027435001364131333
v -1.764999939608388e-7 0.0000014260998303242338 0.0000029094999708745034
v -2.4000000312458705e-7 0.000001466899848757998 0.0000023026002056905737
v -2.4000000312458705e-7 0.000001466899848757998 0.0000023026002056905737
v -1.764999939608388e-7 0.0000014260998303242338 0.0000029094999708745034
v 1.408999983479967e-7 0.0000011069997995896984 0.0000028751000696626194
v 4.839999638581654e-8 0.000001081899871950565 0.000002192799974980751
v -9.985999854128806e-7 0.0000010083999046843296 0.0000020547000913327264
v -9.37099955053628e-7 8.738998644113412e-7 0.000002742800122073135
v -8.114999764589594e-7 0.0000013735998835439635 0.0000027435001364131333
v -8.288999921469015e-7 0.000001424499804438477 0.000002143700107302203
v 4.839999638581654e-8 0.000001081899871950565 0.000002192799974980751
v 1.408999983479967e-7 0.0000011069997995896984 0.0000028751000696626194
v -5.7399996502988556e-8 5.812998168854636e-7 0.0000027326998883067345
v -1.8189999130265798e-7 6.098998700481005e-7 0.000002140500031336365
v -1.8189999130265798e-7 6.098998700481005e-7 0.000002140500031336365
v -5.7399996502988556e-8 5.812998168854636e-7 0.0000027326998883067345
v -6.105999500449755e-7 5.039998448155958e-7 0.000002790899978357174
v -5.866999941474756e-7 5.440998867494031e-7 0.0000021313001551385793
v -5.866999941474756e-7 5.440998867494031e-7 0.0000021313001551385793
v -6.105999500449755e-7 5.039998448155958e-7 0.000002790899978357174
v -9.37099955053628e-7 8.738998644113412e-7 0.000002742800122073135
v -9.985999854128806e-7 0.0000010083999046843296 0.0000020547000913327264
v -8.114999764589594e-7 0.0000013735998835439635 0.0000027435001364131333
v -6.150999842096121e-7 0.0000014098998372416174 0.000003442699955724025
v -5.0699994748353585e-8 0.0000013768997243601042 0.0000034681998572776154
v -1.764999939608388e-7 0.0000014260998303242338 0.0000029094999708745034
v -1.764999939608388e-7 0.0000014260998303242338 0.0000029094999708745034
v -5.0699994748353585e-8 0.0000013768997243601042 0.0000034681998572776154
v 2.778999925524928e-7 0.0000010001998630916543 0.0000034090002805784588
v 1.408999983479967e-7 0.0000011069997995896984 0.0000028751000696626194
v -9.37099955053628e-7 8.738998644113412e-7 0.000002742800122073135
v -7.967999958217141e-7 9.128997807628812e-7 0.0000034419999417467908
v -6.150999842096121e-7 0.0000014098998372416174 0.000003442699955724025
v -8.114999764589594e-7 0.0000013735998835439635 0.0000027435001364131333
v 1.408999983479967e-7 0.0000011069997995896984 0.0000028751000696626194
v 2.778999925524928e-7 0.0000010001998630916543 0.0000034090002805784588
v 7.539999673733258e-8 5.05199793882042e-7 0.000003347300086591695
v -5.7399996502988556e-8 5.812998168854636e-7 0.0000027326998883067345
v -5.7399996502988556e-8 5.812998168854636e-7 0.0000027326998883067345
v 7.539999673733258e-8 5.05199793882042e-7 0.000003347300086591695
v -4.860999870776199e-7 4.164997815509658e-7 0.000003374499935588897
v -6.105999500449755e-7 5.039998448155958e-7 0.000002790899978357174
v -6.105999500449755e-7 5.039998448155958e-7 0.000002790899978357174
v -4.860999870776199e-7 4.164997815509658e-7 0.000003374499935588897
v -7.967999958217141e-7 9.128997807628812e-7 0.0000034419999417467908
v -9.37099955053628e-7 8.738998644113412e-7 0.000002742800122073135
v -6.150999842096121e-7 0.0000014098998372416174 0.000003442699955724025
v -5.46299949359429e-7 0.0000013734997642819957 0.0000038419998928113015
v 3.5000001971493414e-8 0.0000014022997715083718 0.00000371150005252576
v -5.0699994748353585e-8 0.0000013768997243601042 0.0000034681998572776154
v -5.0699994748353585e-8 0.0000013768997243601042 0.0000034681998572776154
v 3.5000001971493414e-8 0.0000014022997715083718 0.00000371150005252576
v 3.8940000234115844e-7 0.0000010104997435588888 0.0000036996000243539317
v 2.778999925524928e-7 0.0000010001998630916543 0.0000034090002805784588
v -7.967999958217141e-7 9.128997807628812e-7 0.0000034419999417467908
v -7.018999738194051e-7 8.865997543723399e-7 0.0000038589001325928575
v -5.46299949359429e-7 0.0000013734997642819957 0.0000038419998928113015
v -6.150999842096121e-7 0.0000014098998372416174 0.000003442699955724025
v 2.778999925524928e-7 0.0000010001998630916543 0.0000034090002805784588
v 3.8940000234115844e-7 0.0000010104997435588888 0.0000036996000243539317
v 1.5339999320534997e-7 5.172997824681839e-7 0.0000036407002014892377
v 7.539999673733258e-8 5.05199793882042e-7 0.000003347300086591695
v 7.539999673733258e-8 5.05199793882042e-7 0.000003347300086591695
v 1.5339999320534997e-7 5.172997824681839e-7 0.0000036407002014892377
v -3.9059998962385584e-7 4.301998114564229e-7 0.0000037772999064503205
v -4.860999870776199e-7 4.164997815509658e-7 0.000003374499935588897
v -4.860999870776199e-7 4.164997815509658e-7 0.000003374499935588897
v -3.9059998962385584e-7 4.301998114564229e-7 0.0000037772999064503205
v -7.018999738194051e-7 8.865997543723399e-7 0.0000038589001325928575
v -7.967999958217141e-7 9.128997807628812e-7 0.0000034419999417467908
v -5.46299949359429e-7 0.0000013734997642819957 0.0000038419998928113015
v -5.189999749246056e-7 0.000001357899778520696 0.000004138600261542583
v 6.179999989508648e-8 0.0000013829996613829612 0.000004071100034414469
v 3.5000001971493414e-8 0.0000014022997715083718 0.00000371150005252576
v 3.5000001971493414e-8 0.0000014022997715083718 0.00000371150005252576
v 6.179999989508648e-8 0.0000013829996613829612 0.000004071100034414469
v 4.6470001378068646e-7 9.61199767922017e-7 0.0000040406998592716195
v 3.8940000234115844e-7 0.0000010104997435588888 0.0000036996000243539317
v -7.018999738194051e-7 8.865997543723399e-7 0.0000038589001325928575
v -6.614999290313584e-7 8.2299976419727e-7 0.000004135699992644181
v -5.189999749246056e-7 0.000001357899778520696 0.000004138600261542583
v -5.46299949359429e-7 0.0000013734997642819957 0.0000038419998928113015
v 3.8940000234115844e-7 0.0000010104997435588888 0.0000036996000243539317
v 4.6470001378068646e-7 9.61199767922017e-7 0.0000040406998592716195
v 2.4910000672945725e-7 4.871997471269607e-7 0.000004013999938533945
v 1.5339999320534997e-7 5.172997824681839e-7 0.0000036407002014892377
v 1.5339999320534997e-7 5.172997824681839e-7 0.0000036407002014892377
v 2.4910000672945725e-7 4.871997471269607e-7 0.000004013999938533945
v -4.14300002210587e-7 3.9039976832407026e-7 0.000004083999884306433
v -3.9059998962385584e-7 4.301998114564229e-7 0.0000037772999064503205
v -3.9059998962385584e-7 4.301998114564229e-7 0.0000037772999064503205
v -4.14300002210587e-7 3.9039976832407026e-7 0.000004083999884306433
v -6.614999290313584e-7 8.2299976419727e-7 0.000004135699992644181
v -7.018999738194051e-7 8.865997543723399e-7 0.0000038589001325928575
v -5.189999749246056e-7 0.000001357899778520696 0.000004138600261542583
v -4.773999792336489e-7 0.000001309799613458092 0.000004983800033429421
v 1.1399999238923203e-7 0.0000013177996772048694 0.000004969400039658015
v 6.179999989508648e-8 0.0000013829996613829612 0.000004071100034414469
v 6.179999989508648e-8 0.0000013829996613829612 0.000004071100034414469
v 1.1399999238923203e-7 0.0000013177996772048694 0.000004969400039658015
v 5.169999597403227e-7 8.752996808037763e-7 0.000004947999931272436
v 4.6470001378068646e-7 9.61199767922017e-7 0.0000040406998592716195
v -6.614999290313584e-7 8.2299976419727e-7 0.000004135699992644181
v -6.667999547177932e-7 7.123997772987568e-7 0.0000049345003871543
v -4.773999792336489e-7 0.000001309799613458092 0.000004983800033429421
v -5.189999749246056e-7 0.000001357899778520696 0.000004138600261542583
v 4.6470001378068646e-7 9.61199767922017e-7 0.0000040406998592716195
v 5.169999597403227e-7 8.752996808037763e-7 0.000004947999931272436
v 3.0479998941631065e-7 3.215997270243094e-7 0.000004875500169821616
v 2.4910000672945725e-7 4.871997471269607e-7 0.000004013999938533945
v 2.4910000672945725e-7 4.871997471269607e-7 0.000004013999938533945
v 3.0479998941631065e-7 3.215997270243094e-7 0.000004875500169821616
v -3.331999976683407e-7 3.0789971437478616e-7 0.000004885800305771531
v -4.14300002210587e-7 3.9039976832407026e-7 0.000004083999884306433
v -4.14300002210587e-7 3.9039976832407026e-7 0.000004083999884306433
v -3.331999976683407e-7 3.0789971437478616e-7 0.000004885800305771531
v -6.667999547177932e-7 7.123997772987568e-7 0.0000049345003871543
v -6.614999290313584e-7 8.2299976419727e-7 0.000004135699992644181
v -4.773999792336489e-7 0.000001309799613458092 0.000004983800033429421
v -6.149999397946532e-7 0.000001239699667285973 0.000006183900099773692
v 1.895999915544876e-7 0.000001291399737546456 0.000006034699885248731
v 1.1399999238923203e-7 0.0000013177996772048694 0.000004969400039658015
v 1.1399999238923203e-7 0.0000013177996772048694 0.000004969400039658015
v 1.895999915544876e-7 0.000001291399737546456 0.000006034699885248731
v 6.78599956993573e-7 7.851996810900057e-7 0.000005938000001406278
v 5.169999597403227e-7 8.752996808037763e-7 0.000004947999931272436
v -6.667999547177932e-7 7.123997772987568e-7 0.0000049345003871543
v -7.711999760858716e-7 6.546996372917672e-7 0.000005799299843529385
v -6.149999397946532e-7 0.000001239699667285973 0.000006183900099773692
v -4.773999792336489e-7 0.000001309799613458092 0.000004983800033429421
v 5.169999597403227e-7 8.752996808037763e-7 0.000004947999931272436
v 6.78599956993573e-7 7.851996810900057e-7 0.000005938000001406278
v 4.4780000188881505e-7 1.6669968811750892e-7 0.000005652899927371164
v 3.0479998941631065e-7 3.215997270243094e-7 0.000004875500169821616
v 3.0479998941631065e-7 3.215997270243094e-7 0.000004875500169821616
v 4.4780000188881505e-7 1.6669968811750892e-7 0.000005652899927371164
v -4.2359998550601315e-7 2.1229970083748399e-7 0.000005662400006899692
v -3.331999976683407e-7 3.0789971437478616e-7 0.000004885800305771531
v -3.331999976683407e-7 3.0789971437478616e-7 0.000004885800305771531
v -4.2359998550601315e-7 2.1229970083748399e-7 0.000005662400006899692
v -7.711999760858716e-7 6.546996372917672e-7 0.000005799299843529385
v -6.667999547177932e-7 7.123997772987568e-7 0.0000049345003871543
v -6.149999397946532e-7 0.000001239699667285973 0.000006183900099773692
v -5.893999928183852e-7 0.0000011537995839255111 0.000006521700137107047
v 1.920999923449476e-7 0.000001231899650650665 0.0000065090003987199185
v 1.895999915544876e-7 0.000001291399737546456 0.000006034699885248731
v 1.895999915544876e-7 0.000001291399737546456 0.000006034699885248731
v 1.920999923449476e-7 0.000001231899650650665 0.0000065090003987199185
v 6.664999669920657e-7 7.198996523582293e-7 0.0000062957006609261475
v 6.78599956993573e-7 7.851996810900057e-7 0.000005938000001406278
v -7.711999760858716e-7 6.546996372917672e-7 0.000005799299843529385
v -8.942999357001866e-7 5.754996515920778e-7 0.000006174600171506757
v -5.893999928183852e-7 0.0000011537995839255111 0.000006521700137107047
v -6.149999397946532e-7 0.000001239699667285973 0.000006183900099773692
v 6.78599956993573e-7 7.851996810900057e-7 0.000005938000001406278
v 4.686999713896778e-7 8.39996688183342e-8 0.000006077000399100872
v 4.4780000188881505e-7 1.6669968811750892e-7 0.000005652899927371164
v 4.4780000188881505e-7 1.6669968811750892e-7 0.000005652899927371164
v 4.686999713896778e-7 8.39996688183342e-8 0.000006077000399100872
v -2.645999788885008e-7 1.8749965754378044e-7 0.000006020600093647668
v -4.2359998550601315e-7 2.1229970083748399e-7 0.000005662400006899692
v -4.2359998550601315e-7 2.1229970083748399e-7 0.000005662400006899692
v -2.645999788885008e-7 1.8749965754378044e-7 0.000006020600093647668
v -8.942999357001866e-7 5.754996515920778e-7 0.000006174600171506757
v -7.711999760858716e-7 6.546996372917672e-7 0.000005799299843529385
v -2.645999788885008e-7 1.8749965754378044e-7 0.000006020600093647668
v 4.686999713896778e-7 8.39996688183342e-8 0.000006077000399100872
v 4.2909995450321665e-7 -3.357049419668451e-13 0.000006111200302815071
v -2.652999805650211e-7 -3.3980283800232567e-13 0.000006142599846935203
v 4.686999713896778e-7 8.39996688183342e-8 0.000006077000399100872
v 6.571999836966396e-7 2.63499657141031e-7 0.000006332600186220665
v 6.881999280147267e-7 -3.45689017631717e-13 0.000006315600019466588
v 4.2909995450321665e-7 -3.357049419668451e-13 0.000006111200302815071
v 4.686999713896778e-7 8.39996688183342e-8 0.000006077000399100872
v 6.78599956993573e-7 7.851996810900057e-7 0.000005938000001406278
v 6.664999669920657e-7 7.198996523582293e-7 0.0000062957006609261475
v 6.571999836966396e-7 2.63499657141031e-7 0.000006332600186220665
v 6.571999836966396e-7 2.63499657141031e-7 0.000006332600186220665
v 7.340999417999769e-7 3.701996049555437e-7 0.0000070083999506056215
v 7.722999553333974e-7 -3.809869533739008e-13 0.000006983699477190728
v 6.881999280147267e-7 -3.45689017631717e-13 0.000006315600019466588
v 6.664999669920657e-7 7.198996523582293e-7 0.0000062957006609261475
v 5.59599963023421e-7 9.250996212359733e-7 0.0000070638003367941836
v 7.340999417999769e-7 3.701996049555437e-7 0.0000070083999506056215
v 6.571999836966396e-7 2.63499657141031e-7 0.000006332600186220665
v -2.645999788885008e-7 1.8749965754378044e-7 0.000006020600093647668
v -9.315999860564245e-7 1.8629964767302544e-7 0.000006322900450147103
v -8.942999357001866e-7 5.754996515920778e-7 0.000006174600171506757
v -5.893999928183852e-7 0.0000011537995839255111 0.000006521700137107047
v -5.432999993425791e-7 0.0000010184995822271315 0.000006984999973325657
v 2.1889998117359386e-7 0.000001203899655010117 0.00000703250036524461
v 1.920999923449476e-7 0.000001231899650650665 0.0000065090003987199185
v 1.920999923449476e-7 0.000001231899650650665 0.0000065090003987199185
v 2.1889998117359386e-7 0.000001203899655010117 0.00000703250036524461
v 5.59599963023421e-7 9.250996212359733e-7 0.0000070638003367941836
v 6.664999669920657e-7 7.198996523582293e-7 0.0000062957006609261475
v -8.942999357001866e-7 5.754996515920778e-7 0.000006174600171506757
v -9.194999232953427e-7 6.185996090479897e-7 0.000006857799868107268
v -5.432999993425791e-7 0.0000010184995822271315 0.000006984999973325657
v -5.893999928183852e-7 0.0000011537995839255111 0.000006521700137107047
v -9.194999232953427e-7 6.185996090479897e-7 0.000006857799868107268
v -7.919000022759657e-7 6.258995850367591e-7 0.0000073480003969896715
v -5.067999768879267e-7 9.540996009601776e-7 0.000007257800093401826
v -5.432999993425791e-7 0.0000010184995822271315 0.000006984999973325657
v -5.432999993425791e-7 0.0000010184995822271315 0.000006984999973325657
v -5.067999768879267e-7 9.540996009601776e-7 0.000007257800093401826
v 2.1889998117359386e-7 0.000001203899655010117 0.00000703250036524461
v -9.315999860564245e-7 1.8629964767302544e-7 0.000006322900450147103
v -0.0000010356999469392008 3.277996363246012e-7 0.00000682770006212937
v -9.194999232953427e-7 6.185996090479897e-7 0.000006857799868107268
v -8.942999357001866e-7 5.754996515920778e-7 0.000006174600171506757
v -0.0000010356999469392008 3.277996363246012e-7 0.00000682770006212937
v -8.796999994779001e-7 2.4149958886471113e-7 0.000007335600365948852
v -7.919000022759657e-7 6.258995850367591e-7 0.0000073480003969896715
v -9.194999232953427e-7 6.185996090479897e-7 0.000006857799868107268
v 7.722999553333974e-7 -3.809869533739008e-13 0.000006983699477190728
v 7.340999417999769e-7 3.701996049555437e-7 0.0000070083999506056215
v 7.21699964072742e-7 3.3749960583689115e-7 0.0000071791998689145006
v 7.639000079747284e-7 -3.90131339506572e-13 0.0000071547997514570955
v 5.59599963023421e-7 9.250996212359733e-7 0.0000070638003367941836
v 7.0129999836795e-7 7.097996231702887e-7 0.0000072318004417656045
v 7.21699964072742e-7 3.3749960583689115e-7 0.0000071791998689145006
v 7.340999417999769e-7 3.701996049555437e-7 0.0000070083999506056215
v 2.1889998117359386e-7 0.000001203899655010117 0.00000703250036524461
v 2.117000029077286e-7 0.0000011391996011387645 0.00000739519989932425
v 5.286000187053338e-7 8.947995798073438e-7 0.000007362599498187668
v 5.59599963023421e-7 9.250996212359733e-7 0.0000070638003367941836
v -7.919000022759657e-7 6.258995850367591e-7 0.0000073480003969896715
v -7.071999267462654e-7 6.051995613411485e-7 0.0000075795004366634795
v -3.5009997318042485e-7 9.429995813736667e-7 0.000007523400514254512
v -5.067999768879267e-7 9.540996009601776e-7 0.000007257800093401826
v -5.067999768879267e-7 9.540996009601776e-7 0.000007257800093401826
v -3.5009997318042485e-7 9.429995813736667e-7 0.000007523400514254512
v 2.117000029077286e-7 0.0000011391996011387645 0.00000739519989932425
v 2.1889998117359386e-7 0.000001203899655010117 0.00000703250036524461
v -8.796999994779001e-7 2.4149958886471113e-7 0.000007335600365948852
v -7.779999404009441e-7 2.41499574862278e-7 0.000007575200005327212
v -7.071999267462654e-7 6.051995613411485e-7 0.0000075795004366634795
v -7.919000022759657e-7 6.258995850367591e-7 0.0000073480003969896715
v 7.21699964072742e-7 3.3749960583689115e-7 0.0000071791998689145006
v 7.59599989880435e-7 5.543995881999269e-7 0.000007545000163273758
v 7.939999891156329e-7 -4.096573439240519e-13 0.000007523299688289469
v 7.639000079747284e-7 -3.90131339506572e-13 0.0000071547997514570955
v 7.0129999836795e-7 7.097996231702887e-7 0.0000072318004417656045
v 7.59599989880435e-7 5.543995881999269e-7 0.000007545000163273758
v 7.21699964072742e-7 3.3749960583689115e-7 0.0000071791998689145006
v 2.117000029077286e-7 0.0000011391996011387645 0.00000739519989932425
v 2.0010001670229201e-7 0.0000010827995273775327 0.00000773340040937313
v 5.542999737167734e-7 8.033996025201371e-7 0.000007677700290713162
v 5.286000187053338e-7 8.947995798073438e-7 0.000007362599498187668
v -7.071999267462654e-7 6.051995613411485e-7 0.0000075795004366634795
v -6.694000181131057e-7 6.802995314777997e-7 0.000007842400033328998
v -4.583999805021102e-7 9.397995788081191e-7 0.00000779170002570751
v -3.5009997318042485e-7 9.429995813736667e-7 0.000007523400514254512
v -3.5009997318042485e-7 9.429995813736667e-7 0.000007523400514254512
v -4.583999805021102e-7 9.397995788081191e-7 0.00000779170002570751
v 2.0010001670229201e-7 0.0000010827995273775327 0.00000773340040937313
v 2.117000029077286e-7 0.0000011391996011387645 0.00000739519989932425
v -7.071999267462654e-7 6.051995613411485e-7 0.0000075795004366634795
v -7.779999404009441e-7 2.41499574862278e-7 0.000007575200005327212
v -7.713999921562148e-7 2.685995704081424e-7 0.00000786709981961205
v -6.694000181131057e-7 6.802995314777997e-7 0.000007842400033328998
v 7.589999416694054e-7 -4.298262055480565e-13 0.000007899600034634559
v 7.836999982280653e-7 4.549995790448357e-7 0.000007908000044255108
v 7.740999544473371e-7 2.7539953050627115e-7 0.000008582200223472066
v 8.211999918950719e-7 -4.702030049322138e-13 0.00000866160010146184
v 5.080999722057957e-7 7.757995191637065e-7 0.00000801059983235844
v 4.970999614518142e-7 7.88599510561501e-7 0.000008702400289827803
v 7.740999544473371e-7 2.7539953050627115e-7 0.000008582200223472066
v 7.836999982280653e-7 4.549995790448357e-7 0.000007908000044255108
v 1.1650001136958568e-7 0.0000010715995220415559 0.000008103799660889032
v -3.809998730835531e-8 0.000001054899577607404 0.000008787699587694118
v 4.970999614518142e-7 7.88599510561501e-7 0.000008702400289827803
v 5.080999722057957e-7 7.757995191637065e-7 0.00000801059983235844
v -5.67199955240079e-7 8.551995650568267e-7 0.00000811939986876254
v -6.881999280147267e-7 8.790994769068138e-7 0.000008741900607184077
v -3.809998730835531e-8 0.000001054899577607404 0.000008787699587694118
v 1.1650001136958568e-7 0.0000010715995220415559 0.000008103799660889032
v -7.482999186411514e-7 3.247995453472973e-7 0.000008144600225037115
v -8.279999562101444e-7 3.2459952596260006e-7 0.000008710599941596612
v -6.881999280147267e-7 8.790994769068138e-7 0.000008741900607184077
v -5.67199955240079e-7 8.551995650568267e-7 0.00000811939986876254
v 8.211999918950719e-7 -4.702030049322138e-13 0.00000866160010146184
v 7.740999544473371e-7 2.7539953050627115e-7 0.000008582200223472066
v 7.635999474894263e-7 1.609995089722283e-7 0.000009257800305850993
v 7.538999320533138e-7 -5.008995623853546e-13 0.000009233400212107921
v 4.970999614518142e-7 7.88599510561501e-7 0.000008702400289827803
v 4.39099994044844e-7 9.057994649442867e-7 0.000009391600042743312
v 7.485000074710692e-7 5.025995161782488e-7 0.000009272000112218288
v 7.740999544473371e-7 2.7539953050627115e-7 0.000008582200223472066
v -3.809998730835531e-8 0.000001054899577607404 0.000008787699587694118
v -9.90999774917499e-8 0.000001164599474054725 0.000009476800386567291
v 4.39099994044844e-7 9.057994649442867e-7 0.000009391600042743312
v 4.970999614518142e-7 7.88599510561501e-7 0.000008702400289827803
v -6.881999280147267e-7 8.790994769068138e-7 0.000008741900607184077
v -7.523999206651016e-7 0.0000010921994735004266 0.000009433099806360932
v -9.90999774917499e-8 0.000001164599474054725 0.000009476800386567291
v -3.809998730835531e-8 0.000001054899577607404 0.000008787699587694118
v -8.279999562101444e-7 3.2459952596260006e-7 0.000008710599941596612
v -0.0000011033998934024963 3.146994898203809e-7 0.000009547500469393358
v -7.523999206651016e-7 0.0000010921994735004266 0.000009433099806360932
v -6.881999280147267e-7 8.790994769068138e-7 0.000008741900607184077
v 7.635999474894263e-7 1.609995089722283e-7 0.000009257800305850993
v 7.707999439451852e-7 1.4159947888819254e-7 0.000009503299871793812
v 7.770000055683772e-7 -5.152079352289725e-13 0.00000950350008714457
v 7.538999320533138e-7 -5.008995623853546e-13 0.000009233400212107921
v 4.39099994044844e-7 9.057994649442867e-7 0.000009391600042743312
v 4.224999698787001e-7 9.331995318451124e-7 0.000009602899699973796
v 7.156999912794678e-7 5.284994959484575e-7 0.00000950400016201647
v 7.485000074710692e-7 5.025995161782488e-7 0.000009272000112218288
v -9.90999774917499e-8 0.000001164599474054725 0.000009476800386567291
v -1.2999997743929315e-7 0.0000013413994595391308 0.000009896099924753234
v 4.224999698787001e-7 9.331995318451124e-7 0.000009602899699973796
v 4.39099994044844e-7 9.057994649442867e-7 0.000009391600042743312
v -7.523999206651016e-7 0.0000010921994735004266 0.000009433099806360932
v -6.593999421916912e-7 0.0000014874995433569065 0.000009875900719630423
v -1.2999997743929315e-7 0.0000013413994595391308 0.000009896099924753234
v -9.90999774917499e-8 0.000001164599474054725 0.000009476800386567291
v -0.0000011033998934024963 3.146994898203809e-7 0.000009547500469393358
v -0.0000010827999116273611 3.790994485820302e-7 0.0000102544995378391
v -9.692999957937743e-7 9.065994328769975e-7 0.000010109499652524038
v -7.523999206651016e-7 0.0000010921994735004266 0.000009433099806360932
v 7.156999912794678e-7 5.284994959484575e-7 0.00000950400016201647
v 7.707999439451852e-7 1.4159947888819254e-7 0.000009503299871793812
v 7.635999474894263e-7 1.609995089722283e-7 0.000009257800305850993
v 7.485000074710692e-7 5.025995161782488e-7 0.000009272000112218288
v 7.635999474894263e-7 1.609995089722283e-7 0.000009257800305850993
v 7.740999544473371e-7 2.7539953050627115e-7 0.000008582200223472066
v 7.485000074710692e-7 5.025995161782488e-7 0.000009272000112218288
v -7.523999206651016e-7 0.0000010921994735004266 0.000009433099806360932
v -9.692999957937743e-7 9.065994328769975e-7 0.000010109499652524038
v -8.888999383583674e-7 0.0000013019995228924449 0.000010191400222034661
v -6.593999421916912e-7 0.0000014874995433569065 0.000009875900719630423
v -9.692999957937743e-7 9.065994328769975e-7 0.000010109499652524038
v -8.134999916432423e-7 9.904994531181752e-7 0.000010667999904511032
v -8.523999522835023e-7 0.000001389499403890533 0.000010693599690257297
v -8.888999383583674e-7 0.0000013019995228924449 0.000010191400222034661
v -8.134999916432423e-7 9.904994531181752e-7 0.000010667999904511032
v -4.4419996728114835e-7 0.0000010205994058017966 0.000010909900497027221
v -4.745999361477804e-7 0.0000014896993677620135 0.000010876099367576522
v -8.523999522835023e-7 0.000001389499403890533 0.000010693599690257297
v -4.4419996728114835e-7 0.0000010205994058017966 0.000010909900497027221
v -4.639998574900703e-8 0.000001070099381278575 0.000010689799850813046
v -1.2369998054050412e-7 0.0000015085994234968636 0.000010681699730729407
v -4.745999361477804e-7 0.0000014896993677620135 0.000010876099367576522
v -4.639998574900703e-8 0.000001070099381278575 0.000010689799850813046
v 1.624000069649422e-7 0.0000010890994526176084 0.000010168400015720123
v -9.399985077821804e-9 0.0000015516994681831314 0.000010444899303868777
v -1.2369998054050412e-7 0.0000015085994234968636 0.000010681699730729407
v 4.224999698787001e-7 9.331995318451124e-7 0.000009602899699973796
v -1.2999997743929315e-7 0.0000013413994595391308 0.000009896099924753234
v 1.624000069649422e-7 0.0000010890994526176084 0.000010168400015720123
v 1.624000069649422e-7 0.0000010890994526176084 0.000010168400015720123
v -1.2999997743929315e-7 0.0000013413994595391308 0.000009896099924753234
v -9.399985077821804e-9 0.0000015516994681831314 0.000010444899303868777
v -6.593999421916912e-7 0.0000014874995433569065 0.000009875900719630423
v -6.436999539623044e-7 0.0000018717994855319966 0.000010094900135061615
v -2.2719997506677217e-7 0.000001759599548530525 0.000010105399619038151
v -1.2999997743929315e-7 0.0000013413994595391308 0.000009896099924753234
v -8.888999383583674e-7 0.0000013019995228924449 0.000010191400222034661
v -8.954999593626712e-7 0.0000018118993817453457 0.000010455299884845889
v -6.436999539623044e-7 0.0000018717994855319966 0.000010094900135061615
v -6.593999421916912e-7 0.0000014874995433569065 0.000009875900719630423
v -8.523999522835023e-7 0.000001389499403890533 0.000010693599690257297
v -8.317998977487926e-7 0.0000017585994464438176 0.000010807699573704941
v -8.954999593626712e-7 0.0000018118993817453457 0.000010455299884845889
v -8.888999383583674e-7 0.0000013019995228924449 0.000010191400222034661
v -4.745999361477804e-7 0.0000014896993677620135 0.000010876099367576522
v -4.714999417159717e-7 0.0000017701994900515067 0.000010933600431614695
v -8.317998977487926e-7 0.0000017585994464438176 0.000010807699573704941
v -8.523999522835023e-7 0.000001389499403890533 0.000010693599690257297
v -1.2369998054050412e-7 0.0000015085994234968636 0.000010681699730729407
v -1.328999739906523e-7 0.0000017514994332117072 0.000010714499783963744
v -4.714999417159717e-7 0.0000017701994900515067 0.000010933600431614695
v -4.745999361477804e-7 0.0000014896993677620135 0.000010876099367576522
v -9.399985077821804e-9 0.0000015516994681831314 0.000010444899303868777
v -6.089997760074959e-8 0.0000017800993503452181 0.000010593199665489126
v -1.328999739906523e-7 0.0000017514994332117072 0.000010714499783963744
v -1.2369998054050412e-7 0.0000015085994234968636 0.000010681699730729407
v -1.2999997743929315e-7 0.0000013413994595391308 0.000009896099924753234
v -2.2719997506677217e-7 0.000001759599548530525 0.000010105399619038151
v -6.089997760074959e-8 0.0000017800993503452181 0.000010593199665489126
v -9.399985077821804e-9 0.0000015516994681831314 0.000010444899303868777
v -6.436999539623044e-7 0.0000018717994855319966 0.000010094900135061615
v -6.430999057512748e-7 0.0000020989992835255392 0.000010150800481084007
v -2.3649997655209194e-7 0.000002025899467195269 0.000010212000012801603
v -2.2719997506677217e-7 0.000001759599548530525 0.000010105399619038151
v -8.954999593626712e-7 0.0000018118993817453457 0.000010455299884845889
v -8.880999468365692e-7 0.0000020690994062938933 0.000010550200536232628
v -6.430999057512748e-7 0.0000020989992835255392 0.000010150800481084007
v -6.436999539623044e-7 0.0000018717994855319966 0.000010094900135061615
v -8.317998977487926e-7 0.0000017585994464438176 0.000010807699573704941
v -8.234999220455079e-7 0.0000021914993233754477 0.00001084130058997132
v -8.880999468365692e-7 0.0000020690994062938933 0.000010550200536232628
v -8.954999593626712e-7 0.0000018118993817453457 0.000010455299884845889
v -4.714999417159717e-7 0.0000017701994900515067 0.000010933600431614695
v -5.182999550581917e-7 0.000002311499363319514 0.000010946400370411666
v -8.234999220455079e-7 0.0000021914993233754477 0.00001084130058997132
v -8.317998977487926e-7 0.0000017585994464438176 0.000010807699573704941
v -1.328999739906523e-7 0.0000017514994332117072 0.000010714499783963744
v -2.945999701841274e-7 0.0000021959993540737086 0.000010871600009781585
v -5.182999550581917e-7 0.000002311499363319514 0.000010946400370411666
v -4.714999417159717e-7 0.0000017701994900515067 0.000010933600431614695
v -6.089997760074959e-8 0.0000017800993503452181 0.000010593199665489126
v -1.0569998030616009e-7 0.000002113999331813764 0.000010653999947292152
v -2.945999701841274e-7 0.0000021959993540737086 0.000010871600009781585
v -1.328999739906523e-7 0.0000017514994332117072 0.000010714499783963744
v -2.2719997506677217e-7 0.000001759599548530525 0.000010105399619038151
v -2.3649997655209194e-7 0.000002025899467195269 0.000010212000012801603
v -1.0569998030616009e-7 0.000002113999331813764 0.000010653999947292152
v -6.089997760074959e-8 0.0000017800993503452181 0.000010593199665489126
v -6.430999057512748e-7 0.0000020989992835255392 0.000010150800481084007
v -6.246999552307657e-7 0.0000029339994695264956 0.000010212600837940776
v -2.5579996300935815e-7 0.000002929699364833756 0.00001031130008656935
v -2.3649997655209194e-7 0.000002025899467195269 0.000010212000012801603
v -8.880999468365692e-7 0.0000020690994062938933 0.000010550200536232628
v -9.510999158244594e-7 0.0000026779995002594317 0.000010425099535043084
v -6.246999552307657e-7 0.0000029339994695264956 0.000010212600837940776
v -6.430999057512748e-7 0.0000020989992835255392 0.000010150800481084007
v -8.234999220455079e-7 0.0000021914993233754477 0.00001084130058997132
v -8.73599982269667e-7 0.0000027753992061338736 0.000010850500972337911
v -9.510999158244594e-7 0.0000026779995002594317 0.000010425099535043084
v -8.880999468365692e-7 0.0000020690994062938933 0.000010550200536232628
v -5.182999550581917e-7 0.000002311499363319514 0.000010946400370411666
v -6.372999490283438e-7 0.000002810299345131601 0.0000109564994677295
v -8.73599982269667e-7 0.0000027753992061338736 0.000010850500972337911
v -8.234999220455079e-7 0.0000021914993233754477 0.00001084130058997132
v -2.945999701841274e-7 0.0000021959993540737086 0.000010871600009781585
v -3.64399958056771e-7 0.0000028622994630460574 0.000010903099760613013
v -6.372999490283438e-7 0.000002810299345131601 0.0000109564994677295
v -5.182999550581917e-7 0.000002311499363319514 0.000010946400370411666
v -1.0569998030616009e-7 0.000002113999331813764 0.000010653999947292152
v -1.6509996925606453e-7 0.000002914799324217704 0.000010623200049741136
v -3.64399958056771e-7 0.0000028622994630460574 0.000010903099760613013
v -2.945999701841274e-7 0.0000021959993540737086 0.000010871600009781585
v -2.3649997655209194e-7 0.000002025899467195269 0.000010212000012801603
v -2.5579996300935815e-7 0.000002929699364833756 0.00001031130008656935
v -1.6509996925606453e-7 0.000002914799324217704 0.000010623200049741136
v -1.0569998030616009e-7 0.000002113999331813764 0.000010653999947292152
v -6.246999552307657e-7 0.0000029339994695264956 0.000010212600837940776
v -6.235999759832399e-7 0.0000030231992210660747 0.000010259800283293736
v -3.004999713220173e-7 0.0000030124994758150022 0.0000103477997976349
v -2.5579996300935815e-7 0.000002929699364833756 0.00001031130008656935
v -6.246999552307657e-7 0.0000029339994695264956 0.000010212600837940776
v -9.510999158244594e-7 0.0000026779995002594317 0.000010425099535043084
v -8.898998731909344e-7 0.000002863899359594259 0.000010465400220644381
v -6.235999759832399e-7 0.0000030231992210660747 0.000010259800283293736
v -8.73599982269667e-7 0.0000027753992061338736 0.000010850500972337911
v -8.376998988866824e-7 0.0000029312994283265137 0.000010797200232215958
v -8.898998731909344e-7 0.000002863899359594259 0.000010465400220644381
v -9.510999158244594e-7 0.0000026779995002594317 0.000010425099535043084
v -6.372999490283438e-7 0.000002810299345131601 0.0000109564994677295
v -6.299999809172006e-7 0.0000029350995004167537 0.000010912400191496808
v -8.376998988866824e-7 0.0000029312994283265137 0.000010797200232215958
v -8.73599982269667e-7 0.0000027753992061338736 0.000010850500972337911
v -3.64399958056771e-7 0.0000028622994630460574 0.000010903099760613013
v -3.9089997734958337e-7 0.000002972599504550418 0.000010871999418723271
v -6.299999809172006e-7 0.0000029350995004167537 0.000010912400191496808
v -6.372999490283438e-7 0.000002810299345131601 0.0000109564994677295
v -3.64399958056771e-7 0.0000028622994630460574 0.000010903099760613013
v -1.6509996925606453e-7 0.000002914799324217704 0.000010623200049741136
v -2.275999708276713e-7 0.000003030399461373381 0.00001061820002664053
v -3.9089997734958337e-7 0.000002972599504550418 0.000010871999418723271
v -2.5579996300935815e-7 0.000002929699364833756 0.00001031130008656935
v -3.004999713220173e-7 0.0000030124994758150022 0.0000103477997976349
v -2.275999708276713e-7 0.000003030399461373381 0.00001061820002664053
v -1.6509996925606453e-7 0.000002914799324217704 0.000010623200049741136
v -6.450999209355577e-7 0.000003370399520659427 0.0000102340003634301
v -6.444999454841027e-7 0.000003511799327915593 0.000010268999488702611
v -3.1979993958938986e-7 0.0000034005993946231217 0.000010309400251573913
v -3.2769995591156267e-7 0.000003254899494256069 0.000010286899476074889
v -9.643999294884514e-7 0.0000033204992131898944 0.000010519299417882348
v -8.692999641753737e-7 0.000003523999333337346 0.00001049700008783075
v -6.444999454841027e-7 0.000003511799327915593 0.000010268999488702611
v -6.450999209355577e-7 0.000003370399520659427 0.0000102340003634301
v -8.838999731572346e-7 0.0000034804992491879156 0.00001078789988490334
v -8.69399935830758e-7 0.000003559199515931191 0.000010729000720955171
v -8.692999641753737e-7 0.000003523999333337346 0.00001049700008783075
v -9.643999294884514e-7 0.0000033204992131898944 0.000010519299417882348
v -6.384000010354441e-7 0.0000034252994396849268 0.000010961200401582099
v -6.362999414362023e-7 0.0000035328992374529904 0.00001085600053453382
v -8.69399935830758e-7 0.000003559199515931191 0.000010729000720955171
v -8.838999731572346e-7 0.0000034804992491879156 0.00001078789988490334
v -4.003999767153527e-7 0.00000339409955839781 0.000010882800490124422
v -3.8639997956473407e-7 0.000003484799622830479 0.00001085360004386627
v -6.362999414362023e-7 0.0000035328992374529904 0.00001085600053453382
v -6.384000010354441e-7 0.0000034252994396849268 0.000010961200401582099
v -1.7179998010564631e-7 0.0000033469994059841512 0.000010608300109101503
v -2.656999581360266e-7 0.0000035102995581753244 0.000010635100105281887
v -3.8639997956473407e-7 0.000003484799622830479 0.00001085360004386627
v -4.003999767153527e-7 0.00000339409955839781 0.000010882800490124422
v -3.2769995591156267e-7 0.000003254899494256069 0.000010286899476074889
v -3.1979993958938986e-7 0.0000034005993946231217 0.000010309400251573913
v -2.656999581360266e-7 0.0000035102995581753244 0.000010635100105281887
v -1.7179998010564631e-7 0.0000033469994059841512 0.000010608300109101503
v -6.444999454841027e-7 0.000003511799327915593 0.000010268999488702611
v -5.225999731524851e-7 0.000004020199356437168 0.00001026690058852301
v -2.0599998146039465e-7 0.000003988499456507371 0.000010298500362759952
v -3.1979993958938986e-7 0.0000034005993946231217 0.000010309400251573913
v -8.692999641753737e-7 0.000003523999333337346 0.00001049700008783075
v -8.287999477319427e-7 0.000004003599373644468 0.000010483899934636752
v -5.225999731524851e-7 0.000004020199356437168 0.00001026690058852301
v -6.444999454841027e-7 0.000003511799327915593 0.000010268999488702611
v -8.69399935830758e-7 0.000003559199515931191 0.000010729000720955171
v -8.077999338161211e-7 0.000004045199487727526 0.000010727400075399151
v -8.287999477319427e-7 0.000004003599373644468 0.000010483899934636752
v -8.692999641753737e-7 0.000003523999333337346 0.00001049700008783075
v -6.362999414362023e-7 0.0000035328992374529904 0.00001085600053453382
v -5.078999197556653e-7 0.000004069699369099638 0.000010853099536512793
v -8.077999338161211e-7 0.000004045199487727526 0.000010727400075399151
v -8.69399935830758e-7 0.000003559199515931191 0.000010729000720955171
v -3.8639997956473407e-7 0.000003484799622830479 0.00001085360004386627
v -2.2349996880372113e-7 0.000004033099261805953 0.000010846600063449661
v -5.078999197556653e-7 0.000004069699369099638 0.000010853099536512793
v -6.362999414362023e-7 0.0000035328992374529904 0.00001085600053453382
v -2.656999581360266e-7 0.0000035102995581753244 0.000010635100105281887
v -5.3199972801446565e-8 0.000003942899533751405 0.000010567100802156775
v -2.2349996880372113e-7 0.000004033099261805953 0.000010846600063449661
v -3.8639997956473407e-7 0.000003484799622830479 0.00001085360004386627
v -3.1979993958938986e-7 0.0000034005993946231217 0.000010309400251573913
v -2.0599998146039465e-7 0.000003988499456507371 0.000010298500362759952
v -5.3199972801446565e-8 0.000003942899533751405 0.000010567100802156775
v -2.656999581360266e-7 0.0000035102995581753244 0.000010635100105281887
v -5.225999731524851e-7 0.000004020199356437168 0.00001026690058852301
v -2.83999955191045e-7 0.0000047766993572827655 0.000010441700643773888
v -9.129996920474869e-8 0.000004757199493892407 0.0000104696996933426
v -2.0599998146039465e-7 0.000003988499456507371 0.000010298500362759952
v -8.287999477319427e-7 0.000004003599373644468 0.000010483899934636752
v -5.108999425320896e-7 0.0000048472994289704315 0.000010502299491670928
v -2.83999955191045e-7 0.0000047766993572827655 0.000010441700643773888
v -5.225999731524851e-7 0.000004020199356437168 0.00001026690058852301
v -8.077999338161211e-7 0.000004045199487727526 0.000010727400075399151
v -5.16499955944252e-7 0.000004860399332266688 0.000010675700134714341
v -5.108999425320896e-7 0.0000048472994289704315 0.000010502299491670928
v -8.287999477319427e-7 0.000004003599373644468 0.000010483899934636752
v -5.078999197556653e-7 0.000004069699369099638 0.000010853099536512793
v -3.6829998039016526e-7 0.000004830399376179664 0.000010789799964539372
v -5.16499955944252e-7 0.000004860399332266688 0.000010675700134714341
v -8.077999338161211e-7 0.000004045199487727526 0.000010727400075399151
v -2.2349996880372113e-7 0.000004033099261805953 0.000010846600063449661
v -1.1619996907417726e-7 0.000004805499591686887 0.000010786499586450406
v -3.6829998039016526e-7 0.000004830399376179664 0.000010789799964539372
v -5.078999197556653e-7 0.000004069699369099638 0.000010853099536512793
v -5.3199972801446565e-8 0.000003942899533751405 0.000010567100802156775
v 1.9000026016379116e-8 0.0000047261995264510086 0.000010610800895802157
v -1.1619996907417726e-7 0.000004805499591686887 0.000010786499586450406
v -2.2349996880372113e-7 0.000004033099261805953 0.000010846600063449661
v -2.0599998146039465e-7 0.000003988499456507371 0.000010298500362759952
v -9.129996920474869e-8 0.000004757199493892407 0.0000104696996933426
v 1.9000026016379116e-8 0.0000047261995264510086 0.000010610800895802157
v -5.3199972801446565e-8 0.000003942899533751405 0.000010567100802156775
v -2.83999955191045e-7 0.0000047766993572827655 0.000010441700643773888
v -2.3519996304432932e-7 0.000004949899469860042 0.000010466200274267464
v -5.7199971337698546e-8 0.000004931799209927118 0.000010493499667861678
v -9.129996920474869e-8 0.000004757199493892407 0.0000104696996933426
v -5.108999425320896e-7 0.0000048472994289704315 0.000010502299491670928
v -4.4769992109406893e-7 0.000005016099624033381 0.000010526300863940107
v -2.3519996304432932e-7 0.000004949899469860042 0.000010466200274267464
v -2.83999955191045e-7 0.0000047766993572827655 0.000010441700643773888
v -5.16499955944252e-7 0.000004860399332266688 0.000010675700134714341
v -4.56899969113898e-7 0.000005027699228127804 0.000010674200727679483
v -4.4769992109406893e-7 0.000005016099624033381 0.000010526300863940107
v -5.108999425320896e-7 0.0000048472994289704315 0.000010502299491670928
v -3.6829998039016526e-7 0.000004830399376179664 0.000010789799964539372
v -3.1669994515758115e-7 0.000005025599079834125 0.000010790699881304694
v -4.56899969113898e-7 0.000005027699228127804 0.000010674200727679483
v -5.16499955944252e-7 0.000004860399332266688 0.000010675700134714341
v -1.1619996907417726e-7 0.000004805499591686887 0.000010786499586450406
v -8.199996771942892e-8 0.000004976299514832575 0.000010783200398808775
v -3.1669994515758115e-7 0.000005025599079834125 0.000010790699881304694
v -3.6829998039016526e-7 0.000004830399376179664 0.000010789799964539372
v 1.9000026016379116e-8 0.0000047261995264510086 0.000010610800895802157
v 3.7900025807693005e-8 0.000004922499354899048 0.000010612600703253806
v -8.199996771942892e-8 0.000004976299514832575 0.000010783200398808775
v -1.1619996907417726e-7 0.000004805499591686887 0.000010786499586450406
v -9.129996920474869e-8 0.000004757199493892407 0.0000104696996933426
v -5.7199971337698546e-8 0.000004931799209927118 0.000010493499667861678
v 3.7900025807693005e-8 0.000004922499354899048 0.000010612600703253806
v 1.9000026016379116e-8 0.0000047261995264510086 0.000010610800895802157
v -2.3519996304432932e-7 0.000004949899469860042 0.000010466200274267464
v -1.820999709932139e-7 0.000005082299215612229 0.000010441400333269976
v -5.339997068189613e-8 0.000005056899719812695 0.00001042680068271175
v -5.7199971337698546e-8 0.000004931799209927118 0.000010493499667861678
v -4.4769992109406893e-7 0.000005016099624033381 0.000010526300863940107
v -4.229999736747708e-7 0.0000051591991045434324 0.000010491599800149845
v -1.820999709932139e-7 0.000005082299215612229 0.000010441400333269976
v -2.3519996304432932e-7 0.000004949899469860042 0.000010466200274267464
v -4.56899969113898e-7 0.000005027699228127804 0.000010674200727679483
v -4.3359995228806596e-7 0.000005203699428608544 0.000010638699894959192
v -4.229999736747708e-7 0.0000051591991045434324 0.000010491599800149845
v -4.4769992109406893e-7 0.000005016099624033381 0.000010526300863940107
v -3.1669994515758115e-7 0.000005025599079834125 0.000010790699881304694
v -2.7379995414875537e-7 0.000005239499454274942 0.000010773500708470955
v -4.3359995228806596e-7 0.000005203699428608544 0.000010638699894959192
v -4.56899969113898e-7 0.000005027699228127804 0.000010674200727679483
v -8.199996771942892e-8 0.000004976299514832575 0.000010783200398808775
v -9.999971329526215e-9 0.000005180899469796851 0.000010753899850666095
v -2.7379995414875537e-7 0.000005239499454274942 0.000010773500708470955
v -3.1669994515758115e-7 0.000005025599079834125 0.000010790699881304694
v 3.7900025807693005e-8 0.000004922499354899048 0.000010612600703253806
v 1.2470001541748602e-7 0.000005086899350747739 0.000010566600369923337
v -9.999971329526215e-9 0.000005180899469796851 0.000010753899850666095
v -8.199996771942892e-8 0.000004976299514832575 0.000010783200398808775
v -5.7199971337698546e-8 0.000004931799209927118 0.000010493499667861678
v -5.339997068189613e-8 0.000005056899719812695 0.00001042680068271175
v 1.2470001541748602e-7 0.000005086899350747739 0.000010566600369923337
v 3.7900025807693005e-8 0.000004922499354899048 0.000010612600703253806
v -4.3359995228806596e-7 0.000005203699428608544 0.000010638699894959192
v -4.697999506372036e-7 0.000005489399546250358 0.000010596600655797835
v -4.1739996026260846e-7 0.000005496999163938485 0.000010413300055458558
v -4.229999736747708e-7 0.0000051591991045434324 0.000010491599800149845
v -2.7379995414875537e-7 0.000005239499454274942 0.000010773500708470955
v -3.0309996195775527e-7 0.000005534299175169329 0.000010741800852395815
v -4.697999506372036e-7 0.000005489399546250358 0.000010596600655797835
v -4.3359995228806596e-7 0.000005203699428608544 0.000010638699894959192
v -9.999971329526215e-9 0.000005180899469796851 0.000010753899850666095
v 1.1080002630203898e-7 0.000005504499768896148 0.000010674300908929835
v -3.0309996195775527e-7 0.000005534299175169329 0.000010741800852395815
v -2.7379995414875537e-7 0.000005239499454274942 0.000010773500708470955
v 1.2470001541748602e-7 0.000005086899350747739 0.000010566600369923337
v 2.5560000150869584e-7 0.000005225199034578899 0.000010475500732358862
v 2.0790002498929323e-7 0.000005357599351457508 0.000010532200838994637
v 1.2470001541748602e-7 0.000005086899350747739 0.000010566600369923337
v -5.339997068189613e-8 0.000005056899719812695 0.00001042680068271175
v 1.080000195959578e-7 0.000005176999618676612 0.000010287999859240516
v 2.5560000150869584e-7 0.000005225199034578899 0.000010475500732358862
v -1.820999709932139e-7 0.000005082299215612229 0.000010441400333269976
v -1.3629996524313536e-7 0.00000542709932680883 0.000010380099556716382
v -2.5199971678999175e-8 0.000005299999407005782 0.00001027219998651857
v -1.820999709932139e-7 0.000005082299215612229 0.000010441400333269976
v -4.229999736747708e-7 0.0000051591991045434324 0.000010491599800149845
v -4.1739996026260846e-7 0.000005496999163938485 0.000010413300055458558
v -1.3629996524313536e-7 0.00000542709932680883 0.000010380099556716382
v -9.999971329526215e-9 0.000005180899469796851 0.000010753899850666095
v 1.2470001541748602e-7 0.000005086899350747739 0.000010566600369923337
v 2.0790002498929323e-7 0.000005357599351457508 0.000010532200838994637
v 1.1080002630203898e-7 0.000005504499768896148 0.000010674300908929835
v -5.339997068189613e-8 0.000005056899719812695 0.00001042680068271175
v -1.820999709932139e-7 0.000005082299215612229 0.000010441400333269976
v -2.5199971678999175e-8 0.000005299999407005782 0.00001027219998651857
v 1.080000195959578e-7 0.000005176999618676612 0.000010287999859240516
v 6.07000297425075e-8 0.00000577059907811012 0.000010323300560987351
v 2.164000167629211e-7 0.000005779699243728821 0.000010480400728305388
v 2.8030000349767484e-7 0.000005560599194170155 0.000010379900504430648
v 1.4510001750206528e-7 0.000005600499403508852 0.000010249900669499766
v 2.6940001896875855e-7 0.000005297099517822544 0.000010147100067281641
v 4.01500028722453e-7 0.0000056030995668580055 0.000010050100523078168
v 4.75700024534668e-7 0.000005648899085442233 0.000010201800187942641
v 3.866000320148645e-7 0.000005363399183366007 0.000010383900508841088
v 1.4510001750206528e-7 0.000005600499403508852 0.000010249900669499766
v 2.277000334325238e-7 0.0000057374993205661015 0.000010081099616504157
v 4.01500028722453e-7 0.0000056030995668580055 0.000010050100523078168
v 2.6940001896875855e-7 0.000005297099517822544 0.000010147100067281641
v 3.866000320148645e-7 0.000005363399183366007 0.000010383900508841088
v 4.75700024534668e-7 0.000005648899085442233 0.000010201800187942641
v 3.7580000095143893e-7 0.000005772699808467178 0.000010206900360396855
v 2.8030000349767484e-7 0.000005560599194170155 0.000010379900504430648
v 2.8030000349767484e-7 0.000005560599194170155 0.000010379900504430648
v 3.7580000095143893e-7 0.000005772699808467178 0.000010206900360396855
v 2.277000334325238e-7 0.0000057374993205661015 0.000010081099616504157
v 1.4510001750206528e-7 0.000005600499403508852 0.000010249900669499766
v 4.01500028722453e-7 0.0000056030995668580055 0.000010050100523078168
v 5.076000047895122e-7 0.0000058281991127974075 0.000009911700182466505
v 5.818000006017272e-7 0.000005873899096270167 0.000010063401011470952
v 4.75700024534668e-7 0.000005648899085442233 0.000010201800187942641
v 2.277000334325238e-7 0.0000057374993205661015 0.000010081099616504157
v 3.6579999778959887e-7 0.000005904999465636425 0.000009969200054982465
v 5.076000047895122e-7 0.0000058281991127974075 0.000009911700182466505
v 4.01500028722453e-7 0.0000056030995668580055 0.000010050100523078168
v 4.75700024534668e-7 0.000005648899085442233 0.000010201800187942641
v 5.818000006017272e-7 0.000005873899096270167 0.000010063401011470952
v 4.608000278270795e-7 0.000005952599348059453 0.000010115800728421688
v 3.7580000095143893e-7 0.000005772699808467178 0.000010206900360396855
v 3.7580000095143893e-7 0.000005772699808467178 0.000010206900360396855
v 4.608000278270795e-7 0.000005952599348059453 0.000010115800728421688
v 3.6579999778959887e-7 0.000005904999465636425 0.000009969200054982465
v 2.277000334325238e-7 0.0000057374993205661015 0.000010081099616504157
v 5.818000006017272e-7 0.000005873899096270167 0.000010063401011470952
v 5.076000047895122e-7 0.0000058281991127974075 0.000009911700182466505
v 3.6579999778959887e-7 0.000005904999465636425 0.000009969200054982465
v 4.608000278270795e-7 0.000005952599348059453 0.000010115800728421688
v -4.1739996026260846e-7 0.000005496999163938485 0.000010413300055458558
v -4.697999506372036e-7 0.000005489399546250358 0.000010596600655797835
v -5.080999358260085e-7 0.000005785299388377866 0.000010592300313084633
v -4.129999341331435e-7 0.000005809399132532035 0.000010416600472175714
v -5.080999358260085e-7 0.000005785299388377866 0.000010592300313084633
v -4.697999506372036e-7 0.000005489399546250358 0.000010596600655797835
v -3.0309996195775527e-7 0.000005534299175169329 0.000010741800852395815
v -2.964999591433451e-7 0.000005863899521313198 0.000010657099427338526
v 6.14000314190278e-8 0.000005865499656701317 0.000010607899978732331
v 1.1080002630203898e-7 0.000005504499768896148 0.000010674300908929835
v 2.164000167629211e-7 0.000005779699243728821 0.000010480400728305388
v 2.8030000349767484e-7 0.000005560599194170155 0.000010379900504430648
v 2.0790002498929323e-7 0.000005357599351457508 0.000010532200838994637
v 2.5560000150869584e-7 0.000005225199034578899 0.000010475500732358862
v 3.866000320148645e-7 0.000005363399183366007 0.000010383900508841088
v 2.5560000150869584e-7 0.000005225199034578899 0.000010475500732358862
v 1.080000195959578e-7 0.000005176999618676612 0.000010287999859240516
v 2.6940001896875855e-7 0.000005297099517822544 0.000010147100067281641
v 3.866000320148645e-7 0.000005363399183366007 0.000010383900508841088
v 1.4510001750206528e-7 0.000005600499403508852 0.000010249900669499766
v -2.5199971678999175e-8 0.000005299999407005782 0.00001027219998651857
v -1.3629996524313536e-7 0.00000542709932680883 0.000010380099556716382
v 6.07000297425075e-8 0.00000577059907811012 0.000010323300560987351
v -1.3629996524313536e-7 0.00000542709932680883 0.000010380099556716382
v -4.1739996026260846e-7 0.000005496999163938485 0.000010413300055458558
v -4.129999341331435e-7 0.000005809399132532035 0.000010416600472175714
v 6.07000297425075e-8 0.00000577059907811012 0.000010323300560987351
v 1.1080002630203898e-7 0.000005504499768896148 0.000010674300908929835
v 2.0790002498929323e-7 0.000005357599351457508 0.000010532200838994637
v 2.8030000349767484e-7 0.000005560599194170155 0.000010379900504430648
v 2.164000167629211e-7 0.000005779699243728821 0.000010480400728305388
v 2.6940001896875855e-7 0.000005297099517822544 0.000010147100067281641
v 1.080000195959578e-7 0.000005176999618676612 0.000010287999859240516
v -2.5199971678999175e-8 0.000005299999407005782 0.00001027219998651857
v 1.4510001750206528e-7 0.000005600499403508852 0.000010249900669499766
v -2.964999591433451e-7 0.000005863899521313198 0.000010657099427338526
v -3.0309996195775527e-7 0.000005534299175169329 0.000010741800852395815
v 1.1080002630203898e-7 0.000005504499768896148 0.000010674300908929835
v 6.14000314190278e-8 0.000005865499656701317 0.000010607899978732331
v -5.080999358260085e-7 0.000005785299388377866 0.000010592300313084633
v -4.952999623378745e-7 0.000006054699625094771 0.000010459500720185576
v -3.8659995925529e-7 0.00000610699923639902 0.000010294899921091709
v -4.129999341331435e-7 0.000005809399132532035 0.000010416600472175714
v -2.964999591433451e-7 0.000005863899521313198 0.000010657099427338526
v -2.741999499096545e-7 0.000006087599751245826 0.000010546100928059676
v -4.952999623378745e-7 0.000006054699625094771 0.000010459500720185576
v -5.080999358260085e-7 0.000005785299388377866 0.000010592300313084633
v 6.14000314190278e-8 0.000005865499656701317 0.000010607899978732331
v 5.980003018553764e-8 0.000006188499265692159 0.000010431400404632716
v -2.741999499096545e-7 0.000006087599751245826 0.000010546100928059676
v -2.964999591433451e-7 0.000005863899521313198 0.000010657099427338526
v -4.129999341331435e-7 0.000005809399132532035 0.000010416600472175714
v -3.8659995925529e-7 0.00000610699923639902 0.000010294899921091709
v -1.4819996645913993e-7 0.0000061055993374693715 0.00001032859983204071
v 6.07000297425075e-8 0.00000577059907811012 0.000010323300560987351
v 6.07000297425075e-8 0.00000577059907811012 0.000010323300560987351
v 2.222000098656394e-7 0.000006066899400866886 0.000010230600233797248
v 2.665000224173994e-7 0.000006103599316534517 0.000010369399914182575
v 2.164000167629211e-7 0.000005779699243728821 0.000010480400728305388
v 2.164000167629211e-7 0.000005779699243728821 0.000010480400728305388
v 2.665000224173994e-7 0.000006103599316534517 0.000010369399914182575
v 5.980003018553764e-8 0.000006188499265692159 0.000010431400404632716
v 6.14000314190278e-8 0.000005865499656701317 0.000010607899978732331
v 5.980003018553764e-8 0.000006188499265692159 0.000010431400404632716
v 7.680003192268702e-8 0.0000064887996326967566 0.000010239400125645815
v -1.8299995236029014e-7 0.0000065203994050661115 0.000010285000016558644
v -2.2249996121157968e-7 0.000006360999440957376 0.000010382299932023089
v 2.222000098656394e-7 0.000006066899400866886 0.000010230600233797248
v 2.353000256491818e-7 0.000006280699674713084 0.000010089900688803816
v 2.871000223824282e-7 0.000006349699609816688 0.000010208600101810925
v 2.665000224173994e-7 0.000006103599316534517 0.000010369399914182575
v 2.665000224173994e-7 0.000006103599316534517 0.000010369399914182575
v 2.871000223824282e-7 0.000006349699609816688 0.000010208600101810925
v 7.680003192268702e-8 0.0000064887996326967566 0.000010239400125645815
v 5.980003018553764e-8 0.000006188499265692159 0.000010431400404632716
v 6.07000297425075e-8 0.00000577059907811012 0.000010323300560987351
v -1.4819996645913993e-7 0.0000061055993374693715 0.00001032859983204071
v 2.222000098656394e-7 0.000006066899400866886 0.000010230600233797248
v 2.353000256491818e-7 0.000006280699674713084 0.000010089900688803816
v -1.6729996413090338e-7 0.000006290999503031485 0.000010227099654787649
v -1.607999693516648e-7 0.000006444599653665616 0.000010140901104876796
v -1.607999693516648e-7 0.000006444599653665616 0.000010140901104876796
v -1.8299995236029014e-7 0.0000065203994050661115 0.000010285000016558644
v 7.680003192268702e-8 0.0000064887996326967566 0.000010239400125645815
v 2.353000256491818e-7 0.000006280699674713084 0.000010089900688803816
v -1.607999693516648e-7 0.000006444599653665616 0.000010140901104876796
v 7.680003192268702e-8 0.0000064887996326967566 0.000010239400125645815
v 2.871000223824282e-7 0.000006349699609816688 0.000010208600101810925
v 5.980003018553764e-8 0.000006188499265692159 0.000010431400404632716
v -2.2249996121157968e-7 0.000006360999440957376 0.000010382299932023089
v -2.741999499096545e-7 0.000006087599751245826 0.000010546100928059676
v -2.741999499096545e-7 0.000006087599751245826 0.000010546100928059676
v -2.2249996121157968e-7 0.000006360999440957376 0.000010382299932023089
v -4.5699994076928233e-7 0.000006277499387746562 0.000010308799934982944
v -4.952999623378745e-7 0.000006054699625094771 0.000010459500720185576
v -4.5699994076928233e-7 0.000006277499387746562 0.000010308799934982944
v -3.701999511594893e-7 0.0000062191991810590035 0.000010227399996704594
v -3.8659995925529e-7 0.00000610699923639902 0.000010294899921091709
v -4.952999623378745e-7 0.000006054699625094771 0.000010459500720185576
v -3.701999511594893e-7 0.0000062191991810590035 0.000010227399996704594
v -1.6729996413090338e-7 0.000006290999503031485 0.000010227099654787649
v -1.4819996645913993e-7 0.0000061055993374693715 0.00001032859983204071
v -3.8659995925529e-7 0.00000610699923639902 0.000010294899921091709
v -1.4819996645913993e-7 0.0000061055993374693715 0.00001032859983204071
v -1.6729996413090338e-7 0.000006290999503031485 0.000010227099654787649
v 2.353000256491818e-7 0.000006280699674713084 0.000010089900688803816
v 2.222000098656394e-7 0.000006066899400866886 0.000010230600233797248
v -3.701999511594893e-7 0.0000062191991810590035 0.000010227399996704594
v -4.5699994076928233e-7 0.000006277499387746562 0.000010308799934982944
v -2.2249996121157968e-7 0.000006360999440957376 0.000010382299932023089
v -1.6729996413090338e-7 0.000006290999503031485 0.000010227099654787649
v -1.6729996413090338e-7 0.000006290999503031485 0.000010227099654787649
v -2.2249996121157968e-7 0.000006360999440957376 0.000010382299932023089
v -1.8299995236029014e-7 0.0000065203994050661115 0.000010285000016558644
v -1.607999693516648e-7 0.000006444599653665616 0.000010140901104876796
v 7.707999439451852e-7 1.4159947888819254e-7 0.000009503299871793812
v 5.629999815607445e-7 1.6919944363269404e-7 0.00001005319993335315
v 5.49900020346883e-7 -5.431116631447988e-13 0.000010012399828209051
v 7.770000055683772e-7 -5.152079352289725e-13 0.00000950350008714457
v 4.224999698787001e-7 9.331995318451124e-7 0.000009602899699973796
v 1.624000069649422e-7 0.0000010890994526176084 0.000010168400015720123
v 4.745999725275677e-7 6.230994900202978e-7 0.00001016860018748488
v 7.156999912794678e-7 5.284994959484575e-7 0.00000950400016201647
v 7.156999912794678e-7 5.284994959484575e-7 0.00000950400016201647
v 4.745999725275677e-7 6.230994900202978e-7 0.00001016860018748488
v 5.629999815607445e-7 1.6919944363269404e-7 0.00001005319993335315
v 7.707999439451852e-7 1.4159947888819254e-7 0.000009503299871793812
v 5.629999815607445e-7 1.6919944363269404e-7 0.00001005319993335315
v 1.7030000509722138e-7 3.40899416032159e-7 0.00001062860021129938
v 2.5220000116126597e-7 -5.735740725522418e-13 0.000010564699788188353
v 5.49900020346883e-7 -5.431116631447988e-13 0.000010012399828209051
v 1.624000069649422e-7 0.0000010890994526176084 0.000010168400015720123
v -4.639998574900703e-8 0.000001070099381278575 0.000010689799850813046
v 8.39000112483275e-8 7.998994646754386e-7 0.000010668499300688816
v 4.745999725275677e-7 6.230994900202978e-7 0.00001016860018748488
v 4.745999725275677e-7 6.230994900202978e-7 0.00001016860018748488
v 8.39000112483275e-8 7.998994646754386e-7 0.000010668499300688816
v 1.7030000509722138e-7 3.40899416032159e-7 0.00001062860021129938
v 5.629999815607445e-7 1.6919944363269404e-7 0.00001005319993335315
v -4.639998574900703e-8 0.000001070099381278575 0.000010689799850813046
v -4.4419996728114835e-7 0.0000010205994058017966 0.000010909900497027221
v -3.9019995748316945e-7 6.473994058092593e-7 0.000011001399407629353
v 8.39000112483275e-8 7.998994646754386e-7 0.000010668499300688816
v 8.39000112483275e-8 7.998994646754386e-7 0.000010668499300688816
v -3.9019995748316945e-7 6.473994058092593e-7 0.000011001399407629353
v -2.756999794877603e-7 4.4989940044037277e-7 0.000011056000501452465
v 1.0210000026817428e-7 4.5089940950169594e-7 0.000010775299846157248
v -4.4419996728114835e-7 0.0000010205994058017966 0.000010909900497027221
v -8.134999916432423e-7 9.904994531181752e-7 0.000010667999904511032
v -8.142999831650406e-7 5.144993892190414e-7 0.000010847100176634594
v -3.9019995748316945e-7 6.473994058092593e-7 0.000011001399407629353
v -0.0000010827999116273611 3.790994485820302e-7 0.0000102544995378391
v -8.142999831650406e-7 5.144993892190414e-7 0.000010847100176634594
v -8.134999916432423e-7 9.904994531181752e-7 0.000010667999904511032
v -9.692999957937743e-7 9.065994328769975e-7 0.000010109499652524038
v -0.0000010827999116273611 3.790994485820302e-7 0.0000102544995378391
v -0.0000011201999336389834 -5.577025797433822e-13 0.00001017680039995386
v -8.74300002136081e-7 -5.924514806586069e-13 0.000010845200209241959
v -8.142999831650406e-7 5.144993892190414e-7 0.000010847100176634594
v 1.0210000026817428e-7 4.5089940950169594e-7 0.000010775299846157248
v 3.890001066246743e-8 2.5099939040197004e-7 0.000011118999797344726
v 1.487000066349979e-7 -5.951434396637651e-13 0.000010962799488063828
v 2.0760000088377843e-7 -5.836013519981063e-13 0.000010750000405001708
v -2.756999794877603e-7 4.4989940044037277e-7 0.000011056000501452465
v -1.7609998001004605e-7 3.9579936795754583e-7 0.000011381700333152435
v 3.890001066246743e-8 2.5099939040197004e-7 0.000011118999797344726
v 1.0210000026817428e-7 4.5089940950169594e-7 0.000010775299846157248
v -5.739999559349387e-7 2.7949940265827026e-7 0.000011177500835250959
v -4.92200004285853e-7 2.054993794245444e-7 0.000011427200077063086
v -1.7609998001004605e-7 3.9579936795754583e-7 0.000011381700333152435
v -2.756999794877603e-7 4.4989940044037277e-7 0.000011056000501452465
v 1.487000066349979e-7 -5.951434396637651e-13 0.000010962799488063828
v 3.890001066246743e-8 2.5099939040197004e-7 0.000011118999797344726
v 3.290999956443905e-7 1.4639938838590288e-7 0.000011224600133547996
v 3.7889999538324765e-7 -6.073328798759931e-13 0.000011206700091988822
v 3.890001066246743e-8 2.5099939040197004e-7 0.000011118999797344726
v 1.8570000560088061e-7 3.121993675267378e-7 0.000011396999625228163
v 3.290999956443905e-7 1.4639938838590288e-7 0.000011224600133547996
v -4.92200004285853e-7 2.054993794245444e-7 0.000011427200077063086
v -5.120999661945743e-7 3.154993772316149e-7 0.00001167699946078523
v -1.3919997998438813e-7 4.2479937473698256e-7 0.00001164510050956394
v -1.7609998001004605e-7 3.9579936795754583e-7 0.000011381700333152435
v 1.8570000560088061e-7 3.121993675267378e-7 0.000011396999625228163
v 3.890001066246743e-8 2.5099939040197004e-7 0.000011118999797344726
v -1.7609998001004605e-7 3.9579936795754583e-7 0.000011381700333152435
v -1.3919997998438813e-7 4.2479937473698256e-7 0.00001164510050956394
v 3.7889999538324765e-7 -6.073328798759931e-13 0.000011206700091988822
v 3.290999956443905e-7 1.4639938838590288e-7 0.000011224600133547996
v 6.026999701025899e-7 1.8619938994650857e-7 0.000011294999984349163
v 6.464999606683856e-7 -6.102819245210404e-13 0.000011279600538835437
v 1.8570000560088061e-7 3.121993675267378e-7 0.000011396999625228163
v 4.031999834214339e-7 3.6399937329993503e-7 0.00001151690044218013
v 6.026999701025899e-7 1.8619938994650857e-7 0.000011294999984349163
v 3.290999956443905e-7 1.4639938838590288e-7 0.000011224600133547996
v 6.219000212842591e-7 1.5509939274650186e-7 0.000011462300457906935
v 5.549999935831873e-7 2.644993609915939e-7 0.00001157269946296618
v 6.109999821856619e-7 2.0889937189630114e-7 0.000011624599740085916
v 6.626999526938431e-7 1.245993792208646e-7 0.00001156899976482733
v 6.626999526938431e-7 1.245993792208646e-7 0.00001156899976482733
v 6.109999821856619e-7 2.0889937189630114e-7 0.000011624599740085916
v 6.707999850863591e-7 -6.270205297324008e-13 0.000011595399253573846
v 6.990999671133239e-7 -6.243593645049966e-13 0.000011547299929667145
v 6.707999850863591e-7 -6.270205297324008e-13 0.000011595399253573846
v 6.109999821856619e-7 2.0889937189630114e-7 0.000011624599740085916
v 6.949999650893737e-7 1.2539936379516482e-7 0.0000116891997623376
v 7.292000210138029e-7 -6.318029932733866e-13 0.000011688999511113031
v 6.109999821856619e-7 2.0889937189630114e-7 0.000011624599740085916
v 5.553999893440865e-7 3.024993686098389e-7 0.00001167049999089298
v 6.748999871103093e-7 1.4749937051186297e-7 0.000011813499910803705
v 6.949999650893737e-7 1.2539936379516482e-7 0.0000116891997623376
v 6.949999650893737e-7 1.2539936379516482e-7 0.0000116891997623376
v 6.748999871103093e-7 1.4749937051186297e-7 0.000011813499910803705
v 7.07099955090881e-7 -6.366800144552684e-13 0.000011779099159532788
v 7.292000210138029e-7 -6.318029932733866e-13 0.000011688999511113031
v 7.07099955090881e-7 -6.366800144552684e-13 0.000011779099159532788
v 6.748999871103093e-7 1.4749937051186297e-7 0.000011813499910803705
v 8.008000261902799e-7 7.239935271812325e-8 0.000011905300377175507
v 8.263000015111636e-7 -6.420918920971708e-13 0.000011888500470473376
v 8.008000261902799e-7 7.239935271812325e-8 0.000011905300377175507
v 5.954999736468311e-7 5.809934336656903e-8 0.000012174700594128281
v 6.626999526938431e-7 -6.571907823668907e-13 0.00001216119989993759
v 8.263000015111636e-7 -6.420918920971708e-13 0.000011888500470473376
v 5.954999736468311e-7 5.809934336656903e-8 0.000012174700594128281
v 6.792000052046026e-7 1.1269933216931267e-7 0.000012236699916354008
v 6.776999938163904e-7 -6.621887018100623e-13 0.000012256000399579249
v 6.626999526938431e-7 -6.571907823668907e-13 0.00001216119989993759
v 6.792000052046026e-7 1.1269933216931267e-7 0.000012236699916354008
v 6.041999814908021e-7 1.73399328457525e-7 0.000012478700630169568
v 6.47499968260527e-7 -6.742858685209952e-13 0.00001248109992692334
v 6.776999938163904e-7 -6.621887018100623e-13 0.000012256000399579249
v 8.008000261902799e-7 7.239935271812325e-8 0.000011905300377175507
v 6.748999871103093e-7 1.4749937051186297e-7 0.000011813499910803705
v 6.53999944849872e-7 1.4189935130770335e-7 0.000011918699791556557
v 5.222999854267575e-7 1.4709934919372303e-7 0.000012138699163778821
v 6.412999793969096e-7 2.59199329475848e-7 0.000012287700330089147
v 6.792000052046026e-7 1.1269933216931267e-7 0.000012236699916354008
v 5.954999736468311e-7 5.809934336656903e-8 0.000012174700594128281
v 5.222999854267575e-7 1.4709934919372303e-7 0.000012138699163778821
v 4.4579998670453213e-7 3.762993332820838e-7 0.000012143000741197175
v 4.982999851142988e-7 3.4839933343239003e-7 0.000012216200371705784
v 6.412999793969096e-7 2.59199329475848e-7 0.000012287700330089147
v 8.008000261902799e-7 7.239935271812325e-8 0.000011905300377175507
v 6.53999944849872e-7 1.4189935130770335e-7 0.000011918699791556557
v 5.954999736468311e-7 5.809934336656903e-8 0.000012174700594128281
v 6.53999944849872e-7 1.4189935130770335e-7 0.000011918699791556557
v 5.222999854267575e-7 1.4709934919372303e-7 0.000012138699163778821
v 5.954999736468311e-7 5.809934336656903e-8 0.000012174700594128281
v 6.53999944849872e-7 1.4189935130770335e-7 0.000011918699791556557
v 5.249000124422828e-7 3.531993538360479e-7 0.000011961299683434198
v 4.4579998670453213e-7 3.762993332820838e-7 0.000012143000741197175
v 5.222999854267575e-7 1.4709934919372303e-7 0.000012138699163778821
v 6.748999871103093e-7 1.4749937051186297e-7 0.000011813499910803705
v 5.553999893440865e-7 3.024993686098389e-7 0.00001167049999089298
v 5.249000124422828e-7 3.531993538360479e-7 0.000011961299683434198
v 6.53999944849872e-7 1.4189935130770335e-7 0.000011918699791556557
v 5.549999935831873e-7 2.644993609915939e-7 0.00001157269946296618
v 6.219000212842591e-7 1.5509939274650186e-7 0.000011462300457906935
v 6.026999701025899e-7 1.8619938994650857e-7 0.000011294999984349163
v 4.031999834214339e-7 3.6399937329993503e-7 0.00001151690044218013
v 6.026999701025899e-7 1.8619938994650857e-7 0.000011294999984349163
v 6.219000212842591e-7 1.5509939274650186e-7 0.000011462300457906935
v 6.653999877445399e-7 -6.19858234931797e-13 0.000011460599609025482
v 6.464999606683856e-7 -6.102819245210404e-13 0.000011279600538835437
v 5.553999893440865e-7 3.024993686098389e-7 0.00001167049999089298
v 6.109999821856619e-7 2.0889937189630114e-7 0.000011624599740085916
v 5.549999935831873e-7 2.644993609915939e-7 0.00001157269946296618
v 5.553999893440865e-7 3.024993686098389e-7 0.00001167049999089298
v 2.6839999318672346e-7 4.201993666329415e-7 0.000011657499906262497
v 1.8410000436739046e-7 5.092993365535878e-7 0.000011914799927201972
v 5.249000124422828e-7 3.531993538360479e-7 0.000011961299683434198
v 5.549999935831873e-7 2.644993609915939e-7 0.00001157269946296618
v 4.031999834214339e-7 3.6399937329993503e-7 0.00001151690044218013
v 2.6839999318672346e-7 4.201993666329415e-7 0.000011657499906262497
v 5.553999893440865e-7 3.024993686098389e-7 0.00001167049999089298
v -1.3919997998438813e-7 4.2479937473698256e-7 0.00001164510050956394
v 4.0000008099886853e-8 4.1459936043579896e-7 0.0000115982002622359
v 1.8570000560088061e-7 3.121993675267378e-7 0.000011396999625228163
v 6.412999793969096e-7 2.59199329475848e-7 0.000012287700330089147
v 5.621999900389462e-7 3.374993349951213e-7 0.000012444199803576883
v 6.041999814908021e-7 1.73399328457525e-7 0.000012478700630169568
v 6.792000052046026e-7 1.1269933216931267e-7 0.000012236699916354008
v 4.982999851142988e-7 3.4839933343239003e-7 0.000012216200371705784
v 4.4800001795915824e-7 4.4119932958179e-7 0.000012328600554141025
v 5.621999900389462e-7 3.374993349951213e-7 0.000012444199803576883
v 6.412999793969096e-7 2.59199329475848e-7 0.000012287700330089147
v 4.4579998670453213e-7 3.762993332820838e-7 0.000012143000741197175
v 2.0649998525646538e-7 4.975993474677525e-7 0.00001213550011746947
v 4.4800001795915824e-7 4.4119932958179e-7 0.000012328600554141025
v 4.982999851142988e-7 3.4839933343239003e-7 0.000012216200371705784
v 5.249000124422828e-7 3.531993538360479e-7 0.000011961299683434198
v 1.8410000436739046e-7 5.092993365535878e-7 0.000011914799927201972
v 2.0649998525646538e-7 4.975993474677525e-7 0.00001213550011746947
v 4.4579998670453213e-7 3.762993332820838e-7 0.000012143000741197175
v 6.041999814908021e-7 1.73399328457525e-7 0.000012478700630169568
v 4.277999955651349e-7 2.196993058649805e-7 0.000012764201096076492
v 4.587999762630093e-7 -6.911238692166092e-13 0.000012784799595909095
v 6.47499968260527e-7 -6.742858685209952e-13 0.00001248109992692334
v 5.621999900389462e-7 3.374993349951213e-7 0.000012444199803576883
v 2.952999900505413e-7 3.9549930789265657e-7 0.000012732100755260749
v 4.277999955651349e-7 2.196993058649805e-7 0.000012764201096076492
v 6.041999814908021e-7 1.73399328457525e-7 0.000012478700630169568
v 4.4800001795915824e-7 4.4119932958179e-7 0.000012328600554141025
v 1.060000135066217e-7 5.108993191984219e-7 0.00001246089960666127
v 2.952999900505413e-7 3.9549930789265657e-7 0.000012732100755260749
v 5.621999900389462e-7 3.374993349951213e-7 0.000012444199803576883
v 2.0649998525646538e-7 4.975993474677525e-7 0.00001213550011746947
v -3.109998645930929e-8 5.344993267104562e-7 0.000012191699625334006
v 1.060000135066217e-7 5.108993191984219e-7 0.00001246089960666127
v 4.4800001795915824e-7 4.4119932958179e-7 0.000012328600554141025
v 1.8410000436739046e-7 5.092993365535878e-7 0.000011914799927201972
v 4.910001170475706e-8 5.179993300883493e-7 0.00001202999988714117
v -3.109998645930929e-8 5.344993267104562e-7 0.000012191699625334006
v 2.0649998525646538e-7 4.975993474677525e-7 0.00001213550011746947
v 1.8570000560088061e-7 3.121993675267378e-7 0.000011396999625228163
v 4.0000008099886853e-8 4.1459936043579896e-7 0.0000115982002622359
v 2.6839999318672346e-7 4.201993666329415e-7 0.000011657499906262497
v 4.031999834214339e-7 3.6399937329993503e-7 0.00001151690044218013
v 4.0000008099886853e-8 4.1459936043579896e-7 0.0000115982002622359
v 2.2500011661613554e-8 5.079993545506907e-7 0.00001181439984977858
v 1.8410000436739046e-7 5.092993365535878e-7 0.000011914799927201972
v 2.6839999318672346e-7 4.201993666329415e-7 0.000011657499906262497
v 1.8410000436739046e-7 5.092993365535878e-7 0.000011914799927201972
v 2.2500011661613554e-8 5.079993545506907e-7 0.00001181439984977858
v 4.910001170475706e-8 5.179993300883493e-7 0.00001202999988714117
v -1.3919997998438813e-7 4.2479937473698256e-7 0.00001164510050956394
v -2.0139997564037375e-7 5.061993627592568e-7 0.000011758100229442054
v 2.2500011661613554e-8 5.079993545506907e-7 0.00001181439984977858
v 4.0000008099886853e-8 4.1459936043579896e-7 0.0000115982002622359
v 4.277999955651349e-7 2.196993058649805e-7 0.000012764201096076492
v -7.419998216979475e-8 2.1969928783416662e-7 0.000012898400037496944
v -7.179998486703292e-8 -6.992312564762862e-13 0.000012902199804508345
v 4.587999762630093e-7 -6.911238692166092e-13 0.000012784799595909095
v 2.952999900505413e-7 3.9549930789265657e-7 0.000012732100755260749
v -9.299997847341045e-8 4.003993317856205e-7 0.00001278189974371486
v -7.419998216979475e-8 2.1969928783416662e-7 0.000012898400037496944
v 4.277999955651349e-7 2.196993058649805e-7 0.000012764201096076492
v 1.060000135066217e-7 5.108993191984219e-7 0.00001246089960666127
v -2.2209996545068054e-7 5.68899290891393e-7 0.000012486999932531101
v -9.299997847341045e-8 4.003993317856205e-7 0.00001278189974371486
v 2.952999900505413e-7 3.9549930789265657e-7 0.000012732100755260749
v -3.109998645930929e-8 5.344993267104562e-7 0.000012191699625334006
v -2.3469997743815222e-7 5.719993247843182e-7 0.00001219640048159436
v -2.2209996545068054e-7 5.68899290891393e-7 0.000012486999932531101
v 1.060000135066217e-7 5.108993191984219e-7 0.00001246089960666127
v -5.120999661945743e-7 3.154993772316149e-7 0.00001167699946078523
v -5.796999773822727e-7 3.3939934243545533e-7 0.000011902400507057798
v -2.0139997564037375e-7 5.061993627592568e-7 0.000011758100229442054
v -1.3919997998438813e-7 4.2479937473698256e-7 0.00001164510050956394
v -7.419998216979475e-8 2.1969928783416662e-7 0.000012898400037496944
v -6.529999372577305e-7 2.1969930202484437e-7 0.000012657399339563468
v -6.709999283971278e-7 -6.89465485607338e-13 0.00001267960087855718
v -7.179998486703292e-8 -6.992312564762862e-13 0.000012902199804508345
v -9.299997847341045e-8 4.003993317856205e-7 0.00001278189974371486
v -5.041999862521887e-7 4.495992837882162e-7 0.000012556800222981215
v -6.529999372577305e-7 2.1969930202484437e-7 0.000012657399339563468
v -7.419998216979475e-8 2.1969928783416662e-7 0.000012898400037496944
v -2.2209996545068054e-7 5.68899290891393e-7 0.000012486999932531101
v -3.6839998842533685e-7 5.262993018100673e-7 0.000012338699595874609
v -5.041999862521887e-7 4.495992837882162e-7 0.000012556800222981215
v -9.299997847341045e-8 4.003993317856205e-7 0.00001278189974371486
v -2.3469997743815222e-7 5.719993247843182e-7 0.00001219640048159436
v -3.6839998842533685e-7 5.262993018100673e-7 0.000012338699595874609
v -2.2209996545068054e-7 5.68899290891393e-7 0.000012486999932531101
v -2.3469997743815222e-7 5.719993247843182e-7 0.00001219640048159436
v -3.037999818241692e-7 5.584993522285842e-7 0.000012028099994317687
v -4.535999586117461e-7 4.972993291263048e-7 0.00001209229955081363
v -3.6839998842533685e-7 5.262993018100673e-7 0.000012338699595874609
v -3.037999818241692e-7 5.584993522285842e-7 0.000012028099994317687
v -2.0139997564037375e-7 5.061993627592568e-7 0.000011758100229442054
v -5.796999773822727e-7 3.3939934243545533e-7 0.000011902400507057798
v -4.535999586117461e-7 4.972993291263048e-7 0.00001209229955081363
v 4.910001170475706e-8 5.179993300883493e-7 0.00001202999988714117
v -2.951999638254761e-7 6.47099354106104e-7 0.000012018799585119413
v -1.9789996725777227e-7 6.204992976759507e-7 0.00001220879988542737
v -3.109998645930929e-8 5.344993267104562e-7 0.000012191699625334006
v 2.2500011661613554e-8 5.079993545506907e-7 0.00001181439984977858
v -1.510999812003927e-7 5.956993576370303e-7 0.000011798499855125815
v -2.951999638254761e-7 6.47099354106104e-7 0.000012018799585119413
v 4.910001170475706e-8 5.179993300883493e-7 0.00001202999988714117
v -2.951999638254761e-7 6.47099354106104e-7 0.000012018799585119413
v -3.037999818241692e-7 5.584993522285842e-7 0.000012028099994317687
v -2.3469997743815222e-7 5.719993247843182e-7 0.00001219640048159436
v -1.9789996725777227e-7 6.204992976759507e-7 0.00001220879988542737
v -1.510999812003927e-7 5.956993576370303e-7 0.000011798499855125815
v -2.0139997564037375e-7 5.061993627592568e-7 0.000011758100229442054
v -3.037999818241692e-7 5.584993522285842e-7 0.000012028099994317687
v -2.951999638254761e-7 6.47099354106104e-7 0.000012018799585119413
v -2.3469997743815222e-7 5.719993247843182e-7 0.00001219640048159436
v -3.109998645930929e-8 5.344993267104562e-7 0.000012191699625334006
v -1.9789996725777227e-7 6.204992976759507e-7 0.00001220879988542737
v 2.2500011661613554e-8 5.079993545506907e-7 0.00001181439984977858
v -2.0139997564037375e-7 5.061993627592568e-7 0.000011758100229442054
v -1.510999812003927e-7 5.956993576370303e-7 0.000011798499855125815
v -6.529999372577305e-7 2.1969930202484437e-7 0.000012657399339563468
v -7.271999330699455e-7 2.5969933075935777e-7 0.000012306900711335822
v -7.872999236963702e-7 -6.701499490817082e-13 0.00001230940011368241
v -6.709999283971278e-7 -6.89465485607338e-13 0.00001267960087855718
v -5.041999862521887e-7 4.495992837882162e-7 0.000012556800222981215
v -5.746999758013527e-7 4.495993171227608e-7 0.000012308699353774247
v -7.271999330699455e-7 2.5969933075935777e-7 0.000012306900711335822
v -6.529999372577305e-7 2.1969930202484437e-7 0.000012657399339563468
v -7.271999330699455e-7 2.5969933075935777e-7 0.000012306900711335822
v -5.796999773822727e-7 3.3939934243545533e-7 0.000011902400507057798
v -7.048999238362549e-7 -6.502257660195494e-13 0.000011940800059662052
v -7.872999236963702e-7 -6.701499490817082e-13 0.00001230940011368241
v -5.796999773822727e-7 3.3939934243545533e-7 0.000011902400507057798
v -7.271999330699455e-7 2.5969933075935777e-7 0.000012306900711335822
v -5.746999758013527e-7 4.495993171227608e-7 0.000012308699353774247
v -4.535999586117461e-7 4.972993291263048e-7 0.00001209229955081363
v -5.746999758013527e-7 4.495993171227608e-7 0.000012308699353774247
v -5.041999862521887e-7 4.495992837882162e-7 0.000012556800222981215
v -3.6839998842533685e-7 5.262993018100673e-7 0.000012338699595874609
v -4.535999586117461e-7 4.972993291263048e-7 0.00001209229955081363
v -8.904999941615385e-7 0.000001473999874893425 0.000001216700154685066
v -9.03099915199542e-7 0.0000014957998911561004 6.164001178010559e-7
v -0.0000010900999524980789 0.0000010955999086731951 6.495000723952594e-7
v -0.000001031999977055937 0.0000010958999682760138 0.0000011979000459372774
v 9.309999560352886e-8 0.0000010821999197438417 0.00000120450006598763
v 1.53300003360072e-7 0.0000011082999826697697 9.374000721180866e-7
v -3.9459994723284715e-7 0.0000015806999727329891 7.759001246721651e-7
v -2.777999845173212e-7 0.0000014972998233800873 0.0000012071001127450407
v -2.777999845173212e-7 0.0000014972998233800873 0.0000012071001127450407
v -3.9459994723284715e-7 0.0000015806999727329891 7.759001246721651e-7
v -9.03099915199542e-7 0.0000014957998911561004 6.164001178010559e-7
v -8.904999941615385e-7 0.000001473999874893425 0.000001216700154685066
v -2.0649998525646538e-7 7.083998740526403e-7 0.0000012767000060929303
v -3.390999988062306e-7 6.750999024475745e-7 8.833000615714434e-7
v 1.53300003360072e-7 0.0000011082999826697697 9.374000721180866e-7
v 9.309999560352886e-8 0.0000010821999197438417 0.00000120450006598763
v -7.649999872222542e-7 7.560998916543867e-7 0.0000012894000524207489
v -6.566000082451845e-7 7.274999758736384e-7 8.591000853573595e-7
v -3.390999988062306e-7 6.750999024475745e-7 8.833000615714434e-7
v -2.0649998525646538e-7 7.083998740526403e-7 0.0000012767000060929303
v -0.000001031999977055937 0.0000010958999682760138 0.0000011979000459372774
v -0.0000010900999524980789 0.0000010955999086731951 6.495000723952594e-7
v -6.566000082451845e-7 7.274999758736384e-7 8.591000853573595e-7
v -7.649999872222542e-7 7.560998916543867e-7 0.0000012894000524207489
v -9.03099915199542e-7 0.0000014957998911561004 6.164001178010559e-7
v -6.207999692771588e-7 0.0000014136998771675581 5.481001029191578e-7
v -8.62299983789958e-7 0.000001105900002430162 4.357000734957422e-7
v -0.0000010900999524980789 0.0000010955999086731951 6.495000723952594e-7
v 1.53300003360072e-7 0.0000011082999826697697 9.374000721180866e-7
v 7.899999269147532e-9 0.0000010983998948895516 8.048000939918568e-7
v -2.784999861938415e-7 0.0000013819999692433874 6.392000458445917e-7
v -3.9459994723284715e-7 0.0000015806999727329891 7.759001246721651e-7
v -3.9459994723284715e-7 0.0000015806999727329891 7.759001246721651e-7
v -2.784999861938415e-7 0.0000013819999692433874 6.392000458445917e-7
v -6.207999692771588e-7 0.0000014136998771675581 5.481001029191578e-7
v -9.03099915199542e-7 0.0000014957998911561004 6.164001178010559e-7
v -3.390999988062306e-7 6.750999024475745e-7 8.833000615714434e-7
v -2.4709999154517434e-7 8.479999917568925e-7 6.305000378436649e-7
v 7.899999269147532e-9 0.0000010983998948895516 8.048000939918568e-7
v 1.53300003360072e-7 0.0000011082999826697697 9.374000721180866e-7
v -6.566000082451845e-7 7.274999758736384e-7 8.591000853573595e-7
v -7.158999345902365e-7 9.065999293127187e-7 4.5780004285069343e-7
v -2.4709999154517434e-7 8.479999917568925e-7 6.305000378436649e-7
v -3.390999988062306e-7 6.750999024475745e-7 8.833000615714434e-7
v -0.0000010900999524980789 0.0000010955999086731951 6.495000723952594e-7
v -8.62299983789958e-7 0.000001105900002430162 4.357000734957422e-7
v -7.158999345902365e-7 9.065999293127187e-7 4.5780004285069343e-7
v -6.566000082451845e-7 7.274999758736384e-7 8.591000853573595e-7
v -6.207999692771588e-7 0.0000014136998771675581 5.481001029191578e-7
v -7.206999564806006e-7 0.0000013682999891670395 1.3630009463985816e-7
v -9.47799978081882e-7 0.0000011052000295624655 8.520008465243337e-8
v -8.62299983789958e-7 0.000001105900002430162 4.357000734957422e-7
v -2.784999861938415e-7 0.0000013819999692433874 6.392000458445917e-7
v -2.6239998401366197e-7 0.0000014684999697124057 1.94700115496826e-7
v -7.206999564806006e-7 0.0000013682999891670395 1.3630009463985816e-7
v -6.207999692771588e-7 0.0000014136998771675581 5.481001029191578e-7
v -7.158999345902365e-7 9.065999293127187e-7 4.5780004285069343e-7
v -6.699999208049863e-7 8.223999682144149e-7 9.170006049821227e-8
v -2.7890000014463425e-7 9.361999480803779e-7 1.7910006168740246e-7
v -2.4709999154517434e-7 8.479999917568925e-7 6.305000378436649e-7
v -8.62299983789958e-7 0.000001105900002430162 4.357000734957422e-7
v -9.47799978081882e-7 0.0000011052000295624655 8.520008465243337e-8
v -6.699999208049863e-7 8.223999682144149e-7 9.170006049821227e-8
v -7.158999345902365e-7 9.065999293127187e-7 4.5780004285069343e-7
v 7.899999269147532e-9 0.0000010983998948895516 8.048000939918568e-7
v 4.3179995317412623e-7 0.0000011125000115840155 5.305001010868723e-7
v 2.4819998898259376e-7 0.0000014749999872317257 4.3810009797544004e-7
v -2.784999861938415e-7 0.0000013819999692433874 6.392000458445917e-7
v -2.4709999154517434e-7 8.479999917568925e-7 6.305000378436649e-7
v 4.7599997588060826e-7 7.881999466901124e-7 3.4300006398697455e-7
v 4.3179995317412623e-7 0.0000011125000115840155 5.305001010868723e-7
v 7.899999269147532e-9 0.0000010983998948895516 8.048000939918568e-7
v -2.784999861938415e-7 0.0000013819999692433874 6.392000458445917e-7
v 2.4819998898259376e-7 0.0000014749999872317257 4.3810009797544004e-7
v 2.466999775943816e-7 0.0000016380001290265608 9.18001144652748e-8
v -2.6239998401366197e-7 0.0000014684999697124057 1.94700115496826e-7
v -2.7890000014463425e-7 9.361999480803779e-7 1.7910006168740246e-7
v 4.4429997531631994e-7 7.948000051939716e-7 7.050006033512849e-8
v 4.7599997588060826e-7 7.881999466901124e-7 3.4300006398697455e-7
v -2.4709999154517434e-7 8.479999917568925e-7 6.305000378436649e-7
v 4.3179995317412623e-7 0.0000011125000115840155 5.305001010868723e-7
v 8.491999861963092e-7 0.000001101799941834919 3.26000083910759e-7
v 7.223999839391559e-7 0.000001573199986908054 2.3910011973687496e-7
v 2.4819998898259376e-7 0.0000014749999872317257 4.3810009797544004e-7
v 4.7599997588060826e-7 7.881999466901124e-7 3.4300006398697455e-7
v 9.47799978081882e-7 8.71799925708798e-7 2.1630006397412028e-7
v 8.491999861963092e-7 0.000001101799941834919 3.26000083910759e-7
v 4.3179995317412623e-7 0.0000011125000115840155 5.305001010868723e-7
v 2.4819998898259376e-7 0.0000014749999872317257 4.3810009797544004e-7
v 7.223999839391559e-7 0.000001573199986908054 2.3910011973687496e-7
v 7.58299994562566e-7 0.0000016613999004919965 1.0580011664088342e-7
v 2.466999775943816e-7 0.0000016380001290265608 9.18001144652748e-8
v 4.4429997531631994e-7 7.948000051939716e-7 7.050006033512849e-8
v 8.403999339373793e-7 8.564000132144505e-7 8.740006458427594e-8
v 9.47799978081882e-7 8.71799925708798e-7 2.1630006397412028e-7
v 4.7599997588060826e-7 7.881999466901124e-7 3.4300006398697455e-7
v 8.491999861963092e-7 0.000001101799941834919 3.26000083910759e-7
v 0.000001126599938572944 0.0000013434000593565814 1.31500096043887e-7
v 7.223999839391559e-7 0.000001573199986908054 2.3910011973687496e-7
v 9.47799978081882e-7 8.71799925708798e-7 2.1630006397412028e-7
v 0.0000011755999467900029 9.386000024860634e-7 1.288000699065873e-7
v 0.000001126599938572944 0.0000013434000593565814 1.31500096043887e-7
v 8.491999861963092e-7 0.000001101799941834919 3.26000083910759e-7
v 7.223999839391559e-7 0.000001573199986908054 2.3910011973687496e-7
v 0.000001126599938572944 0.0000013434000593565814 1.31500096043887e-7
v 0.0000010751999557904904 0.000001400499899342162 5.720009898045175e-8
v 7.58299994562566e-7 0.0000016613999004919965 1.0580011664088342e-7
v 8.403999339373793e-7 8.564000132144505e-7 8.740006458427594e-8
v 0.0000011569999801991506 9.2860000932052e-7 4.440006946355469e-8
v 0.0000011755999467900029 9.386000024860634e-7 1.288000699065873e-7
v 9.47799978081882e-7 8.71799925708798e-7 2.1630006397412028e-7
v 0.0000011569999801991506 9.2860000932052e-7 4.440006946355469e-8
v 0.0000010751999557904904 0.000001400499899342162 5.720009898045175e-8
v 0.000001126599938572944 0.0000013434000593565814 1.31500096043887e-7
v 0.0000011755999467900029 9.386000024860634e-7 1.288000699065873e-7
v -7.206999564806006e-7 0.0000013682999891670395 1.3630009463985816e-7
v -6.256999628229072e-7 0.0000013004000371268289 -9.699906820661962e-9
v -8.435999727841469e-7 0.0000011099999929487217 -1.6099920006552742e-8
v -9.47799978081882e-7 0.0000011052000295624655 8.520008465243337e-8
v -2.6239998401366197e-7 0.0000014684999697124057 1.94700115496826e-7
v -2.2199997560540258e-7 0.0000014289000022116706 5.8300100381470425e-8
v -6.256999628229072e-7 0.0000013004000371268289 -9.699906820661962e-9
v -7.206999564806006e-7 0.0000013682999891670395 1.3630009463985816e-7
v -6.699999208049863e-7 8.223999682144149e-7 9.170006049821227e-8
v -6.109999821856619e-7 9.531999603266788e-7 -1.74999298358759e-8
v -1.8419999421266843e-7 0.0000011261999757437264 6.880008172214844e-8
v -2.7890000014463425e-7 9.361999480803779e-7 1.7910006168740246e-7
v -9.47799978081882e-7 0.0000011052000295624655 8.520008465243337e-8
v -8.435999727841469e-7 0.0000011099999929487217 -1.6099920006552742e-8
v -6.109999821856619e-7 9.531999603266788e-7 -1.74999298358759e-8
v -6.699999208049863e-7 8.223999682144149e-7 9.170006049821227e-8
v 2.466999775943816e-7 0.0000016380001290265608 9.18001144652748e-8
v 2.381999858207537e-7 0.0000015713001205935692 1.3001109715309868e-9
v -2.2199997560540258e-7 0.0000014289000022116706 5.8300100381470425e-8
v -2.6239998401366197e-7 0.0000014684999697124057 1.94700115496826e-7
v -2.7890000014463425e-7 9.361999480803779e-7 1.7910006168740246e-7
v -1.8419999421266843e-7 0.0000011261999757437264 6.880008172214844e-8
v 4.171999805720525e-7 9.301000289852383e-7 -1.5699930173164755e-8
v 4.4429997531631994e-7 7.948000051939716e-7 7.050006033512849e-8
v 7.58299994562566e-7 0.0000016613999004919965 1.0580011664088342e-7
v 7.005000068461517e-7 0.0000015809999916525655 2.500112366382844e-9
v 2.381999858207537e-7 0.0000015713001205935692 1.3001109715309868e-9
v 2.466999775943816e-7 0.0000016380001290265608 9.18001144652748e-8
v 4.4429997531631994e-7 7.948000051939716e-7 7.050006033512849e-8
v 4.171999805720525e-7 9.301000289852383e-7 -1.5699930173164755e-8
v 7.81299950903096e-7 9.391999959281635e-7 -4.49992904306866e-9
v 8.403999339373793e-7 8.564000132144505e-7 8.740006458427594e-8
v 0.0000010751999557904904 0.000001400499899342162 5.720009898045175e-8
v 9.86999999207444e-7 0.000001379699979267852 -8.999002786868451e-10
v 7.005000068461517e-7 0.0000015809999916525655 2.500112366382844e-9
v 7.58299994562566e-7 0.0000016613999004919965 1.0580011664088342e-7
v 8.403999339373793e-7 8.564000132144505e-7 8.740006458427594e-8
v 7.81299950903096e-7 9.391999959281635e-7 -4.49992904306866e-9
v 0.000001060899934534357 9.530999873277096e-7 -7.59992713971071e-9
v 0.0000011569999801991506 9.2860000932052e-7 4.440006946355469e-8
v 0.0000011569999801991506 9.2860000932052e-7 4.440006946355469e-8
v 0.000001060899934534357 9.530999873277096e-7 -7.59992713971071e-9
v 9.86999999207444e-7 0.000001379699979267852 -8.999002786868451e-10
v 0.0000010751999557904904 0.000001400499899342162 5.720009898045175e-8
v 4.171999805720525e-7 9.301000289852383e-7 -1.5699930173164755e-8
v 2.381999858207537e-7 0.0000015713001205935692 1.3001109715309868e-9
v 7.005000068461517e-7 0.0000015809999916525655 2.500112366382844e-9
v 7.81299950903096e-7 9.391999959281635e-7 -4.49992904306866e-9
v -6.109999821856619e-7 9.531999603266788e-7 -1.74999298358759e-8
v -6.256999628229072e-7 0.0000013004000371268289 -9.699906820661962e-9
v -2.2199997560540258e-7 0.0000014289000022116706 5.8300100381470425e-8
v -1.8419999421266843e-7 0.0000011261999757437264 6.880008172214844e-8
v 7.81299950903096e-7 9.391999959281635e-7 -4.49992904306866e-9
v 7.005000068461517e-7 0.0000015809999916525655 2.500112366382844e-9
v 9.86999999207444e-7 0.000001379699979267852 -8.999002786868451e-10
v 0.000001060899934534357 9.530999873277096e-7 -7.59992713971071e-9
v -1.8419999421266843e-7 0.0000011261999757437264 6.880008172214844e-8
v -2.2199997560540258e-7 0.0000014289000022116706 5.8300100381470425e-8
v 2.381999858207537e-7 0.0000015713001205935692 1.3001109715309868e-9
v 4.171999805720525e-7 9.301000289852383e-7 -1.5699930173164755e-8
v -8.435999727841469e-7 0.0000011099999929487217 -1.6099920006552742e-8
v -6.256999628229072e-7 0.0000013004000371268289 -9.699906820661962e-9
v -6.109999821856619e-7 9.531999603266788e-7 -1.74999298358759e-8
v -2.652999805650211e-7 -3.3980283800232567e-13 0.000006142599846935203
v -9.315999860564245e-7 -3.5841544619294667e-13 0.000006448300113450637
v -9.315999860564245e-7 1.8629964767302544e-7 0.000006322900450147103
v -2.645999788885008e-7 1.8749965754378044e-7 0.000006020600093647668
v -5.577999639094812e-7 -6.223509593967972e-13 0.000011427200049452345
v -5.818999358773243e-7 -6.357426231669607e-13 0.000011676999418395015
v -5.120999661945743e-7 3.154993772316149e-7 0.00001167699946078523
v -4.92200004285853e-7 2.054993794245444e-7 0.000011427200077063086
v 6.626999526938431e-7 1.245993792208646e-7 0.00001156899976482733
v 6.990999671133239e-7 -6.243593645049966e-13 0.000011547299929667145
v 6.653999877445399e-7 -6.19858234931797e-13 0.000011460599609025482
v 6.219000212842591e-7 1.5509939274650186e-7 0.000011462300457906935
v -5.818999358773243e-7 -6.357426231669607e-13 0.000011676999418395015
v -7.048999238362549e-7 -6.502257660195494e-13 0.000011940800059662052
v -5.796999773822727e-7 3.3939934243545533e-7 0.000011902400507057798
v -5.120999661945743e-7 3.154993772316149e-7 0.00001167699946078523
v 7.836999982280653e-7 4.549995790448357e-7 0.000007908000044255108
v 7.59599989880435e-7 5.543995881999269e-7 0.000007545000163273758
v 5.542999737167734e-7 8.033996025201371e-7 0.000007677700290713162
v 5.080999722057957e-7 7.757995191637065e-7 0.00000801059983235844
v 5.080999722057957e-7 7.757995191637065e-7 0.00000801059983235844
v 5.542999737167734e-7 8.033996025201371e-7 0.000007677700290713162
v 2.0010001670229201e-7 0.0000010827995273775327 0.00000773340040937313
v 1.1650001136958568e-7 0.0000010715995220415559 0.000008103799660889032
v 1.1650001136958568e-7 0.0000010715995220415559 0.000008103799660889032
v 2.0010001670229201e-7 0.0000010827995273775327 0.00000773340040937313
v -4.583999805021102e-7 9.397995788081191e-7 0.00000779170002570751
v -5.67199955240079e-7 8.551995650568267e-7 0.00000811939986876254
v -6.694000181131057e-7 6.802995314777997e-7 0.000007842400033328998
v -7.713999921562148e-7 2.685995704081424e-7 0.00000786709981961205
v -7.482999186411514e-7 3.247995453472973e-7 0.000008144600225037115
v -5.67199955240079e-7 8.551995650568267e-7 0.00000811939986876254
v -7.713999921562148e-7 2.685995704081424e-7 0.00000786709981961205
v -8.020999487485744e-7 -4.315492059631886e-13 0.000007829600075856138
v -8.127999717768284e-7 -4.4899087033987737e-13 0.0000081563005046281
v -7.482999186411514e-7 3.247995453472973e-7 0.000008144600225037115
v -4.583999805021102e-7 9.397995788081191e-7 0.00000779170002570751
v -6.694000181131057e-7 6.802995314777997e-7 0.000007842400033328998
v -5.67199955240079e-7 8.551995650568267e-7 0.00000811939986876254
v 1.7030000509722138e-7 3.40899416032159e-7 0.00001062860021129938
v 8.39000112483275e-8 7.998994646754386e-7 0.000010668499300688816
v 1.0210000026817428e-7 4.5089940950169594e-7 0.000010775299846157248
v -3.9019995748316945e-7 6.473994058092593e-7 0.000011001399407629353
v -6.580999468738222e-7 3.133993989865843e-7 0.000011069399888155592
v -5.739999559349387e-7 2.7949940265827026e-7 0.000011177500835250959
v -2.756999794877603e-7 4.4989940044037277e-7 0.000011056000501452465
v -5.739999559349387e-7 2.7949940265827026e-7 0.000011177500835250959
v -6.580999468738222e-7 3.133993989865843e-7 0.000011069399888155592
v -6.617999895166605e-7 -6.036530809198686e-13 0.000011069399846047531
v -5.910999838971534e-7 -6.098148805641486e-13 0.0000111896999606383
v -3.9019995748316945e-7 6.473994058092593e-7 0.000011001399407629353
v -8.142999831650406e-7 5.144993892190414e-7 0.000010847100176634594
v -6.580999468738222e-7 3.133993989865843e-7 0.000011069399888155592
v -3.2769995591156267e-7 0.000003254899494256069 0.000010286899476074889
v -3.004999713220173e-7 0.0000030124994758150022 0.0000103477997976349
v -6.235999759832399e-7 0.0000030231992210660747 0.000010259800283293736
v -6.450999209355577e-7 0.000003370399520659427 0.0000102340003634301
v -6.235999759832399e-7 0.0000030231992210660747 0.000010259800283293736
v -8.898998731909344e-7 0.000002863899359594259 0.000010465400220644381
v -9.643999294884514e-7 0.0000033204992131898944 0.000010519299417882348
v -6.450999209355577e-7 0.000003370399520659427 0.0000102340003634301
v -9.643999294884514e-7 0.0000033204992131898944 0.000010519299417882348
v -8.898998731909344e-7 0.000002863899359594259 0.000010465400220644381
v -8.376998988866824e-7 0.0000029312994283265137 0.000010797200232215958
v -8.838999731572346e-7 0.0000034804992491879156 0.00001078789988490334
v -8.376998988866824e-7 0.0000029312994283265137 0.000010797200232215958
v -6.299999809172006e-7 0.0000029350995004167537 0.000010912400191496808
v -6.384000010354441e-7 0.0000034252994396849268 0.000010961200401582099
v -8.838999731572346e-7 0.0000034804992491879156 0.00001078789988490334
v -6.384000010354441e-7 0.0000034252994396849268 0.000010961200401582099
v -6.299999809172006e-7 0.0000029350995004167537 0.000010912400191496808
v -3.9089997734958337e-7 0.000002972599504550418 0.000010871999418723271
v -4.003999767153527e-7 0.00000339409955839781 0.000010882800490124422
v -4.003999767153527e-7 0.00000339409955839781 0.000010882800490124422
v -3.9089997734958337e-7 0.000002972599504550418 0.000010871999418723271
v -2.275999708276713e-7 0.000003030399461373381 0.00001061820002664053
v -1.7179998010564631e-7 0.0000033469994059841512 0.000010608300109101503
v -2.275999708276713e-7 0.000003030399461373381 0.00001061820002664053
v -3.004999713220173e-7 0.0000030124994758150022 0.0000103477997976349
v -3.2769995591156267e-7 0.000003254899494256069 0.000010286899476074889
v -1.7179998010564631e-7 0.0000033469994059841512 0.000010608300109101503
v 4.14300002210587e-7 -6.974750962089078e-13 0.000012901100843747207
v 3.8350000120326855e-7 3.366992888027448e-7 0.000012850299565156878
v -5.369998569246411e-8 2.0599930671414564e-7 0.000012944799695673885
v -5.1399987329927065e-8 -7.028571708038681e-13 0.000012971599642235527
v 1.74200009240722e-7 5.75699299643195e-7 0.000012704599984916747
v -7.44999835379425e-8 4.058992936214641e-7 0.000012840699965941436
v -5.369998569246411e-8 2.0599930671414564e-7 0.000012944799695673885
v 3.8350000120326855e-7 3.366992888027448e-7 0.000012850299565156878
v 1.4580001008363876e-7 5.807993030028342e-7 0.000012485499340463546
v -2.172999799401037e-7 5.923993232634825e-7 0.000012514400613056015
v -1.9579998041810502e-7 5.776993178506534e-7 0.000012684099244715516
v 1.74200009240722e-7 5.75699299643195e-7 0.000012704599984916747
v -2.6299985032575526e-8 5.733993236230223e-7 0.000012231399588056662
v -2.3669999262243514e-7 5.957993445867763e-7 0.000012226299435245812
v -2.172999799401037e-7 5.923993232634825e-7 0.000012514400613056015
v 1.4580001008363876e-7 5.807993030028342e-7 0.000012485499340463546
v -5.528999703637328e-7 2.7009937586832193e-7 0.00001156739907352213
v -6.129999973699448e-7 3.2749937158111673e-7 0.000011867600469407355
v -4.862999667681759e-7 4.1429936009389996e-7 0.00001169179935558143
v -3.881999786786738e-7 1.955992985228292e-7 0.000012868000497865266
v -3.08699957180024e-7 3.880992844567261e-7 0.000012805899927498271
v -5.293999374675576e-7 4.6039931162702917e-7 0.000012591600260483871
v -6.874999809078873e-7 2.059993201388626e-7 0.00001270949985668881
v -2.172999799401037e-7 5.923993232634825e-7 0.000012514400613056015
v -3.791999831089752e-7 5.565993379002165e-7 0.000012350399341099748
v -5.293999374675576e-7 4.6039931162702917e-7 0.000012591600260483871
v -1.9579998041810502e-7 5.776993178506534e-7 0.000012684099244715516
v -2.3669999262243514e-7 5.957993445867763e-7 0.000012226299435245812
v -3.791999831089752e-7 5.565993379002165e-7 0.000012350399341099748
v -2.172999799401037e-7 5.923993232634825e-7 0.000012514400613056015
v -2.3669999262243514e-7 5.957993445867763e-7 0.000012226299435245812
v -3.963999463467869e-7 5.790993396601686e-7 0.000012006600413042374
v -4.733999852448703e-7 5.021993616717945e-7 0.000012077699904326414
v -3.791999831089752e-7 5.565993379002165e-7 0.000012350399341099748
v -3.963999463467869e-7 5.790993396601686e-7 0.000012006600413042374
v -4.862999667681759e-7 4.1429936009389996e-7 0.00001169179935558143
v -6.129999973699448e-7 3.2749937158111673e-7 0.000011867600469407355
v -4.733999852448703e-7 5.021993616717945e-7 0.000012077699904326414
v -6.874999809078873e-7 2.059993201388626e-7 0.00001270949985668881
v -7.761999412870044e-7 2.501993290021018e-7 0.00001231519995928203
v -8.340999734183775e-7 -6.70744854922471e-13 0.000012317500292682406
v -7.043999927997587e-7 -6.922831097012822e-13 0.000012730300921044795
v -5.293999374675576e-7 4.6039931162702917e-7 0.000012591600260483871
v -6.074999556131668e-7 4.603993485085807e-7 0.000012317099885789277
v -7.761999412870044e-7 2.501993290021018e-7 0.00001231519995928203
v -6.874999809078873e-7 2.059993201388626e-7 0.00001270949985668881
v -7.761999412870044e-7 2.501993290021018e-7 0.00001231519995928203
v -6.129999973699448e-7 3.2749937158111673e-7 0.000011867600469407355
v -7.372999806467444e-7 -6.484742822479492e-13 0.000011905799789234503
v -8.340999734183775e-7 -6.70744854922471e-13 0.000012317500292682406
v -6.129999973699448e-7 3.2749937158111673e-7 0.000011867600469407355
v -7.761999412870044e-7 2.501993290021018e-7 0.00001231519995928203
v -6.074999556131668e-7 4.603993485085807e-7 0.000012317099885789277
v -4.733999852448703e-7 5.021993616717945e-7 0.000012077699904326414
v -6.074999556131668e-7 4.603993485085807e-7 0.000012317099885789277
v -5.293999374675576e-7 4.6039931162702917e-7 0.000012591600260483871
v -3.791999831089752e-7 5.565993379002165e-7 0.000012350399341099748
v -4.733999852448703e-7 5.021993616717945e-7 0.000012077699904326414
v 3.8350000120326855e-7 3.366992888027448e-7 0.000012850299565156878
v 6.733999757220971e-7 2.059993219393475e-7 0.000012696099287492353
v 5.845999709280211e-7 4.077992875003839e-7 0.0000126706008638102
v 1.74200009240722e-7 5.75699299643195e-7 0.000012704599984916747
v 1.74200009240722e-7 5.75699299643195e-7 0.000012704599984916747
v 5.845999709280211e-7 4.077992875003839e-7 0.0000126706008638102
v 3.3199997400585604e-7 4.85699315265226e-7 0.00001255729964961815
v 1.4580001008363876e-7 5.807993030028342e-7 0.000012485499340463546
v 3.6460001050690147e-7 4.889993228697367e-7 0.000012311400194836884
v 2.2219999167574577e-7 5.197993476047903e-7 0.00001216560046943526
v -2.6299985032575526e-8 5.733993236230223e-7 0.000012231399588056662
v 1.4580001008363876e-7 5.807993030028342e-7 0.000012485499340463546
v 1.74200009240722e-7 5.75699299643195e-7 0.000012704599984916747
v 3.3199997400585604e-7 4.85699315265226e-7 0.00001255729964961815
v 3.6460001050690147e-7 4.889993228697367e-7 0.000012311400194836884
v 2.2219999167574577e-7 5.197993476047903e-7 0.00001216560046943526
v 2.0180000778106014e-7 5.346993254126658e-7 0.000012050400512666928
v 4.1900010701524765e-8 5.346993284896478e-7 0.000012027499287992032
v -2.6299985032575526e-8 5.733993236230223e-7 0.000012231399588056662
v 6.733999757220971e-7 2.059993219393475e-7 0.000012696099287492353
v 5.448000107307913e-7 1.9319933656494632e-7 0.000012500999990223511
v 4.575000173249276e-7 2.977993309885899e-7 0.000012519599682329029
v 5.845999709280211e-7 4.077992875003839e-7 0.0000126706008638102
v 3.3199997400585604e-7 4.85699315265226e-7 0.00001255729964961815
v 3.3199997400585604e-7 4.0869934825338283e-7 0.000012486799676630853
v 3.6460001050690147e-7 4.562993463099353e-7 0.000012314300096434872
v 3.6460001050690147e-7 4.889993228697367e-7 0.000012311400194836884
v 3.6460001050690147e-7 4.889993228697367e-7 0.000012311400194836884
v 3.6460001050690147e-7 4.562993463099353e-7 0.000012314300096434872
v 2.2219999167574577e-7 4.779993342044347e-7 0.00001213599953662261
v 2.2219999167574577e-7 5.197993476047903e-7 0.00001216560046943526
v 5.845999709280211e-7 4.077992875003839e-7 0.0000126706008638102
v 4.575000173249276e-7 2.977993309885899e-7 0.000012519599682329029
v 3.3199997400585604e-7 4.0869934825338283e-7 0.000012486799676630853
v 3.3199997400585604e-7 4.85699315265226e-7 0.00001255729964961815
v 2.2219999167574577e-7 5.197993476047903e-7 0.00001216560046943526
v 2.2219999167574577e-7 4.779993342044347e-7 0.00001213599953662261
v 2.0180000778106014e-7 4.860993447949511e-7 0.000012035600624615542
v 2.0180000778106014e-7 5.346993254126658e-7 0.000012050400512666928
v -2.6299985032575526e-8 5.733993236230223e-7 0.000012231399588056662
v -2.6299985032575526e-8 5.347993455222417e-7 0.000012231399582870413
v -2.3669999262243514e-7 5.376993613383881e-7 0.000012226299427439565
v -2.3669999262243514e-7 5.957993445867763e-7 0.000012226299435245812
v -2.3669999262243514e-7 5.957993445867763e-7 0.000012226299435245812
v -2.3669999262243514e-7 5.376993613383881e-7 0.000012226299427439565
v -3.5209998836470776e-7 5.065993251857041e-7 0.000012006600403301356
v -3.963999463467869e-7 5.790993396601686e-7 0.000012006600413042374
v -3.963999463467869e-7 5.790993396601686e-7 0.000012006600413042374
v -3.5209998836470776e-7 5.065993251857041e-7 0.000012006600403301356
v -3.7439999759839834e-7 3.44199359359208e-7 0.00001167339990248726
v -4.862999667681759e-7 4.1429936009389996e-7 0.00001169179935558143
v 4.1900010701524765e-8 5.346993284896478e-7 0.000012027499287992032
v 4.1900010701524765e-8 4.961993584374757e-7 0.00001202749928281922
v -2.6299985032575526e-8 5.347993455222417e-7 0.000012231399582870413
v -2.6299985032575526e-8 5.733993236230223e-7 0.000012231399588056662
v 2.0180000778106014e-7 5.346993254126658e-7 0.000012050400512666928
v 2.0180000778106014e-7 4.860993447949511e-7 0.000012035600624615542
v 4.1900010701524765e-8 4.961993584374757e-7 0.00001202749928281922
v 4.1900010701524765e-8 5.346993284896478e-7 0.000012027499287992032
v -4.862999667681759e-7 4.1429936009389996e-7 0.00001169179935558143
v -3.7439999759839834e-7 3.44199359359208e-7 0.00001167339990248726
v -4.823999444347816e-7 2.7009937586832193e-7 0.00001156739907352213
v -5.528999703637328e-7 2.7009937586832193e-7 0.00001156739907352213
v -5.528999703637328e-7 2.7009937586832193e-7 0.00001156739907352213
v -4.823999444347816e-7 2.7009937586832193e-7 0.00001156739907352213
v -5.668999675143515e-7 -6.292495678976347e-13 0.000011556099764829685
v -6.373999934433026e-7 -6.294957598809207e-13 0.000011556099764829685
v 1.74200009240722e-7 5.75699299643195e-7 0.000012704599984916747
v -1.9579998041810502e-7 5.776993178506534e-7 0.000012684099244715516
v -7.44999835379425e-8 4.058992936214641e-7 0.000012840699965941436
v -1.9579998041810502e-7 5.776993178506534e-7 0.000012684099244715516
v -3.08699957180024e-7 3.880992844567261e-7 0.000012805899927498271
v -7.44999835379425e-8 4.058992936214641e-7 0.000012840699965941436
v -7.44999835379425e-8 4.058992936214641e-7 0.000012840699965941436
v -3.08699957180024e-7 3.880992844567261e-7 0.000012805899927498271
v -3.881999786786738e-7 1.955992985228292e-7 0.000012868000497865266
v -5.369998569246411e-8 2.0599930671414564e-7 0.000012944799695673885
v -5.369998569246411e-8 2.0599930671414564e-7 0.000012944799695673885
v -3.881999786786738e-7 1.955992985228292e-7 0.000012868000497865266
v -3.607999598288916e-7 -6.991325710772221e-13 0.000012881399876627786
v -5.1399987329927065e-8 -7.028571708038681e-13 0.000012971599642235527
v -1.9579998041810502e-7 5.776993178506534e-7 0.000012684099244715516
v -5.293999374675576e-7 4.6039931162702917e-7 0.000012591600260483871
v -3.08699957180024e-7 3.880992844567261e-7 0.000012805899927498271
v 5.286000187053338e-7 8.947995798073438e-7 0.000007362599498187668
v 5.542999737167734e-7 8.033996025201371e-7 0.000007677700290713162
v 7.59599989880435e-7 5.543995881999269e-7 0.000007545000163273758
v 7.0129999836795e-7 7.097996231702887e-7 0.0000072318004417656045
v 7.0129999836795e-7 7.097996231702887e-7 0.0000072318004417656045
v 5.59599963023421e-7 9.250996212359733e-7 0.0000070638003367941836
v 5.286000187053338e-7 8.947995798073438e-7 0.000007362599498187668
v -9.315999860564245e-7 -3.5841544619294667e-13 0.000006448300113450637
v -0.0000010546999456707395 -3.808631151282303e-13 0.0000068616001635996014
v -0.0000010356999469392008 3.277996363246012e-7 0.00000682770006212937
v -9.315999860564245e-7 1.8629964767302544e-7 0.000006322900450147103
v -0.0000010546999456707395 -3.808631151282303e-13 0.0000068616001635996014
v -8.945999234259141e-7 -4.057471632082789e-13 0.000007339199895655259
v -8.796999994779001e-7 2.4149958886471113e-7 0.000007335600365948852
v -0.0000010356999469392008 3.277996363246012e-7 0.00000682770006212937
v -8.796999994779001e-7 2.4149958886471113e-7 0.000007335600365948852
v -8.945999234259141e-7 -4.057471632082789e-13 0.000007339199895655259
v -7.931999248342601e-7 -4.1781622710103095e-13 0.000007572399601999345
v -7.779999404009441e-7 2.41499574862278e-7 0.000007575200005327212
v -7.779999404009441e-7 2.41499574862278e-7 0.000007575200005327212
v -7.931999248342601e-7 -4.1781622710103095e-13 0.000007572399601999345
v -8.020999487485744e-7 -4.315492059631886e-13 0.000007829600075856138
v -7.713999921562148e-7 2.685995704081424e-7 0.00000786709981961205
v -8.127999717768284e-7 -4.4899087033987737e-13 0.0000081563005046281
v -9.065999417720371e-7 -4.818309521531118e-13 0.000008766599748591133
v -8.279999562101444e-7 3.2459952596260006e-7 0.000008710599941596612
v -7.482999186411514e-7 3.247995453472973e-7 0.000008144600225037115
v -9.065999417720371e-7 -4.818309521531118e-13 0.000008766599748591133
v -0.0000011533999092116966 -5.269414178719674e-13 0.000009597199879795066
v -0.0000011033998934024963 3.146994898203809e-7 0.000009547500469393358
v -8.279999562101444e-7 3.2459952596260006e-7 0.000008710599941596612
v -0.0000011033998934024963 3.146994898203809e-7 0.000009547500469393358
v -0.0000011533999092116966 -5.269414178719674e-13 0.000009597199879795066
v -0.0000011201999336389834 -5.577025797433822e-13 0.00001017680039995386
v -0.0000010827999116273611 3.790994485820302e-7 0.0000102544995378391
v -5.739999559349387e-7 2.7949940265827026e-7 0.000011177500835250959
v -5.910999838971534e-7 -6.098148805641486e-13 0.0000111896999606383
v -5.577999639094812e-7 -6.223509593967972e-13 0.000011427200049452345
v -4.92200004285853e-7 2.054993794245444e-7 0.000011427200077063086
v 7.836999982280653e-7 4.549995790448357e-7 0.000007908000044255108
v 7.589999416694054e-7 -4.298262055480565e-13 0.000007899600034634559
v 7.939999891156329e-7 -4.096573439240519e-13 0.000007523299688289469
v 7.59599989880435e-7 5.543995881999269e-7 0.000007545000163273758
v 2.0760000088377843e-7 -5.836013519981063e-13 0.000010750000405001708
v 2.5220000116126597e-7 -5.735740725522418e-13 0.000010564699788188353
v 1.7030000509722138e-7 3.40899416032159e-7 0.00001062860021129938
v 1.0210000026817428e-7 4.5089940950169594e-7 0.000010775299846157248
v -8.74300002136081e-7 -5.924514806586069e-13 0.000010845200209241959
v -6.617999895166605e-7 -6.036530809198686e-13 0.000011069399846047531
v -6.580999468738222e-7 3.133993989865843e-7 0.000011069399888155592
v -8.142999831650406e-7 5.144993892190414e-7 0.000010847100176634594
v -7.043999927997587e-7 -6.922831097012822e-13 0.000012730300921044795
v -3.607999598288916e-7 -6.991325710772221e-13 0.000012881399876627786
v -3.881999786786738e-7 1.955992985228292e-7 0.000012868000497865266
v -6.874999809078873e-7 2.059993201388626e-7 0.00001270949985668881
v -6.373999934433026e-7 -6.294957598809207e-13 0.000011556099764829685
v -7.372999806467444e-7 -6.484742822479492e-13 0.000011905799789234503
v -6.129999973699448e-7 3.2749937158111673e-7 0.000011867600469407355
v -5.528999703637328e-7 2.7009937586832193e-7 0.00001156739907352213
v 4.14300002210587e-7 -6.974750962089078e-13 0.000012901100843747207
v 7.023999776154758e-7 -6.865760533416946e-13 0.000012715399758181911
v 6.733999757220971e-7 2.059993219393475e-7 0.000012696099287492353
v 3.8350000120326855e-7 3.366992888027448e-7 0.000012850299565156878
v 6.733999757220971e-7 2.059993219393475e-7 0.000012696099287492353
v 7.023999776154758e-7 -6.865760533416946e-13 0.000012715399758181911
v 6.022999743416908e-7 -6.747419998500583e-13 0.000012486699504530407
v 5.448000107307913e-7 1.9319933656494632e-7 0.000012500999990223511
vt 0.30000001192092896 0.033333003520965576
vt 0.30000001192092896 0.033333003520965576
vt 0.30000001192092896 0.033333003520965576
vt 0.30000001192092896 0.033333003520965576
vt 0.30000001192092896 0.033333003520965576
vt 0.30000001192092896 0.033333003520965576
vt 0.30000001192092896 0.033333003520965576
vt 0.30000001192092896 0.033333003520965576
vt 0.30000001192092896 0.033333003520965576
vt 0.30000001192092896 0.033333003520965576
vt 0.30000001192092896 0.033333003520965576
vt 0.30000001192092896 0.033333003520965576
vt 0.30000001192092896 0.033333003520965576
vt 0.30000001192092896 0.033333003520965576
vt 0.30000001192092896 0.033333003520965576
vt 0.30000001192092896 0.033333003520965576
vt 0.30000001192092896 0.033333003520965576
vt 0.30000001192092896 0.033333003520965576
vt 0.30000001192092896 0.033333003520965576
vt 0.30000001192092896 0.033333003520965576
vt 0.30000001192092896 0.033333003520965576
vt 0.30000001192092896 0.033333003520965576
vt 0.30000001192092896 0.033333003520965576
vt 0.30000001192092896 0.033333003520965576
vt 0.30000001192092896 0.033333003520965576
vt 0.30000001192092896 0.033333003520965576
vt 0.30000001192092896 0.033333003520965576
vt 0.30000001192092896 0.033333003520965576
vt 0.30000001192092896 0.033333003520965576
vt 0.30000001192092896 0.033333003520965576
vt 0.30000001192092896 0.033333003520965576
vt 0.30000001192092896 0.033333003520965576
vt 0.3305560052394867 0.02222198247909546
vt 0.3305560052394867 0.02222198247909546
vt 0.3305560052394867 0.02222198247909546
vt 0.3305560052394867 0.02222198247909546
vt 0.30000001192092896 0.033333003520965576
vt 0.30000001192092896 0.033333003520965576
vt 0.30000001192092896 0.033333003520965576
vt 0.30000001192092896 0.033333003520965576
vt 0.30000001192092896 0.033333003520965576
vt 0.30000001192092896 0.033333003520965576
vt 0.30000001192092896 0.033333003520965576
vt 0.30000001192092896 0.033333003520965576
vt 0.3305560052394867 0.02222198247909546
vt 0.3305560052394867 0.02222198247909546
vt 0.3305560052394867 0.02222198247909546
vt 0.3305560052394867 0.02222198247909546
vt 0.30000001192092896 0.033333003520965576
vt 0.30000001192092896 0.033333003520965576
vt 0.30000001192092896 0.033333003520965576
vt 0.30000001192092896 0.033333003520965576
vt 0.30000001192092896 0.033333003520965576
vt 0.30000001192092896 0.033333003520965576
vt 0.30000001192092896 0.033333003520965576
vt 0.30000001192092896 0.033333003520965576
vt 0.30000001192092896 0.033333003520965576
vt 0.30000001192092896 0.033333003520965576
vt 0.30000001192092896 0.033333003520965576
vt 0.30000001192092896 0.033333003520965576
vt 0.30000001192092896 0.033333003520965576
vt 0.30000001192092896 0.033333003520965576
vt 0.30000001192092896 0.033333003520965576
vt 0.30000001192092896 0.033333003520965576
vt 0.30000001192092896 0.033333003520965576
vt 0.30000001192092896 0.033333003520965576
vt 0.30000001192092896 0.033333003520965576
vt 0.30000001192092896 0.033333003520965576
vt 0.30000001192092896 0.033333003520965576
vt 0.30000001192092896 0.033333003520965576
vt 0.30000001192092896 0.033333003520965576
vt 0.30000001192092896 0.033333003520965576
vt 0.30000001192092896 0.033333003520965576
vt 0.30000001192092896 0.033333003520965576
vt 0.30000001192092896 0.033333003520965576
vt 0.30000001192092896 0.033333003520965576
vt 0.3305560052394867 0.02222198247909546
vt 0.3305560052394867 0.02222198247909546
vt 0.3305560052394867 0.02222198247909546
vt 0.3305560052394867 0.02222198247909546
vt 0.30000001192092896 0.033333003520965576
vt 0.30000001192092896 0.033333003520965576
vt 0.30000001192092896 0.033333003520965576
vt 0.30000001192092896 0.033333003520965576
vt 0.3305560052394867 0.02222198247909546
vt 0.3305560052394867 0.02222198247909546
vt 0.3305560052394867 0.02222198247909546
vt 0.3305560052394867 0.02222198247909546
vt 0.30000001192092896 0.033333003520965576
vt 0.30000001192092896 0.033333003520965576
vt 0.30000001192092896 0.033333003520965576
vt 0.30000001192092896 0.033333003520965576
vt 0.30000001192092896 0.033333003520965576
vt 0.30000001192092896 0.033333003520965576
vt 0.30000001192092896 0.033333003520965576
vt 0.30000001192092896 0.033333003520965576
vt 0.30000001192092896 0.033333003520965576
vt 0.30000001192092896 0.033333003520965576
vt 0.30000001192092896 0.033333003520965576
vt 0.30000001192092896 0.033333003520965576
vt 0.3305560052394867 0.02222198247909546
vt 0.3305560052394867 0.02222198247909546
vt 0.3305560052394867 0.02222198247909546
vt 0.3305560052394867 0.02222198247909546
vt 0.3305560052394867 0.02222198247909546
vt 0.3305560052394867 0.02222198247909546
vt 0.3305560052394867 0.02222198247909546
vt 0.3305560052394867 0.02222198247909546
vt 0.30000001192092896 0.033333003520965576
vt 0.30000001192092896 0.033333003520965576
vt 0.30000001192092896 0.033333003520965576
vt 0.30000001192092896 0.033333003520965576
vt 0.30000001192092896 0.033333003520965576
vt 0.30000001192092896 0.033333003520965576
vt 0.30000001192092896 0.033333003520965576
vt 0.30000001192092896 0.033333003520965576
vt 0.3305560052394867 0.02222198247909546
vt 0.3305560052394867 0.02222198247909546
vt 0.3305560052394867 0.02222198247909546
vt 0.3305560052394867 0.02222198247909546
vt 0.30000001192092896 0.033333003520965576
vt 0.30000001192092896 0.033333003520965576
vt 0.30000001192092896 0.033333003520965576
vt 0.30000001192092896 0.033333003520965576
vt 0.30000001192092896 0.033333003520965576
vt 0.30000001192092896 0.033333003520965576
vt 0.30000001192092896 0.033333003520965576
vt 0.30000001192092896 0.033333003520965576
vt 0.30000001192092896 0.033333003520965576
vt 0.30000001192092896 0.033333003520965576
vt 0.30000001192092896 0.033333003520965576
vt 0.30000001192092896 0.033333003520965576
vt 0.30000001192092896 0.033333003520965576
vt 0.30000001192092896 0.033333003520965576
vt 0.30000001192092896 0.033333003520965576
vt 0.30000001192092896 0.033333003520965576
vt 0.3305560052394867 0.02222198247909546
vt 0.3305560052394867 0.02222198247909546
vt 0.3305560052394867 0.02222198247909546
vt 0.3305560052394867 0.02222198247909546
vt 0.30000001192092896 0.033333003520965576
vt 0.30000001192092896 0.033333003520965576
vt 0.30000001192092896 0.033333003520965576
vt 0.30000001192092896 0.033333003520965576
vt 0.30000001192092896 0.033333003520965576
vt 0.30000001192092896 0.033333003520965576
vt 0.30000001192092896 0.033333003520965576
vt 0.30000001192092896 0.033333003520965576
vt 0.30000001192092896 0.033333003520965576
vt 0.30000001192092896 0.033333003520965576
vt 0.30000001192092896 0.033333003520965576
vt 0.30000001192092896 0.033333003520965576
vt 0.30000001192092896 0.033333003520965576
vt 0.30000001192092896 0.033333003520965576
vt 0.30000001192092896 0.033333003520965576
vt 0.30000001192092896 0.033333003520965576
vt 0.30000001192092896 0.033333003520965576
vt 0.30000001192092896 0.033333003520965576
vt 0.30000001192092896 0.033333003520965576
vt 0.30000001192092896 0.033333003520965576
vt 0.3305560052394867 0.02222198247909546
vt 0.3305560052394867 0.02222198247909546
vt 0.3305560052394867 0.02222198247909546
vt 0.3305560052394867 0.02222198247909546
vt 0.30000001192092896 0.033333003520965576
vt 0.30000001192092896 0.033333003520965576
vt 0.30000001192092896 0.033333003520965576
vt 0.30000001192092896 0.033333003520965576
vt 0.30000001192092896 0.033333003520965576
vt 0.30000001192092896 0.033333003520965576
vt 0.30000001192092896 0.033333003520965576
vt 0.30000001192092896 0.033333003520965576
vt 0.30000001192092896 0.033333003520965576
vt 0.30000001192092896 0.033333003520965576
vt 0.30000001192092896 0.033333003520965576
vt 0.30000001192092896 0.033333003520965576
vt 0.3305560052394867 0.02222198247909546
vt 0.3305560052394867 0.02222198247909546
vt 0.3305560052394867 0.02222198247909546
vt 0.3305560052394867 0.02222198247909546
vt 0.30000001192092896 0.033333003520965576
vt 0.30000001192092896 0.033333003520965576
vt 0.30000001192092896 0.033333003520965576
vt 0.3305560052394867 0.02222198247909546
vt 0.3305560052394867 0.02222198247909546
vt 0.3305560052394867 0.02222198247909546
vt 0.3305560052394867 0.02222198247909546
vt 0.3305560052394867 0.02222198247909546
vt 0.3305560052394867 0.02222198247909546
vt 0.3305560052394867 0.02222198247909546
vt 0.3305560052394867 0.02222198247909546
vt 0.3305560052394867 0.02222198247909546
vt 0.3305560052394867 0.02222198247909546
vt 0.3305560052394867 0.02222198247909546
vt 0.3305560052394867 0.02222198247909546
vt 0.30000001192092896 0.033333003520965576
vt 0.30000001192092896 0.033333003520965576
vt 0.30000001192092896 0.033333003520965576
vt 0.30000001192092896 0.033333003520965576
vt 0.30000001192092896 0.033333003520965576
vt 0.30000001192092896 0.033333003520965576
vt 0.30000001192092896 0.033333003520965576
vt 0.30000001192092896 0.033333003520965576
vt 0.30000001192092896 0.033333003520965576
vt 0.30000001192092896 0.033333003520965576
vt 0.30000001192092896 0.033333003520965576
vt 0.30000001192092896 0.033333003520965576
vt 0.30000001192092896 0.033333003520965576
vt 0.30000001192092896 0.033333003520965576
vt 0.30000001192092896 0.033333003520965576
vt 0.30000001192092896 0.033333003520965576
vt 0.3305560052394867 0.02222198247909546
vt 0.3305560052394867 0.02222198247909546
vt 0.3305560052394867 0.02222198247909546
vt 0.30000001192092896 0.033333003520965576
vt 0.30000001192092896 0.033333003520965576
vt 0.30000001192092896 0.033333003520965576
vt 0.30000001192092896 0.033333003520965576
vt 0.30000001192092896 0.033333003520965576
vt 0.30000001192092896 0.033333003520965576
vt 0.30000001192092896 0.033333003520965576
vt 0.30000001192092896 0.033333003520965576
vt 0.30000001192092896 0.033333003520965576
vt 0.30000001192092896 0.033333003520965576
vt 0.30000001192092896 0.033333003520965576
vt 0.30000001192092896 0.033333003520965576
vt 0.30000001192092896 0.033333003520965576
vt 0.30000001192092896 0.033333003520965576
vt 0.30000001192092896 0.033333003520965576
vt 0.30000001192092896 0.033333003520965576
vt 0.30000001192092896 0.033333003520965576
vt 0.30000001192092896 0.033333003520965576
vt 0.30000001192092896 0.033333003520965576
vt 0.30000001192092896 0.033333003520965576
vt 0.30000001192092896 0.033333003520965576
vt 0.30000001192092896 0.033333003520965576
vt 0.30000001192092896 0.033333003520965576
vt 0.30000001192092896 0.033333003520965576
vt 0.30000001192092896 0.033333003520965576
vt 0.30000001192092896 0.033333003520965576
vt 0.30000001192092896 0.033333003520965576
vt 0.30000001192092896 0.033333003520965576
vt 0.30000001192092896 0.033333003520965576
vt 0.30000001192092896 0.033333003520965576
vt 0.30000001192092896 0.033333003520965576
vt 0.30000001192092896 0.033333003520965576
vt 0.30000001192092896 0.033333003520965576
vt 0.30000001192092896 0.033333003520965576
vt 0.30000001192092896 0.033333003520965576
vt 0.8166670203208923 0.125
vt 0.8166670203208923 0.125
vt 0.8166670203208923 0.125
vt 0.8166670203208923 0.125
vt 0.8166670203208923 0.125
vt 0.8166670203208923 0.125
vt 0.8166670203208923 0.125
vt 0.8166670203208923 0.125
vt 0.8166670203208923 0.125
vt 0.8166670203208923 0.125
vt 0.8166670203208923 0.125
vt 0.8166670203208923 0.125
vt 0.8166670203208923 0.125
vt 0.8166670203208923 0.125
vt 0.8166670203208923 0.125
vt 0.8166670203208923 0.125
vt 0.26944398880004883 0.047222018241882324
vt 0.26944398880004883 0.047222018241882324
vt 0.26944398880004883 0.047222018241882324
vt 0.26944398880004883 0.047222018241882324
vt 0.26944398880004883 0.047222018241882324
vt 0.26944398880004883 0.047222018241882324
vt 0.26944398880004883 0.047222018241882324
vt 0.8166670203208923 0.125
vt 0.8166670203208923 0.125
vt 0.8166670203208923 0.125
vt 0.8166670203208923 0.125
vt 0.8166670203208923 0.125
vt 0.8166670203208923 0.125
vt 0.8166670203208923 0.125
vt 0.8166670203208923 0.125
vt 0.8166670203208923 0.125
vt 0.8166670203208923 0.125
vt 0.8166670203208923 0.125
vt 0.8166670203208923 0.125
vt 0.8166670203208923 0.125
vt 0.8166670203208923 0.125
vt 0.8166670203208923 0.125
vt 0.8166670203208923 0.125
vt 0.26944398880004883 0.047222018241882324
vt 0.26944398880004883 0.047222018241882324
vt 0.26944398880004883 0.047222018241882324
vt 0.26944398880004883 0.047222018241882324
vt 0.8166670203208923 0.125
vt 0.8166670203208923 0.125
vt 0.8166670203208923 0.125
vt 0.8166670203208923 0.125
vt 0.8166670203208923 0.125
vt 0.8166670203208923 0.125
vt 0.8166670203208923 0.125
vt 0.8166670203208923 0.125
vt 0.8166670203208923 0.125
vt 0.8166670203208923 0.125
vt 0.8166670203208923 0.125
vt 0.8166670203208923 0.125
vt 0.8166670203208923 0.125
vt 0.8166670203208923 0.125
vt 0.8166670203208923 0.125
vt 0.8166670203208923 0.125
vt 0.26944398880004883 0.047222018241882324
vt 0.26944398880004883 0.047222018241882324
vt 0.26944398880004883 0.047222018241882324
vt 0.26944398880004883 0.047222018241882324
vt 0.8166670203208923 0.125
vt 0.8166670203208923 0.125
vt 0.8166670203208923 0.125
vt 0.8166670203208923 0.125
vt 0.8166670203208923 0.125
vt 0.8166670203208923 0.125
vt 0.8166670203208923 0.125
vt 0.8166670203208923 0.125
vt 0.8166670203208923 0.125
vt 0.8166670203208923 0.125
vt 0.8166670203208923 0.125
vt 0.8166670203208923 0.125
vt 0.8166670203208923 0.125
vt 0.8166670203208923 0.125
vt 0.8166670203208923 0.125
vt 0.8166670203208923 0.125
vt 0.26944398880004883 0.047222018241882324
vt 0.26944398880004883 0.047222018241882324
vt 0.26944398880004883 0.047222018241882324
vt 0.26944398880004883 0.047222018241882324
vt 0.7888889908790588 0.11666703224182129
vt 0.7888889908790588 0.11666703224182129
vt 0.7888889908790588 0.11666703224182129
vt 0.7888889908790588 0.11666703224182129
vt 0.7888889908790588 0.11666703224182129
vt 0.7888889908790588 0.11666703224182129
vt 0.7888889908790588 0.11666703224182129
vt 0.7888889908790588 0.11666703224182129
vt 0.7888889908790588 0.11666703224182129
vt 0.7888889908790588 0.11666703224182129
vt 0.7888889908790588 0.11666703224182129
vt 0.7888889908790588 0.11666703224182129
vt 0.8166670203208923 0.125
vt 0.8166670203208923 0.125
vt 0.8166670203208923 0.125
vt 0.8166670203208923 0.125
vt 0.7888889908790588 0.11666703224182129
vt 0.7888889908790588 0.11666703224182129
vt 0.7888889908790588 0.11666703224182129
vt 0.7888889908790588 0.11666703224182129
vt 0.8166670203208923 0.125
vt 0.8166670203208923 0.125
vt 0.8166670203208923 0.125
vt 0.8166670203208923 0.125
vt 0.8166670203208923 0.125
vt 0.8166670203208923 0.125
vt 0.8166670203208923 0.125
vt 0.8166670203208923 0.125
vt 0.8166670203208923 0.125
vt 0.8166670203208923 0.125
vt 0.8166670203208923 0.125
vt 0.8166670203208923 0.125
vt 0.8166670203208923 0.125
vt 0.8166670203208923 0.125
vt 0.8166670203208923 0.125
vt 0.8166670203208923 0.125
vt 0.8166670203208923 0.125
vt 0.8166670203208923 0.125
vt 0.8166670203208923 0.125
vt 0.8166670203208923 0.125
vt 0.8166670203208923 0.125
vt 0.8166670203208923 0.125
vt 0.8166670203208923 0.125
vt 0.7888889908790588 0.11666703224182129
vt 0.7888889908790588 0.11666703224182129
vt 0.7888889908790588 0.11666703224182129
vt 0.7888889908790588 0.11666703224182129
vt 0.7888889908790588 0.11666703224182129
vt 0.7888889908790588 0.11666703224182129
vt 0.7888889908790588 0.11666703224182129
vt 0.7888889908790588 0.11666703224182129
vt 0.7888889908790588 0.11666703224182129
vt 0.7888889908790588 0.11666703224182129
vt 0.7888889908790588 0.11666703224182129
vt 0.7888889908790588 0.11666703224182129
vt 0.7888889908790588 0.11666703224182129
vt 0.7888889908790588 0.11666703224182129
vt 0.8166670203208923 0.125
vt 0.8166670203208923 0.125
vt 0.8166670203208923 0.125
vt 0.8166670203208923 0.125
vt 0.8166670203208923 0.125
vt 0.8166670203208923 0.125
vt 0.8166670203208923 0.125
vt 0.8166670203208923 0.125
vt 0.8166670203208923 0.125
vt 0.8166670203208923 0.125
vt 0.8166670203208923 0.125
vt 0.8166670203208923 0.125
vt 0.8166670203208923 0.125
vt 0.8166670203208923 0.125
vt 0.8166670203208923 0.125
vt 0.8166670203208923 0.125
vt 0.7888889908790588 0.11666703224182129
vt 0.7888889908790588 0.11666703224182129
vt 0.7888889908790588 0.11666703224182129
vt 0.7888889908790588 0.11666703224182129
vt 0.7888889908790588 0.11666703224182129
vt 0.7888889908790588 0.11666703224182129
vt 0.7888889908790588 0.11666703224182129
vt 0.7888889908790588 0.11666703224182129
vt 0.7888889908790588 0.11666703224182129
vt 0.7888889908790588 0.11666703224182129
vt 0.7888889908790588 0.11666703224182129
vt 0.7888889908790588 0.11666703224182129
vt 0.8166670203208923 0.125
vt 0.8166670203208923 0.125
vt 0.8166670203208923 0.125
vt 0.8166670203208923 0.125
vt 0.8166670203208923 0.125
vt 0.8166670203208923 0.125
vt 0.8166670203208923 0.125
vt 0.8166670203208923 0.125
vt 0.8166670203208923 0.125
vt 0.8166670203208923 0.125
vt 0.8166670203208923 0.125
vt 0.8166670203208923 0.125
vt 0.8166670203208923 0.125
vt 0.8166670203208923 0.125
vt 0.8166670203208923 0.125
vt 0.8166670203208923 0.125
vt 0.8166670203208923 0.125
vt 0.8166670203208923 0.125
vt 0.8166670203208923 0.125
vt 0.8166670203208923 0.125
vt 0.7888889908790588 0.11666703224182129
vt 0.7888889908790588 0.11666703224182129
vt 0.7888889908790588 0.11666703224182129
vt 0.7888889908790588 0.11666703224182129
vt 0.7888889908790588 0.11666703224182129
vt 0.7888889908790588 0.11666703224182129
vt 0.7888889908790588 0.11666703224182129
vt 0.7888889908790588 0.11666703224182129
vt 0.8166670203208923 0.125
vt 0.8166670203208923 0.125
vt 0.8166670203208923 0.125
vt 0.8166670203208923 0.125
vt 0.8166670203208923 0.125
vt 0.8166670203208923 0.125
vt 0.8166670203208923 0.125
vt 0.8166670203208923 0.125
vt 0.8166670203208923 0.125
vt 0.8166670203208923 0.125
vt 0.8166670203208923 0.125
vt 0.8166670203208923 0.125
vt 0.8166670203208923 0.125
vt 0.8166670203208923 0.125
vt 0.8166670203208923 0.125
vt 0.8166670203208923 0.125
vt 0.8166670203208923 0.125
vt 0.8166670203208923 0.125
vt 0.8166670203208923 0.125
vt 0.8166670203208923 0.125
vt 0.7888889908790588 0.11666703224182129
vt 0.7888889908790588 0.11666703224182129
vt 0.7888889908790588 0.11666703224182129
vt 0.7888889908790588 0.11666703224182129
vt 0.7888889908790588 0.11666703224182129
vt 0.7888889908790588 0.11666703224182129
vt 0.7888889908790588 0.11666703224182129
vt 0.7888889908790588 0.11666703224182129
vt 0.7888889908790588 0.11666703224182129
vt 0.7888889908790588 0.11666703224182129
vt 0.7888889908790588 0.11666703224182129
vt 0.7888889908790588 0.11666703224182129
vt 0.7888889908790588 0.11666703224182129
vt 0.7888889908790588 0.11666703224182129
vt 0.7888889908790588 0.11666703224182129
vt 0.7888889908790588 0.11666703224182129
vt 0.7888889908790588 0.11666703224182129
vt 0.7888889908790588 0.11666703224182129
vt 0.7888889908790588 0.11666703224182129
vt 0.7888889908790588 0.11666703224182129
vt 0.7888889908790588 0.11666703224182129
vt 0.7888889908790588 0.11666703224182129
vt 0.7888889908790588 0.11666703224182129
vt 0.7888889908790588 0.11666703224182129
vt 0.7888889908790588 0.11666703224182129
vt 0.7888889908790588 0.11666703224182129
vt 0.7888889908790588 0.11666703224182129
vt 0.7888889908790588 0.11666703224182129
vt 0.7888889908790588 0.11666703224182129
vt 0.7888889908790588 0.11666703224182129
vt 0.7888889908790588 0.11666703224182129
vt 0.7888889908790588 0.11666703224182129
vt 0.7888889908790588 0.11666703224182129
vt 0.7888889908790588 0.11666703224182129
vt 0.7888889908790588 0.11666703224182129
vt 0.7888889908790588 0.11666703224182129
vt 0.7888889908790588 0.11666703224182129
vt 0.7888889908790588 0.11666703224182129
vt 0.7888889908790588 0.11666703224182129
vt 0.7888889908790588 0.11666703224182129
vt 0.7888889908790588 0.11666703224182129
vt 0.7888889908790588 0.11666703224182129
vt 0.7888889908790588 0.11666703224182129
vt 0.7888889908790588 0.11666703224182129
vt 0.7888889908790588 0.11666703224182129
vt 0.7888889908790588 0.11666703224182129
vt 0.7888889908790588 0.11666703224182129
vt 0.7888889908790588 0.11666703224182129
vt 0.7888889908790588 0.11666703224182129
vt 0.7888889908790588 0.11666703224182129
vt 0.7888889908790588 0.11666703224182129
vt 0.7888889908790588 0.11666703224182129
vt 0.7888889908790588 0.11666703224182129
vt 0.7888889908790588 0.11666703224182129
vt 0.7888889908790588 0.11666703224182129
vt 0.7888889908790588 0.11666703224182129
vt 0.07777799665927887 0.02499997615814209
vt 0.07777799665927887 0.02499997615814209
vt 0.07777799665927887 0.02499997615814209
vt 0.07777799665927887 0.02499997615814209
vt 0.07777799665927887 0.02499997615814209
vt 0.07777799665927887 0.02499997615814209
vt 0.07777799665927887 0.02499997615814209
vt 0.07777799665927887 0.02499997615814209
vt 0.0805559977889061 0.01666700839996338
vt 0.0805559977889061 0.01666700839996338
vt 0.0805559977889061 0.01666700839996338
vt 0.0805559977889061 0.01666700839996338
vt 0.0805559977889061 0.01666700839996338
vt 0.0805559977889061 0.01666700839996338
vt 0.0805559977889061 0.01666700839996338
vt 0.0805559977889061 0.01666700839996338
vt 0.0805559977889061 0.01666700839996338
vt 0.0805559977889061 0.01666700839996338
vt 0.0805559977889061 0.01666700839996338
vt 0.0805559977889061 0.01666700839996338
vt 0.0805559977889061 0.01666700839996338
vt 0.0805559977889061 0.01666700839996338
vt 0.0805559977889061 0.01666700839996338
vt 0.0805559977889061 0.01666700839996338
vt 0.0805559977889061 0.01666700839996338
vt 0.0805559977889061 0.01666700839996338
vt 0.0805559977889061 0.01666700839996338
vt 0.0805559977889061 0.01666700839996338
vt 0.07777799665927887 0.02499997615814209
vt 0.07777799665927887 0.02499997615814209
vt 0.07777799665927887 0.02499997615814209
vt 0.07777799665927887 0.02499997615814209
vt 0.07777799665927887 0.02499997615814209
vt 0.07777799665927887 0.02499997615814209
vt 0.07777799665927887 0.02499997615814209
vt 0.07777799665927887 0.02499997615814209
vt 0.0805559977889061 0.01666700839996338
vt 0.0805559977889061 0.01666700839996338
vt 0.0805559977889061 0.01666700839996338
vt 0.0805559977889061 0.01666700839996338
vt 0.0805559977889061 0.01666700839996338
vt 0.0805559977889061 0.01666700839996338
vt 0.0805559977889061 0.01666700839996338
vt 0.0805559977889061 0.01666700839996338
vt 0.0805559977889061 0.01666700839996338
vt 0.0805559977889061 0.01666700839996338
vt 0.0805559977889061 0.01666700839996338
vt 0.0805559977889061 0.01666700839996338
vt 0.0805559977889061 0.01666700839996338
vt 0.0805559977889061 0.01666700839996338
vt 0.0805559977889061 0.01666700839996338
vt 0.0805559977889061 0.01666700839996338
vt 0.0805559977889061 0.01666700839996338
vt 0.0805559977889061 0.01666700839996338
vt 0.0805559977889061 0.01666700839996338
vt 0.0805559977889061 0.01666700839996338
vt 0.07777799665927887 0.02499997615814209
vt 0.07777799665927887 0.02499997615814209
vt 0.07777799665927887 0.02499997615814209
vt 0.07777799665927887 0.02499997615814209
vt 0.07777799665927887 0.02499997615814209
vt 0.07777799665927887 0.02499997615814209
vt 0.07777799665927887 0.02499997615814209
vt 0.07777799665927887 0.02499997615814209
vt 0.0805559977889061 0.01666700839996338
vt 0.0805559977889061 0.01666700839996338
vt 0.0805559977889061 0.01666700839996338
vt 0.0805559977889061 0.01666700839996338
vt 0.0805559977889061 0.01666700839996338
vt 0.0805559977889061 0.01666700839996338
vt 0.0805559977889061 0.01666700839996338
vt 0.0805559977889061 0.01666700839996338
vt 0.0805559977889061 0.01666700839996338
vt 0.0805559977889061 0.01666700839996338
vt 0.0805559977889061 0.01666700839996338
vt 0.0805559977889061 0.01666700839996338
vt 0.0805559977889061 0.01666700839996338
vt 0.0805559977889061 0.01666700839996338
vt 0.0805559977889061 0.01666700839996338
vt 0.0805559977889061 0.01666700839996338
vt 0.0805559977889061 0.01666700839996338
vt 0.0805559977889061 0.01666700839996338
vt 0.0805559977889061 0.01666700839996338
vt 0.0805559977889061 0.01666700839996338
vt 0.0805559977889061 0.01666700839996338
vt 0.0805559977889061 0.01666700839996338
vt 0.0805559977889061 0.01666700839996338
vt 0.0805559977889061 0.01666700839996338
vt 0.0805559977889061 0.01666700839996338
vt 0.0805559977889061 0.01666700839996338
vt 0.0805559977889061 0.01666700839996338
vt 0.0805559977889061 0.01666700839996338
vt 0.0805559977889061 0.01666700839996338
vt 0.0805559977889061 0.01666700839996338
vt 0.0805559977889061 0.01666700839996338
vt 0.0805559977889061 0.01666700839996338
vt 0.0805559977889061 0.01666700839996338
vt 0.0805559977889061 0.01666700839996338
vt 0.0805559977889061 0.01666700839996338
vt 0.0805559977889061 0.01666700839996338
vt 0.0805559977889061 0.01666700839996338
vt 0.0805559977889061 0.01666700839996338
vt 0.0805559977889061 0.01666700839996338
vt 0.0805559977889061 0.01666700839996338
vt 0.0805559977889061 0.01666700839996338
vt 0.0805559977889061 0.01666700839996338
vt 0.0805559977889061 0.01666700839996338
vt 0.0805559977889061 0.01666700839996338
vt 0.0805559977889061 0.01666700839996338
vt 0.0805559977889061 0.01666700839996338
vt 0.0805559977889061 0.01666700839996338
vt 0.0805559977889061 0.01666700839996338
vt 0.0805559977889061 0.01666700839996338
vt 0.0805559977889061 0.01666700839996338
vt 0.0805559977889061 0.01666700839996338
vt 0.0805559977889061 0.01666700839996338
vt 0.0805559977889061 0.01666700839996338
vt 0.0805559977889061 0.01666700839996338
vt 0.0805559977889061 0.01666700839996338
vt 0.0805559977889061 0.01666700839996338
vt 0.0805559977889061 0.01666700839996338
vt 0.0805559977889061 0.01666700839996338
vt 0.0805559977889061 0.01666700839996338
vt 0.0805559977889061 0.01666700839996338
vt 0.0805559977889061 0.01666700839996338
vt 0.0805559977889061 0.01666700839996338
vt 0.0805559977889061 0.01666700839996338
vt 0.0805559977889061 0.01666700839996338
vt 0.0805559977889061 0.01666700839996338
vt 0.0805559977889061 0.01666700839996338
vt 0.0805559977889061 0.01666700839996338
vt 0.0805559977889061 0.01666700839996338
vt 0.0805559977889061 0.01666700839996338
vt 0.0805559977889061 0.01666700839996338
vt 0.0805559977889061 0.01666700839996338
vt 0.0805559977889061 0.01666700839996338
vt 0.0805559977889061 0.01666700839996338
vt 0.0805559977889061 0.01666700839996338
vt 0.0805559977889061 0.01666700839996338
vt 0.0805559977889061 0.01666700839996338
vt 0.0805559977889061 0.01666700839996338
vt 0.0805559977889061 0.01666700839996338
vt 0.0805559977889061 0.01666700839996338
vt 0.0805559977889061 0.01666700839996338
vt 0.0805559977889061 0.01666700839996338
vt 0.0805559977889061 0.01666700839996338
vt 0.0805559977889061 0.01666700839996338
vt 0.0805559977889061 0.01666700839996338
vt 0.0805559977889061 0.01666700839996338
vt 0.0805559977889061 0.01666700839996338
vt 0.0805559977889061 0.01666700839996338
vt 0.0805559977889061 0.01666700839996338
vt 0.0805559977889061 0.01666700839996338
vt 0.0805559977889061 0.01666700839996338
vt 0.0805559977889061 0.01666700839996338
vt 0.0805559977889061 0.01666700839996338
vt 0.0805559977889061 0.01666700839996338
vt 0.0805559977889061 0.01666700839996338
vt 0.0805559977889061 0.01666700839996338
vt 0.0805559977889061 0.01666700839996338
vt 0.0805559977889061 0.01666700839996338
vt 0.0805559977889061 0.01666700839996338
vt 0.0805559977889061 0.01666700839996338
vt 0.0805559977889061 0.01666700839996338
vt 0.0805559977889061 0.01666700839996338
vt 0.0805559977889061 0.01666700839996338
vt 0.0805559977889061 0.01666700839996338
vt 0.0805559977889061 0.01666700839996338
vt 0.0805559977889061 0.01666700839996338
vt 0.0805559977889061 0.01666700839996338
vt 0.0805559977889061 0.01666700839996338
vt 0.0805559977889061 0.01666700839996338
vt 0.0805559977889061 0.01666700839996338
vt 0.0805559977889061 0.01666700839996338
vt 0.0805559977889061 0.01666700839996338
vt 0.0805559977889061 0.01666700839996338
vt 0.0805559977889061 0.01666700839996338
vt 0.0805559977889061 0.01666700839996338
vt 0.0805559977889061 0.01666700839996338
vt 0.0805559977889061 0.01666700839996338
vt 0.0805559977889061 0.01666700839996338
vt 0.0805559977889061 0.01666700839996338
vt 0.0805559977889061 0.01666700839996338
vt 0.0805559977889061 0.01666700839996338
vt 0.0805559977889061 0.01666700839996338
vt 0.0805559977889061 0.01666700839996338
vt 0.0805559977889061 0.01666700839996338
vt 0.0805559977889061 0.01666700839996338
vt 0.0805559977889061 0.01666700839996338
vt 0.0805559977889061 0.01666700839996338
vt 0.0805559977889061 0.01666700839996338
vt 0.0805559977889061 0.01666700839996338
vt 0.0805559977889061 0.01666700839996338
vt 0.0805559977889061 0.01666700839996338
vt 0.0805559977889061 0.01666700839996338
vt 0.0805559977889061 0.01666700839996338
vt 0.0805559977889061 0.01666700839996338
vt 0.0805559977889061 0.01666700839996338
vt 0.0805559977889061 0.01666700839996338
vt 0.0805559977889061 0.01666700839996338
vt 0.0805559977889061 0.01666700839996338
vt 0.0805559977889061 0.01666700839996338
vt 0.0805559977889061 0.01666700839996338
vt 0.0805559977889061 0.01666700839996338
vt 0.0805559977889061 0.01666700839996338
vt 0.0805559977889061 0.01666700839996338
vt 0.0805559977889061 0.01666700839996338
vt 0.0805559977889061 0.01666700839996338
vt 0.0805559977889061 0.01666700839996338
vt 0.0805559977889061 0.01666700839996338
vt 0.0805559977889061 0.01666700839996338
vt 0.0805559977889061 0.01666700839996338
vt 0.0805559977889061 0.01666700839996338
vt 0.0805559977889061 0.01666700839996338
vt 0.0805559977889061 0.01666700839996338
vt 0.0805559977889061 0.01666700839996338
vt 0.0805559977889061 0.01666700839996338
vt 0.0805559977889061 0.01666700839996338
vt 0.0805559977889061 0.01666700839996338
vt 0.0805559977889061 0.01666700839996338
vt 0.0805559977889061 0.01666700839996338
vt 0.0805559977889061 0.01666700839996338
vt 0.0805559977889061 0.01666700839996338
vt 0.0805559977889061 0.01666700839996338
vt 0.0805559977889061 0.01666700839996338
vt 0.0805559977889061 0.01666700839996338
vt 0.0805559977889061 0.01666700839996338
vt 0.0805559977889061 0.01666700839996338
vt 0.0805559977889061 0.01666700839996338
vt 0.0805559977889061 0.01666700839996338
vt 0.0805559977889061 0.01666700839996338
vt 0.0805559977889061 0.01666700839996338
vt 0.0805559977889061 0.01666700839996338
vt 0.0805559977889061 0.01666700839996338
vt 0.0805559977889061 0.01666700839996338
vt 0.0805559977889061 0.01666700839996338
vt 0.0805559977889061 0.01666700839996338
vt 0.0805559977889061 0.01666700839996338
vt 0.0805559977889061 0.01666700839996338
vt 0.0805559977889061 0.01666700839996338
vt 0.0805559977889061 0.01666700839996338
vt 0.0805559977889061 0.01666700839996338
vt 0.0805559977889061 0.01666700839996338
vt 0.0805559977889061 0.01666700839996338
vt 0.0805559977889061 0.01666700839996338
vt 0.0805559977889061 0.01666700839996338
vt 0.0805559977889061 0.01666700839996338
vt 0.0805559977889061 0.01666700839996338
vt 0.0805559977889061 0.01666700839996338
vt 0.0805559977889061 0.01666700839996338
vt 0.0805559977889061 0.01666700839996338
vt 0.0805559977889061 0.01666700839996338
vt 0.0805559977889061 0.01666700839996338
vt 0.0805559977889061 0.01666700839996338
vt 0.0805559977889061 0.01666700839996338
vt 0.0805559977889061 0.01666700839996338
vt 0.0805559977889061 0.01666700839996338
vt 0.0805559977889061 0.01666700839996338
vt 0.0805559977889061 0.01666700839996338
vt 0.0805559977889061 0.01666700839996338
vt 0.0805559977889061 0.01666700839996338
vt 0.0805559977889061 0.01666700839996338
vt 0.0805559977889061 0.01666700839996338
vt 0.0805559977889061 0.01666700839996338
vt 0.0805559977889061 0.01666700839996338
vt 0.0805559977889061 0.01666700839996338
vt 0.0805559977889061 0.01666700839996338
vt 0.0805559977889061 0.01666700839996338
vt 0.0805559977889061 0.01666700839996338
vt 0.0805559977889061 0.01666700839996338
vt 0.0805559977889061 0.01666700839996338
vt 0.0805559977889061 0.01666700839996338
vt 0.0805559977889061 0.01666700839996338
vt 0.0805559977889061 0.01666700839996338
vt 0.0805559977889061 0.01666700839996338
vt 0.0805559977889061 0.01666700839996338
vt 0.0805559977889061 0.01666700839996338
vt 0.0805559977889061 0.01666700839996338
vt 0.0805559977889061 0.01666700839996338
vt 0.0805559977889061 0.01666700839996338
vt 0.0805559977889061 0.01666700839996338
vt 0.0805559977889061 0.01666700839996338
vt 0.0805559977889061 0.01666700839996338
vt 0.0805559977889061 0.01666700839996338
vt 0.0805559977889061 0.01666700839996338
vt 0.0805559977889061 0.01666700839996338
vt 0.0805559977889061 0.01666700839996338
vt 0.0805559977889061 0.01666700839996338
vt 0.0805559977889061 0.01666700839996338
vt 0.0805559977889061 0.01666700839996338
vt 0.0805559977889061 0.01666700839996338
vt 0.0805559977889061 0.01666700839996338
vt 0.0805559977889061 0.01666700839996338
vt 0.0805559977889061 0.01666700839996338
vt 0.0805559977889061 0.01666700839996338
vt 0.0805559977889061 0.01666700839996338
vt 0.0805559977889061 0.01666700839996338
vt 0.0805559977889061 0.01666700839996338
vt 0.0805559977889061 0.01666700839996338
vt 0.0805559977889061 0.01666700839996338
vt 0.0805559977889061 0.01666700839996338
vt 0.26944398880004883 0.047222018241882324
vt 0.26944398880004883 0.047222018241882324
vt 0.26944398880004883 0.047222018241882324
vt 0.26944398880004883 0.047222018241882324
vt 0.8166670203208923 0.125
vt 0.8166670203208923 0.125
vt 0.8166670203208923 0.125
vt 0.8166670203208923 0.125
vt 0.8166670203208923 0.125
vt 0.8166670203208923 0.125
vt 0.8166670203208923 0.125
vt 0.8166670203208923 0.125
vt 0.26944398880004883 0.047222018241882324
vt 0.26944398880004883 0.047222018241882324
vt 0.26944398880004883 0.047222018241882324
vt 0.26944398880004883 0.047222018241882324
vt 0.8166670203208923 0.125
vt 0.8166670203208923 0.125
vt 0.8166670203208923 0.125
vt 0.8166670203208923 0.125
vt 0.8166670203208923 0.125
vt 0.8166670203208923 0.125
vt 0.8166670203208923 0.125
vt 0.8166670203208923 0.125
vt 0.8166670203208923 0.125
vt 0.8166670203208923 0.125
vt 0.8166670203208923 0.125
vt 0.8166670203208923 0.125
vt 0.7888889908790588 0.11666703224182129
vt 0.7888889908790588 0.11666703224182129
vt 0.7888889908790588 0.11666703224182129
vt 0.7888889908790588 0.11666703224182129
vt 0.8166670203208923 0.125
vt 0.8166670203208923 0.125
vt 0.8166670203208923 0.125
vt 0.8166670203208923 0.125
vt 0.8166670203208923 0.125
vt 0.8166670203208923 0.125
vt 0.8166670203208923 0.125
vt 0.8166670203208923 0.125
vt 0.8166670203208923 0.125
vt 0.8166670203208923 0.125
vt 0.8166670203208923 0.125
vt 0.8166670203208923 0.125
vt 0.07777799665927887 0.02499997615814209
vt 0.07777799665927887 0.02499997615814209
vt 0.07777799665927887 0.02499997615814209
vt 0.07777799665927887 0.02499997615814209
vt 0.0805559977889061 0.01666700839996338
vt 0.0805559977889061 0.01666700839996338
vt 0.0805559977889061 0.01666700839996338
vt 0.0805559977889061 0.01666700839996338
vt 0.0805559977889061 0.01666700839996338
vt 0.0805559977889061 0.01666700839996338
vt 0.0805559977889061 0.01666700839996338
vt 0.0805559977889061 0.01666700839996338
vt 0.06666699796915054 0.02222198247909546
vt 0.06666699796915054 0.02222198247909546
vt 0.06666699796915054 0.02222198247909546
vt 0.06666699796915054 0.02222198247909546
vt 0.06666699796915054 0.02222198247909546
vt 0.06666699796915054 0.02222198247909546
vt 0.06666699796915054 0.02222198247909546
vt 0.0805559977889061 0.01666700839996338
vt 0.0805559977889061 0.01666700839996338
vt 0.0805559977889061 0.01666700839996338
vt 0.0805559977889061 0.01666700839996338
vt 0.0805559977889061 0.01666700839996338
vt 0.0805559977889061 0.01666700839996338
vt 0.0805559977889061 0.01666700839996338
vt 0.0805559977889061 0.01666700839996338
vt 0.6694440245628357 0.2777780294418335
vt 0.6694440245628357 0.2777780294418335
vt 0.6694440245628357 0.2777780294418335
vt 0.6694440245628357 0.2777780294418335
vt 0.6694440245628357 0.2777780294418335
vt 0.6694440245628357 0.2777780294418335
vt 0.6694440245628357 0.2777780294418335
vt 0.6694440245628357 0.2777780294418335
vt 0.0805559977889061 0.01666700839996338
vt 0.0805559977889061 0.01666700839996338
vt 0.0805559977889061 0.01666700839996338
vt 0.0805559977889061 0.01666700839996338
vt 0.09722200036048889 0.050000011920928955
vt 0.09722200036048889 0.050000011920928955
vt 0.09722200036048889 0.050000011920928955
vt 0.09722200036048889 0.050000011920928955
vt 0.09166699647903442 0.052778005599975586
vt 0.09166699647903442 0.052778005599975586
vt 0.09166699647903442 0.052778005599975586
vt 0.09166699647903442 0.052778005599975586
vt 0.7027779817581177 0.27222204208374023
vt 0.7027779817581177 0.27222204208374023
vt 0.7027779817581177 0.27222204208374023
vt 0.7027779817581177 0.27222204208374023
vt 0.7027779817581177 0.27222204208374023
vt 0.7027779817581177 0.27222204208374023
vt 0.7027779817581177 0.27222204208374023
vt 0.7027779817581177 0.27222204208374023
vt 0.06666699796915054 0.02222198247909546
vt 0.06666699796915054 0.02222198247909546
vt 0.06666699796915054 0.02222198247909546
vt 0.06666699796915054 0.02222198247909546
vt 0.0805559977889061 0.01666700839996338
vt 0.0805559977889061 0.01666700839996338
vt 0.0805559977889061 0.01666700839996338
vt 0.0805559977889061 0.01666700839996338
vt 0.0805559977889061 0.01666700839996338
vt 0.0805559977889061 0.01666700839996338
vt 0.0805559977889061 0.01666700839996338
vt 0.0805559977889061 0.01666700839996338
vt 0.0805559977889061 0.01666700839996338
vt 0.0805559977889061 0.01666700839996338
vt 0.0805559977889061 0.01666700839996338
vt 0.0805559977889061 0.01666700839996338
vt 0.07777799665927887 0.02499997615814209
vt 0.07777799665927887 0.02499997615814209
vt 0.07777799665927887 0.02499997615814209
vt 0.06666699796915054 0.02222198247909546
vt 0.06666699796915054 0.02222198247909546
vt 0.06666699796915054 0.02222198247909546
vt 0.06666699796915054 0.02222198247909546
vt 0.06666699796915054 0.02222198247909546
vt 0.06666699796915054 0.02222198247909546
vt 0.06666699796915054 0.02222198247909546
vt 0.06666699796915054 0.02222198247909546
vt 0.07777799665927887 0.02499997615814209
vt 0.07777799665927887 0.02499997615814209
vt 0.07777799665927887 0.02499997615814209
vt 0.07777799665927887 0.02499997615814209
vt 0.07777799665927887 0.02499997615814209
vt 0.07777799665927887 0.02499997615814209
vt 0.0805559977889061 0.01666700839996338
vt 0.0805559977889061 0.01666700839996338
vt 0.0805559977889061 0.01666700839996338
vt 0.0805559977889061 0.01666700839996338
vt 0.0805559977889061 0.01666700839996338
vt 0.0805559977889061 0.01666700839996338
vt 0.0805559977889061 0.01666700839996338
vt 0.0805559977889061 0.01666700839996338
vt 0.6694440245628357 0.2777780294418335
vt 0.6694440245628357 0.2777780294418335
vt 0.6694440245628357 0.2777780294418335
vt 0.6694440245628357 0.2777780294418335
vt 0.6694440245628357 0.2777780294418335
vt 0.6694440245628357 0.2777780294418335
vt 0.6694440245628357 0.2777780294418335
vt 0.6694440245628357 0.2777780294418335
vt 0.7027779817581177 0.27222204208374023
vt 0.7027779817581177 0.27222204208374023
vt 0.7027779817581177 0.27222204208374023
vt 0.0805559977889061 0.01666700839996338
vt 0.0805559977889061 0.01666700839996338
vt 0.0805559977889061 0.01666700839996338
vt 0.0805559977889061 0.01666700839996338
vt 0.7027779817581177 0.27222204208374023
vt 0.7027779817581177 0.27222204208374023
vt 0.7027779817581177 0.27222204208374023
vt 0.7027779817581177 0.27222204208374023
vt 0.06666699796915054 0.02222198247909546
vt 0.06666699796915054 0.02222198247909546
vt 0.06666699796915054 0.02222198247909546
vt 0.0805559977889061 0.01666700839996338
vt 0.0805559977889061 0.01666700839996338
vt 0.0805559977889061 0.01666700839996338
vt 0.0805559977889061 0.01666700839996338
vt 0.0805559977889061 0.01666700839996338
vt 0.0805559977889061 0.01666700839996338
vt 0.0805559977889061 0.01666700839996338
vt 0.0805559977889061 0.01666700839996338
vt 0.0805559977889061 0.01666700839996338
vt 0.0805559977889061 0.01666700839996338
vt 0.0805559977889061 0.01666700839996338
vt 0.0805559977889061 0.01666700839996338
vt 0.0805559977889061 0.01666700839996338
vt 0.0805559977889061 0.01666700839996338
vt 0.0805559977889061 0.01666700839996338
vt 0.0805559977889061 0.01666700839996338
vt 0.0805559977889061 0.01666700839996338
vt 0.0805559977889061 0.01666700839996338
vt 0.0805559977889061 0.01666700839996338
vt 0.0805559977889061 0.01666700839996338
vt 0.0805559977889061 0.01666700839996338
vt 0.0805559977889061 0.01666700839996338
vt 0.0805559977889061 0.01666700839996338
vt 0.0805559977889061 0.01666700839996338
vt 0.0805559977889061 0.01666700839996338
vt 0.0805559977889061 0.01666700839996338
vt 0.0805559977889061 0.01666700839996338
vt 0.0805559977889061 0.01666700839996338
vt 0.0805559977889061 0.01666700839996338
vt 0.0805559977889061 0.01666700839996338
vt 0.0805559977889061 0.01666700839996338
vt 0.0805559977889061 0.01666700839996338
vt 0.7027779817581177 0.27222204208374023
vt 0.7027779817581177 0.27222204208374023
vt 0.7027779817581177 0.27222204208374023
vt 0.7027779817581177 0.27222204208374023
vt 0.7027779817581177 0.27222204208374023
vt 0.7027779817581177 0.27222204208374023
vt 0.7027779817581177 0.27222204208374023
vt 0.7027779817581177 0.27222204208374023
vt 0.7027779817581177 0.27222204208374023
vt 0.7027779817581177 0.27222204208374023
vt 0.7027779817581177 0.27222204208374023
vt 0.7027779817581177 0.27222204208374023
vt 0.7027779817581177 0.27222204208374023
vt 0.7027779817581177 0.27222204208374023
vt 0.7027779817581177 0.27222204208374023
vt 0.06666699796915054 0.02222198247909546
vt 0.06666699796915054 0.02222198247909546
vt 0.06666699796915054 0.02222198247909546
vt 0.06666699796915054 0.02222198247909546
vt 0.0805559977889061 0.01666700839996338
vt 0.0805559977889061 0.01666700839996338
vt 0.0805559977889061 0.01666700839996338
vt 0.0805559977889061 0.01666700839996338
vt 0.0805559977889061 0.01666700839996338
vt 0.0805559977889061 0.01666700839996338
vt 0.0805559977889061 0.01666700839996338
vt 0.0805559977889061 0.01666700839996338
vt 0.0805559977889061 0.01666700839996338
vt 0.0805559977889061 0.01666700839996338
vt 0.0805559977889061 0.01666700839996338
vt 0.0805559977889061 0.01666700839996338
vt 0.0805559977889061 0.01666700839996338
vt 0.0805559977889061 0.01666700839996338
vt 0.0805559977889061 0.01666700839996338
vt 0.0805559977889061 0.01666700839996338
vt 0.0805559977889061 0.01666700839996338
vt 0.0805559977889061 0.01666700839996338
vt 0.0805559977889061 0.01666700839996338
vt 0.0805559977889061 0.01666700839996338
vt 0.0805559977889061 0.01666700839996338
vt 0.0805559977889061 0.01666700839996338
vt 0.0805559977889061 0.01666700839996338
vt 0.0805559977889061 0.01666700839996338
vt 0.0805559977889061 0.01666700839996338
vt 0.0805559977889061 0.01666700839996338
vt 0.0805559977889061 0.01666700839996338
vt 0.0805559977889061 0.01666700839996338
vt 0.0805559977889061 0.01666700839996338
vt 0.0805559977889061 0.01666700839996338
vt 0.0805559977889061 0.01666700839996338
vt 0.0805559977889061 0.01666700839996338
vt 0.0805559977889061 0.01666700839996338
vt 0.0805559977889061 0.01666700839996338
vt 0.0805559977889061 0.01666700839996338
vt 0.0805559977889061 0.01666700839996338
vt 0.0805559977889061 0.01666700839996338
vt 0.0805559977889061 0.01666700839996338
vt 0.0805559977889061 0.01666700839996338
vt 0.0805559977889061 0.01666700839996338
vt 0.0805559977889061 0.01666700839996338
vt 0.0805559977889061 0.01666700839996338
vt 0.0805559977889061 0.01666700839996338
vt 0.0805559977889061 0.01666700839996338
vt 0.0805559977889061 0.01666700839996338
vt 0.0805559977889061 0.01666700839996338
vt 0.0805559977889061 0.01666700839996338
vt 0.0805559977889061 0.01666700839996338
vt 0.0805559977889061 0.01666700839996338
vt 0.0805559977889061 0.01666700839996338
vt 0.0805559977889061 0.01666700839996338
vt 0.06666699796915054 0.02222198247909546
vt 0.06666699796915054 0.02222198247909546
vt 0.06666699796915054 0.02222198247909546
vt 0.06666699796915054 0.02222198247909546
vt 0.06666699796915054 0.02222198247909546
vt 0.06666699796915054 0.02222198247909546
vt 0.06666699796915054 0.02222198247909546
vt 0.06666699796915054 0.02222198247909546
vt 0.06666699796915054 0.02222198247909546
vt 0.06666699796915054 0.02222198247909546
vt 0.06666699796915054 0.02222198247909546
vt 0.06666699796915054 0.02222198247909546
vt 0.06666699796915054 0.02222198247909546
vt 0.06666699796915054 0.02222198247909546
vt 0.0805559977889061 0.01666700839996338
vt 0.0805559977889061 0.01666700839996338
vt 0.0805559977889061 0.01666700839996338
vt 0.0805559977889061 0.01666700839996338
vt 0.0805559977889061 0.01666700839996338
vt 0.0805559977889061 0.01666700839996338
vt 0.0805559977889061 0.01666700839996338
vt 0.0805559977889061 0.01666700839996338
vt 0.0805559977889061 0.01666700839996338
vt 0.0805559977889061 0.01666700839996338
vt 0.0805559977889061 0.01666700839996338
vt 0.0805559977889061 0.01666700839996338
vt 0.0805559977889061 0.01666700839996338
vt 0.0805559977889061 0.01666700839996338
vt 0.0805559977889061 0.01666700839996338
vt 0.0805559977889061 0.01666700839996338
vt 0.0805559977889061 0.01666700839996338
vt 0.0805559977889061 0.01666700839996338
vt 0.0805559977889061 0.01666700839996338
vt 0.0805559977889061 0.01666700839996338
vt 0.30000001192092896 0.033333003520965576
vt 0.30000001192092896 0.033333003520965576
vt 0.30000001192092896 0.033333003520965576
vt 0.30000001192092896 0.033333003520965576
vt 0.30000001192092896 0.033333003520965576
vt 0.30000001192092896 0.033333003520965576
vt 0.30000001192092896 0.033333003520965576
vt 0.30000001192092896 0.033333003520965576
vt 0.30000001192092896 0.033333003520965576
vt 0.30000001192092896 0.033333003520965576
vt 0.30000001192092896 0.033333003520965576
vt 0.30000001192092896 0.033333003520965576
vt 0.30000001192092896 0.033333003520965576
vt 0.30000001192092896 0.033333003520965576
vt 0.30000001192092896 0.033333003520965576
vt 0.30000001192092896 0.033333003520965576
vt 0.30000001192092896 0.033333003520965576
vt 0.30000001192092896 0.033333003520965576
vt 0.30000001192092896 0.033333003520965576
vt 0.30000001192092896 0.033333003520965576
vt 0.30000001192092896 0.033333003520965576
vt 0.30000001192092896 0.033333003520965576
vt 0.30000001192092896 0.033333003520965576
vt 0.30000001192092896 0.033333003520965576
vt 0.3305560052394867 0.02222198247909546
vt 0.3305560052394867 0.02222198247909546
vt 0.3305560052394867 0.02222198247909546
vt 0.3305560052394867 0.02222198247909546
vt 0.3305560052394867 0.02222198247909546
vt 0.3305560052394867 0.02222198247909546
vt 0.3305560052394867 0.02222198247909546
vt 0.3305560052394867 0.02222198247909546
vt 0.3305560052394867 0.02222198247909546
vt 0.3305560052394867 0.02222198247909546
vt 0.3305560052394867 0.02222198247909546
vt 0.3305560052394867 0.02222198247909546
vt 0.3305560052394867 0.02222198247909546
vt 0.3305560052394867 0.02222198247909546
vt 0.3305560052394867 0.02222198247909546
vt 0.3305560052394867 0.02222198247909546
vt 0.3305560052394867 0.02222198247909546
vt 0.3305560052394867 0.02222198247909546
vt 0.3305560052394867 0.02222198247909546
vt 0.3305560052394867 0.02222198247909546
vt 0.3305560052394867 0.02222198247909546
vt 0.3305560052394867 0.02222198247909546
vt 0.3305560052394867 0.02222198247909546
vt 0.3305560052394867 0.02222198247909546
vt 0.5805559754371643 0.38888901472091675
vt 0.5805559754371643 0.38888901472091675
vt 0.5805559754371643 0.38888901472091675
vt 0.5805559754371643 0.38888901472091675
vt 0.5805559754371643 0.38888901472091675
vt 0.5805559754371643 0.38888901472091675
vt 0.5805559754371643 0.38888901472091675
vt 0.5805559754371643 0.38888901472091675
vt 0.5805559754371643 0.38888901472091675
vt 0.5805559754371643 0.38888901472091675
vt 0.5805559754371643 0.38888901472091675
vt 0.5805559754371643 0.38888901472091675
vt 0.5805559754371643 0.38888901472091675
vt 0.5805559754371643 0.38888901472091675
vt 0.5805559754371643 0.38888901472091675
vt 0.5805559754371643 0.38888901472091675
vt 0.5888890027999878 0.36111098527908325
vt 0.5888890027999878 0.36111098527908325
vt 0.5888890027999878 0.36111098527908325
vt 0.5888890027999878 0.36111098527908325
vt 0.5888890027999878 0.36111098527908325
vt 0.5888890027999878 0.36111098527908325
vt 0.5888890027999878 0.36111098527908325
vt 0.5888890027999878 0.36111098527908325
vt 0.5805559754371643 0.38888901472091675
vt 0.5805559754371643 0.38888901472091675
vt 0.5805559754371643 0.38888901472091675
vt 0.5805559754371643 0.38888901472091675
vt 0.5805559754371643 0.38888901472091675
vt 0.5805559754371643 0.38888901472091675
vt 0.5805559754371643 0.38888901472091675
vt 0.5805559754371643 0.38888901472091675
vt 0.5805559754371643 0.38888901472091675
vt 0.5805559754371643 0.38888901472091675
vt 0.5805559754371643 0.38888901472091675
vt 0.5805559754371643 0.38888901472091675
vt 0.5805559754371643 0.38888901472091675
vt 0.5805559754371643 0.38888901472091675
vt 0.5805559754371643 0.38888901472091675
vt 0.5805559754371643 0.38888901472091675
vt 0.5805559754371643 0.38888901472091675
vt 0.5805559754371643 0.38888901472091675
vt 0.5805559754371643 0.38888901472091675
vt 0.5805559754371643 0.38888901472091675
vt 0.5805559754371643 0.38888901472091675
vt 0.5805559754371643 0.38888901472091675
vt 0.5805559754371643 0.38888901472091675
vt 0.5805559754371643 0.38888901472091675
vt 0.5805559754371643 0.38888901472091675
vt 0.5805559754371643 0.38888901472091675
vt 0.5805559754371643 0.38888901472091675
vt 0.5805559754371643 0.38888901472091675
vt 0.5805559754371643 0.38888901472091675
vt 0.5805559754371643 0.38888901472091675
vt 0.5805559754371643 0.38888901472091675
vt 0.5805559754371643 0.38888901472091675
vt 0.5805559754371643 0.38888901472091675
vt 0.5805559754371643 0.38888901472091675
vt 0.5805559754371643 0.38888901472091675
vt 0.5805559754371643 0.38888901472091675
vt 0.5805559754371643 0.38888901472091675
vt 0.5805559754371643 0.38888901472091675
vt 0.5805559754371643 0.38888901472091675
vt 0.5805559754371643 0.38888901472091675
vt 0.5805559754371643 0.38888901472091675
vt 0.5805559754371643 0.38888901472091675
vt 0.5805559754371643 0.38888901472091675
vt 0.5888890027999878 0.36111098527908325
vt 0.5888890027999878 0.36111098527908325
vt 0.5888890027999878 0.36111098527908325
vt 0.5888890027999878 0.36111098527908325
vt 0.5888890027999878 0.36111098527908325
vt 0.5888890027999878 0.36111098527908325
vt 0.5888890027999878 0.36111098527908325
vt 0.5888890027999878 0.36111098527908325
vt 0.5888890027999878 0.36111098527908325
vt 0.5888890027999878 0.36111098527908325
vt 0.5888890027999878 0.36111098527908325
vt 0.5888890027999878 0.36111098527908325
vt 0.5888890027999878 0.36111098527908325
vt 0.5888890027999878 0.36111098527908325
vt 0.5888890027999878 0.36111098527908325
vt 0.5888890027999878 0.36111098527908325
vt 0.5888890027999878 0.36111098527908325
vt 0.5888890027999878 0.36111098527908325
vt 0.5888890027999878 0.36111098527908325
vt 0.5888890027999878 0.36111098527908325
vt 0.5888890027999878 0.36111098527908325
vt 0.5888890027999878 0.36111098527908325
vt 0.5888890027999878 0.36111098527908325
vt 0.5888890027999878 0.36111098527908325
vt 0.5888890027999878 0.36111098527908325
vt 0.5888890027999878 0.36111098527908325
vt 0.5888890027999878 0.36111098527908325
vt 0.5888890027999878 0.36111098527908325
vt 0.5888890027999878 0.36111098527908325
vt 0.5888890027999878 0.36111098527908325
vt 0.5888890027999878 0.36111098527908325
vt 0.5888890027999878 0.36111098527908325
vt 0.5888890027999878 0.36111098527908325
vt 0.5888890027999878 0.36111098527908325
vt 0.5888890027999878 0.36111098527908325
vt 0.5888890027999878 0.36111098527908325
vt 0.5888890027999878 0.36111098527908325
vt 0.5888890027999878 0.36111098527908325
vt 0.5888890027999878 0.36111098527908325
vt 0.5888890027999878 0.36111098527908325
vt 0.5888890027999878 0.36111098527908325
vt 0.5888890027999878 0.36111098527908325
vt 0.5888890027999878 0.36111098527908325
vt 0.5888890027999878 0.36111098527908325
vt 0.5888890027999878 0.36111098527908325
vt 0.5888890027999878 0.36111098527908325
vt 0.5888890027999878 0.36111098527908325
vt 0.5888890027999878 0.36111098527908325
vt 0.5888890027999878 0.36111098527908325
vt 0.5888890027999878 0.36111098527908325
vt 0.5888890027999878 0.36111098527908325
vt 0.5888890027999878 0.36111098527908325
vt 0.5888890027999878 0.36111098527908325
vt 0.5888890027999878 0.36111098527908325
vt 0.5888890027999878 0.36111098527908325
vt 0.5888890027999878 0.36111098527908325
vt 0.5888890027999878 0.36111098527908325
vt 0.5888890027999878 0.36111098527908325
vt 0.5888890027999878 0.36111098527908325
vt 0.5888890027999878 0.36111098527908325
vt 0.5888890027999878 0.36111098527908325
vt 0.5888890027999878 0.36111098527908325
vt 0.5888890027999878 0.36111098527908325
vt 0.3305560052394867 0.02222198247909546
vt 0.3305560052394867 0.02222198247909546
vt 0.3305560052394867 0.02222198247909546
vt 0.3305560052394867 0.02222198247909546
vt 0.0805559977889061 0.01666700839996338
vt 0.0805559977889061 0.01666700839996338
vt 0.0805559977889061 0.01666700839996338
vt 0.0805559977889061 0.01666700839996338
vt 0.07777799665927887 0.02499997615814209
vt 0.07777799665927887 0.02499997615814209
vt 0.07777799665927887 0.02499997615814209
vt 0.07777799665927887 0.02499997615814209
vt 0.0805559977889061 0.01666700839996338
vt 0.0805559977889061 0.01666700839996338
vt 0.0805559977889061 0.01666700839996338
vt 0.0805559977889061 0.01666700839996338
vt 0.8166670203208923 0.125
vt 0.8166670203208923 0.125
vt 0.8166670203208923 0.125
vt 0.8166670203208923 0.125
vt 0.8166670203208923 0.125
vt 0.8166670203208923 0.125
vt 0.8166670203208923 0.125
vt 0.8166670203208923 0.125
vt 0.8166670203208923 0.125
vt 0.8166670203208923 0.125
vt 0.8166670203208923 0.125
vt 0.8166670203208923 0.125
vt 0.8166670203208923 0.125
vt 0.8166670203208923 0.125
vt 0.8166670203208923 0.125
vt 0.8166670203208923 0.125
vt 0.8166670203208923 0.125
vt 0.8166670203208923 0.125
vt 0.8166670203208923 0.125
vt 0.8166670203208923 0.125
vt 0.8166670203208923 0.125
vt 0.8166670203208923 0.125
vt 0.8166670203208923 0.125
vt 0.7888889908790588 0.11666703224182129
vt 0.7888889908790588 0.11666703224182129
vt 0.7888889908790588 0.11666703224182129
vt 0.7888889908790588 0.11666703224182129
vt 0.7888889908790588 0.11666703224182129
vt 0.7888889908790588 0.11666703224182129
vt 0.7888889908790588 0.11666703224182129
vt 0.7888889908790588 0.11666703224182129
vt 0.7888889908790588 0.11666703224182129
vt 0.7888889908790588 0.11666703224182129
vt 0.7888889908790588 0.11666703224182129
vt 0.8166670203208923 0.125
vt 0.8166670203208923 0.125
vt 0.8166670203208923 0.125
vt 0.8166670203208923 0.125
vt 0.8166670203208923 0.125
vt 0.8166670203208923 0.125
vt 0.8166670203208923 0.125
vt 0.8166670203208923 0.125
vt 0.8166670203208923 0.125
vt 0.8166670203208923 0.125
vt 0.8166670203208923 0.125
vt 0.8166670203208923 0.125
vt 0.8166670203208923 0.125
vt 0.8166670203208923 0.125
vt 0.8166670203208923 0.125
vt 0.8166670203208923 0.125
vt 0.8166670203208923 0.125
vt 0.8166670203208923 0.125
vt 0.8166670203208923 0.125
vt 0.8166670203208923 0.125
vt 0.8166670203208923 0.125
vt 0.8166670203208923 0.125
vt 0.8166670203208923 0.125
vt 0.8166670203208923 0.125
vt 0.8166670203208923 0.125
vt 0.8166670203208923 0.125
vt 0.8166670203208923 0.125
vt 0.8166670203208923 0.125
vt 0.8166670203208923 0.125
vt 0.8166670203208923 0.125
vt 0.8166670203208923 0.125
vt 0.675000011920929 0.030556023120880127
vt 0.675000011920929 0.030555009841918945
vt 0.675000011920929 0.030556023120880127
vt 0.675000011920929 0.030556023120880127
vt 0.675000011920929 0.030556023120880127
vt 0.675000011920929 0.030556023120880127
vt 0.675000011920929 0.030556023120880127
vt 0.675000011920929 0.030556023120880127
vt 0.6027780175209045 0.02499997615814209
vt 0.6027780175209045 0.02499997615814209
vt 0.6027780175209045 0.02499997615814209
vt 0.6027780175209045 0.02499997615814209
vt 0.675000011920929 0.030556023120880127
vt 0.675000011920929 0.030556023120880127
vt 0.675000011920929 0.030556023120880127
vt 0.675000011920929 0.030556023120880127
vt 0.6027780175209045 0.02499997615814209
vt 0.6027780175209045 0.02499997615814209
vt 0.6027780175209045 0.02499997615814209
vt 0.675000011920929 0.030556023120880127
vt 0.675000011920929 0.030556023120880127
vt 0.675000011920929 0.030556023120880127
vt 0.675000011920929 0.030556023120880127
vt 0.6027780175209045 0.02499997615814209
vt 0.6027780175209045 0.02499997615814209
vt 0.6027780175209045 0.02499997615814209
vt 0.6027780175209045 0.02499997615814209
vt 0.6027780175209045 0.02499997615814209
vt 0.6027780175209045 0.02499997615814209
vt 0.6027780175209045 0.02499997615814209
vt 0.6027780175209045 0.02499997615814209
vt 0.6027780175209045 0.02499997615814209
vt 0.6027780175209045 0.02499997615814209
vt 0.6027780175209045 0.02499997615814209
vt 0.6027780175209045 0.02499997615814209
vt 0.6027780175209045 0.02499997615814209
vt 0.6027780175209045 0.02499997615814209
vt 0.6027780175209045 0.02499997615814209
vt 0.6027780175209045 0.02499997615814209
vt 0.6027780175209045 0.02499997615814209
vt 0.6027780175209045 0.02499997615814209
vt 0.6027780175209045 0.02499997615814209
vt 0.6027780175209045 0.02499997615814209
vt 0.6027780175209045 0.02499997615814209
vt 0.6027780175209045 0.02499997615814209
vt 0.6027780175209045 0.02499997615814209
vt 0.6027780175209045 0.02499997615814209
vt 0.6027780175209045 0.02499997615814209
vt 0.6027780175209045 0.02499997615814209
vt 0.6027780175209045 0.02499997615814209
vt 0.6027780175209045 0.02499997615814209
vt 0.6027780175209045 0.02499997615814209
vt 0.6027780175209045 0.02499997615814209
vt 0.6027780175209045 0.02499997615814209
vt 0.6027780175209045 0.02499997615814209
vt 0.6027780175209045 0.02499997615814209
vt 0.6027780175209045 0.02499997615814209
vt 0.6027780175209045 0.02499997615814209
vt 0.675000011920929 0.030556023120880127
vt 0.675000011920929 0.030556023120880127
vt 0.675000011920929 0.030556023120880127
vt 0.675000011920929 0.030556023120880127
vt 0.6027780175209045 0.02499997615814209
vt 0.6027780175209045 0.02499997615814209
vt 0.6027780175209045 0.02499997615814209
vt 0.675000011920929 0.030556023120880127
vt 0.675000011920929 0.030556023120880127
vt 0.675000011920929 0.030556023120880127
vt 0.675000011920929 0.030556023120880127
vt 0.6027780175209045 0.02499997615814209
vt 0.6027780175209045 0.02499997615814209
vt 0.6027780175209045 0.02499997615814209
vt 0.6027780175209045 0.02499997615814209
vt 0.6027780175209045 0.02499997615814209
vt 0.6027780175209045 0.02499997615814209
vt 0.6027780175209045 0.02499997615814209
vt 0.6027780175209045 0.02499997615814209
vt 0.6027780175209045 0.02499997615814209
vt 0.6027780175209045 0.02499997615814209
vt 0.6027780175209045 0.02499997615814209
vt 0.6027780175209045 0.02499997615814209
vt 0.6027780175209045 0.02499997615814209
vt 0.6027780175209045 0.02499997615814209
vt 0.6027780175209045 0.02499997615814209
vt 0.6027780175209045 0.02499997615814209
vt 0.6027780175209045 0.02499997615814209
vt 0.6027780175209045 0.02499997615814209
vt 0.6027780175209045 0.02499997615814209
vt 0.6027780175209045 0.02499997615814209
vt 0.6027780175209045 0.02499997615814209
vt 0.6027780175209045 0.02499997615814209
vt 0.6027780175209045 0.02499997615814209
vt 0.6027780175209045 0.02499997615814209
vt 0.6027780175209045 0.02499997615814209
vt 0.6027780175209045 0.02499997615814209
vt 0.6027780175209045 0.02499997615814209
vt 0.6027780175209045 0.02499997615814209
vt 0.6027780175209045 0.02499997615814209
vt 0.6027780175209045 0.02499997615814209
vt 0.6027780175209045 0.02499997615814209
vt 0.6027780175209045 0.02499997615814209
vt 0.6027780175209045 0.02499997615814209
vt 0.6027780175209045 0.02499997615814209
vt 0.6027780175209045 0.02499997615814209
vt 0.6027780175209045 0.02499997615814209
vt 0.6027780175209045 0.02499997615814209
vt 0.6027780175209045 0.02499997615814209
vt 0.6027780175209045 0.02499997615814209
vt 0.6027780175209045 0.02499997615814209
vt 0.6027780175209045 0.02499997615814209
vt 0.6027780175209045 0.02499997615814209
vt 0.6027780175209045 0.02499997615814209
vt 0.6027780175209045 0.02499997615814209
vt 0.6027780175209045 0.02499997615814209
vt 0.6027780175209045 0.02499997615814209
vt 0.6027780175209045 0.02499997615814209
vt 0.6027780175209045 0.02499997615814209
vt 0.6027780175209045 0.02499997615814209
vt 0.6027780175209045 0.02499997615814209
vt 0.6027780175209045 0.02499997615814209
vt 0.6027780175209045 0.02499997615814209
vt 0.6027780175209045 0.02499997615814209
vt 0.6027780175209045 0.02499997615814209
vt 0.6027780175209045 0.02499997615814209
vt 0.6027780175209045 0.02499997615814209
vt 0.6027780175209045 0.02499997615814209
vt 0.6027780175209045 0.02499997615814209
vt 0.6027780175209045 0.02499997615814209
vt 0.6027780175209045 0.02499997615814209
vt 0.6027780175209045 0.02499997615814209
vt 0.6027780175209045 0.02499997615814209
vt 0.675000011920929 0.030556023120880127
vt 0.675000011920929 0.030556023120880127
vt 0.675000011920929 0.030556023120880127
vt 0.675000011920929 0.030556023120880127
vt 0.675000011920929 0.030556023120880127
vt 0.675000011920929 0.030555009841918945
vt 0.675000011920929 0.030556023120880127
vt 0.675000011920929 0.030556023120880127
vt 0.6027780175209045 0.02499997615814209
vt 0.6027780175209045 0.02499997615814209
vt 0.6027780175209045 0.02499997615814209
vt 0.8166670203208923 0.125
vt 0.8166670203208923 0.125
vt 0.8166670203208923 0.125
vt 0.8166670203208923 0.125
vt 0.8166670203208923 0.125
vt 0.8166670203208923 0.125
vt 0.8166670203208923 0.125
vt 0.30000001192092896 0.033333003520965576
vt 0.30000001192092896 0.033333003520965576
vt 0.30000001192092896 0.033333003520965576
vt 0.30000001192092896 0.033333003520965576
vt 0.30000001192092896 0.033333003520965576
vt 0.30000001192092896 0.033333003520965576
vt 0.30000001192092896 0.033333003520965576
vt 0.30000001192092896 0.033333003520965576
vt 0.8166670203208923 0.125
vt 0.8166670203208923 0.125
vt 0.8166670203208923 0.125
vt 0.8166670203208923 0.125
vt 0.8166670203208923 0.125
vt 0.8166670203208923 0.125
vt 0.8166670203208923 0.125
vt 0.8166670203208923 0.125
vt 0.8166670203208923 0.125
vt 0.8166670203208923 0.125
vt 0.8166670203208923 0.125
vt 0.8166670203208923 0.125
vt 0.8166670203208923 0.125
vt 0.8166670203208923 0.125
vt 0.8166670203208923 0.125
vt 0.8166670203208923 0.125
vt 0.8166670203208923 0.125
vt 0.8166670203208923 0.125
vt 0.8166670203208923 0.125
vt 0.8166670203208923 0.125
vt 0.0805559977889061 0.01666700839996338
vt 0.0805559977889061 0.01666700839996338
vt 0.0805559977889061 0.01666700839996338
vt 0.0805559977889061 0.01666700839996338
vt 0.26944398880004883 0.047222018241882324
vt 0.26944398880004883 0.047222018241882324
vt 0.26944398880004883 0.047222018241882324
vt 0.26944398880004883 0.047222018241882324
vt 0.07777799665927887 0.02499997615814209
vt 0.07777799665927887 0.02499997615814209
vt 0.07777799665927887 0.02499997615814209
vt 0.07777799665927887 0.02499997615814209
vt 0.8166670203208923 0.125
vt 0.8166670203208923 0.125
vt 0.8166670203208923 0.125
vt 0.8166670203208923 0.125
vt 0.675000011920929 0.030555009841918945
vt 0.675000011920929 0.030556023120880127
vt 0.675000011920929 0.030556023120880127
vt 0.675000011920929 0.030556023120880127
vt 0.6027780175209045 0.02499997615814209
vt 0.6027780175209045 0.02499997615814209
vt 0.6027780175209045 0.02499997615814209
vt 0.6027780175209045 0.02499997615814209
vt 0.675000011920929 0.030556023120880127
vt 0.675000011920929 0.030556023120880127
vt 0.675000011920929 0.030556023120880127
vt 0.675000011920929 0.030556023120880127
vt 0.6027780175209045 0.02499997615814209
vt 0.6027780175209045 0.02499997615814209
vt 0.6027780175209045 0.02499997615814209
vt 0.6027780175209045 0.02499997615814209
vt 0.30000001192092896 0.033333003520965576
vt 0.30000001192092896 0.033333003520965576
vt 0.30000001192092896 0.033333003520965576
vt 0.30000001192092896 0.033333003520965576
vt 0.30000001192092896 0.033333003520965576
vt 0.30000001192092896 0.033333003520965576
vt 0.30000001192092896 0.033333003520965576
vt 0.30000001192092896 0.033333003520965576
vt 0.30000001192092896 0.033333003520965576
vt 0.30000001192092896 0.033333003520965576
vt 0.30000001192092896 0.033333003520965576
vt 0.30000001192092896 0.033333003520965576
vt 0.30000001192092896 0.033333003520965576
vt 0.30000001192092896 0.033333003520965576
vt 0.30000001192092896 0.033333003520965576
vt 0.30000001192092896 0.033333003520965576
vt 0.30000001192092896 0.033333003520965576
vt 0.30000001192092896 0.033333003520965576
vt 0.30000001192092896 0.033333003520965576
vt 0.30000001192092896 0.033333003520965576
vt 0.30000001192092896 0.033333003520965576
vt 0.30000001192092896 0.033333003520965576
vt 0.30000001192092896 0.033333003520965576
vt 0.30000001192092896 0.033333003520965576
vt 0.30000001192092896 0.033333003520965576
vt 0.30000001192092896 0.033333003520965576
vt 0.30000001192092896 0.033333003520965576
vt 0.30000001192092896 0.033333003520965576
vt 0.30000001192092896 0.033333003520965576
vt 0.30000001192092896 0.033333003520965576
vt 0.30000001192092896 0.033333003520965576
vt 0.30000001192092896 0.033333003520965576
vt 0.3305560052394867 0.02222198247909546
vt 0.3305560052394867 0.02222198247909546
vt 0.3305560052394867 0.02222198247909546
vt 0.3305560052394867 0.02222198247909546
vt 0.30000001192092896 0.033333003520965576
vt 0.30000001192092896 0.033333003520965576
vt 0.30000001192092896 0.033333003520965576
vt 0.30000001192092896 0.033333003520965576
vt 0.30000001192092896 0.033333003520965576
vt 0.30000001192092896 0.033333003520965576
vt 0.30000001192092896 0.033333003520965576
vt 0.30000001192092896 0.033333003520965576
vt 0.3305560052394867 0.02222198247909546
vt 0.3305560052394867 0.02222198247909546
vt 0.3305560052394867 0.02222198247909546
vt 0.3305560052394867 0.02222198247909546
vt 0.30000001192092896 0.033333003520965576
vt 0.30000001192092896 0.033333003520965576
vt 0.30000001192092896 0.033333003520965576
vt 0.30000001192092896 0.033333003520965576
vt 0.30000001192092896 0.033333003520965576
vt 0.30000001192092896 0.033333003520965576
vt 0.30000001192092896 0.033333003520965576
vt 0.30000001192092896 0.033333003520965576
vt 0.30000001192092896 0.033333003520965576
vt 0.30000001192092896 0.033333003520965576
vt 0.30000001192092896 0.033333003520965576
vt 0.30000001192092896 0.033333003520965576
vt 0.30000001192092896 0.033333003520965576
vt 0.30000001192092896 0.033333003520965576
vt 0.30000001192092896 0.033333003520965576
vt 0.30000001192092896 0.033333003520965576
vt 0.30000001192092896 0.033333003520965576
vt 0.30000001192092896 0.033333003520965576
vt 0.30000001192092896 0.033333003520965576
vt 0.30000001192092896 0.033333003520965576
vt 0.30000001192092896 0.033333003520965576
vt 0.30000001192092896 0.033333003520965576
vt 0.30000001192092896 0.033333003520965576
vt 0.30000001192092896 0.033333003520965576
vt 0.30000001192092896 0.033333003520965576
vt 0.30000001192092896 0.033333003520965576
vt 0.30000001192092896 0.033333003520965576
vt 0.30000001192092896 0.033333003520965576
vt 0.3305560052394867 0.02222198247909546
vt 0.3305560052394867 0.02222198247909546
vt 0.3305560052394867 0.02222198247909546
vt 0.3305560052394867 0.02222198247909546
vt 0.30000001192092896 0.033333003520965576
vt 0.30000001192092896 0.033333003520965576
vt 0.30000001192092896 0.033333003520965576
vt 0.30000001192092896 0.033333003520965576
vt 0.3305560052394867 0.02222198247909546
vt 0.3305560052394867 0.02222198247909546
vt 0.3305560052394867 0.02222198247909546
vt 0.3305560052394867 0.02222198247909546
vt 0.30000001192092896 0.033333003520965576
vt 0.30000001192092896 0.033333003520965576
vt 0.30000001192092896 0.033333003520965576
vt 0.30000001192092896 0.033333003520965576
vt 0.30000001192092896 0.033333003520965576
vt 0.30000001192092896 0.033333003520965576
vt 0.30000001192092896 0.033333003520965576
vt 0.30000001192092896 0.033333003520965576
vt 0.30000001192092896 0.033333003520965576
vt 0.30000001192092896 0.033333003520965576
vt 0.30000001192092896 0.033333003520965576
vt 0.30000001192092896 0.033333003520965576
vt 0.3305560052394867 0.02222198247909546
vt 0.3305560052394867 0.02222198247909546
vt 0.3305560052394867 0.02222198247909546
vt 0.3305560052394867 0.02222198247909546
vt 0.3305560052394867 0.02222198247909546
vt 0.3305560052394867 0.02222198247909546
vt 0.3305560052394867 0.02222198247909546
vt 0.3305560052394867 0.02222198247909546
vt 0.30000001192092896 0.033333003520965576
vt 0.30000001192092896 0.033333003520965576
vt 0.30000001192092896 0.033333003520965576
vt 0.30000001192092896 0.033333003520965576
vt 0.30000001192092896 0.033333003520965576
vt 0.30000001192092896 0.033333003520965576
vt 0.30000001192092896 0.033333003520965576
vt 0.30000001192092896 0.033333003520965576
vt 0.3305560052394867 0.02222198247909546
vt 0.3305560052394867 0.02222198247909546
vt 0.3305560052394867 0.02222198247909546
vt 0.3305560052394867 0.02222198247909546
vt 0.30000001192092896 0.033333003520965576
vt 0.30000001192092896 0.033333003520965576
vt 0.30000001192092896 0.033333003520965576
vt 0.30000001192092896 0.033333003520965576
vt 0.30000001192092896 0.033333003520965576
vt 0.30000001192092896 0.033333003520965576
vt 0.30000001192092896 0.033333003520965576
vt 0.30000001192092896 0.033333003520965576
vt 0.30000001192092896 0.033333003520965576
vt 0.30000001192092896 0.033333003520965576
vt 0.30000001192092896 0.033333003520965576
vt 0.30000001192092896 0.033333003520965576
vt 0.30000001192092896 0.033333003520965576
vt 0.30000001192092896 0.033333003520965576
vt 0.30000001192092896 0.033333003520965576
vt 0.30000001192092896 0.033333003520965576
vt 0.3305560052394867 0.02222198247909546
vt 0.3305560052394867 0.02222198247909546
vt 0.3305560052394867 0.02222198247909546
vt 0.3305560052394867 0.02222198247909546
vt 0.30000001192092896 0.033333003520965576
vt 0.30000001192092896 0.033333003520965576
vt 0.30000001192092896 0.033333003520965576
vt 0.30000001192092896 0.033333003520965576
vt 0.30000001192092896 0.033333003520965576
vt 0.30000001192092896 0.033333003520965576
vt 0.30000001192092896 0.033333003520965576
vt 0.30000001192092896 0.033333003520965576
vt 0.30000001192092896 0.033333003520965576
vt 0.30000001192092896 0.033333003520965576
vt 0.30000001192092896 0.033333003520965576
vt 0.30000001192092896 0.033333003520965576
vt 0.30000001192092896 0.033333003520965576
vt 0.30000001192092896 0.033333003520965576
vt 0.30000001192092896 0.033333003520965576
vt 0.30000001192092896 0.033333003520965576
vt 0.30000001192092896 0.033333003520965576
vt 0.30000001192092896 0.033333003520965576
vt 0.30000001192092896 0.033333003520965576
vt 0.30000001192092896 0.033333003520965576
vt 0.3305560052394867 0.02222198247909546
vt 0.3305560052394867 0.02222198247909546
vt 0.3305560052394867 0.02222198247909546
vt 0.3305560052394867 0.02222198247909546
vt 0.30000001192092896 0.033333003520965576
vt 0.30000001192092896 0.033333003520965576
vt 0.30000001192092896 0.033333003520965576
vt 0.30000001192092896 0.033333003520965576
vt 0.30000001192092896 0.033333003520965576
vt 0.30000001192092896 0.033333003520965576
vt 0.30000001192092896 0.033333003520965576
vt 0.30000001192092896 0.033333003520965576
vt 0.30000001192092896 0.033333003520965576
vt 0.30000001192092896 0.033333003520965576
vt 0.30000001192092896 0.033333003520965576
vt 0.30000001192092896 0.033333003520965576
vt 0.3305560052394867 0.02222198247909546
vt 0.3305560052394867 0.02222198247909546
vt 0.3305560052394867 0.02222198247909546
vt 0.3305560052394867 0.02222198247909546
vt 0.30000001192092896 0.033333003520965576
vt 0.30000001192092896 0.033333003520965576
vt 0.30000001192092896 0.033333003520965576
vt 0.3305560052394867 0.02222198247909546
vt 0.3305560052394867 0.02222198247909546
vt 0.3305560052394867 0.02222198247909546
vt 0.3305560052394867 0.02222198247909546
vt 0.3305560052394867 0.02222198247909546
vt 0.3305560052394867 0.02222198247909546
vt 0.3305560052394867 0.02222198247909546
vt 0.3305560052394867 0.02222198247909546
vt 0.3305560052394867 0.02222198247909546
vt 0.3305560052394867 0.02222198247909546
vt 0.3305560052394867 0.02222198247909546
vt 0.3305560052394867 0.02222198247909546
vt 0.30000001192092896 0.033333003520965576
vt 0.30000001192092896 0.033333003520965576
vt 0.30000001192092896 0.033333003520965576
vt 0.30000001192092896 0.033333003520965576
vt 0.30000001192092896 0.033333003520965576
vt 0.30000001192092896 0.033333003520965576
vt 0.30000001192092896 0.033333003520965576
vt 0.30000001192092896 0.033333003520965576
vt 0.30000001192092896 0.033333003520965576
vt 0.30000001192092896 0.033333003520965576
vt 0.30000001192092896 0.033333003520965576
vt 0.30000001192092896 0.033333003520965576
vt 0.30000001192092896 0.033333003520965576
vt 0.30000001192092896 0.033333003520965576
vt 0.30000001192092896 0.033333003520965576
vt 0.30000001192092896 0.033333003520965576
vt 0.3305560052394867 0.02222198247909546
vt 0.3305560052394867 0.02222198247909546
vt 0.3305560052394867 0.02222198247909546
vt 0.30000001192092896 0.033333003520965576
vt 0.30000001192092896 0.033333003520965576
vt 0.30000001192092896 0.033333003520965576
vt 0.30000001192092896 0.033333003520965576
vt 0.30000001192092896 0.033333003520965576
vt 0.30000001192092896 0.033333003520965576
vt 0.30000001192092896 0.033333003520965576
vt 0.30000001192092896 0.033333003520965576
vt 0.30000001192092896 0.033333003520965576
vt 0.30000001192092896 0.033333003520965576
vt 0.30000001192092896 0.033333003520965576
vt 0.30000001192092896 0.033333003520965576
vt 0.30000001192092896 0.033333003520965576
vt 0.30000001192092896 0.033333003520965576
vt 0.30000001192092896 0.033333003520965576
vt 0.30000001192092896 0.033333003520965576
vt 0.30000001192092896 0.033333003520965576
vt 0.30000001192092896 0.033333003520965576
vt 0.30000001192092896 0.033333003520965576
vt 0.30000001192092896 0.033333003520965576
vt 0.30000001192092896 0.033333003520965576
vt 0.30000001192092896 0.033333003520965576
vt 0.30000001192092896 0.033333003520965576
vt 0.30000001192092896 0.033333003520965576
vt 0.30000001192092896 0.033333003520965576
vt 0.30000001192092896 0.033333003520965576
vt 0.30000001192092896 0.033333003520965576
vt 0.30000001192092896 0.033333003520965576
vt 0.30000001192092896 0.033333003520965576
vt 0.30000001192092896 0.033333003520965576
vt 0.30000001192092896 0.033333003520965576
vt 0.30000001192092896 0.033333003520965576
vt 0.30000001192092896 0.033333003520965576
vt 0.30000001192092896 0.033333003520965576
vt 0.30000001192092896 0.033333003520965576
vt 0.8166670203208923 0.125
vt 0.8166670203208923 0.125
vt 0.8166670203208923 0.125
vt 0.8166670203208923 0.125
vt 0.8166670203208923 0.125
vt 0.8166670203208923 0.125
vt 0.8166670203208923 0.125
vt 0.8166670203208923 0.125
vt 0.8166670203208923 0.125
vt 0.8166670203208923 0.125
vt 0.8166670203208923 0.125
vt 0.8166670203208923 0.125
vt 0.8166670203208923 0.125
vt 0.8166670203208923 0.125
vt 0.8166670203208923 0.125
vt 0.8166670203208923 0.125
vt 0.26944398880004883 0.047222018241882324
vt 0.26944398880004883 0.047222018241882324
vt 0.26944398880004883 0.047222018241882324
vt 0.26944398880004883 0.047222018241882324
vt 0.26944398880004883 0.047222018241882324
vt 0.26944398880004883 0.047222018241882324
vt 0.26944398880004883 0.047222018241882324
vt 0.8166670203208923 0.125
vt 0.8166670203208923 0.125
vt 0.8166670203208923 0.125
vt 0.8166670203208923 0.125
vt 0.8166670203208923 0.125
vt 0.8166670203208923 0.125
vt 0.8166670203208923 0.125
vt 0.8166670203208923 0.125
vt 0.8166670203208923 0.125
vt 0.8166670203208923 0.125
vt 0.8166670203208923 0.125
vt 0.8166670203208923 0.125
vt 0.8166670203208923 0.125
vt 0.8166670203208923 0.125
vt 0.8166670203208923 0.125
vt 0.8166670203208923 0.125
vt 0.26944398880004883 0.047222018241882324
vt 0.26944398880004883 0.047222018241882324
vt 0.26944398880004883 0.047222018241882324
vt 0.26944398880004883 0.047222018241882324
vt 0.8166670203208923 0.125
vt 0.8166670203208923 0.125
vt 0.8166670203208923 0.125
vt 0.8166670203208923 0.125
vt 0.8166670203208923 0.125
vt 0.8166670203208923 0.125
vt 0.8166670203208923 0.125
vt 0.8166670203208923 0.125
vt 0.8166670203208923 0.125
vt 0.8166670203208923 0.125
vt 0.8166670203208923 0.125
vt 0.8166670203208923 0.125
vt 0.8166670203208923 0.125
vt 0.8166670203208923 0.125
vt 0.8166670203208923 0.125
vt 0.8166670203208923 0.125
vt 0.26944398880004883 0.047222018241882324
vt 0.26944398880004883 0.047222018241882324
vt 0.26944398880004883 0.047222018241882324
vt 0.26944398880004883 0.047222018241882324
vt 0.8166670203208923 0.125
vt 0.8166670203208923 0.125
vt 0.8166670203208923 0.125
vt 0.8166670203208923 0.125
vt 0.8166670203208923 0.125
vt 0.8166670203208923 0.125
vt 0.8166670203208923 0.125
vt 0.8166670203208923 0.125
vt 0.8166670203208923 0.125
vt 0.8166670203208923 0.125
vt 0.8166670203208923 0.125
vt 0.8166670203208923 0.125
vt 0.8166670203208923 0.125
vt 0.8166670203208923 0.125
vt 0.8166670203208923 0.125
vt 0.8166670203208923 0.125
vt 0.26944398880004883 0.047222018241882324
vt 0.26944398880004883 0.047222018241882324
vt 0.26944398880004883 0.047222018241882324
vt 0.26944398880004883 0.047222018241882324
vt 0.7888889908790588 0.11666703224182129
vt 0.7888889908790588 0.11666703224182129
vt 0.7888889908790588 0.11666703224182129
vt 0.7888889908790588 0.11666703224182129
vt 0.7888889908790588 0.11666703224182129
vt 0.7888889908790588 0.11666703224182129
vt 0.7888889908790588 0.11666703224182129
vt 0.7888889908790588 0.11666703224182129
vt 0.7888889908790588 0.11666703224182129
vt 0.7888889908790588 0.11666703224182129
vt 0.7888889908790588 0.11666703224182129
vt 0.7888889908790588 0.11666703224182129
vt 0.8166670203208923 0.125
vt 0.8166670203208923 0.125
vt 0.8166670203208923 0.125
vt 0.8166670203208923 0.125
vt 0.7888889908790588 0.11666703224182129
vt 0.7888889908790588 0.11666703224182129
vt 0.7888889908790588 0.11666703224182129
vt 0.7888889908790588 0.11666703224182129
vt 0.8166670203208923 0.125
vt 0.8166670203208923 0.125
vt 0.8166670203208923 0.125
vt 0.8166670203208923 0.125
vt 0.8166670203208923 0.125
vt 0.8166670203208923 0.125
vt 0.8166670203208923 0.125
vt 0.8166670203208923 0.125
vt 0.8166670203208923 0.125
vt 0.8166670203208923 0.125
vt 0.8166670203208923 0.125
vt 0.8166670203208923 0.125
vt 0.8166670203208923 0.125
vt 0.8166670203208923 0.125
vt 0.8166670203208923 0.125
vt 0.8166670203208923 0.125
vt 0.8166670203208923 0.125
vt 0.8166670203208923 0.125
vt 0.8166670203208923 0.125
vt 0.8166670203208923 0.125
vt 0.8166670203208923 0.125
vt 0.8166670203208923 0.125
vt 0.8166670203208923 0.125
vt 0.7888889908790588 0.11666703224182129
vt 0.7888889908790588 0.11666703224182129
vt 0.7888889908790588 0.11666703224182129
vt 0.7888889908790588 0.11666703224182129
vt 0.7888889908790588 0.11666703224182129
vt 0.7888889908790588 0.11666703224182129
vt 0.7888889908790588 0.11666703224182129
vt 0.7888889908790588 0.11666703224182129
vt 0.7888889908790588 0.11666703224182129
vt 0.7888889908790588 0.11666703224182129
vt 0.7888889908790588 0.11666703224182129
vt 0.7888889908790588 0.11666703224182129
vt 0.7888889908790588 0.11666703224182129
vt 0.7888889908790588 0.11666703224182129
vt 0.8166670203208923 0.125
vt 0.8166670203208923 0.125
vt 0.8166670203208923 0.125
vt 0.8166670203208923 0.125
vt 0.8166670203208923 0.125
vt 0.8166670203208923 0.125
vt 0.8166670203208923 0.125
vt 0.8166670203208923 0.125
vt 0.8166670203208923 0.125
vt 0.8166670203208923 0.125
vt 0.8166670203208923 0.125
vt 0.8166670203208923 0.125
vt 0.8166670203208923 0.125
vt 0.8166670203208923 0.125
vt 0.8166670203208923 0.125
vt 0.8166670203208923 0.125
vt 0.7888889908790588 0.11666703224182129
vt 0.7888889908790588 0.11666703224182129
vt 0.7888889908790588 0.11666703224182129
vt 0.7888889908790588 0.11666703224182129
vt 0.7888889908790588 0.11666703224182129
vt 0.7888889908790588 0.11666703224182129
vt 0.7888889908790588 0.11666703224182129
vt 0.7888889908790588 0.11666703224182129
vt 0.7888889908790588 0.11666703224182129
vt 0.7888889908790588 0.11666703224182129
vt 0.7888889908790588 0.11666703224182129
vt 0.7888889908790588 0.11666703224182129
vt 0.8166670203208923 0.125
vt 0.8166670203208923 0.125
vt 0.8166670203208923 0.125
vt 0.8166670203208923 0.125
vt 0.8166670203208923 0.125
vt 0.8166670203208923 0.125
vt 0.8166670203208923 0.125
vt 0.8166670203208923 0.125
vt 0.8166670203208923 0.125
vt 0.8166670203208923 0.125
vt 0.8166670203208923 0.125
vt 0.8166670203208923 0.125
vt 0.8166670203208923 0.125
vt 0.8166670203208923 0.125
vt 0.8166670203208923 0.125
vt 0.8166670203208923 0.125
vt 0.8166670203208923 0.125
vt 0.8166670203208923 0.125
vt 0.8166670203208923 0.125
vt 0.8166670203208923 0.125
vt 0.7888889908790588 0.11666703224182129
vt 0.7888889908790588 0.11666703224182129
vt 0.7888889908790588 0.11666703224182129
vt 0.7888889908790588 0.11666703224182129
vt 0.7888889908790588 0.11666703224182129
vt 0.7888889908790588 0.11666703224182129
vt 0.7888889908790588 0.11666703224182129
vt 0.7888889908790588 0.11666703224182129
vt 0.8166670203208923 0.125
vt 0.8166670203208923 0.125
vt 0.8166670203208923 0.125
vt 0.8166670203208923 0.125
vt 0.8166670203208923 0.125
vt 0.8166670203208923 0.125
vt 0.8166670203208923 0.125
vt 0.8166670203208923 0.125
vt 0.8166670203208923 0.125
vt 0.8166670203208923 0.125
vt 0.8166670203208923 0.125
vt 0.8166670203208923 0.125
vt 0.8166670203208923 0.125
vt 0.8166670203208923 0.125
vt 0.8166670203208923 0.125
vt 0.8166670203208923 0.125
vt 0.8166670203208923 0.125
vt 0.8166670203208923 0.125
vt 0.8166670203208923 0.125
vt 0.8166670203208923 0.125
vt 0.7888889908790588 0.11666703224182129
vt 0.7888889908790588 0.11666703224182129
vt 0.7888889908790588 0.11666703224182129
vt 0.7888889908790588 0.11666703224182129
vt 0.7888889908790588 0.11666703224182129
vt 0.7888889908790588 0.11666703224182129
vt 0.7888889908790588 0.11666703224182129
vt 0.7888889908790588 0.11666703224182129
vt 0.7888889908790588 0.11666703224182129
vt 0.7888889908790588 0.11666703224182129
vt 0.7888889908790588 0.11666703224182129
vt 0.7888889908790588 0.11666703224182129
vt 0.7888889908790588 0.11666703224182129
vt 0.7888889908790588 0.11666703224182129
vt 0.7888889908790588 0.11666703224182129
vt 0.7888889908790588 0.11666703224182129
vt 0.7888889908790588 0.11666703224182129
vt 0.7888889908790588 0.11666703224182129
vt 0.7888889908790588 0.11666703224182129
vt 0.7888889908790588 0.11666703224182129
vt 0.7888889908790588 0.11666703224182129
vt 0.7888889908790588 0.11666703224182129
vt 0.7888889908790588 0.11666703224182129
vt 0.7888889908790588 0.11666703224182129
vt 0.7888889908790588 0.11666703224182129
vt 0.7888889908790588 0.11666703224182129
vt 0.7888889908790588 0.11666703224182129
vt 0.7888889908790588 0.11666703224182129
vt 0.7888889908790588 0.11666703224182129
vt 0.7888889908790588 0.11666703224182129
vt 0.7888889908790588 0.11666703224182129
vt 0.7888889908790588 0.11666703224182129
vt 0.7888889908790588 0.11666703224182129
vt 0.7888889908790588 0.11666703224182129
vt 0.7888889908790588 0.11666703224182129
vt 0.7888889908790588 0.11666703224182129
vt 0.7888889908790588 0.11666703224182129
vt 0.7888889908790588 0.11666703224182129
vt 0.7888889908790588 0.11666703224182129
vt 0.7888889908790588 0.11666703224182129
vt 0.7888889908790588 0.11666703224182129
vt 0.7888889908790588 0.11666703224182129
vt 0.7888889908790588 0.11666703224182129
vt 0.7888889908790588 0.11666703224182129
vt 0.7888889908790588 0.11666703224182129
vt 0.7888889908790588 0.11666703224182129
vt 0.7888889908790588 0.11666703224182129
vt 0.7888889908790588 0.11666703224182129
vt 0.7888889908790588 0.11666703224182129
vt 0.7888889908790588 0.11666703224182129
vt 0.7888889908790588 0.11666703224182129
vt 0.7888889908790588 0.11666703224182129
vt 0.7888889908790588 0.11666703224182129
vt 0.7888889908790588 0.11666703224182129
vt 0.7888889908790588 0.11666703224182129
vt 0.7888889908790588 0.11666703224182129
vt 0.07777799665927887 0.02499997615814209
vt 0.07777799665927887 0.02499997615814209
vt 0.07777799665927887 0.02499997615814209
vt 0.07777799665927887 0.02499997615814209
vt 0.07777799665927887 0.02499997615814209
vt 0.07777799665927887 0.02499997615814209
vt 0.07777799665927887 0.02499997615814209
vt 0.07777799665927887 0.02499997615814209
vt 0.0805559977889061 0.01666700839996338
vt 0.0805559977889061 0.01666700839996338
vt 0.0805559977889061 0.01666700839996338
vt 0.0805559977889061 0.01666700839996338
vt 0.0805559977889061 0.01666700839996338
vt 0.0805559977889061 0.01666700839996338
vt 0.0805559977889061 0.01666700839996338
vt 0.0805559977889061 0.01666700839996338
vt 0.0805559977889061 0.01666700839996338
vt 0.0805559977889061 0.01666700839996338
vt 0.0805559977889061 0.01666700839996338
vt 0.0805559977889061 0.01666700839996338
vt 0.0805559977889061 0.01666700839996338
vt 0.0805559977889061 0.01666700839996338
vt 0.0805559977889061 0.01666700839996338
vt 0.0805559977889061 0.01666700839996338
vt 0.0805559977889061 0.01666700839996338
vt 0.0805559977889061 0.01666700839996338
vt 0.0805559977889061 0.01666700839996338
vt 0.0805559977889061 0.01666700839996338
vt 0.07777799665927887 0.02499997615814209
vt 0.07777799665927887 0.02499997615814209
vt 0.07777799665927887 0.02499997615814209
vt 0.07777799665927887 0.02499997615814209
vt 0.07777799665927887 0.02499997615814209
vt 0.07777799665927887 0.02499997615814209
vt 0.07777799665927887 0.02499997615814209
vt 0.07777799665927887 0.02499997615814209
vt 0.0805559977889061 0.01666700839996338
vt 0.0805559977889061 0.01666700839996338
vt 0.0805559977889061 0.01666700839996338
vt 0.0805559977889061 0.01666700839996338
vt 0.0805559977889061 0.01666700839996338
vt 0.0805559977889061 0.01666700839996338
vt 0.0805559977889061 0.01666700839996338
vt 0.0805559977889061 0.01666700839996338
vt 0.0805559977889061 0.01666700839996338
vt 0.0805559977889061 0.01666700839996338
vt 0.0805559977889061 0.01666700839996338
vt 0.0805559977889061 0.01666700839996338
vt 0.0805559977889061 0.01666700839996338
vt 0.0805559977889061 0.01666700839996338
vt 0.0805559977889061 0.01666700839996338
vt 0.0805559977889061 0.01666700839996338
vt 0.0805559977889061 0.01666700839996338
vt 0.0805559977889061 0.01666700839996338
vt 0.0805559977889061 0.01666700839996338
vt 0.0805559977889061 0.01666700839996338
vt 0.07777799665927887 0.02499997615814209
vt 0.07777799665927887 0.02499997615814209
vt 0.07777799665927887 0.02499997615814209
vt 0.07777799665927887 0.02499997615814209
vt 0.07777799665927887 0.02499997615814209
vt 0.07777799665927887 0.02499997615814209
vt 0.07777799665927887 0.02499997615814209
vt 0.07777799665927887 0.02499997615814209
vt 0.0805559977889061 0.01666700839996338
vt 0.0805559977889061 0.01666700839996338
vt 0.0805559977889061 0.01666700839996338
vt 0.0805559977889061 0.01666700839996338
vt 0.0805559977889061 0.01666700839996338
vt 0.0805559977889061 0.01666700839996338
vt 0.0805559977889061 0.01666700839996338
vt 0.0805559977889061 0.01666700839996338
vt 0.0805559977889061 0.01666700839996338
vt 0.0805559977889061 0.01666700839996338
vt 0.0805559977889061 0.01666700839996338
vt 0.0805559977889061 0.01666700839996338
vt 0.0805559977889061 0.01666700839996338
vt 0.0805559977889061 0.01666700839996338
vt 0.0805559977889061 0.01666700839996338
vt 0.0805559977889061 0.01666700839996338
vt 0.0805559977889061 0.01666700839996338
vt 0.0805559977889061 0.01666700839996338
vt 0.0805559977889061 0.01666700839996338
vt 0.0805559977889061 0.01666700839996338
vt 0.0805559977889061 0.01666700839996338
vt 0.0805559977889061 0.01666700839996338
vt 0.0805559977889061 0.01666700839996338
vt 0.0805559977889061 0.01666700839996338
vt 0.0805559977889061 0.01666700839996338
vt 0.0805559977889061 0.01666700839996338
vt 0.0805559977889061 0.01666700839996338
vt 0.0805559977889061 0.01666700839996338
vt 0.0805559977889061 0.01666700839996338
vt 0.0805559977889061 0.01666700839996338
vt 0.0805559977889061 0.01666700839996338
vt 0.0805559977889061 0.01666700839996338
vt 0.0805559977889061 0.01666700839996338
vt 0.0805559977889061 0.01666700839996338
vt 0.0805559977889061 0.01666700839996338
vt 0.0805559977889061 0.01666700839996338
vt 0.0805559977889061 0.01666700839996338
vt 0.0805559977889061 0.01666700839996338
vt 0.0805559977889061 0.01666700839996338
vt 0.0805559977889061 0.01666700839996338
vt 0.0805559977889061 0.01666700839996338
vt 0.0805559977889061 0.01666700839996338
vt 0.0805559977889061 0.01666700839996338
vt 0.0805559977889061 0.01666700839996338
vt 0.0805559977889061 0.01666700839996338
vt 0.0805559977889061 0.01666700839996338
vt 0.0805559977889061 0.01666700839996338
vt 0.0805559977889061 0.01666700839996338
vt 0.0805559977889061 0.01666700839996338
vt 0.0805559977889061 0.01666700839996338
vt 0.0805559977889061 0.01666700839996338
vt 0.0805559977889061 0.01666700839996338
vt 0.0805559977889061 0.01666700839996338
vt 0.0805559977889061 0.01666700839996338
vt 0.0805559977889061 0.01666700839996338
vt 0.0805559977889061 0.01666700839996338
vt 0.0805559977889061 0.01666700839996338
vt 0.0805559977889061 0.01666700839996338
vt 0.0805559977889061 0.01666700839996338
vt 0.0805559977889061 0.01666700839996338
vt 0.0805559977889061 0.01666700839996338
vt 0.0805559977889061 0.01666700839996338
vt 0.0805559977889061 0.01666700839996338
vt 0.0805559977889061 0.01666700839996338
vt 0.0805559977889061 0.01666700839996338
vt 0.0805559977889061 0.01666700839996338
vt 0.0805559977889061 0.01666700839996338
vt 0.0805559977889061 0.01666700839996338
vt 0.0805559977889061 0.01666700839996338
vt 0.0805559977889061 0.01666700839996338
vt 0.0805559977889061 0.01666700839996338
vt 0.0805559977889061 0.01666700839996338
vt 0.0805559977889061 0.01666700839996338
vt 0.0805559977889061 0.01666700839996338
vt 0.0805559977889061 0.01666700839996338
vt 0.0805559977889061 0.01666700839996338
vt 0.0805559977889061 0.01666700839996338
vt 0.0805559977889061 0.01666700839996338
vt 0.0805559977889061 0.01666700839996338
vt 0.0805559977889061 0.01666700839996338
vt 0.0805559977889061 0.01666700839996338
vt 0.0805559977889061 0.01666700839996338
vt 0.0805559977889061 0.01666700839996338
vt 0.0805559977889061 0.01666700839996338
vt 0.0805559977889061 0.01666700839996338
vt 0.0805559977889061 0.01666700839996338
vt 0.0805559977889061 0.01666700839996338
vt 0.0805559977889061 0.01666700839996338
vt 0.0805559977889061 0.01666700839996338
vt 0.0805559977889061 0.01666700839996338
vt 0.0805559977889061 0.01666700839996338
vt 0.0805559977889061 0.01666700839996338
vt 0.0805559977889061 0.01666700839996338
vt 0.0805559977889061 0.01666700839996338
vt 0.0805559977889061 0.01666700839996338
vt 0.0805559977889061 0.01666700839996338
vt 0.0805559977889061 0.01666700839996338
vt 0.0805559977889061 0.01666700839996338
vt 0.0805559977889061 0.01666700839996338
vt 0.0805559977889061 0.01666700839996338
vt 0.0805559977889061 0.01666700839996338
vt 0.0805559977889061 0.01666700839996338
vt 0.0805559977889061 0.01666700839996338
vt 0.0805559977889061 0.01666700839996338
vt 0.0805559977889061 0.01666700839996338
vt 0.0805559977889061 0.01666700839996338
vt 0.0805559977889061 0.01666700839996338
vt 0.0805559977889061 0.01666700839996338
vt 0.0805559977889061 0.01666700839996338
vt 0.0805559977889061 0.01666700839996338
vt 0.0805559977889061 0.01666700839996338
vt 0.0805559977889061 0.01666700839996338
vt 0.0805559977889061 0.01666700839996338
vt 0.0805559977889061 0.01666700839996338
vt 0.0805559977889061 0.01666700839996338
vt 0.0805559977889061 0.01666700839996338
vt 0.0805559977889061 0.01666700839996338
vt 0.0805559977889061 0.01666700839996338
vt 0.0805559977889061 0.01666700839996338
vt 0.0805559977889061 0.01666700839996338
vt 0.0805559977889061 0.01666700839996338
vt 0.0805559977889061 0.01666700839996338
vt 0.0805559977889061 0.01666700839996338
vt 0.0805559977889061 0.01666700839996338
vt 0.0805559977889061 0.01666700839996338
vt 0.0805559977889061 0.01666700839996338
vt 0.0805559977889061 0.01666700839996338
vt 0.0805559977889061 0.01666700839996338
vt 0.0805559977889061 0.01666700839996338
vt 0.0805559977889061 0.01666700839996338
vt 0.0805559977889061 0.01666700839996338
vt 0.0805559977889061 0.01666700839996338
vt 0.0805559977889061 0.01666700839996338
vt 0.0805559977889061 0.01666700839996338
vt 0.0805559977889061 0.01666700839996338
vt 0.0805559977889061 0.01666700839996338
vt 0.0805559977889061 0.01666700839996338
vt 0.0805559977889061 0.01666700839996338
vt 0.0805559977889061 0.01666700839996338
vt 0.0805559977889061 0.01666700839996338
vt 0.0805559977889061 0.01666700839996338
vt 0.0805559977889061 0.01666700839996338
vt 0.0805559977889061 0.01666700839996338
vt 0.0805559977889061 0.01666700839996338
vt 0.0805559977889061 0.01666700839996338
vt 0.0805559977889061 0.01666700839996338
vt 0.0805559977889061 0.01666700839996338
vt 0.0805559977889061 0.01666700839996338
vt 0.0805559977889061 0.01666700839996338
vt 0.0805559977889061 0.01666700839996338
vt 0.0805559977889061 0.01666700839996338
vt 0.0805559977889061 0.01666700839996338
vt 0.0805559977889061 0.01666700839996338
vt 0.0805559977889061 0.01666700839996338
vt 0.0805559977889061 0.01666700839996338
vt 0.0805559977889061 0.01666700839996338
vt 0.0805559977889061 0.01666700839996338
vt 0.0805559977889061 0.01666700839996338
vt 0.0805559977889061 0.01666700839996338
vt 0.0805559977889061 0.01666700839996338
vt 0.0805559977889061 0.01666700839996338
vt 0.0805559977889061 0.01666700839996338
vt 0.0805559977889061 0.01666700839996338
vt 0.0805559977889061 0.01666700839996338
vt 0.0805559977889061 0.01666700839996338
vt 0.0805559977889061 0.01666700839996338
vt 0.0805559977889061 0.01666700839996338
vt 0.0805559977889061 0.01666700839996338
vt 0.0805559977889061 0.01666700839996338
vt 0.0805559977889061 0.01666700839996338
vt 0.0805559977889061 0.01666700839996338
vt 0.0805559977889061 0.01666700839996338
vt 0.0805559977889061 0.01666700839996338
vt 0.0805559977889061 0.01666700839996338
vt 0.0805559977889061 0.01666700839996338
vt 0.0805559977889061 0.01666700839996338
vt 0.0805559977889061 0.01666700839996338
vt 0.0805559977889061 0.01666700839996338
vt 0.0805559977889061 0.01666700839996338
vt 0.0805559977889061 0.01666700839996338
vt 0.0805559977889061 0.01666700839996338
vt 0.0805559977889061 0.01666700839996338
vt 0.0805559977889061 0.01666700839996338
vt 0.0805559977889061 0.01666700839996338
vt 0.0805559977889061 0.01666700839996338
vt 0.0805559977889061 0.01666700839996338
vt 0.0805559977889061 0.01666700839996338
vt 0.0805559977889061 0.01666700839996338
vt 0.0805559977889061 0.01666700839996338
vt 0.0805559977889061 0.01666700839996338
vt 0.0805559977889061 0.01666700839996338
vt 0.0805559977889061 0.01666700839996338
vt 0.0805559977889061 0.01666700839996338
vt 0.0805559977889061 0.01666700839996338
vt 0.0805559977889061 0.01666700839996338
vt 0.0805559977889061 0.01666700839996338
vt 0.0805559977889061 0.01666700839996338
vt 0.0805559977889061 0.01666700839996338
vt 0.0805559977889061 0.01666700839996338
vt 0.0805559977889061 0.01666700839996338
vt 0.0805559977889061 0.01666700839996338
vt 0.0805559977889061 0.01666700839996338
vt 0.0805559977889061 0.01666700839996338
vt 0.0805559977889061 0.01666700839996338
vt 0.0805559977889061 0.01666700839996338
vt 0.0805559977889061 0.01666700839996338
vt 0.0805559977889061 0.01666700839996338
vt 0.0805559977889061 0.01666700839996338
vt 0.0805559977889061 0.01666700839996338
vt 0.0805559977889061 0.01666700839996338
vt 0.0805559977889061 0.01666700839996338
vt 0.0805559977889061 0.01666700839996338
vt 0.0805559977889061 0.01666700839996338
vt 0.0805559977889061 0.01666700839996338
vt 0.0805559977889061 0.01666700839996338
vt 0.0805559977889061 0.01666700839996338
vt 0.0805559977889061 0.01666700839996338
vt 0.0805559977889061 0.01666700839996338
vt 0.0805559977889061 0.01666700839996338
vt 0.0805559977889061 0.01666700839996338
vt 0.0805559977889061 0.01666700839996338
vt 0.0805559977889061 0.01666700839996338
vt 0.0805559977889061 0.01666700839996338
vt 0.0805559977889061 0.01666700839996338
vt 0.0805559977889061 0.01666700839996338
vt 0.0805559977889061 0.01666700839996338
vt 0.0805559977889061 0.01666700839996338
vt 0.0805559977889061 0.01666700839996338
vt 0.0805559977889061 0.01666700839996338
vt 0.0805559977889061 0.01666700839996338
vt 0.0805559977889061 0.01666700839996338
vt 0.0805559977889061 0.01666700839996338
vt 0.0805559977889061 0.01666700839996338
vt 0.0805559977889061 0.01666700839996338
vt 0.0805559977889061 0.01666700839996338
vt 0.0805559977889061 0.01666700839996338
vt 0.0805559977889061 0.01666700839996338
vt 0.26944398880004883 0.047222018241882324
vt 0.26944398880004883 0.047222018241882324
vt 0.26944398880004883 0.047222018241882324
vt 0.26944398880004883 0.047222018241882324
vt 0.8166670203208923 0.125
vt 0.8166670203208923 0.125
vt 0.8166670203208923 0.125
vt 0.8166670203208923 0.125
vt 0.8166670203208923 0.125
vt 0.8166670203208923 0.125
vt 0.8166670203208923 0.125
vt 0.8166670203208923 0.125
vt 0.26944398880004883 0.047222018241882324
vt 0.26944398880004883 0.047222018241882324
vt 0.26944398880004883 0.047222018241882324
vt 0.26944398880004883 0.047222018241882324
vt 0.8166670203208923 0.125
vt 0.8166670203208923 0.125
vt 0.8166670203208923 0.125
vt 0.8166670203208923 0.125
vt 0.8166670203208923 0.125
vt 0.8166670203208923 0.125
vt 0.8166670203208923 0.125
vt 0.8166670203208923 0.125
vt 0.8166670203208923 0.125
vt 0.8166670203208923 0.125
vt 0.8166670203208923 0.125
vt 0.8166670203208923 0.125
vt 0.7888889908790588 0.11666703224182129
vt 0.7888889908790588 0.11666703224182129
vt 0.7888889908790588 0.11666703224182129
vt 0.7888889908790588 0.11666703224182129
vt 0.8166670203208923 0.125
vt 0.8166670203208923 0.125
vt 0.8166670203208923 0.125
vt 0.8166670203208923 0.125
vt 0.8166670203208923 0.125
vt 0.8166670203208923 0.125
vt 0.8166670203208923 0.125
vt 0.8166670203208923 0.125
vt 0.8166670203208923 0.125
vt 0.8166670203208923 0.125
vt 0.8166670203208923 0.125
vt 0.8166670203208923 0.125
vt 0.07777799665927887 0.02499997615814209
vt 0.07777799665927887 0.02499997615814209
vt 0.07777799665927887 0.02499997615814209
vt 0.07777799665927887 0.02499997615814209
vt 0.0805559977889061 0.01666700839996338
vt 0.0805559977889061 0.01666700839996338
vt 0.0805559977889061 0.01666700839996338
vt 0.0805559977889061 0.01666700839996338
vt 0.0805559977889061 0.01666700839996338
vt 0.0805559977889061 0.01666700839996338
vt 0.0805559977889061 0.01666700839996338
vt 0.0805559977889061 0.01666700839996338
vt 0.06666699796915054 0.02222198247909546
vt 0.06666699796915054 0.02222198247909546
vt 0.06666699796915054 0.02222198247909546
vt 0.06666699796915054 0.02222198247909546
vt 0.06666699796915054 0.02222198247909546
vt 0.06666699796915054 0.02222198247909546
vt 0.06666699796915054 0.02222198247909546
vt 0.0805559977889061 0.01666700839996338
vt 0.0805559977889061 0.01666700839996338
vt 0.0805559977889061 0.01666700839996338
vt 0.0805559977889061 0.01666700839996338
vt 0.0805559977889061 0.01666700839996338
vt 0.0805559977889061 0.01666700839996338
vt 0.0805559977889061 0.01666700839996338
vt 0.0805559977889061 0.01666700839996338
vt 0.6694440245628357 0.2777780294418335
vt 0.6694440245628357 0.2777780294418335
vt 0.6694440245628357 0.2777780294418335
vt 0.6694440245628357 0.2777780294418335
vt 0.6694440245628357 0.2777780294418335
vt 0.6694440245628357 0.2777780294418335
vt 0.6694440245628357 0.2777780294418335
vt 0.6694440245628357 0.2777780294418335
vt 0.0805559977889061 0.01666700839996338
vt 0.0805559977889061 0.01666700839996338
vt 0.0805559977889061 0.01666700839996338
vt 0.0805559977889061 0.01666700839996338
vt 0.09722200036048889 0.050000011920928955
vt 0.09722200036048889 0.050000011920928955
vt 0.09722200036048889 0.050000011920928955
vt 0.09722200036048889 0.050000011920928955
vt 0.09166699647903442 0.052778005599975586
vt 0.09166699647903442 0.052778005599975586
vt 0.09166699647903442 0.052778005599975586
vt 0.09166699647903442 0.052778005599975586
vt 0.7027779817581177 0.27222204208374023
vt 0.7027779817581177 0.27222204208374023
vt 0.7027779817581177 0.27222204208374023
vt 0.7027779817581177 0.27222204208374023
vt 0.7027779817581177 0.27222204208374023
vt 0.7027779817581177 0.27222204208374023
vt 0.7027779817581177 0.27222204208374023
vt 0.7027779817581177 0.27222204208374023
vt 0.06666699796915054 0.02222198247909546
vt 0.06666699796915054 0.02222198247909546
vt 0.06666699796915054 0.02222198247909546
vt 0.06666699796915054 0.02222198247909546
vt 0.0805559977889061 0.01666700839996338
vt 0.0805559977889061 0.01666700839996338
vt 0.0805559977889061 0.01666700839996338
vt 0.0805559977889061 0.01666700839996338
vt 0.0805559977889061 0.01666700839996338
vt 0.0805559977889061 0.01666700839996338
vt 0.0805559977889061 0.01666700839996338
vt 0.0805559977889061 0.01666700839996338
vt 0.0805559977889061 0.01666700839996338
vt 0.0805559977889061 0.01666700839996338
vt 0.0805559977889061 0.01666700839996338
vt 0.0805559977889061 0.01666700839996338
vt 0.07777799665927887 0.02499997615814209
vt 0.07777799665927887 0.02499997615814209
vt 0.07777799665927887 0.02499997615814209
vt 0.06666699796915054 0.02222198247909546
vt 0.06666699796915054 0.02222198247909546
vt 0.06666699796915054 0.02222198247909546
vt 0.06666699796915054 0.02222198247909546
vt 0.06666699796915054 0.02222198247909546
vt 0.06666699796915054 0.02222198247909546
vt 0.06666699796915054 0.02222198247909546
vt 0.06666699796915054 0.02222198247909546
vt 0.07777799665927887 0.02499997615814209
vt 0.07777799665927887 0.02499997615814209
vt 0.07777799665927887 0.02499997615814209
vt 0.07777799665927887 0.02499997615814209
vt 0.07777799665927887 0.02499997615814209
vt 0.07777799665927887 0.02499997615814209
vt 0.0805559977889061 0.01666700839996338
vt 0.0805559977889061 0.01666700839996338
vt 0.0805559977889061 0.01666700839996338
vt 0.0805559977889061 0.01666700839996338
vt 0.0805559977889061 0.01666700839996338
vt 0.0805559977889061 0.01666700839996338
vt 0.0805559977889061 0.01666700839996338
vt 0.0805559977889061 0.01666700839996338
vt 0.6694440245628357 0.2777780294418335
vt 0.6694440245628357 0.2777780294418335
vt 0.6694440245628357 0.2777780294418335
vt 0.6694440245628357 0.2777780294418335
vt 0.6694440245628357 0.2777780294418335
vt 0.6694440245628357 0.2777780294418335
vt 0.6694440245628357 0.2777780294418335
vt 0.6694440245628357 0.2777780294418335
vt 0.7027779817581177 0.27222204208374023
vt 0.7027779817581177 0.27222204208374023
vt 0.7027779817581177 0.27222204208374023
vt 0.0805559977889061 0.01666700839996338
vt 0.0805559977889061 0.01666700839996338
vt 0.0805559977889061 0.01666700839996338
vt 0.0805559977889061 0.01666700839996338
vt 0.7027779817581177 0.27222204208374023
vt 0.7027779817581177 0.27222204208374023
vt 0.7027779817581177 0.27222204208374023
vt 0.7027779817581177 0.27222204208374023
vt 0.06666699796915054 0.02222198247909546
vt 0.06666699796915054 0.02222198247909546
vt 0.06666699796915054 0.02222198247909546
vt 0.0805559977889061 0.01666700839996338
vt 0.0805559977889061 0.01666700839996338
vt 0.0805559977889061 0.01666700839996338
vt 0.0805559977889061 0.01666700839996338
vt 0.0805559977889061 0.01666700839996338
vt 0.0805559977889061 0.01666700839996338
vt 0.0805559977889061 0.01666700839996338
vt 0.0805559977889061 0.01666700839996338
vt 0.0805559977889061 0.01666700839996338
vt 0.0805559977889061 0.01666700839996338
vt 0.0805559977889061 0.01666700839996338
vt 0.0805559977889061 0.01666700839996338
vt 0.0805559977889061 0.01666700839996338
vt 0.0805559977889061 0.01666700839996338
vt 0.0805559977889061 0.01666700839996338
vt 0.0805559977889061 0.01666700839996338
vt 0.0805559977889061 0.01666700839996338
vt 0.0805559977889061 0.01666700839996338
vt 0.0805559977889061 0.01666700839996338
vt 0.0805559977889061 0.01666700839996338
vt 0.0805559977889061 0.01666700839996338
vt 0.0805559977889061 0.01666700839996338
vt 0.0805559977889061 0.01666700839996338
vt 0.0805559977889061 0.01666700839996338
vt 0.0805559977889061 0.01666700839996338
vt 0.0805559977889061 0.01666700839996338
vt 0.0805559977889061 0.01666700839996338
vt 0.0805559977889061 0.01666700839996338
vt 0.0805559977889061 0.01666700839996338
vt 0.0805559977889061 0.01666700839996338
vt 0.0805559977889061 0.01666700839996338
vt 0.0805559977889061 0.01666700839996338
vt 0.7027779817581177 0.27222204208374023
vt 0.7027779817581177 0.27222204208374023
vt 0.7027779817581177 0.27222204208374023
vt 0.7027779817581177 0.27222204208374023
vt 0.7027779817581177 0.27222204208374023
vt 0.7027779817581177 0.27222204208374023
vt 0.7027779817581177 0.27222204208374023
vt 0.7027779817581177 0.27222204208374023
vt 0.7027779817581177 0.27222204208374023
vt 0.7027779817581177 0.27222204208374023
vt 0.7027779817581177 0.27222204208374023
vt 0.7027779817581177 0.27222204208374023
vt 0.7027779817581177 0.27222204208374023
vt 0.7027779817581177 0.27222204208374023
vt 0.7027779817581177 0.27222204208374023
vt 0.06666699796915054 0.02222198247909546
vt 0.06666699796915054 0.02222198247909546
vt 0.06666699796915054 0.02222198247909546
vt 0.06666699796915054 0.02222198247909546
vt 0.0805559977889061 0.01666700839996338
vt 0.0805559977889061 0.01666700839996338
vt 0.0805559977889061 0.01666700839996338
vt 0.0805559977889061 0.01666700839996338
vt 0.0805559977889061 0.01666700839996338
vt 0.0805559977889061 0.01666700839996338
vt 0.0805559977889061 0.01666700839996338
vt 0.0805559977889061 0.01666700839996338
vt 0.0805559977889061 0.01666700839996338
vt 0.0805559977889061 0.01666700839996338
vt 0.0805559977889061 0.01666700839996338
vt 0.0805559977889061 0.01666700839996338
vt 0.0805559977889061 0.01666700839996338
vt 0.0805559977889061 0.01666700839996338
vt 0.0805559977889061 0.01666700839996338
vt 0.0805559977889061 0.01666700839996338
vt 0.0805559977889061 0.01666700839996338
vt 0.0805559977889061 0.01666700839996338
vt 0.0805559977889061 0.01666700839996338
vt 0.0805559977889061 0.01666700839996338
vt 0.0805559977889061 0.01666700839996338
vt 0.0805559977889061 0.01666700839996338
vt 0.0805559977889061 0.01666700839996338
vt 0.0805559977889061 0.01666700839996338
vt 0.0805559977889061 0.01666700839996338
vt 0.0805559977889061 0.01666700839996338
vt 0.0805559977889061 0.01666700839996338
vt 0.0805559977889061 0.01666700839996338
vt 0.0805559977889061 0.01666700839996338
vt 0.0805559977889061 0.01666700839996338
vt 0.0805559977889061 0.01666700839996338
vt 0.0805559977889061 0.01666700839996338
vt 0.0805559977889061 0.01666700839996338
vt 0.0805559977889061 0.01666700839996338
vt 0.0805559977889061 0.01666700839996338
vt 0.0805559977889061 0.01666700839996338
vt 0.0805559977889061 0.01666700839996338
vt 0.0805559977889061 0.01666700839996338
vt 0.0805559977889061 0.01666700839996338
vt 0.0805559977889061 0.01666700839996338
vt 0.0805559977889061 0.01666700839996338
vt 0.0805559977889061 0.01666700839996338
vt 0.0805559977889061 0.01666700839996338
vt 0.0805559977889061 0.01666700839996338
vt 0.0805559977889061 0.01666700839996338
vt 0.0805559977889061 0.01666700839996338
vt 0.0805559977889061 0.01666700839996338
vt 0.0805559977889061 0.01666700839996338
vt 0.0805559977889061 0.01666700839996338
vt 0.0805559977889061 0.01666700839996338
vt 0.0805559977889061 0.01666700839996338
vt 0.06666699796915054 0.02222198247909546
vt 0.06666699796915054 0.02222198247909546
vt 0.06666699796915054 0.02222198247909546
vt 0.06666699796915054 0.02222198247909546
vt 0.06666699796915054 0.02222198247909546
vt 0.06666699796915054 0.02222198247909546
vt 0.06666699796915054 0.02222198247909546
vt 0.06666699796915054 0.02222198247909546
vt 0.06666699796915054 0.02222198247909546
vt 0.06666699796915054 0.02222198247909546
vt 0.06666699796915054 0.02222198247909546
vt 0.06666699796915054 0.02222198247909546
vt 0.06666699796915054 0.02222198247909546
vt 0.06666699796915054 0.02222198247909546
vt 0.0805559977889061 0.01666700839996338
vt 0.0805559977889061 0.01666700839996338
vt 0.0805559977889061 0.01666700839996338
vt 0.0805559977889061 0.01666700839996338
vt 0.0805559977889061 0.01666700839996338
vt 0.0805559977889061 0.01666700839996338
vt 0.0805559977889061 0.01666700839996338
vt 0.0805559977889061 0.01666700839996338
vt 0.0805559977889061 0.01666700839996338
vt 0.0805559977889061 0.01666700839996338
vt 0.0805559977889061 0.01666700839996338
vt 0.0805559977889061 0.01666700839996338
vt 0.0805559977889061 0.01666700839996338
vt 0.0805559977889061 0.01666700839996338
vt 0.0805559977889061 0.01666700839996338
vt 0.0805559977889061 0.01666700839996338
vt 0.0805559977889061 0.01666700839996338
vt 0.0805559977889061 0.01666700839996338
vt 0.0805559977889061 0.01666700839996338
vt 0.0805559977889061 0.01666700839996338
vt 0.30000001192092896 0.033333003520965576
vt 0.30000001192092896 0.033333003520965576
vt 0.30000001192092896 0.033333003520965576
vt 0.30000001192092896 0.033333003520965576
vt 0.30000001192092896 0.033333003520965576
vt 0.30000001192092896 0.033333003520965576
vt 0.30000001192092896 0.033333003520965576
vt 0.30000001192092896 0.033333003520965576
vt 0.30000001192092896 0.033333003520965576
vt 0.30000001192092896 0.033333003520965576
vt 0.30000001192092896 0.033333003520965576
vt 0.30000001192092896 0.033333003520965576
vt 0.30000001192092896 0.033333003520965576
vt 0.30000001192092896 0.033333003520965576
vt 0.30000001192092896 0.033333003520965576
vt 0.30000001192092896 0.033333003520965576
vt 0.30000001192092896 0.033333003520965576
vt 0.30000001192092896 0.033333003520965576
vt 0.30000001192092896 0.033333003520965576
vt 0.30000001192092896 0.033333003520965576
vt 0.30000001192092896 0.033333003520965576
vt 0.30000001192092896 0.033333003520965576
vt 0.30000001192092896 0.033333003520965576
vt 0.30000001192092896 0.033333003520965576
vt 0.3305560052394867 0.02222198247909546
vt 0.3305560052394867 0.02222198247909546
vt 0.3305560052394867 0.02222198247909546
vt 0.3305560052394867 0.02222198247909546
vt 0.3305560052394867 0.02222198247909546
vt 0.3305560052394867 0.02222198247909546
vt 0.3305560052394867 0.02222198247909546
vt 0.3305560052394867 0.02222198247909546
vt 0.3305560052394867 0.02222198247909546
vt 0.3305560052394867 0.02222198247909546
vt 0.3305560052394867 0.02222198247909546
vt 0.3305560052394867 0.02222198247909546
vt 0.3305560052394867 0.02222198247909546
vt 0.3305560052394867 0.02222198247909546
vt 0.3305560052394867 0.02222198247909546
vt 0.3305560052394867 0.02222198247909546
vt 0.3305560052394867 0.02222198247909546
vt 0.3305560052394867 0.02222198247909546
vt 0.3305560052394867 0.02222198247909546
vt 0.3305560052394867 0.02222198247909546
vt 0.3305560052394867 0.02222198247909546
vt 0.3305560052394867 0.02222198247909546
vt 0.3305560052394867 0.02222198247909546
vt 0.3305560052394867 0.02222198247909546
vt 0.5805559754371643 0.38888901472091675
vt 0.5805559754371643 0.38888901472091675
vt 0.5805559754371643 0.38888901472091675
vt 0.5805559754371643 0.38888901472091675
vt 0.5805559754371643 0.38888901472091675
vt 0.5805559754371643 0.38888901472091675
vt 0.5805559754371643 0.38888901472091675
vt 0.5805559754371643 0.38888901472091675
vt 0.5805559754371643 0.38888901472091675
vt 0.5805559754371643 0.38888901472091675
vt 0.5805559754371643 0.38888901472091675
vt 0.5805559754371643 0.38888901472091675
vt 0.5805559754371643 0.38888901472091675
vt 0.5805559754371643 0.38888901472091675
vt 0.5805559754371643 0.38888901472091675
vt 0.5805559754371643 0.38888901472091675
vt 0.5888890027999878 0.36111098527908325
vt 0.5888890027999878 0.36111098527908325
vt 0.5888890027999878 0.36111098527908325
vt 0.5888890027999878 0.36111098527908325
vt 0.5888890027999878 0.36111098527908325
vt 0.5888890027999878 0.36111098527908325
vt 0.5888890027999878 0.36111098527908325
vt 0.5888890027999878 0.36111098527908325
vt 0.5805559754371643 0.38888901472091675
vt 0.5805559754371643 0.38888901472091675
vt 0.5805559754371643 0.38888901472091675
vt 0.5805559754371643 0.38888901472091675
vt 0.5805559754371643 0.38888901472091675
vt 0.5805559754371643 0.38888901472091675
vt 0.5805559754371643 0.38888901472091675
vt 0.5805559754371643 0.38888901472091675
vt 0.5805559754371643 0.38888901472091675
vt 0.5805559754371643 0.38888901472091675
vt 0.5805559754371643 0.38888901472091675
vt 0.5805559754371643 0.38888901472091675
vt 0.5805559754371643 0.38888901472091675
vt 0.5805559754371643 0.38888901472091675
vt 0.5805559754371643 0.38888901472091675
vt 0.5805559754371643 0.38888901472091675
vt 0.5805559754371643 0.38888901472091675
vt 0.5805559754371643 0.38888901472091675
vt 0.5805559754371643 0.38888901472091675
vt 0.5805559754371643 0.38888901472091675
vt 0.5805559754371643 0.38888901472091675
vt 0.5805559754371643 0.38888901472091675
vt 0.5805559754371643 0.38888901472091675
vt 0.5805559754371643 0.38888901472091675
vt 0.5805559754371643 0.38888901472091675
vt 0.5805559754371643 0.38888901472091675
vt 0.5805559754371643 0.38888901472091675
vt 0.5805559754371643 0.38888901472091675
vt 0.5805559754371643 0.38888901472091675
vt 0.5805559754371643 0.38888901472091675
vt 0.5805559754371643 0.38888901472091675
vt 0.5805559754371643 0.38888901472091675
vt 0.5805559754371643 0.38888901472091675
vt 0.5805559754371643 0.38888901472091675
vt 0.5805559754371643 0.38888901472091675
vt 0.5805559754371643 0.38888901472091675
vt 0.5805559754371643 0.38888901472091675
vt 0.5805559754371643 0.38888901472091675
vt 0.5805559754371643 0.38888901472091675
vt 0.5805559754371643 0.38888901472091675
vt 0.5805559754371643 0.38888901472091675
vt 0.5805559754371643 0.38888901472091675
vt 0.5805559754371643 0.38888901472091675
vt 0.5888890027999878 0.36111098527908325
vt 0.5888890027999878 0.36111098527908325
vt 0.5888890027999878 0.36111098527908325
vt 0.5888890027999878 0.36111098527908325
vt 0.5888890027999878 0.36111098527908325
vt 0.5888890027999878 0.36111098527908325
vt 0.5888890027999878 0.36111098527908325
vt 0.5888890027999878 0.36111098527908325
vt 0.5888890027999878 0.36111098527908325
vt 0.5888890027999878 0.36111098527908325
vt 0.5888890027999878 0.36111098527908325
vt 0.5888890027999878 0.36111098527908325
vt 0.5888890027999878 0.36111098527908325
vt 0.5888890027999878 0.36111098527908325
vt 0.5888890027999878 0.36111098527908325
vt 0.5888890027999878 0.36111098527908325
vt 0.5888890027999878 0.36111098527908325
vt 0.5888890027999878 0.36111098527908325
vt 0.5888890027999878 0.36111098527908325
vt 0.5888890027999878 0.36111098527908325
vt 0.5888890027999878 0.36111098527908325
vt 0.5888890027999878 0.36111098527908325
vt 0.5888890027999878 0.36111098527908325
vt 0.5888890027999878 0.36111098527908325
vt 0.5888890027999878 0.36111098527908325
vt 0.5888890027999878 0.36111098527908325
vt 0.5888890027999878 0.36111098527908325
vt 0.5888890027999878 0.36111098527908325
vt 0.5888890027999878 0.36111098527908325
vt 0.5888890027999878 0.36111098527908325
vt 0.5888890027999878 0.36111098527908325
vt 0.5888890027999878 0.36111098527908325
vt 0.5888890027999878 0.36111098527908325
vt 0.5888890027999878 0.36111098527908325
vt 0.5888890027999878 0.36111098527908325
vt 0.5888890027999878 0.36111098527908325
vt 0.5888890027999878 0.36111098527908325
vt 0.5888890027999878 0.36111098527908325
vt 0.5888890027999878 0.36111098527908325
vt 0.5888890027999878 0.36111098527908325
vt 0.5888890027999878 0.36111098527908325
vt 0.5888890027999878 0.36111098527908325
vt 0.5888890027999878 0.36111098527908325
vt 0.5888890027999878 0.36111098527908325
vt 0.5888890027999878 0.36111098527908325
vt 0.5888890027999878 0.36111098527908325
vt 0.5888890027999878 0.36111098527908325
vt 0.5888890027999878 0.36111098527908325
vt 0.5888890027999878 0.36111098527908325
vt 0.5888890027999878 0.36111098527908325
vt 0.5888890027999878 0.36111098527908325
vt 0.5888890027999878 0.36111098527908325
vt 0.5888890027999878 0.36111098527908325
vt 0.5888890027999878 0.36111098527908325
vt 0.5888890027999878 0.36111098527908325
vt 0.5888890027999878 0.36111098527908325
vt 0.5888890027999878 0.36111098527908325
vt 0.5888890027999878 0.36111098527908325
vt 0.5888890027999878 0.36111098527908325
vt 0.5888890027999878 0.36111098527908325
vt 0.5888890027999878 0.36111098527908325
vt 0.5888890027999878 0.36111098527908325
vt 0.5888890027999878 0.36111098527908325
vt 0.3305560052394867 0.02222198247909546
vt 0.3305560052394867 0.02222198247909546
vt 0.3305560052394867 0.02222198247909546
vt 0.3305560052394867 0.02222198247909546
vt 0.0805559977889061 0.01666700839996338
vt 0.0805559977889061 0.01666700839996338
vt 0.0805559977889061 0.01666700839996338
vt 0.0805559977889061 0.01666700839996338
vt 0.07777799665927887 0.02499997615814209
vt 0.07777799665927887 0.02499997615814209
vt 0.07777799665927887 0.02499997615814209
vt 0.07777799665927887 0.02499997615814209
vt 0.0805559977889061 0.01666700839996338
vt 0.0805559977889061 0.01666700839996338
vt 0.0805559977889061 0.01666700839996338
vt 0.0805559977889061 0.01666700839996338
vt 0.8166670203208923 0.125
vt 0.8166670203208923 0.125
vt 0.8166670203208923 0.125
vt 0.8166670203208923 0.125
vt 0.8166670203208923 0.125
vt 0.8166670203208923 0.125
vt 0.8166670203208923 0.125
vt 0.8166670203208923 0.125
vt 0.8166670203208923 0.125
vt 0.8166670203208923 0.125
vt 0.8166670203208923 0.125
vt 0.8166670203208923 0.125
vt 0.8166670203208923 0.125
vt 0.8166670203208923 0.125
vt 0.8166670203208923 0.125
vt 0.8166670203208923 0.125
vt 0.8166670203208923 0.125
vt 0.8166670203208923 0.125
vt 0.8166670203208923 0.125
vt 0.8166670203208923 0.125
vt 0.8166670203208923 0.125
vt 0.8166670203208923 0.125
vt 0.8166670203208923 0.125
vt 0.7888889908790588 0.11666703224182129
vt 0.7888889908790588 0.11666703224182129
vt 0.7888889908790588 0.11666703224182129
vt 0.7888889908790588 0.11666703224182129
vt 0.7888889908790588 0.11666703224182129
vt 0.7888889908790588 0.11666703224182129
vt 0.7888889908790588 0.11666703224182129
vt 0.7888889908790588 0.11666703224182129
vt 0.7888889908790588 0.11666703224182129
vt 0.7888889908790588 0.11666703224182129
vt 0.7888889908790588 0.11666703224182129
vt 0.8166670203208923 0.125
vt 0.8166670203208923 0.125
vt 0.8166670203208923 0.125
vt 0.8166670203208923 0.125
vt 0.8166670203208923 0.125
vt 0.8166670203208923 0.125
vt 0.8166670203208923 0.125
vt 0.8166670203208923 0.125
vt 0.8166670203208923 0.125
vt 0.8166670203208923 0.125
vt 0.8166670203208923 0.125
vt 0.8166670203208923 0.125
vt 0.8166670203208923 0.125
vt 0.8166670203208923 0.125
vt 0.8166670203208923 0.125
vt 0.8166670203208923 0.125
vt 0.8166670203208923 0.125
vt 0.8166670203208923 0.125
vt 0.8166670203208923 0.125
vt 0.8166670203208923 0.125
vt 0.8166670203208923 0.125
vt 0.8166670203208923 0.125
vt 0.8166670203208923 0.125
vt 0.8166670203208923 0.125
vt 0.8166670203208923 0.125
vt 0.8166670203208923 0.125
vt 0.8166670203208923 0.125
vt 0.8166670203208923 0.125
vt 0.8166670203208923 0.125
vt 0.8166670203208923 0.125
vt 0.8166670203208923 0.125
vt 0.675000011920929 0.030556023120880127
vt 0.675000011920929 0.030556023120880127
vt 0.675000011920929 0.030556023120880127
vt 0.675000011920929 0.030555009841918945
vt 0.675000011920929 0.030556023120880127
vt 0.675000011920929 0.030556023120880127
vt 0.675000011920929 0.030556023120880127
vt 0.675000011920929 0.030556023120880127
vt 0.6027780175209045 0.02499997615814209
vt 0.6027780175209045 0.02499997615814209
vt 0.6027780175209045 0.02499997615814209
vt 0.6027780175209045 0.02499997615814209
vt 0.675000011920929 0.030556023120880127
vt 0.675000011920929 0.030556023120880127
vt 0.675000011920929 0.030556023120880127
vt 0.675000011920929 0.030556023120880127
vt 0.6027780175209045 0.02499997615814209
vt 0.6027780175209045 0.02499997615814209
vt 0.6027780175209045 0.02499997615814209
vt 0.675000011920929 0.030556023120880127
vt 0.675000011920929 0.030556023120880127
vt 0.675000011920929 0.030556023120880127
vt 0.675000011920929 0.030556023120880127
vt 0.6027780175209045 0.02499997615814209
vt 0.6027780175209045 0.02499997615814209
vt 0.6027780175209045 0.02499997615814209
vt 0.6027780175209045 0.02499997615814209
vt 0.6027780175209045 0.02499997615814209
vt 0.6027780175209045 0.02499997615814209
vt 0.6027780175209045 0.02499997615814209
vt 0.6027780175209045 0.02499997615814209
vt 0.6027780175209045 0.02499997615814209
vt 0.6027780175209045 0.02499997615814209
vt 0.6027780175209045 0.02499997615814209
vt 0.6027780175209045 0.02499997615814209
vt 0.6027780175209045 0.02499997615814209
vt 0.6027780175209045 0.02499997615814209
vt 0.6027780175209045 0.02499997615814209
vt 0.6027780175209045 0.02499997615814209
vt 0.6027780175209045 0.02499997615814209
vt 0.6027780175209045 0.02499997615814209
vt 0.6027780175209045 0.02499997615814209
vt 0.6027780175209045 0.02499997615814209
vt 0.6027780175209045 0.02499997615814209
vt 0.6027780175209045 0.02499997615814209
vt 0.6027780175209045 0.02499997615814209
vt 0.6027780175209045 0.02499997615814209
vt 0.6027780175209045 0.02499997615814209
vt 0.6027780175209045 0.02499997615814209
vt 0.6027780175209045 0.02499997615814209
vt 0.6027780175209045 0.02499997615814209
vt 0.6027780175209045 0.02499997615814209
vt 0.6027780175209045 0.02499997615814209
vt 0.6027780175209045 0.02499997615814209
vt 0.6027780175209045 0.02499997615814209
vt 0.6027780175209045 0.02499997615814209
vt 0.6027780175209045 0.02499997615814209
vt 0.6027780175209045 0.02499997615814209
vt 0.675000011920929 0.030556023120880127
vt 0.675000011920929 0.030556023120880127
vt 0.675000011920929 0.030556023120880127
vt 0.675000011920929 0.030556023120880127
vt 0.6027780175209045 0.02499997615814209
vt 0.6027780175209045 0.02499997615814209
vt 0.6027780175209045 0.02499997615814209
vt 0.675000011920929 0.030556023120880127
vt 0.675000011920929 0.030556023120880127
vt 0.675000011920929 0.030556023120880127
vt 0.675000011920929 0.030556023120880127
vt 0.6027780175209045 0.02499997615814209
vt 0.6027780175209045 0.02499997615814209
vt 0.6027780175209045 0.02499997615814209
vt 0.6027780175209045 0.02499997615814209
vt 0.6027780175209045 0.02499997615814209
vt 0.6027780175209045 0.02499997615814209
vt 0.6027780175209045 0.02499997615814209
vt 0.6027780175209045 0.02499997615814209
vt 0.6027780175209045 0.02499997615814209
vt 0.6027780175209045 0.02499997615814209
vt 0.6027780175209045 0.02499997615814209
vt 0.6027780175209045 0.02499997615814209
vt 0.6027780175209045 0.02499997615814209
vt 0.6027780175209045 0.02499997615814209
vt 0.6027780175209045 0.02499997615814209
vt 0.6027780175209045 0.02499997615814209
vt 0.6027780175209045 0.02499997615814209
vt 0.6027780175209045 0.02499997615814209
vt 0.6027780175209045 0.02499997615814209
vt 0.6027780175209045 0.02499997615814209
vt 0.6027780175209045 0.02499997615814209
vt 0.6027780175209045 0.02499997615814209
vt 0.6027780175209045 0.02499997615814209
vt 0.6027780175209045 0.02499997615814209
vt 0.6027780175209045 0.02499997615814209
vt 0.6027780175209045 0.02499997615814209
vt 0.6027780175209045 0.02499997615814209
vt 0.6027780175209045 0.02499997615814209
vt 0.6027780175209045 0.02499997615814209
vt 0.6027780175209045 0.02499997615814209
vt 0.6027780175209045 0.02499997615814209
vt 0.6027780175209045 0.02499997615814209
vt 0.6027780175209045 0.02499997615814209
vt 0.6027780175209045 0.02499997615814209
vt 0.6027780175209045 0.02499997615814209
vt 0.6027780175209045 0.02499997615814209
vt 0.6027780175209045 0.02499997615814209
vt 0.6027780175209045 0.02499997615814209
vt 0.6027780175209045 0.02499997615814209
vt 0.6027780175209045 0.02499997615814209
vt 0.6027780175209045 0.02499997615814209
vt 0.6027780175209045 0.02499997615814209
vt 0.6027780175209045 0.02499997615814209
vt 0.6027780175209045 0.02499997615814209
vt 0.6027780175209045 0.02499997615814209
vt 0.6027780175209045 0.02499997615814209
vt 0.6027780175209045 0.02499997615814209
vt 0.6027780175209045 0.02499997615814209
vt 0.6027780175209045 0.02499997615814209
vt 0.6027780175209045 0.02499997615814209
vt 0.6027780175209045 0.02499997615814209
vt 0.6027780175209045 0.02499997615814209
vt 0.6027780175209045 0.02499997615814209
vt 0.6027780175209045 0.02499997615814209
vt 0.6027780175209045 0.02499997615814209
vt 0.6027780175209045 0.02499997615814209
vt 0.6027780175209045 0.02499997615814209
vt 0.6027780175209045 0.02499997615814209
vt 0.6027780175209045 0.02499997615814209
vt 0.6027780175209045 0.02499997615814209
vt 0.6027780175209045 0.02499997615814209
vt 0.6027780175209045 0.02499997615814209
vt 0.675000011920929 0.030556023120880127
vt 0.675000011920929 0.030556023120880127
vt 0.675000011920929 0.030556023120880127
vt 0.675000011920929 0.030556023120880127
vt 0.675000011920929 0.030556023120880127
vt 0.675000011920929 0.030556023120880127
vt 0.675000011920929 0.030556023120880127
vt 0.675000011920929 0.030555009841918945
vt 0.6027780175209045 0.02499997615814209
vt 0.6027780175209045 0.02499997615814209
vt 0.6027780175209045 0.02499997615814209
vt 0.8166670203208923 0.125
vt 0.8166670203208923 0.125
vt 0.8166670203208923 0.125
vt 0.8166670203208923 0.125
vt 0.8166670203208923 0.125
vt 0.8166670203208923 0.125
vt 0.8166670203208923 0.125
vt 0.30000001192092896 0.033333003520965576
vt 0.30000001192092896 0.033333003520965576
vt 0.30000001192092896 0.033333003520965576
vt 0.30000001192092896 0.033333003520965576
vt 0.30000001192092896 0.033333003520965576
vt 0.30000001192092896 0.033333003520965576
vt 0.30000001192092896 0.033333003520965576
vt 0.30000001192092896 0.033333003520965576
vt 0.8166670203208923 0.125
vt 0.8166670203208923 0.125
vt 0.8166670203208923 0.125
vt 0.8166670203208923 0.125
vt 0.8166670203208923 0.125
vt 0.8166670203208923 0.125
vt 0.8166670203208923 0.125
vt 0.8166670203208923 0.125
vt 0.8166670203208923 0.125
vt 0.8166670203208923 0.125
vt 0.8166670203208923 0.125
vt 0.8166670203208923 0.125
vt 0.8166670203208923 0.125
vt 0.8166670203208923 0.125
vt 0.8166670203208923 0.125
vt 0.8166670203208923 0.125
vt 0.8166670203208923 0.125
vt 0.8166670203208923 0.125
vt 0.8166670203208923 0.125
vt 0.8166670203208923 0.125
vt 0.0805559977889061 0.01666700839996338
vt 0.0805559977889061 0.01666700839996338
vt 0.0805559977889061 0.01666700839996338
vt 0.0805559977889061 0.01666700839996338
vt 0.26944398880004883 0.047222018241882324
vt 0.26944398880004883 0.047222018241882324
vt 0.26944398880004883 0.047222018241882324
vt 0.26944398880004883 0.047222018241882324
vt 0.07777799665927887 0.02499997615814209
vt 0.07777799665927887 0.02499997615814209
vt 0.07777799665927887 0.02499997615814209
vt 0.07777799665927887 0.02499997615814209
vt 0.8166670203208923 0.125
vt 0.8166670203208923 0.125
vt 0.8166670203208923 0.125
vt 0.8166670203208923 0.125
vt 0.675000011920929 0.030555009841918945
vt 0.675000011920929 0.030556023120880127
vt 0.675000011920929 0.030556023120880127
vt 0.675000011920929 0.030556023120880127
vt 0.6027780175209045 0.02499997615814209
vt 0.6027780175209045 0.02499997615814209
vt 0.6027780175209045 0.02499997615814209
vt 0.6027780175209045 0.02499997615814209
vt 0.675000011920929 0.030556023120880127
vt 0.675000011920929 0.030556023120880127
vt 0.675000011920929 0.030556023120880127
vt 0.675000011920929 0.030556023120880127
vt 0.6027780175209045 0.02499997615814209
vt 0.6027780175209045 0.02499997615814209
vt 0.6027780175209045 0.02499997615814209
vt 0.6027780175209045 0.02499997615814209
vn -0.052501232793446304 -0.9975235747342882 0.046801051318269754
vn -0.08000223843142307 -0.9963279293204935 0.03050080493855057
vn -0.0661980935009404 -0.9970712167648572 0.03829883961542025
vn -0.037198093357744176 -0.9977489596174903 0.055797091615641774
vn 0.7617893052697217 -0.6474908709618291 0.020799673020672656
vn 0.7454272742672107 -0.6657243327171557 0.03390120361954929
vn 0.7842895662191939 -0.6203917121976453 0.001999939044672461
vn 0.79879987341001 -0.6014998932214776 -0.010800032162125895
vn -0.9305124551264539 -0.35770479108093833 0.07870103742824058
vn -0.93529160032575 -0.34649690721729576 0.07189934387006774
vn -0.9333465928780394 -0.3511174931660814 0.07470370510036364
vn -0.9288405571138862 -0.3615157677592388 0.08100351302143313
vn 0.8677747322031546 0.49538556412414664 -0.03949882285770474
vn 0.7830121582331608 0.6210095648456638 0.035200574274385235
vn 0.8234267210938474 0.5674183593684126 0.0022001000645896058
vn 0.8994498042555914 0.4305759374982838 -0.07479579982894795
vn 0.07100059266002315 0.973808074385165 -0.21600173634529504
vn -0.08709587687958573 0.9900531441744748 -0.11049470548769606
vn -0.016200163806990613 0.9872097613248603 -0.15860151902658193
vn 0.16039644272317025 0.9485788968363984 -0.2728938578246021
vn -0.7575835392105372 0.6522857645703074 -0.0242994332478302
vn -0.7877611934548757 0.6158696491622051 0.011699458422192433
vn -0.7695305547492387 0.6385252989883172 -0.010400377839739055
vn -0.7442970093083351 0.6666973356336707 -0.039199803489724364
vn -0.09860419705507549 -0.9917422284892926 0.08200344233150063
vn -0.09210133137726166 -0.9928142952281646 0.07640104678038595
vn -0.09829976044902704 -0.9917975136396441 0.08169974928899117
vn -0.10450218354502051 -0.99072063558178 0.08690175985995072
vn 0.7526863081672196 -0.6520881649580742 -0.09079838445265824
vn 0.7759261973967004 -0.6177208214194702 -0.12790435089687857
vn 0.7386897035966382 -0.6703906642790239 -0.07009906595554581
vn 0.7073083393913511 -0.7064082703273178 -0.026500351707411402
vn -0.9459417246486426 -0.3110136816519643 0.09200404009630281
vn -0.9286891514276077 -0.36629570150577706 0.057999302401501605
vn -0.9518157557154608 -0.28780477920690883 0.10590172915240015
vn -0.9612580660618298 -0.24138945677947113 0.133094179387314
vn 0.9143021320834368 0.37030080471563814 -0.16410035129344658
vn 0.8881953882646012 0.4104978134667391 -0.20639887936837462
vn 0.9198536640262709 0.36072103818532786 -0.15410895297789548
vn 0.9394158322434488 0.32280545249548914 -0.1153019252637653
vn 0.14770158897238567 0.9870105983669619 -0.06320062757856437
vn 0.16140254902000747 0.9854156084317701 -0.05390079618047163
vn 0.14230558730086013 0.9875388257962888 -0.0672025845324741
vn 0.13030436103266005 0.9886330996279746 -0.07500245206560625
vn -0.7421851520747312 0.6669866020785592 -0.06549864645552522
vn -0.7411988154913275 0.6681989552649779 -0.06429986078557987
vn -0.7424983050609939 0.6665984418521372 -0.06589980502136708
vn -0.7436591049693921 0.6651634002261818 -0.06729625989359932
vn -0.022698957698402043 -0.9995541175104998 0.019399058925943957
vn -0.11070375176169714 -0.9875334086260404 0.11190373627952926
vn -0.01669957408346807 -0.9997747367498196 0.013099617637923517
vn 0.061302770785547925 -0.9957449951224372 -0.06880316113836611
vn 0.7232642554291541 -0.6867660221408795 -0.07239646159381194
vn 0.7062965152610317 -0.7067964383647225 -0.03979983976181557
vn 0.726857616847646 -0.6821602289241737 -0.0795953949966908
vn 0.7406220429582108 -0.6631196886940487 -0.10840326540613995
vn -0.9356053195337115 -0.27770155815400016 0.21800121710454196
vn -0.9387136945750029 -0.2355034435328451 0.2517036505526296
vn -0.9331451864552449 -0.29771443579243967 0.2015097409958029
vn -0.9260244263748793 -0.33850892866195503 0.167004392077608
vn 0.914773343325332 0.3062910970406226 -0.2633922819959735
vn 0.9285336009118987 0.28641033942740485 -0.23620852958066788
vn 0.9133561761290041 0.30818518132658695 -0.2660871840914223
vn 0.8964371991168137 0.3298137037284807 -0.29601227824619647
vn 0.13220591833126408 0.9777437448331884 -0.162907226966025
vn 0.11860160359771406 0.9779133206580992 -0.17210228616581652
vn 0.13389962352613877 0.9776972011870011 -0.16179948581705428
vn 0.14700683150418642 0.9772453254705693 -0.15290704802925495
vn -0.7894949359500266 0.5955961571442941 0.14819906782504638
vn -0.7485152521102929 0.6366130233391551 0.18560381427450445
vn -0.8012451605392956 0.582532851189641 0.13660772305117222
vn -0.8375349615185587 0.5375224460111702 0.09800412373096798
vn -0.0043001589090915565 -0.9992376889856162 0.038801411624342086
vn 0.06360094430675625 -0.9900145473672801 -0.12580189141840603
vn 0.02540074437908495 -0.9991291830124719 -0.03310102472460239
vn -0.0280001861886222 -0.9950066520581037 0.0958005842024267
vn 0.6989731344224106 -0.646475141568971 -0.3057882415808192
vn 0.6978596695540338 -0.6544621143860783 -0.2909831995893212
vn 0.6984080606640788 -0.650707405243501 -0.2980034455517428
vn 0.699520780571082 -0.6422190105300051 -0.313409349035866
vn -0.9239004473596626 -0.3180001312180047 0.21280009378274953
vn -0.9221963467679555 -0.33699866614775487 0.18969922778564724
vn -0.9236284214165578 -0.32270991348375205 0.2068063125024642
vn -0.9247469491954794 -0.30351537083443436 0.2296116277998341
vn 0.8829022794895682 0.36780095198306656 -0.2919007101609628
vn 0.9108142670639361 0.34420538677883333 -0.22790353798310997
vn 0.8987406597467594 0.35511606032061815 -0.25721160592073283
vn 0.8689134989213503 0.37760585955592574 -0.32000491593300134
vn 0.15699951157787126 0.9875968527624563 -0.001899941578274241
vn 0.15589508780473177 0.9877687545838161 -0.0030998493982327476
vn 0.15639856458082818 0.9876908622514106 -0.0024999244231812497
vn 0.15760035426707147 0.9875022473161502 -0.0011999501849264554
vn -0.8066463524513976 0.5612322318711972 0.1853106688394666
vn -0.827705429148989 0.5395035110232649 0.15440104970775825
vn -0.8138962561546743 0.5539974304817252 0.17509920398748444
vn -0.7904766854586034 0.5763829369571616 0.20719391818057006
vn -0.0366983868014651 -0.9977562373041665 0.05599749393322942
vn -0.03680130531553155 -0.9977353135801329 0.05630193568810018
vn -0.03670163818752104 -0.9977445928744649 0.056202465640933646
vn -0.03659873155229582 -0.9977654761114588 0.05589801006151038
vn 0.7283145901882149 -0.6844137051702968 -0.03370071058655517
vn 0.738972791417898 -0.6704752723100151 -0.06619760392076851
vn 0.7327236778986065 -0.6789219228303295 -0.046701547587928056
vn 0.7223868943125897 -0.6912874176584782 -0.016699733904590904
vn -0.9485404065387016 -0.26841143199268175 0.16800714371428607
vn -0.9464193098736398 -0.30600623967676455 0.10320208901563
vn -0.9480656744222831 -0.28888951732170715 0.13309516807101882
vn -0.9478085330758904 -0.2514022591273804 0.19610173057415473
vn 0.8849683602475494 0.3900860751089732 -0.2542908873059354
vn 0.8831279055255257 0.3918123529193346 -0.25800810565157245
vn 0.8842705435140163 0.3906869946960881 -0.2557914737608835
vn 0.8862014035842469 0.3889005728577854 -0.251800350905627
vn 0.13060165929100467 0.9848124329527783 -0.11440139200230955
vn 0.1278942536612223 0.9847557613791245 -0.117894657686682
vn 0.12939795943547297 0.9847845471800415 -0.11599811950775885
vn 0.13160386845339678 0.9848289556165033 -0.11310327133822559
vn -0.8561159808234471 0.5090094741682271 -0.08930163820273407
vn -0.8267675714078299 0.5624779366299583 -0.008599632137694595
vn -0.8416356081710531 0.538022705483419 -0.046701942602463103
vn -0.8674632542457849 0.4803796067230131 -0.1293944974794371
vn -0.026200894150712487 -0.9973342431201885 0.06810228076638912
vn -0.03440145242760255 -0.9966421581923383 0.07430308596949083
vn -0.02070086056053116 -0.9977414150801343 0.06390260562719448
vn -0.012099730114778695 -0.9982780112403683 0.05739868295636253
vn 0.7296781238216182 -0.6835794425039613 0.01699945299522285
vn 0.7238030654737583 -0.6896028998408867 0.023600062326835185
vn 0.7337301218880411 -0.6793278564419002 0.01240047161254209
vn 0.7394655053308072 -0.6731685970932045 0.005899687569751367
vn -0.9603898909532348 -0.27389710527118105 0.05129944521046374
vn -0.9645191966258517 -0.25660506095903063 0.06210122406550177
vn -0.9580367604894535 -0.28301087984765805 0.045501730063020274
vn -0.9534834915792989 -0.29939483072164524 0.0350993820872478
vn 0.9165687791310936 0.3822869696499061 -0.1172959758816506
vn 0.9046729844012474 0.40378793640283694 -0.13609589894658386
vn 0.9249703045123613 0.3657882062587684 -0.10309667275088248
vn 0.9339979286678052 0.3465992159531032 -0.08669978514935048
vn 0.08330064987358063 0.9856075655803969 -0.14710108225748364
vn 0.13139632384587283 0.9846723653749894 -0.11469672596292411
vn 0.06510087910269934 0.9851133935672199 -0.1591020972662885
vn 0.01800067605496321 0.9816370338460215 -0.18990710740661965
vn -0.8372302854220811 0.5452196650327125 -0.042201493263595395
vn -0.8695875659573177 0.4882930101987818 -0.07339891908904544
vn -0.8091467049459005 0.5873339459073496 -0.01790100165059383
vn -0.7706899299914822 0.6370916299265338 0.012299873465893672
vn -0.02940035070795008 -0.9989119839004057 0.036200383953835444
vn -0.012899823656908314 -0.9995864770765912 0.025699599125861606
vn -0.042201116165984716 -0.9981264830812095 0.04430112375866757
vn -0.05439806023623924 -0.9971645045953081 0.05199809436631258
vn 0.7284991549510872 -0.6832991830014485 -0.048899976943807315
vn 0.7369066623895131 -0.6734060391362076 -0.0591005700550577
vn 0.7226007192982199 -0.6900006913507745 -0.041800076616539825
vn 0.7156032587891122 -0.6977031698031775 -0.03350019189499186
vn -0.9464676577465289 -0.3095893786721831 -0.0913968787933758
vn -0.9471248169411429 -0.30780804053385297 -0.09060238030491641
vn -0.9459417291876352 -0.3110136584212114 -0.09200407195858519
vn -0.9449734573303169 -0.31359115357881157 -0.09319738911738976
vn 0.9309261621758633 0.29920839637023644 -0.20940586457420313
vn 0.9178924392598048 0.3212973297895468 -0.23289803738931086
vn 0.9369160866031828 0.28820491793794384 -0.19780336685850536
vn 0.9459292923173743 0.27050839723975395 -0.17900553331875277
vn -0.01940016380660812 0.9877080753890246 -0.1551012297036534
vn 0.019399928772504207 0.9925964686710237 -0.11989951269890584
vn -0.0219994393104117 0.9872745631076568 -0.15749591013931996
vn -0.053397612796723795 0.9811561093269573 -0.18569163707070666
vn -0.7827885494056419 0.6049911027919803 -0.14569781213853028
vn -0.7723061649550964 0.6208049764418075 -0.13470103487886842
vn -0.7893804977690724 0.5945853646073578 -0.152796184299828
vn -0.7997048261146861 0.5775034562734411 -0.16420094116998632
vn -0.07500048738059026 -0.9749062612216444 0.20960130897374896
vn -0.0405990360498885 -0.9913764714429509 0.124596990899233
vn -0.05399964965537922 -0.9859936794736855 0.15779892862449765
vn -0.09220223740867586 -0.9633232634935598 0.25200602657268323
vn 0.7412519880144735 -0.6638570112247334 0.09919354269485038
vn 0.7252950683862193 -0.6724954108879448 0.14729896845967322
vn 0.7337105344211229 -0.668309562019811 0.12260171692255714
vn 0.7473924315698856 -0.6596932960229945 0.07879916506138725
vn -0.8920845640308286 -0.4442922487492494 -0.0823985941582841
vn -0.9760104623434535 -0.1816019371485147 0.12010126485605978
vn -0.9495408756837241 -0.31281342916913946 0.022800963515391254
vn -0.8304266422615436 -0.5337170679980194 -0.15980514118705857
vn 0.9466251319882772 0.30440806335234066 -0.10600278512498632
vn 0.9466251319882772 0.30440806335234066 -0.10600278512498632
vn 0.9466251319882772 0.30440806335234066 -0.10600278512498632
vn -0.1033957461010621 0.984059431423819 -0.14469400510745087
vn -0.05269812371651221 0.9975643197878779 -0.04569831116034421
vn -0.07210032604769201 0.993904387048091 -0.08340031409038438
vn -0.12350215780872033 0.9751170405553092 -0.18410316193711954
vn -0.607900711795919 0.7940008590516621 0.0044000480949269016
vn -0.7838721782565417 0.5034821171045928 -0.36338707449663327
vn -0.7105986274281884 0.6830986449118035 -0.16859962045281265
vn -0.48968130209328387 0.8574672666285317 0.1579940158386411
vn -0.03279965373774192 0.5305944521475401 -0.8469909740162147
vn -0.03789822859520165 0.5448745373053625 -0.8376607086796017
vn 0.008300361505735512 0.4100178860048514 -0.9120397124878864
vn 0.01689978505034947 0.383495207731038 -0.9233882297888466
vn 0.6455117140294089 0.3036055630576676 -0.7008125920181881
vn 0.5283699344674315 0.5217703488819391 -0.6697618348177969
vn 0.737503834293478 -0.007299996668568297 -0.6753034906255535
vn 0.752201921589985 -0.12990027789452682 -0.6460016926907074
vn 0.9257897673657518 0.1718981029084332 -0.3366962263782426
vn 0.8236916204308279 0.062399392423348875 -0.56359420708275
vn 0.9565801569996629 0.24129498322387474 -0.16349658805458311
vn 0.9566552263378875 0.2904863658036593 -0.020699014531810885
vn 0.9848582124679446 -0.11939493947637803 -0.12569466878860477
vn 0.9845404171807987 -0.12380506675070276 -0.12390509426295998
vn 0.9852677002764528 -0.11319628112170435 -0.12819579061796782
vn 0.9854121151538862 -0.11030134252188226 -0.12960160934886006
vn 0.9932687174258507 -0.10829658820970399 -0.041098710020429606
vn 0.9936736988008761 0.02899923360785572 -0.10849711867852863
vn 0.9820333642971913 -0.18870641581292036 -0.0006000318168544599
vn 0.9540891380234088 -0.29459663149770193 0.05409936613266266
vn -0.39409144034761734 0.2939936719030978 -0.8707810617633309
vn -0.39409144034761734 0.2939936719030978 -0.8707810617633309
vn -0.39409144034761734 0.2939936719030978 -0.8707810617633309
vn -0.1904024346181663 -0.9596121273725168 0.20710257818546748
vn -0.09829546437131727 -0.9934541161614991 0.05819725737353427
vn -0.15109871664932642 -0.9780916632628796 0.14319872933298114
vn -0.24320345095296436 -0.9243131743879982 0.2941041262841292
vn 0.6858816920771583 -0.7257805800607816 -0.05299862337843644
vn 0.7124851819151772 -0.6962855464407571 -0.08689823570702174
vn 0.6789085368598692 -0.7329092281685513 -0.043900590476326794
vn 0.6327818836569514 -0.7742777880807188 0.008999700016656195
vn -0.827604888441055 -0.5588032912526777 0.053000285977001856
vn -0.911077585512464 -0.36239107878482757 0.19649513783793113
vn -0.8409742918282958 -0.536383579424769 0.07109779326652364
vn -0.715291380120672 -0.695291533117012 -0.07019918447431793
vn -0.7285838185996067 -0.6541853528913993 0.20299542688733313
vn -0.7438034202506273 -0.6214028412991713 0.24620109839069695
vn -0.7327301414980127 -0.6459265815814293 0.2142087555326138
vn -0.7184169784468147 -0.6727158221925074 0.17700414585881188
vn -0.24349079226186837 -0.9361646073415782 0.2535903429641524
vn -0.24349079226186837 -0.9361646073415782 0.2535903429641524
vn -0.24349079226186837 -0.9361646073415782 0.2535903429641524
vn -0.9806188251774641 -0.16260309678164483 -0.1093021162859587
vn -0.9959584253471881 -0.07949667107901062 -0.04179825674959342
vn -0.9474217170854264 -0.2590059003444192 -0.18790432028476345
vn -0.8785558287683622 -0.38098081657982047 -0.288085530937098
vn -0.9207012041965429 -0.281700370668041 0.2701003401636583
vn -0.9112887127810986 -0.34039582863007417 0.23169713379542228
vn -0.9239687251976519 -0.2487916100571823 0.29049015408750267
vn -0.926228807095946 -0.2013062812647785 0.3187098649696408
vn 0.9916848972932532 -0.1130982779351573 0.06139905543713191
vn 0.9915177540285903 -0.12050215337775425 0.04870086731695706
vn 0.991543268053007 -0.10280448367629633 0.07920344509434557
vn 0.9912380188872778 -0.09630370263646283 0.09040346658692151
vn 0.9288605986777708 -0.19429171804024595 -0.3153866143718579
vn 0.9500803238600968 -0.2863940940160867 0.12379741970896879
vn 0.9651992972586546 -0.2584998221982913 -0.03959998099559115
vn 0.8303906823331472 -0.1222985819387775 -0.5435939399497149
vn 0.6157045788049992 -0.7741057563137216 0.1472010519001819
vn 0.6189786526985872 -0.7723733497498925 0.1424950388595049
vn 0.6165000478626195 -0.773700009056338 0.14599995538222085
vn 0.6134000236143982 -0.7753000536234191 0.150499959738796
vn -0.6335103675942548 -0.6983113636263723 0.33320542249619645
vn -0.6337100191480379 -0.6609103874237661 0.4020063076952411
vn -0.63398424391657 -0.6808831058136207 0.3666908434678083
vn -0.6313160925009018 -0.7170183395651941 0.29550751610841464
vn -0.2789093505549128 -0.9412315917403475 0.1905063381700687
vn -0.27531380598509314 -0.9473475581466467 0.16350814141072195
vn -0.2765014319258557 -0.9454048934443765 0.17250085679317148
vn -0.2806976217908622 -0.9376921330341277 0.20479821475506527
vn -0.9100247402266148 -0.18170494478217664 0.3726100981148903
vn -0.9147585860429976 -0.19759106232431997 0.35238402539014496
vn -0.9120064677438444 -0.18810133904677837 0.36450252268290967
vn -0.9067917311034487 -0.17199845198044392 0.3848964651938778
vn 0.9887970484443026 -0.09179971898824899 -0.11769965412657024
vn 0.9883030940038682 -0.12940039273804166 -0.08070026481754332
vn 0.9888945751964886 -0.09699947325941422 -0.11259938425387839
vn 0.9876098764299193 -0.06680064912117166 -0.14200142694730053
vn 0.9863182829658559 -0.07500138823654703 -0.14680271267887526
vn 0.9863182829658559 -0.07500138823654703 -0.14680271267887526
vn 0.9863182829658559 -0.07500138823654703 -0.14680271267887526
vn 0.6211969881663384 -0.767396326304871 0.15879918219832861
vn 0.61258608758849 -0.7710823446911138 0.17369600743448674
vn 0.6191074505999146 -0.7683092452870888 0.16250190219827743
vn 0.6268005415117932 -0.7648006631237414 0.14900009008724968
vn -0.7435520377944974 -0.6506579630356049 -0.15419008473312282
vn -0.6839855603387257 -0.6784856527594326 -0.26799435114891107
vn -0.7185030065627166 -0.6645027498299237 -0.20540088857842517
vn -0.7806203527824166 -0.6216161528619801 -0.06500171784596649
vn -0.24000226095547209 -0.9706091216321014 -0.017800217437486335
vn -0.29599374583606175 -0.9437800542030976 0.1471968468219854
vn -0.2776912927451061 -0.956369924726338 0.09079709804002858
vn -0.2181066795008508 -0.9729296743055972 -0.07640239009819996
vn -0.9735120940653829 -0.22410279534208957 0.04530054997784104
vn -0.9673097817583213 -0.24380248146642217 0.0698006887178305
vn -0.9767301149277913 -0.21230653803953803 0.03040092924253742
vn -0.9815804619270785 -0.19099619799347375 0.004499901672370783
vn 0.9997838136372719 0.00449992462792429 -0.020299671604625417
vn 0.9860927915486051 -0.14539893584414754 -0.08049941559582076
vn 0.9947430240717571 -0.08540368938472598 -0.0565024415406357
vn 0.9985299915745814 0.0542016228932658 -0.00020000450595443733
vn 0.8260535629976976 -0.554468811394369 0.10099429810501523
vn 0.7737823086152718 -0.609286007940627 0.17329598784101918
vn 0.8472873511654546 -0.526892097344284 0.0669989724635325
vn 0.8805073390046889 -0.47400399342483734 0.005200016941182439
vn 0.5419148752508586 -0.8388230588297505 0.05200138418684028
vn 0.601926207661429 -0.7985347817854805 -0.005200270103089315
vn 0.517809386001252 -0.8523154111047739 0.07370128738568026
vn 0.4578886965682954 -0.8801782361410685 0.12499685667481802
vn -0.2788016249173413 -0.9581055458655287 -0.0656004338794161
vn -0.30240390129492234 -0.952112290307234 -0.045100633338397
vn -0.28019441011662044 -0.9577807119670582 -0.06439876026193415
vn -0.2544056539666497 -0.9632212481836874 -0.08650196689821836
vn -0.9451051244590721 -0.2814014814136563 -0.16610090300597732
vn -0.9312768718152781 -0.30899229324809424 -0.19299520909917442
vn -0.946189748985257 -0.2790969277251489 -0.163798241289702
vn -0.9589619416638059 -0.2493900983259824 -0.13489467482943904
vn 0.9878135642747276 -0.1451019870339459 0.05630076015170177
vn 0.9901784263589396 0.07729829915993237 0.11649745456582054
vn 0.9951635382074865 0.00679974138937174 0.09799640676777147
vn 0.9823006576365978 -0.18160012761163238 0.045900018062595166
vn 0.8339353797416611 -0.5436230426833555 -0.09500405190739097
vn 0.8592735792578845 -0.4944847386687896 -0.13089598623717544
vn 0.820167641104587 -0.566877604229147 -0.07729697476848506
vn 0.7872870018324319 -0.6153898461676085 -0.03839940077015735
vn 0.422906040696944 -0.8992128233592699 -0.11210164605519815
vn 0.4274913237546794 -0.8964817133841396 -0.11649766384914888
vn 0.4217834360350871 -0.8998647005926597 -0.11109569619800153
vn 0.41708638737425074 -0.9025704631505506 -0.10679655666404723
vn -0.16939578892525567 -0.9568760793452287 -0.2359941428749747
vn -0.2456939694254994 -0.9536765560026946 -0.17359579464601427
vn -0.16250364407598034 -0.9567214666116198 -0.24140547008412652
vn -0.08509861139865912 -0.9498844721168828 -0.3007951395372787
vn -0.9205949648891795 -0.3118982388394299 -0.23499872176152822
vn -0.9540050750076523 -0.24990130174188827 -0.16560089446423196
vn -0.9154943876937527 -0.3198980247989673 -0.2439985242393077
vn -0.8879954931394133 -0.3584980796497482 -0.2879984914049604
vn 0.9975759339981077 0.019499531690898762 -0.06679838449871738
vn 0.9952589410462641 0.047098061235700206 -0.08509649167449289
vn 0.9988191125294263 -0.01020019624988811 -0.04750090991121033
vn 0.9987114753179517 -0.043700500925645196 -0.025800296259698482
vn 0.8063026807013989 -0.5915019418077153 0.001199971433048815
vn 0.7990765537304554 -0.5994823997464763 0.04579862085767008
vn 0.8013659115606062 -0.5972745849236706 0.03279856693356512
vn 0.8082328284420806 -0.5887239088928995 -0.012800551799799402
vn 0.44481921555629855 -0.8517368154984196 -0.2769120123730464
vn 0.42098587373479257 -0.9031696190897696 -0.08399722179330678
vn 0.4320124098147003 -0.8880253868133137 -0.15740454294956002
vn 0.4476887993612621 -0.835279092059453 -0.3191920695988662
vn 0.09089954188377353 -0.820895857971341 -0.5637971830816612
vn -0.07540383995589484 -0.9169467504946137 -0.39182000673430967
vn 0.06480206097046141 -0.8399266689579525 -0.5388171152322268
vn 0.21999107722734784 -0.7045713018249651 -0.6746726662501045
vn -0.9459564747330806 -0.308685756551713 -0.09939543054214817
vn -0.9055194908783268 -0.38150815723012177 -0.18570400535888357
vn -0.947249365385243 -0.30578361981852276 -0.09599488334247712
vn -0.9770763036749943 -0.21269483064876663 0.009099769892860167
vn 0.9940437393417328 -0.08000352406503208 0.07400324596043657
vn 0.990049482392639 -0.03830192429066041 0.13540673915909693
vn 0.9937209634203211 -0.1064022411420041 0.03460072165356765
vn 0.9898505816244936 -0.14099296938449574 -0.01779911912972945
vn 0.9988062325149523 -0.043200273806326725 0.022800136673840586
vn 0.9988062325149523 -0.043200273806326725 0.022800136673840586
vn 0.9988062325149523 -0.043200273806326725 0.022800136673840586
vn -0.8843532250830968 -0.3840231042931152 -0.26541595403103524
vn -0.8090766110317515 -0.5125851553960916 -0.2874917319662261
vn -0.8962465927346267 -0.3589186593303874 -0.26061358559378606
vn -0.9415761605059576 -0.2402938950498031 -0.23599402104429174
vn -0.9869811702275176 -0.056998918593117474 0.15039711731125488
vn -0.980739496174884 -0.19160771222309478 0.0379015205402962
vn -0.9811720122975714 -0.003999894693088581 0.19309449273963872
vn -0.9528213882516163 0.11100249138114836 0.2825063698351613
vn -0.4873046362873337 0.033000253260217986 0.8726082596088756
vn -0.4116218849240499 0.098205159696584 0.9060481060410316
vn -0.48738406404936 0.032798871840793595 0.8725714916937756
vn -0.5492132400765299 -0.024600643119902843 0.8353200735542795
vn 0.47521071111303836 -0.09690224557940998 0.8745197166703037
vn 0.47891384314792934 -0.09390277119304655 0.8728251831859268
vn 0.4754982962915526 -0.09659971327532445 0.8743968581936671
vn 0.47218724574150306 -0.09939738139599545 0.8758763414607523
vn 0.9071720951462068 -0.13329593103973345 0.39908769030915053
vn 0.8766433066769264 -0.16290806888117207 0.45272229230727296
vn 0.9006872989205111 -0.13999805855057637 0.41129421727680915
vn 0.9202076170460483 -0.11900101254291455 0.372903071245323
vn 0.6155086351468584 -0.7853110472118578 0.0666008947887819
vn 0.6155086351468584 -0.7853110472118578 0.0666008947887819
vn 0.6155086351468584 -0.7853110472118578 0.0666008947887819
vn 0.7795214048300115 -0.508313895442709 -0.3660100587575483
vn 0.7795214048300115 -0.508313895442709 -0.3660100587575483
vn 0.7795214048300115 -0.508313895442709 -0.3660100587575483
vn 0.15789937384999622 -0.4780980308622002 -0.8639965628539652
vn 0.16290502314846173 -0.4716144644343248 -0.8666266499302477
vn 0.15839120717595073 -0.4774733611919368 -0.8642519394490356
vn 0.15230251757067914 -0.4847079344123296 -0.8613142060011351
vn -0.8302720950111754 -0.2751907533585051 -0.48468370873357425
vn -0.8468969082553327 -0.2887989261817982 -0.44649838412227094
vn -0.8267025229799672 -0.27240076890258436 -0.492301492583394
vn -0.8112381929444117 -0.2604121779334991 -0.52352468126366
vn -0.9921364568342821 0.03310121319958281 0.12070443531632301
vn -0.9950558906551555 0.05559752761427311 0.08229635104702374
vn -0.9913763047348991 0.0289993009154334 0.12779695988791293
vn -0.983976914303507 0.00019998723477447324 0.1782957995098453
vn -0.3407876233278388 0.22029193100427757 0.9139667723287154
vn -0.36441614794756444 0.2564112876028106 0.8952397012559974
vn -0.34700839568150704 0.22960547908572085 0.9093219986893328
vn -0.3187077606216598 0.18700450614068453 0.9292226202598628
vn 0.5167127303972177 0.12810309664769234 0.8465208508210086
vn 0.48402710788510567 0.18091005319022413 0.8561479495315575
vn 0.5036142306183014 0.14990418915826367 0.850823977560306
vn 0.5372004512275049 0.0931000232537518 0.8383006983601504
vn 0.8913321073626052 0.0565019996312103 0.4498161829261061
vn 0.9018250026713837 0.024400645872519562 0.43141195282208245
vn 0.8860069850101899 0.0710005299665767 0.45820360895307055
vn 0.8661011695678054 0.11980011709257342 0.48530062437409377
vn 0.8689307616413849 -0.3755132532167976 -0.32241142680100493
vn 0.843321033715948 -0.4132102938043118 -0.34360862501750333
vn 0.8619283205651447 -0.38621265664747106 -0.3285108126881851
vn 0.8778043284641851 -0.3614017608356967 -0.31440153974559176
vn 0.163597158822651 -0.28559496250937844 -0.9442835840013438
vn 0.12349750177479213 -0.3724924029372488 -0.9197813744632033
vn 0.14350608659370695 -0.3299138790844698 -0.9330395680237775
vn 0.18570693317279088 -0.23440869079936247 -0.9542355582607921
vn -0.8360041575056616 -0.1883008919639086 -0.5154025831511182
vn -0.8225316439157242 -0.13800526885822845 -0.5517211619329679
vn -0.829347052199779 -0.16200914131886787 -0.5347303106582421
vn -0.8405017187641126 -0.20870039594105919 -0.5000010054876067
vn -0.9806332397291757 0.015900531049719637 0.19520661425934796
vn -0.9843064036890079 0.03530022343247521 0.1729011216922234
vn -0.9804496523866502 0.015099216363431664 0.1961899406190523
vn -0.9764128061176778 -0.0020000366964465803 0.21590282976981828
vn -0.31920534402304174 0.05950093734185885 0.9458158313342888
vn -0.3271950674209812 0.06689892947272769 0.942585763254879
vn -0.3153132072357686 0.055902285971158025 0.9473397045230884
vn -0.30788564430881415 0.049097650231758064 0.9501556981728134
vn 0.4726001883839495 0.03929995155991809 0.880400236112442
vn 0.5442036491055603 -0.027400238029835523 0.8385055845109801
vn 0.3931809798127123 0.10749473557520177 0.9131558459195961
vn 0.17650517694415477 0.27040785494080016 0.9464277650714965
vn 0.8167168138453189 -0.07600159567295141 0.5720117161715447
vn 0.8413953518135064 -0.11969935879765153 0.52699708296162
vn 0.7827638875106528 -0.023598950318209643 0.6218711972370876
vn 0.7517127096043047 0.019200281187408522 0.6592111584474876
vn 0.9337650450765699 -0.16859365296823403 -0.31568817014892764
vn 0.9280616628461464 -0.18349239524446964 -0.32408654838282425
vn 0.9312261959816553 -0.17530488319193607 -0.3195089511212438
vn 0.9381823430479221 -0.15639702503828298 -0.3087942061507726
vn 0.1900904281075126 -0.10009489476613925 -0.9766507263006863
vn 0.16739965034455118 -0.1111996929911039 -0.9795978692010341
vn 0.23240332823490842 -0.07890106506234854 -0.9694139028079618
vn 0.25861358740372187 -0.06560337905065275 -0.9637505948466718
vn -0.7585738451831288 0.02309924653083901 -0.6511775074538355
vn -0.8530149412002359 -0.05750096638297483 -0.5187091178629716
vn -0.6497841027102151 0.09639768552392801 -0.7539815024857774
vn -0.4022934503208576 0.2239963910879599 -0.887685527993168
vn -0.9727626969303329 0.0646975096839909 0.22259148164634568
vn -0.9701310916592052 0.05170164063197932 0.2370076061059656
vn -0.9746679856238822 0.07559750542650728 0.21049307583189744
vn -0.9764030017220253 0.08690025061745395 0.19770059350149158
vn -0.33281512342655994 0.06060269457693564 0.9410427232748673
vn -0.31060628582456395 0.041800781254813235 0.9496190972662442
vn -0.36339355596935696 0.08679839975801981 0.9275835063644636
vn -0.39289498279523954 0.11239851742618935 0.9126883946751613
vn 0.28619477415370914 -0.027299565783730294 0.9577824831114459
vn 0.34540593890897225 -0.06330115006907812 0.9363160266525098
vn 0.22580766219670087 0.008700231326058424 0.9741330533700894
vn 0.1969940516491652 0.02559916026709734 0.9800704192089797
vn 0.777968310297162 -0.060597571905567416 0.625374481772744
vn 0.7637272406995869 -0.04970181471932111 0.6436228953564359
vn 0.7962080697358569 -0.07540080911815926 0.6003061116395767
vn 0.80446363599009 -0.08229632136213484 0.5882733836065204
vn 0.9554425588586727 -0.05719654511871222 -0.289582582259491
vn 0.953924627025222 -0.05940151500403934 -0.29410757550599775
vn 0.9579871634610235 -0.053399266362002706 -0.2817962260143
vn 0.9597040559676567 -0.05070020725295345 -0.2764011829637066
vn 0.245095957668032 -0.4583923604610605 -0.8542859096378258
vn 0.23010399834008324 -0.4939084668403162 -0.8385145057369938
vn 0.23281123952026636 -0.48762345028893084 -0.8414406084099791
vn 0.2484978276185735 -0.45069598680660244 -0.8573925338753964
vn -0.6934003900913526 -0.34790014345191933 -0.6310003084050705
vn -0.6940016046362949 -0.3434007291710582 -0.6328014791125517
vn -0.691783427065083 -0.3604912917101329 -0.6256849995319121
vn -0.6913927395048679 -0.36329611823249136 -0.6244934028772101
vn -0.958534719476924 -0.2662096105878787 0.10170366162505866
vn -0.9509889346764137 -0.29019661675478037 0.10679873476356837
vn -0.9533931403077133 -0.28279789041477105 0.10519920717929342
vn -0.9616867962262684 -0.2554964230018021 0.09939861064089388
vn -0.4490001663404823 -0.3427001642555061 0.8252002472403098
vn -0.4245014740688815 -0.3794013752137177 0.8221028494046755
vn -0.4366112670005869 -0.36150937668593336 0.8238213229191693
vn -0.46389592242064764 -0.3196971949496679 0.8261926389788344
vn 0.11639631500627573 -0.3038904119787074 0.94556994207746
vn 0.12179334502360328 -0.32468229931932796 0.9379487116131009
vn 0.11989774476256745 -0.31769405009252266 0.9405822778134084
vn 0.11400036091452223 -0.29490097982814256 0.9487029723826947
vn 0.7411897951968278 -0.35859507987998784 0.56749207587591
vn 0.7538792773691047 -0.33969069813039515 0.5623844456927319
vn 0.716372220454037 -0.3934847816764604 0.5761775493290074
vn 0.706600518592253 -0.40650035095064857 0.5792004590831734
vn 0.8193934219908953 -0.5180958241755403 -0.24529805741162805
vn 0.8605126631715241 -0.4553066708887686 -0.2285033740793285
vn 0.8506957583996498 -0.4712975996567143 -0.232798838482206
vn 0.8006340524278313 -0.5436231196987685 -0.2519107338363467
vn 0.20229176462943585 -0.2121913144218344 -0.9560611319612586
vn 0.2115089868694289 -0.1383057866780525 -0.9675409334208206
vn 0.20870059049968598 -0.16120038989225427 -0.9646027668546611
vn 0.19909235263064906 -0.23469090774567658 -0.9514633008926323
vn -0.6802884907306246 -0.2248961421529397 -0.6975881984553449
vn -0.6709759467443102 -0.18129344736584235 -0.718974244902267
vn -0.6748910921616245 -0.19859733495733317 -0.7106905882792697
vn -0.6840107252352886 -0.2444037582881753 -0.6873107962906663
vn -0.9559541648973257 -0.2934859386515275 -0.00419981300637298
vn -0.9049733059129021 -0.4250874446108035 0.01799944497283036
vn -0.9257557063884394 -0.3779818681680334 0.010299486659291703
vn -0.9863114904789645 -0.16300189870944187 -0.024900296509887985
vn -0.31400315338843765 -0.6533065198153915 0.688906823038369
vn -0.36731320355181535 -0.5997215396744707 0.7109255132199046
vn -0.3458936284859429 -0.621988492786127 0.702486948358808
vn -0.2951001727726747 -0.6709003922178465 0.6803003393733369
vn 0.15100417887052622 -0.428311925131628 0.8909245943140623
vn 0.31199152345808456 -0.6613820485192876 0.6820814285602079
vn 0.25960651811755747 -0.5887147084474078 0.765519070832701
vn 0.06620183593991316 -0.296208235300152 0.952826321140718
vn 0.7951287193491277 -0.30161095317467435 0.5261189528911505
vn 0.7726408050360204 -0.08270440577459291 0.6294332114360996
vn 0.7860794059016039 -0.1624957729502029 0.5963843487137279
vn 0.7918321374316692 -0.37581527950286664 0.4814195071064076
vn 0.9412812061997687 -0.16949659467328548 -0.2919941698891748
vn 0.7187927277561917 -0.49329493538741737 -0.4898950104317628
vn 0.8161996780772934 -0.3868997857568587 -0.4290998034115368
vn 0.9875868613856692 0.029399613099535916 -0.15429793896225816
vn 0.10559585723324028 0.0358986528843355 -0.9937609378800655
vn 0.11020092135751332 0.03990039615312388 -0.9931081085756872
vn 0.10170003689269057 0.032000075637859914 -0.9943003055692966
vn 0.09659509106126085 0.02729867524350458 -0.9949493307263522
vn -0.6543235234208284 -0.11030390587470162 -0.7481268442229151
vn -0.6980116319811202 -0.16460268433084893 -0.6969115567488692
vn -0.6278962177876646 -0.07979946642303085 -0.7741953144049278
vn -0.5788167874668619 -0.0266007141854225 -0.8150236368053181
vn -0.9953337522942444 -0.09600325633178969 0.009700325641563163
vn -0.9964003788271626 -0.08380002910158992 -0.012800007642964137
vn -0.9925433497813292 -0.1142049943208286 0.04260185532388997
vn -0.9900080710239293 -0.12570101114372403 0.06390050942616952
vn -0.44369915371295315 -0.07539990901436724 0.8929982725151456
vn -0.47190227621213504 -0.06290036219464666 0.879404222267319
vn -0.41488590531237635 -0.08839704469810993 0.9055692397943793
vn -0.3912069076146388 -0.09850179638915682 0.9150161482414945
vn 0.01399992740279118 -0.003800044911956137 0.9998947753095739
vn 0.010200442970288782 -0.0030001950828288976 0.9999434732987034
vn 0.019799830382170643 -0.0050000213251256065 0.9997914615076415
vn 0.023600122651133735 -0.005700094219419373 0.9997052281231409
vn 0.8340104177325718 0.2636032465341854 0.48470604651703997
vn 0.8596215396093242 0.24960617507321747 0.44581113266159444
vn 0.8009903542553085 0.2789966012419078 0.5296936368179432
vn 0.7725284179709484 0.29091066852596015 0.5644207883884883
vn 0.9135293394722788 0.3534113504778871 -0.20140646284749233
vn 0.8975645254644308 0.44088256111772717 -0.0006999500586104103
vn 0.8939947111188835 0.26919838853515143 -0.35819782816418877
vn 0.8434026802098419 0.17290058701203462 -0.5087015883853213
vn 0.12360289125254677 -0.19530448667298753 -0.9729226499364748
vn 0.11709959656313211 -0.1993992047202766 -0.972896521548758
vn 0.14839417008521258 -0.18079285382121257 -0.9722618547962799
vn 0.15900816877404986 -0.17440888868241136 -0.9717499379015618
vn -0.4953283757107849 -0.30461736794409294 -0.8135465932339271
vn -0.55421984791698 -0.34931242898275233 -0.7555270922561608
vn -0.3114963486276735 -0.16849795255822966 -0.9351889994943864
vn -0.22560551717631994 -0.10610252272288358 -0.9684236703485954
vn -0.9366750423709436 -0.34999066162274906 0.012099660171308453
vn -0.9357331535375115 -0.3521124625813308 0.020500708906157843
vn -0.9408155741655113 -0.3362055231809331 -0.042800719506269375
vn -0.9413399481947916 -0.332914105151077 -0.05520235976916785
vn -0.4179931221866419 -0.19449684004901463 0.8873853328828525
vn -0.3923099740012452 -0.19730504863236553 0.8984228414746155
vn -0.5378935435347513 -0.17899791946056465 0.8237901921317209
vn -0.5790990350770738 -0.17249975115480926 0.7967986843766316
vn 0.030000772542052568 -0.07640203044922343 0.9966256485712757
vn 0.032600187377858636 -0.07690048930773746 0.9965056660788031
vn 0.0233996780725811 -0.07529903823083699 0.996886407725379
vn 0.020399948875576935 -0.07469987639639059 0.9969973774048947
vn 0.8270942698124948 0.08099940180220919 0.5561961576197917
vn 0.8407726505902356 0.07489752948959467 0.5361825343069511
vn 0.7872352835182362 0.09730431179912703 0.6089273185604834
vn 0.76444978299669 0.10580684817052123 0.6359413810694612
vn 0.854458851730919 0.04129803830480953 -0.5178750261702666
vn 0.8644127138747656 0.05180078741319402 -0.5001073269959513
vn 0.8087076434198854 -0.002499988297145692 -0.5882054892065949
vn 0.789306628440723 -0.019000124137252942 -0.6137051748048954
vn 0.15700683402291696 -0.09880422873964884 -0.982642650434665
vn 0.15380366346156843 -0.10390240653149473 -0.9826233881924269
vn 0.15710127180400515 -0.09900072119477739 -0.9826077791267879
vn 0.16049959353150425 -0.0934996993762129 -0.9825974184236287
vn -0.20109994924804644 -0.20349987887481444 -0.9581996711074205
vn -0.19709216470688085 -0.19169230526968675 -0.9614617718409552
vn -0.19999353698215053 -0.1999934557442237 -0.9591690168186483
vn -0.20409075326347076 -0.2122903194734402 -0.9556567295269853
vn -0.9353400774532263 -0.3469148130553949 -0.06920297676063365
vn -0.932283436152439 -0.3571936431998784 -0.057099001159380214
vn -0.9358214656186367 -0.34520792250869026 -0.07120164832797586
vn -0.9388549869045953 -0.3337839770276905 -0.08449597767911853
vn -0.6002989786618941 -0.18619971149255568 0.7777986909590269
vn -0.5696309674718981 -0.20991145706732112 0.79464315330147
vn -0.6010752809312516 -0.18549239806984916 0.7773680446942192
vn -0.629092882718997 -0.16279818965894347 0.7600913723731332
vn 0.025199410416072907 -0.003399985238464078 0.999676662634004
vn 0.012399908686992141 0.007799878354850485 0.9998926963240625
vn 0.020999567140687677 -6.450799680647171e-8 0.999779484776468
vn 0.034500823541566375 -0.012700368883821709 0.9993239683932176
vn 0.7821218732650373 0.1073029537574783 0.6138171156584911
vn 0.7537287521974324 0.1385052504863113 0.6424245198454256
vn 0.7764875998706762 0.11369813970259621 0.6197900775869566
vn 0.8026138114202296 0.0829013815737899 0.5907101071173991
vn 0.7777228441162107 0.06800203877463203 -0.6249183150318812
vn 0.7782843059555806 0.0691986430740253 -0.6240874032537059
vn 0.7775966547213082 0.06779974010468076 -0.6250973026721267
vn 0.7769063231819103 0.06640057435043448 -0.6261050460792482
vn -0.019799102207250036 0.31538578598374556 -0.948756977076428
vn 0.08699539846558284 0.47077519220548575 -0.8779535973214657
vn -0.007600095791894004 0.33380423237910717 -0.9426117827556312
vn -0.13689848538173538 0.1286986393150544 -0.9821891187233955
vn -0.26799404443886415 0.14609678528508652 -0.9522788044867234
vn -0.28960141846733206 0.0625003654425331 -0.9551045611561382
vn -0.27810427956276595 0.10840172342931581 -0.9544145200312226
vn -0.25690182449493654 0.1853013491129135 -0.9485066486789151
vn -0.987405133498136 -0.1306006550222191 -0.08930045492210612
vn -0.9856042581365737 -0.15240065268703024 -0.07320032379451184
vn -0.987552774312037 -0.12829384401146107 -0.09099564570550511
vn -0.9885087283518833 -0.10970096699009824 -0.10400092217658481
vn -0.6401823270354444 -0.2102942318121585 0.738879505885782
vn -0.6193611574551272 -0.233585395404431 0.7495529465552121
vn -0.6406209333513407 -0.21020689276133822 0.7385241241744782
vn -0.6576026980087708 -0.1908008223627148 0.7288029485102933
vn 0.07579911729057562 -0.0917989897185046 0.9928884324558483
vn 0.04679929519491949 -0.07089899895914513 0.9963850450081283
vn 0.0707994683204543 -0.08809939996616573 0.9935924370742475
vn 0.09740321575126139 -0.10740361630379758 0.9894327045161686
vn 0.7563039340377754 0.20030099256082956 0.6228032367755733
vn 0.7750070826578355 0.18650166828686204 0.6038055560827575
vn 0.7592062718389226 0.1983015874187433 0.6199050872735685
vn 0.7401955139181701 0.21169865666010343 0.6381961140149035
vn 0.6315015326421612 0.4402010963541645 -0.6383015032405869
vn 0.655333020864441 0.5035253541564829 -0.5630282848012831
vn 0.6356074954600736 0.45040533363631463 -0.6270072943331143
vn 0.6087334056469957 0.38762129646869115 -0.6922379441877924
vn -0.9894891244374049 0.04969946937404237 -0.13579851016869354
vn -0.9974332504888054 -0.00009999523177235761 -0.07160237999039946
vn -0.9710266980565961 0.10950301248201626 -0.21240584247771405
vn -0.9472022536823119 0.1608003914128262 -0.2774006574264584
vn -0.6529936005463084 -0.02369981201009665 0.7569925208060213
vn -0.6484100412736323 -0.029700503121869826 0.7607117052404505
vn -0.6546985409956373 -0.020999999434379 0.7555983195070909
vn -0.6588299763703062 -0.015400746384765414 0.7521342162451418
vn 0.14320071672701007 -0.152300834032846 0.9779049088136178
vn 0.0990037361797936 -0.11570443606928897 0.9883373633007759
vn 0.14090457772547255 -0.15040492545968698 0.9785316849103417
vn 0.17069900864908413 -0.1747990513005349 0.9696943539645122
vn 0.6365171796997007 0.09870262211859523 0.76492069676147
vn 0.6365171796997007 0.09870262211859523 0.76492069676147
vn 0.6365171796997007 0.09870262211859523 0.76492069676147
vn 0.49677965800925894 0.8165666372984004 -0.2939879219277324
vn 0.5990899380012219 0.7506874384334417 -0.2784952709902446
vn 0.4914740217115019 0.8195567837408588 -0.294584392334457
vn 0.3859115254882543 0.8707259832387918 -0.30480904941974335
vn -0.7134585535670972 0.029898307640006783 -0.7000592714493602
vn -0.7134585535670972 0.029898307640006783 -0.7000592714493602
vn -0.7134585535670972 0.029898307640006783 -0.7000592714493602
vn -0.2146063267832706 0.18650556393161016 -0.9587282196363807
vn -0.15369771923048237 0.15309777488171125 -0.976185475424428
vn -0.198196540631276 0.1778969556738371 -0.9638831902485778
vn -0.26450828843193375 0.21360672680370268 -0.9404294399980347
vn 0.7600896777523554 0.14209801744034425 0.634091346111776
vn 0.7549950483634145 0.12349913623244116 0.6439956834456008
vn 0.7583549803171795 0.1356918848947828 0.6375621037999604
vn 0.763389871570833 0.1552978839119646 0.6269916037998698
vn -0.24061023134123866 0.5008213483085192 -0.8314353213884725
vn -0.34288206667530363 0.47547515875332463 -0.8101575536653185
vn -0.2992899277682453 0.48708370305216875 -0.8204724281518941
vn -0.19570273706407476 0.5100071416477302 -0.8376115771489442
vn 0.6335944955156972 -0.5040956201411494 -0.586894897751479
vn 0.6581193277282444 -0.5492161331817121 -0.5150151352372583
vn 0.6361820434902442 -0.5085856314051879 -0.580183645985272
vn 0.6133988791551812 -0.4699990978883627 -0.6346988758736637
vn 0.8450033946005803 0.4509017378028416 -0.2875011060150438
vn 0.8441251214884297 0.4497133736366134 -0.29190865154105927
vn 0.8458011890520424 0.4520006328318643 -0.2834003819999991
vn 0.8469757814181375 0.45358698995834007 -0.2772920269889997
vn -0.5997070622997012 0.21060254209707016 -0.7720090729325104
vn -0.6145944579491042 -0.01539980708951686 -0.7886929048748016
vn -0.5979655330142953 0.2209873243650844 -0.7704555949546286
vn -0.5222976307133511 0.5187977267387708 -0.6767969442025454
vn 0.5544074282042541 -0.34270462663397255 0.758410141305886
vn 0.5905876576344384 -0.33339308498262016 0.734884528028478
vn 0.52467727182428 -0.3496848985141418 0.7761663688811729
vn 0.48451467198591847 -0.3581108879344425 0.798124128549678
vn -0.41749362221802366 -0.7476886390702132 0.5163920743123454
vn -0.26730933893179476 -0.8078281837009491 0.5253183253402386
vn -0.47050494481996447 -0.7205076471002421 0.5094053664519398
vn -0.5722141402195683 -0.6576162508157456 0.490012085969135
vn 0.8137742702312074 0.5300831677155887 -0.23829240947682853
vn 0.8137892143035799 0.5301930081506351 -0.23799682517072102
vn 0.8137892143035799 0.5301930081506351 -0.23799682517072102
vn 0.8137892143035799 0.5301930081506351 -0.23799682517072102
vn -0.4264107012942488 0.2872072507508707 -0.8577213469057847
vn -0.40812020540756216 0.3309164314122482 -0.8508420613483281
vn -0.4357915223701728 0.26359492252163547 -0.8605832126244969
vn -0.4594929813326539 0.1994969974517081 -0.8654866539200836
vn 0.43999961572127316 -0.26469982828429955 0.8580992594516059
vn 0.3787870791540421 -0.2691908387874448 0.8854697290019921
vn 0.4786150639343841 -0.2607082273163906 0.8384264074947967
vn 0.519914241931291 -0.256107063582851 0.814922298762269
vn -0.643027174017927 -0.6574277409097804 0.3928165207279109
vn -0.5359029362885305 -0.7281039209997342 0.427402296556937
vn -0.6763996826295958 -0.6312996728096827 0.3793997791894053
vn -0.7776967720602349 -0.5349978231484155 0.33009856096861095
vn 0.31409495451569813 -0.8393864931786295 -0.4435929154270438
vn 0.32520938176112013 -0.8169235258651363 -0.47631377358063476
vn 0.3126096227710355 -0.8419259131841411 -0.43981357466544974
vn 0.3017060433659989 -0.8620171217597521 -0.4073081698044699
vn -0.9324764939812412 0.07389816463976119 -0.3535910765776293
vn -0.8801304990293171 -0.017300566358994445 -0.4744164785102465
vn -0.9119281659812164 0.033101053728501424 -0.409012640797565
vn -0.9522750731500891 0.1275966783161933 -0.2772927563779234
vn -0.4784162840057363 -0.1268043603960787 0.8689295215278877
vn -0.36429918468150463 -0.23859951278063476 0.900197965195009
vn -0.5420319567278422 -0.05660339158731601 0.8384494104873588
vn -0.6439960319185141 0.07239951519320935 0.7615953131900145
vn 0.6896063930147587 -0.22110208497825415 0.6896063302576644
vn 0.6896063930147587 -0.22110208497825415 0.6896063302576644
vn 0.6896063930147587 -0.22110208497825415 0.6896063302576644
vn 0.6013060506459194 -0.17770183094580733 0.7790077616655142
vn 0.3862085705890353 -0.22630505936904344 0.8942197493388009
vn 0.6698222363908839 -0.15750528043178186 0.725624047473911
vn 0.8514644535102258 -0.08499649048826982 0.5174783870010515
vn 0.5932838048411468 0.7911784217101584 -0.14849589870913898
vn 0.6751186942398482 0.7260200920438129 -0.13080357272099177
vn 0.5786167995086128 0.8014233086489194 -0.1514043581956237
vn 0.4907059378769455 0.8552103765230137 -0.16680196167813033
vn -0.4948069308233551 -0.1623022233216068 -0.8537119476228705
vn -0.4827084135346173 -0.1337022766122422 -0.865515042464079
vn -0.5123983198535088 -0.20549929282933024 -0.8337973389607013
vn -0.5240898043492986 -0.23609535435443513 -0.8182840953051499
vn -0.166304012575023 0.02630069652624638 -0.9857237182718497
vn -0.19689967056182048 0.04899998291209389 -0.9791984075800274
vn -0.16179401520497286 0.022699224353512657 -0.9865634504975348
vn -0.11460432536113635 -0.012100391817125562 -0.9933375202449523
vn 0.8613045734167013 -0.051200305154670424 0.5055026810646437
vn 0.8647753070165144 -0.021799412947915143 0.5016856126795143
vn 0.8623375406086343 -0.04160184269130489 0.5046218908665575
vn 0.8579042638246703 -0.0757003962504768 0.5082024440308911
vn -0.39009909932307085 0.07639987396107452 -0.9175978160207557
vn -0.3848902494038301 -0.15069611017263027 -0.9105768382144892
vn -0.3882867358795956 0.1371953576550878 -0.9112688102738191
vn -0.3469067263146879 0.4794093988493781 -0.8061155943985355
vn 0.15469363658809626 -0.2212909673293195 0.9628604190523173
vn 0.1327028105495904 -0.1968042145396665 0.9714206427761686
vn 0.15230491540115287 -0.21870712854168625 0.9638311079591165
vn 0.17309361379196309 -0.24179112799761415 0.9547647099081952
vn -0.8352266699660147 0.1683054001801638 -0.5235166683570608
vn -0.8657183383924141 0.12170260447259384 -0.4855102827290736
vn -0.813004932943512 0.1987012100464073 -0.5473032140738892
vn -0.7684771112727459 0.252892518944835 -0.5877825306281499
vn -0.39567511571009956 -0.42897303567918 0.8120488516511727
vn -0.4046984178916502 -0.41979841504138654 0.8123967511534834
vn -0.39349345750313175 -0.43109283802359294 0.8119863692864527
vn -0.3834125085012281 -0.4411144183898204 0.811426471230392
vn 0.1409949767925327 -0.45748372941518034 0.8779687089182913
vn 0.12090249997899227 -0.43140896385567173 0.8940183954504548
vn 0.13699148848560702 -0.452371921097724 0.8812451288290066
vn 0.1546024338967316 -0.47460753894611607 0.8665135725473189
vn -0.0673025196295319 0.22840860275261538 -0.9712362642735878
vn -0.20069611312818603 0.10979793105792628 -0.9734811166687504
vn -0.06670096883610109 0.22910339439539495 -0.971114110407646
vn 0.1265972710826223 0.3847917312260322 -0.9142802932003435
vn 0.7503104584177607 0.3897054285660223 -0.5340073922101667
vn 0.680099631983264 0.3296998405443611 -0.654799592028929
vn 0.8218291300813741 0.4619163939516058 -0.3335118078096135
vn 0.8509022041508435 0.5069013123491323 -0.1379003209204521
vn 0.5973754754653939 -0.31718702016912104 0.736569708546807
vn 0.7027933017813233 -0.34399674124016455 0.6226939994792412
vn 0.5036994214022432 -0.2906996757361268 0.8134989805807724
vn 0.37018630437614164 -0.24899085989287234 0.8949668439345353
vn 0.18529265996283137 -0.5068799893006861 0.8418665610477916
vn 0.14910744445901902 -0.48812436042529767 0.8599427764486975
vn 0.18150312758679124 -0.5050086530432764 0.8438144790341232
vn 0.20859876329504284 -0.5180969814347965 0.8294950715826652
vn 0.9397183332454158 0.23510458431594627 -0.24830482998943904
vn 0.9422033669673315 0.23480082214062242 -0.23900081421934913
vn 0.9364961187956332 0.235099030990837 -0.2601988952856728
vn 0.9334721094173483 0.23539298070768533 -0.27059188009524116
vn 0.42473087579471297 -0.47033425556733016 0.7735563141663194
vn 0.42498966794453513 -0.4703886057189851 0.7733811102878988
vn 0.42461611136614424 -0.4703178690914129 0.7736292781310743
vn 0.42438643471059173 -0.4702850080838191 0.7737752678945191
vn -0.2675952790118683 0.1518973561858633 -0.9514830318162828
vn -0.2675952790118683 0.1518973561858633 -0.9514830318162828
vn -0.2675952790118683 0.1518973561858633 -0.9514830318162828
vn -0.29728207847648047 0.45767246770472103 -0.8379494484285879
vn -0.29728207847648047 0.45767246770472103 -0.8379494484285879
vn -0.29728207847648047 0.45767246770472103 -0.8379494484285879
vn 0.02639969954415188 -0.8864896785314557 -0.4619947031310802
vn 0.02649962627143426 -0.8864873381551288 -0.46199347300379556
vn 0.02649962627143426 -0.8864873381551288 -0.46199347300379556
vn 0.3083891660155901 -0.6984753276533969 -0.6457773137418877
vn 0.38670764804087715 -0.7137140344214163 -0.584011534146885
vn 0.22739281095695388 -0.6764785532503466 -0.7004778915265015
vn 0.17940903727915236 -0.66043320276506 -0.729136737538339
vn 0.14829527110832075 -0.48708452651557665 0.8606725141399638
vn 0.14829527110832075 -0.48708452651557665 0.8606725141399638
vn 0.14829527110832075 -0.48708452651557665 0.8606725141399638
vn -0.3948947986726948 -0.5444928760210865 0.7399902742222614
vn -0.3725998145422905 -0.5629997405576865 0.7376995800019329
vn -0.40039112961367135 -0.539788012543734 0.7404835209785384
vn -0.419107477091438 -0.5235094028393146 0.7418132027571861
vn -0.7556527748344054 0.26301840223086664 -0.5998418157922848
vn -0.7630351589478853 0.26701232564276767 -0.5886270161691662
vn -0.7578900505636684 0.2641965614455348 -0.5964921191239292
vn -0.7475969185500224 0.2586989873641669 -0.6116973772309847
vn 0.13619636709330724 0.49668679587842873 -0.8571772141107142
vn 0.11579618802599098 0.5243827702572331 -0.8435721386437551
vn 0.14500584140877418 0.4844195503243391 -0.8627346087997735
vn 0.1613924352431177 0.46107839625814057 -0.8725589919027351
vn -0.28519868925624875 0.49459777025371254 -0.820996195671194
vn -0.26871176298008215 0.5182227027370999 -0.8119354769955501
vn -0.2770915427350549 0.5063846059511923 -0.816575108486882
vn -0.29319560293343183 0.482292862617356 -0.8254876940868697
vn -0.15630561564262307 -0.7982287736179265 -0.5817210495478063
vn -0.29350748769867385 -0.8279210638809735 -0.4779121955411996
vn -0.22000303162554175 -0.8149112087602276 -0.5362074112808548
vn -0.0760044830872699 -0.7705453724680771 -0.6328373784146044
vn -0.968214108857821 0.0031000645629728793 -0.2501036365356594
vn -0.990348142876385 0.03389823609860276 -0.13439295178951507
vn -0.9705610063822214 0.0055997936692353655 -0.24079031376114668
vn -0.938776476015001 -0.022499410669639435 -0.3437913678386574
vn 0.9169343635772016 -0.004300189862946206 0.39901488851722655
vn 0.9124301243080502 -0.04060137694366741 0.40721345317348495
vn 0.9222892618672184 0.12939845978737807 0.3641957661053679
vn 0.9211736112022036 0.15719547592894537 0.3559898318381629
vn 0.8128076524435722 -0.5391051164145402 0.22070204707893887
vn 0.8148021989444794 -0.5367014972977238 0.21920054606141448
vn 0.8118936667521908 -0.5401957963855581 0.2213982282111925
vn 0.8098849532486718 -0.5425899113745811 0.22289582897829396
vn 0.9337656826427593 -0.11909564197277635 0.33748759678215445
vn 0.9294701238766356 -0.13169577626522896 0.3445889019319258
vn 0.9366375470624045 -0.11020443202992428 0.3325132908529881
vn 0.9398202422845233 -0.10000217268124292 0.32670702112334693
vn 0.8650275482061991 0.10730337531079687 0.4901156256346884
vn 0.8659504796059898 0.17958967942631832 0.46677330034365555
vn 0.8446455234050525 -0.05750313604680286 0.5322286436641565
vn 0.8354360439683597 -0.09940431952797381 0.5405232628644928
vn 0.788101491821003 -0.4710008386751383 0.3963007047140161
vn 0.7568467411834156 -0.5071643565571095 0.4122709373677185
vn 0.8143038313158729 -0.4378021093432709 0.3811018018310501
vn 0.8526017013364572 -0.38300078484205885 0.35550068591853046
vn 0.8195908064232669 -0.047299507556764896 0.570993578432671
vn 0.8284845268012437 -0.018999684412329586 0.5596895575612885
vn 0.8114867886349004 -0.07059888751171951 0.5800905006575475
vn 0.8007291204642113 -0.099403659021792 0.590721413369864
vn 0.4950019251036957 -0.2176008970429673 0.8412032713617624
vn 0.5237208893470846 -0.18690747767846036 0.8311329766345305
vn 0.4720908988233021 -0.2412954040347941 0.8478836661004222
vn 0.4394042227974655 -0.27360270374292267 0.8556082570267294
vn 0.5259134678548366 -0.32830843673180354 0.7846200320534896
vn 0.5742620947277484 -0.26688243375744986 0.7739488439881532
vn 0.46687733636855017 -0.39588086273430384 0.7907615919518037
vn 0.4091134121717159 -0.45521497171464564 0.7908258629483801
vn -0.4688239672184617 -0.23721215832230058 0.8508433931726911
vn -0.38289218773571865 -0.16749664318933863 0.9084813961173109
vn -0.47058457619461963 -0.2389921799266923 0.8493720589833516
vn -0.540090671108698 -0.29719490242171537 0.7873863454212952
vn -0.9318196240741201 -0.2104044387488753 0.29570620613226284
vn -0.938786479024054 -0.2630962299317439 0.22239676390928498
vn -0.9291282199411608 -0.19810601905537642 0.3122094747489271
vn -0.9132925012949591 -0.14479883738735141 0.38069686598351277
vn -0.9304168521070905 -0.05330098306889654 0.36260651748006634
vn -0.9146126468748981 -0.10520147533465894 0.3904053736360506
vn -0.9236013839332617 -0.0772001320368108 0.3755004969504865
vn -0.9382788140693356 -0.021799524930605534 0.3451921896298366
vn 0.9346717677663868 -0.21439353871413283 0.283591426347993
vn 0.9431025410622385 -0.20600057441325156 0.26100069038866447
vn 0.9369139705988567 -0.21230317119374495 0.2777041144775567
vn 0.9286788078946526 -0.21999498781831298 0.29859316318728246
vn 0.48332284602018005 -0.8412396917913649 0.24231138534894067
vn 0.3813973625582959 -0.7667946998371256 0.516296368508697
vn 0.4667777132687852 -0.8326602412138339 0.2979857196197223
vn 0.5376923220776328 -0.8427880051262207 -0.024399696599110336
vn -0.41670899097059194 -0.847218236873346 0.32950701958151135
vn -0.3939140374192166 -0.8796312506049127 0.266609441099391
vn -0.411906902057978 -0.8547143318330261 0.3159052310364972
vn -0.4350779266838569 -0.8144587055352748 0.3838804692743318
vn 0.5361808309065405 -0.5234812455139854 -0.6621763376650499
vn 0.6902976489644563 -0.31449888163525475 -0.6515977357882071
vn 0.5982803910557315 -0.4492851945138184 -0.6634782495823667
vn 0.45550279450756664 -0.6056036466649934 -0.6525039672997087
vn 0.4370021992551782 -0.8018039944615404 -0.4076020514075655
vn 0.4370021992551782 -0.8018039944615404 -0.4076020514075655
vn 0.4370021992551782 -0.8018039944615404 -0.4076020514075655
vn -0.3855120380102419 -0.8838275128128135 -0.2650082944820895
vn -0.5178860345786819 -0.8551768930436475 -0.0215994627845777
vn -0.4359251916888014 -0.8815508973202899 -0.181210492756004
vn -0.2889069528281887 -0.867420803717117 -0.405109765231945
vn 0.2276943451362938 -0.9400766020638592 -0.2537937498147325
vn 0.22828827429206316 -0.9637503841884928 -0.13809294260491484
vn 0.22860020750551535 -0.9506007831452224 -0.210000229076364
vn 0.2258038510951041 -0.9194156032879294 -0.32200554228353395
vn 0.23349349422002003 -0.17339509222705926 -0.9567731863657629
vn 0.26020544472911555 -0.14020286639313453 -0.9553199897356236
vn 0.2467953792316521 -0.15689698723019974 -0.9562820589073036
vn 0.2184052505464656 -0.19130454580178324 -0.9569230466914824
vn 0.09100058989135211 -0.7910050987056504 -0.6050039887976691
vn 0.06259721240586552 -0.744866714360634 -0.6642704018971555
vn 0.08660335823875279 -0.7841303322505988 -0.6145237834179698
vn 0.111998530116661 -0.822389003961346 -0.5577926634648154
vn 0.7853882714310881 -0.6014910239286663 -0.14619784961391136
vn 0.8008971112337977 -0.582397893012207 -0.13919953818996617
vn 0.7784160558527908 -0.6096125560107897 -0.14980312261290404
vn 0.7647444986869312 -0.6252363778519473 -0.1557090990875331
vn 0.83717568626941 -0.164895243438746 0.5214848310455631
vn 0.850006729373597 -0.16150130994479367 0.5014039159257896
vn 0.8466205394468423 -0.1624039651765589 0.5068122081024378
vn 0.8348994243600188 -0.16559991574920951 0.5248996276500526
vn 0.7966879998459452 -0.25579607958969586 -0.5475916330332388
vn 0.8266739045229521 -0.22649282125179798 -0.5150837383398724
vn 0.775381263301745 -0.2757932886637882 -0.5680862244841027
vn 0.7499812105022107 -0.2972924950457248 -0.590885231058559
vn 0.8009457502464203 -0.5936338973388723 -0.07800449405297297
vn 0.7091133884282577 -0.7050132673981024 -0.010700240392010738
vn 0.7667140248762168 -0.6399116682378436 -0.05160097781216999
vn 0.8318988105202733 -0.5449992155046985 -0.10449987633589654
vn 0.9640011514898769 -0.21000026241081737 0.1631001830580805
vn 0.9389047850214088 -0.25550130294275325 0.2306011466980539
vn 0.9576623188527762 -0.22299123165913223 0.18209281603804855
vn 0.9750729090871549 -0.1833948877214524 0.12489650564346877
vn 0.6593734557148055 -0.32638682000161845 -0.6772726848382019
vn 0.6256082003770184 -0.37860489840146117 -0.6821090166003142
vn 0.6469039960556857 -0.346302075804027 -0.6794042185481388
vn 0.6728321473526939 -0.30381443593519 -0.6745322008667525
vn 0.8250051040243866 -0.2377015245735308 0.5127031924506907
vn 0.8435619382171348 -0.17969193775075928 0.5060771323609954
vn 0.6539074426206664 -0.558106249322052 0.5108057076354682
vn 0.6206042257493539 -0.6001040275697909 0.5047034288337665
vn 0.7717347418043408 -0.33841515924193316 -0.5384242456348379
vn 0.6389677403388148 -0.7625615003092758 -0.10109493089356845
vn 0.7698285792422247 -0.30341119712416187 -0.5615207957338543
vn 0.6457003438377386 0.13700010635574875 -0.7512003972485236
vn 0.9788724071585914 -0.10509704132127086 0.17539504670617168
vn 0.9910700845976786 -0.009599722668392187 0.13299598768474047
vn 0.9618217089685795 -0.17890404061255585 0.2071046701773334
vn 0.9428438239446817 -0.2388111269072018 0.2324107771052844
vn 0.4339002369917133 -0.8910003508926155 0.13359999643626877
vn 0.4339002369917133 -0.8910003508926155 0.13359999643626877
vn 0.4339002369917133 -0.8910003508926155 0.13359999643626877
vn 0.5522723482504655 -0.2707863656501781 -0.7884605237650676
vn 0.5441234598315698 -0.11020469916050435 -0.8317358864109836
vn 0.5519871590309717 -0.3064928056710922 -0.7754820025872804
vn 0.5475208563713 -0.3979150910345626 -0.7361280406052971
vn 0.6704868543388462 -0.334993400725718 -0.6619870086557721
vn 0.5851938581918242 -0.3509962569066955 -0.7309923227859892
vn 0.7373928940791799 -0.31749685472446326 -0.5961941521028237
vn 0.8267177808892991 -0.28530612786642184 -0.4849104290107006
vn 0.42500085123354353 -0.8271015327603956 0.3678006674221349
vn 0.42500085123354353 -0.8271015327603956 0.3678006674221349
vn 0.42500085123354353 -0.8271015327603956 0.3678006674221349
vn 0.6397207682616923 -0.6753218675938795 0.36701187147582154
vn 0.6397207682616923 -0.6753218675938795 0.36701187147582154
vn 0.6397207682616923 -0.6753218675938795 0.36701187147582154
vn 0.8399200467102175 -0.3472082966642582 0.417109954162941
vn 0.8292995554978181 -0.26789989636355027 0.4903997275483748
vn 0.8405897949440214 -0.35549571708694094 0.40869498622910655
vn 0.8383051285424903 -0.4500028092812196 0.30780185687933925
vn 0.8317718387723986 -0.5493813639950087 0.07959726829588187
vn 0.8539257572689434 -0.482314573774469 0.1954058673566736
vn 0.8222870152946369 -0.5672910465356307 0.04499925553102663
vn 0.8009322625518537 -0.5984241536297527 -0.019900833049970444
vn 0.6583328354608908 -0.746437218005052 -0.09710487799746212
vn 0.576188736846368 -0.8071841683893984 -0.12829753634775068
vn 0.7246034145996456 -0.6857031730476079 -0.06900036248438361
vn 0.8524670739126673 -0.5227797604390316 -0.0010999864015572114
vn 0.9643239446020153 -0.25160624245901786 -0.08230205722133216
vn 0.9665754248610161 -0.23569398569210742 -0.10089743883426752
vn 0.9643318762761272 -0.2516083141934705 -0.0822027288262593
vn 0.9610329502571104 -0.26970920468043075 -0.06060209097682627
vn 0.7840896221427417 -0.5772923164006118 -0.22789700716084083
vn 0.7840896221427417 -0.5772923164006118 -0.22789700716084083
vn 0.7840896221427417 -0.5772923164006118 -0.22789700716084083
vn 0.4084042077441796 -0.9016092947853667 -0.1425015180743105
vn 0.4263995733844089 -0.8975991185232066 -0.11179993847921728
vn 0.4039017946560088 -0.9024040748827092 -0.1501007192145901
vn 0.3799830856368053 -0.9054596691563582 -0.18909162372032948
vn 0.42592100573258507 -0.8852435984169863 -0.18690925161021033
vn 0.37028659418369136 -0.865168682263791 -0.3381878019647924
vn 0.4679792657683113 -0.8828607936310776 -0.039398297933494225
vn 0.5047891682998684 -0.8511817420495474 0.14379686216543325
vn -0.0811013023224953 -0.863313911817542 -0.4981080890970236
vn -0.0811013023224953 -0.863313911817542 -0.4981080890970236
vn -0.0811013023224953 -0.863313911817542 -0.4981080890970236
vn 0.9382039866942525 -0.20840089685645402 0.2763011862812685
vn 0.9537299825121376 -0.15750495341892728 0.2561080047673237
vn 0.9260966896783778 -0.2422991638152186 0.28919895674292506
vn 0.9038972647143227 -0.2960990616308839 0.30869901286410983
vn 0.6694089813091811 -0.7270097244228908 -0.1528020822409064
vn 0.5681834988828163 -0.8140763485409802 -0.12019654880014395
vn 0.6586162578760927 -0.7375181535809879 -0.14930371060285938
vn 0.7551836824969174 -0.6298863175919208 -0.1814960952772407
vn 0.5419823399330106 -0.7912741139307696 -0.2830908331681085
vn 0.6974016650039297 -0.6739016348777779 -0.24390060303083433
vn 0.5286203659785252 -0.7993307805075441 -0.28571106384935535
vn 0.43840551661638827 -0.8469105643628755 -0.3009038035167942
vn 0.4337058517725968 -0.8998121408256176 0.04730058520806013
vn 0.44830564132404443 -0.8901111678493259 0.08200098064624886
vn 0.42538810198867727 -0.9045747064510642 0.028099166098689995
vn 0.4156929239415334 -0.9094845709805677 0.006099846984229879
vn 0.837125791307071 -0.1980061377076716 0.5099156586717069
vn 0.8296233611149115 -0.2144060435948906 0.515514429635469
vn 0.8444400243516532 -0.18160865452463198 0.503923944534026
vn 0.8508062058343809 -0.16650123287705967 0.49840359104256493
vn 0.7801706180356547 -0.40498478223647877 0.4767820601813125
vn 0.8307102448819147 -0.309703852154494 0.46260567766608407
vn 0.7052100524442864 -0.5163073662632531 0.4859068691362882
vn 0.6520859935953697 -0.5808875138884487 0.48718944278918525
vn 0.39149598857279455 -0.8859909350079326 0.24849739237098592
vn 0.4783759039596348 -0.8338579016346768 0.27538608242287094
vn 0.3408029910434985 -0.9110079920362009 0.23220198048676222
vn 0.2726975163281466 -0.9389913403542487 0.2095980136551674
vn 0.18399749116138595 -0.9827865345984943 0.016599718618046162
vn 0.20890717721609578 -0.9776335015246149 0.024300781969385524
vn 0.18430571139077975 -0.9827304511384611 0.01650045920377504
vn 0.155305982881196 -0.9878379412398497 0.007500235217713147
vn 0.12020531984357562 -0.9927438947267269 0.00320008814146267
vn 0.16159993177232082 -0.9861995068392274 0.035999927239450565
vn 0.11659757104301219 -0.9931791965513956 0.0002999406505072392
vn -0.03890196283305703 -0.9919500527970776 -0.12050614110330775
vn 0.03960052283070439 -0.9185119317701107 -0.39340517254794
vn -0.010599846993486229 -0.9248868514855189 -0.38009466609374887
vn 0.03659935775470104 -0.9189837613751071 -0.39259308875832705
vn 0.08220021026844238 -0.9111021198765524 -0.4039010430641104
vn 0.1165041392277954 -0.9357331407907645 -0.33291181229965655
vn 0.05720255938226404 -0.9490422816426943 -0.30991388296516714
vn 0.13610071292197592 -0.9303047802162192 -0.34060183770640773
vn 0.22340277009285142 -0.9011110820904108 -0.37160465557994493
vn 0.02239905124376808 -0.9985574794846577 -0.04879797812027285
vn 0.02239905124376808 -0.9985574794846577 -0.04879797812027285
vn 0.02239905124376808 -0.9985574794846577 -0.04879797812027285
vn 0.03859871742054639 -0.881670464588554 -0.4702843085684361
vn -0.05270143921528834 -0.9151249565484546 -0.39971098584705744
vn 0.028799755627004476 -0.8858923285058585 -0.46299606517798075
vn 0.12689706729856037 -0.8366805680388252 -0.5327877263763244
vn 0.2251054851647271 -0.09670241767868867 0.9695236783925647
vn 0.21440201279995935 -0.12110120161676219 0.9692090981177912
vn 0.24729172996662557 -0.04559853693771891 0.967867539345779
vn 0.25819867509644817 -0.01949996191502078 0.9658950231074552
vn 0.2136032863081771 -0.39610621313405514 0.8930137199365671
vn 0.242087137669444 -0.3483815135253766 0.9055518421431119
vn 0.15119873596652508 -0.49299597552763946 0.8567928047991977
vn 0.11329962151977814 -0.5468981691142173 0.8294971900995157
vn 0.12209981195730553 -0.9125985513984664 0.39019933355326386
vn 0.05749925816952552 -0.9324878646958593 0.3565953133524205
vn 0.12380301263106949 -0.9120221623992161 0.39100944919033537
vn 0.19049638326343357 -0.8858831607501001 0.422991907089206
vn 0.1774067979718469 -0.984137601173303 0.00009995115302005544
vn 0.17429819599070548 -0.9846897423763984 -0.0025000266174183276
vn 0.17690502725702492 -0.9842278807748047 -0.0003000612069667745
vn 0.18120762767299403 -0.9834414244771965 0.0026000568047992332
vn -0.4319984577841405 -0.841896963183277 -0.32339888041689285
vn -0.263407753677175 -0.7081208037409399 -0.6551192888413759
vn -0.32770035019841265 -0.7679007850402294 -0.5504006402743705
vn -0.464682541694661 -0.8551678158021937 -0.2296914065878285
vn -0.35561485013831867 -0.03600155727671044 0.9339389520920267
vn -0.3480932711278276 -0.012099824468562791 0.9373818159338054
vn -0.37470918622624655 -0.10010250499773644 0.9217225798746835
vn -0.38150021081188856 -0.12410012206302659 0.9160004087632422
vn -0.33900049037640984 -0.5032007889279282 0.7949010212264571
vn -0.33600801726478596 -0.4856115917941297 0.8070192031475824
vn -0.3442006178776546 -0.5358010355716731 0.771001416946145
vn -0.3471140563094645 -0.5553225428230221 0.7557305772197935
vn -0.2776864645650754 -0.8808570149256645 0.3833812027911604
vn -0.205211518728884 -0.8082453188087404 0.5519309170582335
vn -0.28789790569000895 -0.8889935268497519 0.35609732534595917
vn -0.36739486575397856 -0.9250870609746665 0.0960986068310538
vn -0.3017052264678293 -0.9531164933528921 0.023300352372495725
vn -0.3017052264678293 -0.9531164933528921 0.023300352372495725
vn -0.3017052264678293 -0.9531164933528921 0.023300352372495725
vn -0.33429369689212146 -0.942082137820642 0.026999441058795422
vn -0.32368767331368364 -0.9461638548442864 0.000499930969450852
vn -0.3379984286449511 -0.9404956551614259 0.03499978365682023
vn -0.35180696476454637 -0.9335185417004065 0.06910131579574838
vn -0.4827978845245259 -0.8052964746114342 -0.34409851885330534
vn -0.4790882709473338 -0.8045803853755765 -0.35089148195643477
vn -0.4828145332564145 -0.8053241629263621 -0.34401034734923996
vn -0.48500547226035573 -0.8057090361407326 -0.34000388374058466
vn 0.40639243470472824 -0.9128829542908787 0.0385992328929054
vn 0.4647087296988428 -0.8741163415673643 0.1413025758667356
vn 0.38281107283670507 -0.9238266030368381 -0.000300058372886714
vn 0.3520878893572194 -0.934667743705666 -0.049298347275925164
vn 0.38599603472273236 -0.9220904641895 -0.027499764164796516
vn 0.35220013305631137 -0.9319002971616374 -0.08670007165607563
vn 0.3937138879615989 -0.9191324170322651 -0.013600528908384875
vn 0.44339343003552 -0.8925868201746456 0.08179874480608601
vn -0.8987921442057719 -0.1997982511755836 0.39019654065761405
vn -0.7612014923242496 -0.46270095669678124 0.45440082829504014
vn -0.8063378171265294 -0.3942185318861041 0.4409207114540985
vn -0.921008167015622 -0.12860115900238153 0.36770327465739006
vn -0.7593154161068217 -0.4924099604942144 -0.4254086619576645
vn -0.8340958337026485 -0.023999837348102553 -0.55109722191928
vn -0.8338861813215822 -0.1557973810584408 -0.5294912772239412
vn -0.7195316138413203 -0.5780252858267633 -0.38491690743301216
vn -0.020599254073437736 0.23339144886548135 0.9721646477465067
vn -0.020599254073437736 0.23339144886548135 0.9721646477465067
vn -0.020599254073437736 0.23339144886548135 0.9721646477465067
vn 0.2313104801239127 -0.28971305050668905 -0.9287420579207952
vn 0.2313104801239127 -0.28971305050668905 -0.9287420579207952
vn 0.2313104801239127 -0.28971305050668905 -0.9287420579207952
vn -0.9505087264061912 -0.15070141643548873 0.27170249190984197
vn -0.9484609936629705 -0.10809556681311305 0.297887716992833
vn -0.9504973862305723 -0.18179951011356874 0.25199931922788377
vn -0.9485358773376447 -0.22170840677832102 0.2261085397925592
vn -0.7655654994663735 -0.6024728857451981 0.225689804751245
vn -0.7677190011208614 -0.5978147130556406 0.23070566566989423
vn -0.7651261070507461 -0.6036205957581454 0.2241076006875973
vn -0.7622135762413639 -0.6100108598781117 0.21660382042825896
vn -0.9354911932195369 -0.25859754223040143 -0.24079771294819796
vn -0.9523775992195201 -0.21829484278316613 -0.21289497438675264
vn -0.9281341299818705 -0.27461008716337537 -0.2513092453351442
vn -0.9123059992594232 -0.30550200535219346 -0.2727018306521861
vn -0.7049923111896131 -0.6865924776448008 -0.177698088917978
vn -0.6397186252216774 -0.7437216359932497 -0.194005692442287
vn -0.7281230832022257 -0.6637209259300172 -0.17120545607744259
vn -0.7691179014711267 -0.6191143022572045 -0.15860370228095222
vn -0.35480507117250604 -0.9332132850934789 0.056800756995926106
vn -0.3494907553065134 -0.9368752422038231 0.01099965912245699
vn -0.35480507117250604 -0.9332132850934789 0.056800756995926106
vn -0.3593066848462494 -0.9276173331934416 0.10210185788655139
vn -0.9222923903502558 -0.3798968588682385 0.071099390461925
vn -0.9336129604272689 -0.34430475164608465 0.09910135274636002
vn -0.916590166418911 -0.3954957066764215 0.058699342625542855
vn -0.9043956368304463 -0.4252978900160244 0.034499809129454016
vn 0.6573009621281241 -0.7443011305470956 0.11820013642867673
vn 0.743580568320701 -0.6646825707074229 -0.07269813349485078
vn 0.7062163341617377 -0.7077163715714805 0.019900421424052822
vn 0.6020190269578649 -0.7701243364955392 0.21090660852142817
vn -0.12280088550778209 -0.9842070294303723 0.1275008460299252
vn -0.03760000718873215 -0.9986002217387249 0.037199954338368604
vn -0.11240111300717483 -0.9868097510427246 0.11650109459461937
vn -0.2339016297068715 -0.9408066331627343 0.24530166452242078
vn 0.699173237510392 0.7087729005059945 -0.09379637230488581
vn 0.7857801877985494 0.6071847731779383 0.11779706144098753
vn 0.7396922193200136 0.6728929058787794 -0.008399874727921199
vn 0.661727491480549 0.7322304115561861 -0.1611066460799122
vn -0.11789760117248195 0.99027972374182 0.07379853916981768
vn -0.08199802499762407 0.9903760222018841 0.11149734769967538
vn -0.11709992126489277 0.9902992317811701 0.07479999982206147
vn -0.16449678951226324 0.9860807200723696 0.02419958143677623
vn -0.7104734751863745 0.7033737552425662 -0.022199132698526504
vn -0.7577824922577029 0.6353852967426318 -0.14849652895263946
vn -0.7137577467634021 0.6997584916044158 -0.029798193951040913
vn -0.6654014428951647 0.7431015363199635 0.07100018670357966
vn -0.3394174362091055 -0.3659187205643364 -0.8665444558346657
vn -0.6679099877139538 -0.25440375693333556 -0.6994104494287672
vn -0.47910599631572126 -0.3274040796771574 -0.8144102239688998
vn -0.10030402559097519 -0.409816369998171 -0.9066364460641141
vn 0.6790112077702246 -0.40210656065366046 -0.6142101379834957
vn 0.6666162956250945 -0.6454157373352161 -0.37290915838460675
vn 0.6742144230026987 -0.6098130161061275 -0.4166089259757717
vn 0.6470976380202491 -0.22869912648646795 -0.7272972957552787
vn 0.19430402162024013 -0.6889142335981775 -0.6983144892725892
vn 0.07040055326694428 -0.7697059288153303 -0.6345049607735449
vn 0.1232969579372736 -0.7377817636985406 -0.6636836063345884
vn 0.2519077467714673 -0.6438197885209634 -0.7225223643772863
vn 0.7156362806143206 0.6388324327540644 -0.2824142997973461
vn 0.5712922893354007 0.5763921830861498 -0.584292025808242
vn 0.6240849718104212 0.6035854887978302 -0.4961879741318506
vn 0.7468824234832473 0.643384788661379 -0.1679960095089875
vn -0.010799996841824377 0.8765994171793019 -0.481099596621245
vn -0.0885983176905803 0.8069846348491923 -0.5838888055269725
vn -0.017399699801484 0.8713848473406387 -0.4902914421769464
vn 0.03789950658659892 0.9104882405377852 -0.411794598365375
vn -0.573000452301177 0.6967005631747497 -0.4316002860687574
vn -0.5418233141395227 0.7944341876705002 -0.2744117667214301
vn -0.5685892304371243 0.7174863799489749 -0.40239232301155275
vn -0.5810705378284706 0.49817476393285764 -0.643567350514438
vn -0.7854057569680188 -0.5991044059338871 0.15560111732278056
vn -0.8051132166040985 -0.5600092061881464 0.19540316638663777
vn -0.7845133692834073 -0.6007102242282786 0.15390256633080454
vn -0.7629119066020799 -0.6362098771579455 0.11490176226434103
vn -0.07799916499744161 -0.9960893142730689 0.0414994969934483
vn 0.12800539245820441 -0.981941181351465 -0.1393059075118867
vn -0.09130012788366917 -0.9944013496976117 0.05320002225557554
vn -0.2317042930143722 -0.9564176316897479 0.17770321998119212
vn 0.0846036741719735 0.9960433279774462 0.027201233578942163
vn -0.053300141054244854 0.9807024677024841 -0.18810041149836887
vn 0.06620021418171625 0.9978032280304456 -0.002499954863041998
vn 0.22030303139862592 0.9442128286678918 0.2448034079328847
vn -0.7580999557008417 0.6433999484380158 0.1064000165241549
vn -0.8072731907815078 0.5891804319816895 0.0342988923336137
vn -0.7484146479539766 0.6524127984196707 0.1193023687364991
vn -0.7046207989506532 0.6881202693286566 0.1732051518437037
vn 0.3036996855805429 -0.5580994375528988 0.7721991445096383
vn 0.1795033786232536 -0.6251118118055506 0.7596142177474159
vn 0.3545810229933231 -0.5262718300656651 0.7728584986996936
vn 0.4785033463231512 -0.4365030639044614 0.761905258388183
vn 0.35088799336044546 0.6429779660028263 0.6807767265046214
vn 0.37368718596775163 0.7551740031091645 0.5385815742035582
vn 0.32518144334756066 0.5413690440318552 0.7753557809589301
vn 0.2984005839082308 0.44680079319019106 0.8434015311391384
vn -0.17239432527304704 -0.9453689047594145 0.27669085732570875
vn -0.27929002400780084 -0.9443662258602145 0.1736937360535968
vn -0.1249022071181992 -0.9393165658035978 0.3195055991120308
vn 0.0026000207296383256 -0.9049062897437774 0.4256029213649223
vn -0.16080558688403782 0.9769339578882377 -0.14050482252116078
vn -0.15170142290920818 0.9720091264999773 -0.17940160614685957
vn -0.17959240032184837 0.9819583660911493 -0.05919744090953066
vn -0.19209505086855264 0.9813746745198142 -0.0017999008131021395
vn 0.3589936186065072 -0.3269942207621937 0.8741843978177208
vn 0.29240572232520207 -0.3726073345820049 0.8807171326635871
vn 0.36651730022586465 -0.32111520212726596 0.8732411440134442
vn 0.42881669638801717 -0.2740107094862556 0.8608335332604709
vn 0.36039317059105647 0.38269268410413504 0.850683884956391
vn 0.39041852898380663 0.4202198824246361 0.8191389519740503
vn 0.333888473928111 0.34988783666513396 0.8752696662924802
vn 0.2971070574881633 0.30440715381383665 0.9050213705198813
vn -0.031800154983651144 -0.8918043936436963 0.45130219766894003
vn -0.05300221512439225 -0.9035378589986817 0.42521771194058494
vn 0.00919981624213435 -0.8659824335827443 0.49998978800293387
vn 0.06550335386449443 -0.824042290786811 0.5627287211679602
vn 0.16170371625180743 0.9861227546378514 -0.03760081030790851
vn 0.16319355946452682 0.9856609976522479 -0.04289825003975161
vn 0.15829401681116717 0.9870627164088918 -0.02549898267158403
vn 0.1540027858287627 0.9880177626285109 -0.010200131740898762
vn 0.38669973544606484 -0.2666998640211554 0.8827992394293511
vn 0.38669973544606484 -0.2666998640211554 0.8827992394293511
vn 0.38669973544606484 -0.2666998640211554 0.8827992394293511
vn 0.49898023603370545 0.03349861618450729 0.8659656845172738
vn 0.6277042887293608 0.09920063494782023 0.7721052777547353
vn 0.5029777855323053 0.03569836410396923 0.8635617951607856
vn 0.3487114347123655 -0.03620125131727931 0.9365307281151574
vn 0.5761011179739562 -0.635701221931248 0.5138009909529915
vn 0.5784943375186176 -0.5998941877945935 0.5526945493752954
vn 0.5421974221634592 -0.780896206049664 0.31019843774032785
vn 0.5283977287057228 -0.8091964139736559 0.2568988203764446
vn 0.24389871759651097 0.968394862564104 -0.05219967159118207
vn 0.2477128210079276 0.9645499002927033 -0.09100466006546307
vn 0.2357002593013146 0.971601036741764 0.020900075780301043
vn 0.23010309101070617 0.971013058312522 0.06470091262015758
vn 0.9568023700400813 -0.1252002942801116 -0.2624006688212833
vn 0.9667280305129012 -0.11830340890645445 -0.22680656617866982
vn 0.8777113799922305 -0.15910203435300918 -0.45200583635266056
vn 0.8653990533726826 -0.1627997889319528 -0.47389946945040645
vn -0.5275840223793067 -0.6036815886609206 -0.5976818876642476
vn -0.5710056131844141 -0.601405854310281 -0.5588055011479507
vn -0.5541087398239815 -0.6025095202862162 -0.5744090723649417
vn -0.5100868442270031 -0.6039843233055554 -0.6123841511238408
vn -0.20920300289588006 -0.9045128956626849 -0.371605335213653
vn -0.12739963226887108 -0.8652974168034062 -0.4847986326002874
vn -0.14739869690630472 -0.8764921208059279 -0.4582959593051744
vn -0.23440765168291441 -0.9130297526610285 -0.33381090992992235
vn 0.38200218544681847 0.6594038094895429 -0.6475036265107195
vn 0.33619041224890583 0.5924831321157532 -0.7320790564346296
vn 0.35629182415525024 0.6220857414760754 -0.6971839544139594
vn 0.40089704722406905 0.68679496209482 -0.6062955035031988
vn -0.46960415853145154 0.6070053722272225 -0.641105617178058
vn -0.4401880415339198 0.4503878121940278 -0.7767788016659628
vn -0.45137673197586414 0.501374159245233 -0.7381619051887767
vn -0.4778876246654357 0.7042817586285011 -0.5249863071116937
vn -0.3189978225294286 -0.7974945293800353 -0.5120965385846686
vn -0.35928294100962993 -0.8624590318200184 -0.35648308056841516
vn -0.35409408720984875 -0.8548856733633449 -0.37919370100401817
vn -0.308508969266792 -0.7793225827898165 -0.5454159218759123
vn -0.24809682023705162 0.41909460384001884 -0.873388619584914
vn -0.2287086698425419 0.5555210576344105 -0.7994302338938658
vn -0.23319979100810168 0.5279995689605658 -0.8165992362543786
vn -0.2514927391153268 0.3893887939416824 -0.8860743588011744
vn -0.016100385613405946 -0.7955190500201657 -0.6057146346573713
vn -0.020700758118810843 -0.8057295043711711 -0.5919218228778981
vn -0.019700097190689363 -0.8037040417102858 -0.594703051538521
vn -0.014900902050470101 -0.7928481175414581 -0.6092370849095191
vn 0.060596662448263304 0.5677687272929184 -0.8209547592945126
vn 0.13760124465157364 0.6901062469218326 -0.7105063443979935
vn 0.11659841424507787 0.6583911048787154 -0.7435899157547241
vn 0.03920129823075673 0.5312176267826093 -0.8463280045068081
vn 0.37770797065549416 -0.5610117988247691 -0.7366155377689946
vn 0.39289925916424506 -0.6062986977360023 -0.6913986268946553
vn 0.3900103984051795 -0.5975159033842694 -0.7006187510613128
vn 0.3703785317943374 -0.5397685764357079 -0.7559561012905713
vn 0.042499663575669255 0.7475940905143622 -0.6627947302324896
vn 0.1062948809488087 0.8094611036596991 -0.5774721811014798
vn 0.09109824290207102 0.7957847030134988 -0.5986884136091769
vn 0.02860052830261042 0.7330135257244886 -0.6796125226081153
vn 0.49958015102673975 -0.10179590906136375 -0.860265811013358
vn 0.527885150484962 -0.11439671984808512 -0.8415762938590106
vn 0.523085375713544 -0.11209680908122517 -0.844876319415113
vn 0.49337880843133725 -0.09899567648906243 -0.8641627204568285
vn 0.019700350850801133 -0.01940027773860714 -0.9996176896193966
vn 0.030400905395567886 -0.014700372213159252 -0.9994296793711525
vn 0.011099684993433423 -0.023099277757660016 -0.9996715562424096
vn 0.002000063134049669 -0.02710076646855358 -0.9996307059130771
vn 0.1752067178855095 -0.013600458628489635 -0.9844377245579744
vn 0.20160563780949364 0.00880030724929983 -0.9794272415017592
vn 0.1834029517130583 -0.006600042092992734 -0.9830156645482859
vn 0.15730614276592655 -0.02850104863285745 -0.9871385250687633
vn -0.009299800882009773 -0.012499669109642234 -0.9998786286223464
vn -0.011400498739537733 -0.013500527814730807 -0.9998438700003185
vn -0.006500103607519885 -0.011200115242828365 -0.999916149520368
vn -0.004600166338148018 -0.010300310667609077 -0.9999363690104548
vn -0.12799405623252702 0.02889871729929465 -0.9913538145927518
vn -0.1436056294596683 0.013800604561727603 -0.9895387645267988
vn -0.13200417090681027 0.025100860964565007 -0.9909313021809549
vn -0.10850501240089824 0.04780227341802263 -0.9929459224650402
vn 0.009399962172984397 -0.022799842243001106 -0.9996958577011514
vn 0.009399962172984397 -0.022799842243001106 -0.9996958577011514
vn 0.009399962172984397 -0.022799842243001106 -0.9996958577011514
vn -0.3548027639622747 0.5112040500884762 -0.782806117667631
vn -0.3546091369488036 0.5090131270700207 -0.7843200854643617
vn -0.35549256851650657 0.5196891110637597 -0.776883685998938
vn -0.3559031031608127 0.5222045729938629 -0.7750066871355376
vn -0.95762444057202 -0.2508063994681321 -0.14160360449140194
vn -0.9322819051075697 -0.2976941854641715 -0.20549603730929716
vn -0.957176680663919 -0.2518938237375851 -0.14269654360236078
vn -0.9721264143392634 -0.21500583097714762 -0.09350255178182565
vn 0.9113157012322005 -0.2811048324122213 -0.30080519590286314
vn 0.9241644870436907 -0.26188992528680477 -0.2780893164444541
vn 0.9026305545543865 -0.2934098769979376 -0.31491066362525105
vn 0.8834098754729208 -0.3183035322671989 -0.3439038430479408
vn -0.8955025362191625 -0.25030066013599594 -0.3680010695100387
vn -0.9310010601012213 -0.20590018386260348 -0.3014002992296927
vn -0.9060293335513334 -0.23820764602185304 -0.3498113264622149
vn -0.8712487541547417 -0.2755153854750794 -0.40622269846763703
vn 0.7848753314695421 -0.6050808974146645 0.13359573958192225
vn 0.7734289238741786 -0.613822940910428 0.15820586881308576
vn 0.7836341757903859 -0.6059264429355015 0.13700592791866065
vn 0.7949723561977128 -0.5964792135656047 0.11059611505660785
vn 0.6235299553428286 -0.766136797501831 0.15570742533292634
vn 0.6191046308722367 -0.7682057489817598 0.16300117565197253
vn 0.6219854292847041 -0.7668820460202876 0.15819624916305605
vn 0.6266058987755155 -0.7646070861500149 0.15080136414804837
vn -0.23770938953600762 -0.9709383852583678 0.02780104599276663
vn -0.2956099402921818 -0.9441318048438138 0.14570483273665105
vn -0.2732918851475862 -0.9567715988513853 0.09949700067762059
vn -0.21360998933159725 -0.9767457083770638 -0.018400913693157214
vn -0.9473696325657663 -0.30159038595509147 0.10739654739172849
vn -0.9350006696328451 -0.32610023897936674 0.13940007863602885
vn -0.9589206141619785 -0.2743059298999344 0.07230153910495896
vn -0.9697078428193907 -0.2422019695785921 0.03170024458603747
vn -0.98745996099538 -0.15779359128806558 0.004899793813797373
vn -0.9797435298895436 -0.19590868753552768 0.04150182872698445
vn -0.9874075933819103 -0.15810121488216206 0.005500034957039717
vn -0.9924818877662724 -0.11799784222860102 -0.03249941053758124
vn -0.7815031433338956 -0.6158024917743784 -0.10020043953849321
vn -0.7815031433338956 -0.6158024917743784 -0.10020043953849321
vn -0.7815031433338956 -0.6158024917743784 -0.10020043953849321
vn 0.9345818106643649 -0.14779712101547027 0.32359364980613564
vn 0.9345818106643649 -0.14779712101547027 0.32359364980613564
vn 0.9345818106643649 -0.14779712101547027 0.32359364980613564
vn -0.01150025701921698 -0.43610976336544516 0.8998199922127911
vn 0.1724987267808966 -0.35349745113475084 0.9193931375098489
vn -0.3653971358111796 -0.5437957334046543 0.7554939665357233
vn -0.5535321772683387 -0.5678330074302298 0.609235426088563
vn -0.8078394608652313 -0.026001303886510466 0.5888287846778327
vn -0.8598793442702631 -0.07479822937228447 0.5049878594383369
vn -0.8407829562097645 -0.05579889823086481 0.5384890932074583
vn -0.7878295306231299 -0.009300386213717139 0.6158231349132757
vn -0.4301926792784808 -0.49809159245222895 0.7528871258187408
vn -0.4301926792784808 -0.49809159245222895 0.7528871258187408
vn -0.4301926792784808 -0.49809159245222895 0.7528871258187408
vn 0.1979910350944703 0.13929376767264867 -0.9702560467782606
vn 0.14109705888700372 0.06469871754144463 -0.9878793934088966
vn 0.1877985443211071 0.12599906278945885 -0.9740923687859644
vn 0.25018699061773886 0.20908918855263334 -0.9453508242742695
vn -0.631896653981781 0.04909978784267404 -0.7734958497111887
vn -0.6547715865541865 0.09629586604995517 -0.7496674433527192
vn -0.632128888687649 0.05020234446158636 -0.7732352764179077
vn -0.6089757442401196 0.0056998259060439364 -0.7931683647951633
vn -0.9534576154866216 0.10989509737754906 0.28078754075447204
vn -0.9423592884110411 0.07369679485854223 0.3263858973255648
vn -0.9607002926937795 0.14270001893476353 0.23810008864782983
vn -0.9654937962937186 0.17979883254260146 0.18839880343213636
vn -0.516619660469837 0.07490279527664795 0.8529324109657078
vn -0.5817857326990928 0.03519908822237112 0.8125800793866989
vn -0.5569831325310429 0.0506984134885043 0.828974945909498
vn -0.4814834232466573 0.09519667321276933 0.8712699389671962
vn 0.26678520996136396 0.04409749528433095 0.962746624328291
vn 0.31110584247316053 0.017300262960719726 0.9502177938138997
vn 0.2189893321678195 0.07219642157650254 0.9730525931871515
vn 0.1802915194544023 0.09459549039298328 0.9790539623586301
vn 0.7989200126385664 0.056101367155254565 0.5988150382287539
vn 0.7539764229859028 0.11259642739503 0.6471797262888098
vn 0.8049030402971479 0.04750013392479187 0.591502183425839
vn 0.8404194283034794 -0.0051001558678505105 0.5419125141018398
vn 0.9347775578318844 0.09019784883584361 -0.3435917132866335
vn 0.9047954672091421 0.17169915076222506 -0.38969804226518867
vn 0.9400257944003821 0.07250199898127616 -0.33330911479533454
vn 0.9639575324003711 -0.0421981260911067 -0.26268839693253804
vn 0.1583018592241518 -0.15270187448431322 0.9755114857833064
vn 0.14820115760208394 -0.12900106363870725 0.9805075942926114
vn 0.15360740408094234 -0.14150686414621905 0.9779471216845098
vn 0.16209249327737452 -0.16219252946116175 0.9733548207155058
vn 0.05670149057719143 -0.5191136955321409 0.8528223215167908
vn 0.02269949785101872 -0.5347881625973875 0.8446812143897968
vn 0.08109902233201673 -0.5073938357316127 0.8578895290410954
vn 0.15560505419571338 -0.46891528203565996 0.8694282750072984
vn 0.013400560343367986 -0.9991414621044049 0.03920157760034542
vn 0.004100142474113429 -0.999733897781866 0.02270071491317883
vn 0.026799941268251224 -0.9976975985616424 0.06229979913571378
vn 0.038301739105559375 -0.995944991260252 0.08140363115430443
vn 0.06359917314943303 -0.9976869036542858 -0.023999738570079476
vn 0.02780141391739177 -0.9984506001700487 -0.04820249375564882
vn 0.06119967704282705 -0.997794625101797 -0.02569991532705949
vn 0.10579747534488027 -0.9943761138657496 0.004799831653200615
vn -0.7678358871975097 -0.5831272299019786 -0.2653124272974372
vn -0.7678358871975097 -0.5831272299019786 -0.2653124272974372
vn -0.7678358871975097 -0.5831272299019786 -0.2653124272974372
vn -0.45736887505151547 -0.5137650929005555 0.7258506330168727
vn -0.36919717637800453 -0.5693957087869791 0.7344943646955244
vn -0.434999184037655 -0.5287990204920758 0.7287985358198764
vn -0.5402914751651547 -0.45229290333140254 0.7095887903989968
vn -0.3578057348223347 -0.9240148525395517 0.13480210834612177
vn -0.35968748280707125 -0.9245677593357613 0.1256955572355782
vn -0.35629168241771614 -0.9239784397212614 0.13899669050094918
vn -0.3539977069517504 -0.9234939538037854 0.14779898768514882
vn -0.24279414488655235 -0.9696765614298618 0.027899272792800477
vn -0.24279414488655235 -0.9696765614298618 0.027899272792800477
vn -0.24279414488655235 -0.9696765614298618 0.027899272792800477
vn -0.3838113825483295 -0.922927279192937 0.029900835236868314
vn -0.3256062881656847 -0.9425180693320274 -0.07510149192654242
vn -0.45519289531539386 -0.8729864594627398 0.1751972307118444
vn -0.5119969626312295 -0.8005951575925816 0.3112980949117821
vn -0.7233628547293841 -0.6820649523430583 -0.10739451188500299
vn -0.7365029630201098 -0.6728026029641523 -0.07000030647975698
vn -0.7098089074458926 -0.689808694865531 -0.14260182116081455
vn -0.7014015623128415 -0.6939015136237435 -0.16290039219039054
vn -0.9492516711088288 -0.14579259451692003 0.27868581643334617
vn -0.9484124336249182 -0.10820141988796926 0.2980038732632304
vn -0.9483081400408745 -0.18700161921070096 0.25640215666954447
vn -0.9458688979458176 -0.2210927303096418 0.23759215581115503
vn -0.7676480568547661 -0.5977595673405502 0.2310843146125245
vn -0.7708019645526601 -0.5903015285543133 0.23960057768753593
vn -0.766764853541307 -0.5997724895999477 0.22878946674368256
vn -0.7621116851195353 -0.6102093099617127 0.21640327502215087
vn -0.9345195860807011 -0.2572053716906933 -0.24600516255763313
vn -0.9500836606716472 -0.21779623253950256 -0.2233961477205037
vn -0.9231641037376845 -0.28268898394571973 -0.26048987682045194
vn -0.9085346468891857 -0.3125118419751708 -0.27731055520341824
vn -0.6954164660400698 -0.6914162786909683 -0.1958046687938615
vn -0.6201008120665489 -0.7544009300526875 -0.2153003009985048
vn -0.7209943048098076 -0.6668946844343683 -0.18819854490671883
vn -0.7672041597746821 -0.6176032987748843 -0.17310096061779992
vn -0.3918076541426886 -0.9195179646595917 0.03120055806368567
vn -0.3812102339956585 -0.9230247056849817 -0.05200144413502757
vn -0.39209516028955105 -0.9193886299150686 0.03139956146834476
vn -0.39990150126438684 -0.9095034106943135 0.11350037542625474
vn 0.4097853960681659 -0.593178874165904 0.6929752899003881
vn 0.3345047343543962 -0.6865096870671793 0.645609039789111
vn 0.4852963173164348 -0.47819636478231736 0.7319943449973388
vn 0.5566261721480322 -0.340816066194576 0.7576356073360618
vn 0.3606962400710267 -0.9162903664517141 -0.17409821006089554
vn 0.3606962400710267 -0.9162903664517141 -0.17409821006089554
vn 0.3606962400710267 -0.9162903664517141 -0.17409821006089554
vn 0.23409161992649846 -0.9637654586858064 -0.12789548125060898
vn 0.17139793444092977 -0.9744881900347202 -0.14489829382100414
vn 0.24280869062717866 -0.961934323508581 -0.1254045334587367
vn 0.3126991597458443 -0.9439974539813913 -0.10529977384065874
vn 0.4515819525226781 -0.8921642844821379 0.010799520835702145
vn 0.43249007940750117 -0.8989793757638276 0.06919836100206507
vn 0.4478992062204393 -0.8937983805474863 0.022599911455387905
vn 0.46662987806930406 -0.883556625298747 -0.039802597700601274
vn 0.09039552542606819 -0.9958505956131743 -0.010499533314906443
vn 0.1768968875327931 -0.9761827067747015 -0.12559782711188675
vn 0.12129747355024095 -0.9912793643029069 -0.05149897880107347
vn -0.01880070335254612 -0.9911372248092162 0.13150488641466715
vn 0.6774107194258375 -0.360505653676732 -0.6412100988553449
vn 0.6702171347468827 -0.2049051895608161 -0.7133182007931138
vn 0.6740003405713412 -0.4290001611041215 -0.6014003680430815
vn 0.6389640178745144 -0.6153652610658504 -0.4615740236787758
vn 0.9829287958462578 0.11260326211010648 0.1455042530594497
vn 0.9912645080725322 -0.011399603331905648 0.13139529702236788
vn 0.9906708202878769 0.017899458446564456 0.13509602221185044
vn 0.9798064641817138 0.13510087550532646 0.14740097077503386
vn 0.776279194724554 -0.0027998865950569205 -0.6303830363143134
vn 0.6929125535010796 -0.41670749083861075 -0.5884106221675495
vn 0.7115976526605269 -0.364898746767463 -0.6003979391499965
vn 0.7768977910406222 0.054099879575802395 -0.6272981948850845
vn 0.5196260748427258 -0.4725236979619331 -0.7118357234699042
vn 0.47451847519195167 -0.5944230790156259 -0.6492252458392912
vn 0.5047807719438421 -0.5171801653713305 -0.691173674862015
vn 0.5417075830993849 -0.3938054299453583 -0.7426103808580746
vn 0.9782183247972022 -0.1039019301261901 -0.1797033609786082
vn 0.9846653726408348 -0.05079819953118833 -0.16689411866951998
vn 0.9825918995428177 -0.07069940389166092 -0.17179858335330084
vn 0.9736170333159088 -0.1319022965079427 -0.18620326692370204
vn 0.023900343771044632 6.43469861638292e-8 -0.9997143459847025
vn 0.024200173350783498 6.434548000895424e-8 -0.9997071329193304
vn 0.024200173350783498 6.434548000895424e-8 -0.9997071329193304
vn 0.024200173350783498 6.434548000895424e-8 -0.9997071329193304
vn 0.865950045182472 -0.09159468329235707 -0.4916715705031639
vn 0.7121887308641545 -0.43509303817585376 -0.5508913320801208
vn 0.7435424616495551 -0.3847218841592018 -0.5469311470131444
vn 0.8853083798867448 2.6877102103610558e-8 -0.46500437901411906
vn 0.7326730807265421 -0.5780787055238447 -0.35918681350872833
vn 0.39449100343051674 -0.762982586437416 -0.5120882941501935
vn 0.4675081707846689 -0.7368128500858973 -0.4884085730184004
vn 0.8147128949424941 -0.4979078674290496 -0.29720473476490333
vn -0.9483628256942296 2.3754498763017594e-8 -0.3171875641339931
vn -0.9483628256942296 2.3754498763017594e-8 -0.3171875641339931
vn -0.9483628256942296 2.3754498763017594e-8 -0.3171875641339931
vn -0.9483628256942296 2.3754498763017594e-8 -0.3171875641339931
vn 0.07829949163498866 -0.24759832051502378 -0.9656936684517726
vn 0.14170137188585546 6.330366043601575e-8 -0.9899094510134057
vn 0.12839879838419577 -0.055099419772980426 -0.9901907909661529
vn 0.06669914210818484 -0.2906961982622763 -0.9544877918328194
vn 0.20810556588037402 -0.642116995061708 -0.7378196514748923
vn 3.339034207534422e-9 -0.6531927247860777 -0.7571916958647521
vn 0.09139839731010074 -0.6518884259495491 -0.7527866982633022
vn 0.2774013847614425 -0.6319031102195527 -0.723703620985338
vn 1.5427798803305896e-9 -0.04210049994765695 -0.9991133809053692
vn 1.541751588453021e-9 -0.04180102004906651 -0.9991259553844338
vn 1.5427798803305896e-9 -0.04210049994765695 -0.9991133809053692
vn 1.541751588453021e-9 -0.04180102004906651 -0.9991259553844338
vn -0.03809973887734418 -0.6582955152999554 0.7517948020792936
vn -0.03809973887734418 -0.6582955152999554 0.7517948020792936
vn -0.03809973887734418 -0.6582955152999554 0.7517948020792936
vn -0.16229917432996568 -0.5996969067535076 0.7835959405472226
vn -0.16229917432996568 -0.5996969067535076 0.7835959405472226
vn -0.16229917432996568 -0.5996969067535076 0.7835959405472226
vn -0.19779097735996634 -0.41048133351686555 0.8901594262317312
vn -0.21458654718565087 -0.4334728249051111 0.8752450650164919
vn -0.18980245437621482 -0.3994052230649062 0.8969116434193712
vn -0.1640008423333999 -0.3636018887703121 0.9170045747958933
vn -0.25960007859259604 -0.09120007870257081 0.9614002001452686
vn -0.27780022083997724 -0.1209001379107055 0.9530006264186988
vn -0.24299676983995422 -0.06439920848753677 0.9678870346241482
vn -0.22470063686250408 -0.03490016014799482 0.9738026507538523
vn -0.4063718724340765 -0.6526548303726614 0.6394556854744942
vn -0.4063718724340765 -0.6526548303726614 0.6394556854744942
vn -0.4063718724340765 -0.6526548303726614 0.6394556854744942
vn 0.7850789014215428 -0.6046837672756802 0.13419634919041012
vn 0.7753142056063325 -0.6113111189414135 0.15870286211539616
vn 0.7860965291173714 -0.603997284595821 0.1312993797033944
vn 0.7945808657587187 -0.5973856157169171 0.10849734515021413
vn 0.7718883231522344 -0.6194906250431463 0.14289780286933654
vn 0.7718883231522344 -0.6194906250431463 0.14289780286933654
vn 0.7718883231522344 -0.6194906250431463 0.14289780286933654
vn -0.9756857053886728 0.06909900138961007 -0.20799695263913578
vn -0.9788264436105082 0.11430310229577914 -0.16980457618793784
vn -0.9677705867555136 0.01649951754226872 -0.2512923742013698
vn -0.9579914803859543 -0.026199745950364093 -0.2855974383989886
vn -0.9476771112603519 -0.08019807583080707 0.30899249412610463
vn -0.9481151762375608 -0.08660139911785694 0.3059049039470417
vn -0.9469697710693553 -0.07139774114039697 0.3132899858611857
vn -0.9463036828408745 -0.06340025907728945 0.3170011782166279
vn -0.9171938204328264 -0.0579996257077313 0.3941973353253413
vn -0.9191882506428815 -0.05329933731541095 0.39019500319944805
vn -0.9173340370053702 -0.05770216290234932 0.39391461631655766
vn -0.9151608360795379 -0.06269734062155898 0.3981829825409235
vn -0.9960262958523048 -0.08840232878271723 -0.010800288724342095
vn -0.9935895031178179 -0.1123988101486064 0.012099866580489112
vn -0.9958768018836223 -0.09029789004493818 -0.008699800197755203
vn -0.9973687034840253 -0.06359799803916992 -0.034798907396697214
vn -0.9706664514546649 -0.1948932342450387 -0.14079512514969034
vn -0.9725403172573178 -0.1882077760453469 -0.13690567681838617
vn -0.9685278297643312 -0.2023057843949755 -0.14500418122360742
vn -0.9666896563682432 -0.20839774500657032 -0.14859841232942042
vn -0.9399953112574325 -0.15989917184210817 -0.30139852298617986
vn -0.9360125517598901 -0.17390228054190493 -0.30600408456467354
vn -0.9498003926473757 -0.12150001480385014 -0.2883001223197014
vn -0.9531368047915229 -0.10640408113574915 -0.2832108805633421
vn -0.9893210888588343 -0.13920295942896765 0.043200916950775985
vn -0.9953614761184347 -0.09399635374123827 0.02049920346459153
vn -0.9931414102239075 -0.11300470959471316 0.030001248438740684
vn -0.9846858325715429 -0.16499761680680272 0.05629917922104253
vn -0.9530290346812968 -0.16920516963986293 0.2512076225387693
vn -0.8837673440503864 -0.2822895589168512 0.37318612851585925
vn -0.9507655803105054 -0.17409371007724503 0.256390700705716
vn -0.9880496735969957 -0.06680336392682124 0.1389069943268911
vn 0.9998116928481636 -0.018900222686808084 0.004400048463201531
vn 0.9967820533034595 -0.06389884560623332 -0.04839912956169854
vn 0.9994830790754432 0.00399992679654153 0.03189945497173714
vn 0.9941540827548426 0.05569741301699912 0.09249571841491754
vn 0.951091829979249 -0.190598373547115 0.24309790403851178
vn 0.9372386122710465 -0.2034083814685945 0.2832116064298383
vn 0.9414426174938252 -0.19950905107112382 0.2718123185344532
vn 0.9551971306948305 -0.18639944594651509 0.22989929983189375
vn -0.7505300022325018 -0.04610187954739959 0.6592263135305493
vn -0.7757922803423898 -0.08819915559477866 0.6247937633439717
vn -0.7593201585707997 -0.060301633893262166 0.6479171318446664
vn -0.7257760487130107 -0.008599758524709313 0.6878772937580119
vn -0.44221410104342607 -0.08650280602622111 0.8927283760405202
vn -0.46090723343499984 -0.1270020538318099 0.8783137255501572
vn -0.4216052619006392 -0.044000603222008425 0.9057112950901037
vn -0.40249939488014413 -0.006300047450639895 0.9153985724935547
vn -0.9172573493359334 -0.3082856216590117 -0.2521882839616747
vn -0.9230913047035562 -0.29889719770386847 -0.2419977445875496
vn -0.9169807576846608 -0.30869350742162904 -0.2526946942691878
vn -0.9121796211371797 -0.31609291066723255 -0.26079419205179427
vn 0.527088026316512 -0.16629625646116597 0.8333809258680968
vn 0.5224093098116687 -0.17370313504978271 0.8348147901756251
vn 0.5292776878133865 -0.1628931932582374 0.8326649606973084
vn 0.5353947077030694 -0.1531985381113541 0.83059178594788
vn 0.868347375898248 -0.17308948696797577 -0.46477184109172304
vn 0.793978076877711 -0.2763923644017556 -0.5414850638179957
vn 0.8557223403954409 -0.19270499823869622 -0.4802125152492106
vn 0.9122941833261343 -0.09099940072405381 -0.3992974231536747
vn -0.05240176425222166 0.9975334650069306 0.04670161982759472
vn -0.037098446998546454 0.9977582221528146 0.055697714107050454
vn -0.0664965082033335 0.9970475441567982 0.038398034945314276
vn -0.0799031189422143 0.996338926314666 0.030401241643147628
vn 0.761697964723456 0.6475983102418428 0.020799978559004156
vn 0.7987990044910599 0.6014992447025936 -0.01089995625225169
vn 0.7842897240643874 0.6203918267520977 0.001900006895335309
vn 0.7453776733111505 0.6657799791411005 0.03389901922078942
vn -0.9305457467721499 0.35761755093888736 0.07870387807938467
vn -0.9288405615985015 0.3615157477376233 0.08100355095356843
vn -0.9333594726868375 0.3510847296839621 0.07469676919711886
vn -0.9352983220801245 0.3464993862773288 0.07179988874321593
vn 0.8677747348846115 -0.4953855550408676 -0.039498877867522514
vn 0.8994565330171407 -0.4305791341901027 -0.07469641499353809
vn 0.8234588973391043 -0.5673716639165306 0.0021998585532037812
vn 0.7830994271578762 -0.6208995502684003 0.03519993837359322
vn 0.0710021354102913 -0.9738290803967439 -0.21590650509146497
vn 0.16040081809926635 -0.9486047471417612 -0.272801413583584
vn -0.016200414351988615 -0.9872253987614686 -0.1585041280695332
vn -0.08709682924261235 -0.9900640668430851 -0.11039604106132703
vn -0.7575853478234313 -0.6522873767225998 -0.02419956469855985
vn -0.7442999497150995 -0.666699912044105 -0.039100027295171216
vn -0.7695721103288427 -0.638476846879379 -0.010299660333118353
vn -0.7878087783779898 -0.6158068579996241 0.011800099627138317
vn -0.09880145101448826 0.9917145036422875 0.08210125786468232
vn -0.10469817429258882 0.9906826633133318 0.08709852415628219
vn -0.098397984836658 0.9917796441938517 0.08179837371734208
vn -0.0921013325306573 0.9928142871309672 0.07640115061114437
vn 0.7526863010385239 0.6520881831812652 -0.09079831267320758
vn 0.7073083372965581 0.7064082753562929 -0.02650027356323821
vn 0.7386896981954145 0.6703906782140436 -0.07009898960528509
vn 0.7759261870447131 0.6177208475483247 -0.12790428750605773
vn -0.9459417291876352 0.3110136584212114 0.09200407195858519
vn -0.9612504636520994 0.24141265869601317 0.1331070033842925
vn -0.9518056678719724 0.28780172449003577 0.10600065088172793
vn -0.928689146640957 0.366295707541773 0.05799934092524819
vn 0.9142871185750624 -0.3702947248382554 -0.16419769049737096
vn 0.9393217139705247 -0.3230075008169464 -0.11550269295330932
vn 0.9198548562798399 -0.36068231341450185 -0.1541924517230286
vn 0.8881770431390109 -0.4104893299914846 -0.2064946730644291
vn 0.14769972199777445 -0.986998095056496 -0.06339994066738813
vn 0.13020507285923857 -0.9886385500449826 -0.07510297175661458
vn 0.14229345789517786 -0.9875545443715211 -0.06699696807610266
vn 0.16140081618532007 -0.9854049580426674 -0.05410032531918178
vn -0.7421802748821147 -0.666982236622594 -0.06559828965629087
vn -0.7436541250060416 -0.6651588824633226 -0.06739587110233553
vn -0.7424934245321171 -0.6665940197183085 -0.06599945001556377
vn -0.7411940742557186 -0.6681946171683638 -0.06439951766458935
vn -0.022699007310417976 0.9995560493463638 0.019299204185956022
vn 0.06130234904868484 0.9957381464368773 -0.06890258145792146
vn -0.016799549656968053 0.9997730607451168 0.0130996999837479
vn -0.1109012976269625 0.9875115138392523 0.11190135039204906
vn 0.723264249967399 0.6867660364089402 -0.07239638080905536
vn 0.7406220345837484 0.6631197103257949 -0.10840319029651677
vn 0.7268576103819034 0.6821602442447153 -0.07959532273883402
vn 0.7062965120147232 0.7067964458110267 -0.03979976513418332
vn -0.9356585452964148 0.2776876830857596 0.21779035166016764
vn -0.9261013483803974 0.33830046608167763 0.1670002610085668
vn -0.9332046857945255 0.297601475898685 0.20140103265392015
vn -0.9387506932144257 0.23558762316152076 0.251486794489374
vn 0.9148013735920603 -0.30620041264642334 -0.26340036858220167
vn 0.8964371973107439 -0.3298136831248977 -0.29601230667194933
vn 0.9133804631934929 -0.30819335440611456 -0.2659943340681288
vn 0.9285958826774191 -0.28629872431562936 -0.23609897740097893
vn 0.13220161653612103 -0.9777118468691951 -0.163102044980631
vn 0.14699470119521424 -0.9772647498981757 -0.15279452355037398
vn 0.1339039657932581 -0.9777288026210637 -0.16160481573894744
vn 0.11859411516119019 -0.9779512990705715 -0.17189151373850856
vn -0.7894949237457279 -0.5955961877610542 0.14819900979502626
vn -0.8375267263723462 -0.5375172209231441 0.0981031081214102
vn -0.801234183524591 -0.5825249371291347 0.13670581836330037
vn -0.7485013644977394 -0.6366012121337912 0.18570030709401175
vn -0.004400167810392316 0.9992372501870393 0.03880149947984634
vn -0.027901068974997983 0.9950379754448258 0.09550370554441803
vn 0.0252011092949997 0.9991441201020369 -0.03280139258976921
vn 0.06389729994472577 0.9899582191509152 -0.12609464459413972
vn 0.6989731358763627 0.6464751654797812 -0.305788187706872
vn 0.6995207609698303 0.6422190767530233 -0.313409257085179
vn 0.6984080629411744 0.6507074278392179 -0.2980033908760532
vn 0.6978596725695446 0.6544621358017476 -0.29098314419042026
vn -0.9239837458867167 0.31789441494339243 0.2125962800355393
vn -0.9247469419579617 0.3035153663629059 0.22961166285924858
vn -0.9236199862028939 0.3226069694646942 0.2070045031862163
vn -0.9222449067347562 0.3369164058577154 0.1896092494202744
vn 0.8828028800619494 -0.3678011455524465 -0.29220094504404914
vn 0.8689134959381257 -0.37760583187315405 -0.3200049566990614
vn 0.8987406545021063 -0.3551160487356453 -0.2572116402410834
vn 0.9108142763433863 -0.34420532904390966 -0.2279035880955973
vn 0.15709696713760124 -0.9875809500315601 -0.0021000121257890195
vn 0.1577954049090937 -0.9874710983857076 -0.0012000177079058373
vn 0.1564960398497417 -0.9876748956995942 -0.0026999844710120548
vn 0.15589492282500952 -0.9877677932760237 -0.003399941764051472
vn -0.806696213382074 -0.561197393351398 0.18519909559881653
vn -0.7905924705593771 -0.5762945198320608 0.20699799976414043
vn -0.8139104795712222 -0.5540071780382473 0.17500222263228754
vn -0.8277054443393592 -0.5395035028100854 0.1544009969742174
vn -0.036698394578856396 0.9977562311419432 0.055997598633869335
vn -0.03659873931298767 0.9977654695449788 0.05589812219017751
vn -0.03670164596617331 0.9977445866905558 0.05620257034216025
vn -0.03680068986595451 0.9977184092415557 0.05660110498823654
vn 0.728314587445132 0.6844137116485266 -0.033700638304260636
vn 0.7223868929419024 0.6912874208343043 -0.01669966173310259
vn 0.7327236742017785 0.6789219319544701 -0.04670147294738822
vn 0.7389727859508637 0.670475285138193 -0.06619753502116421
vn -0.9484925484733796 0.26839790448661843 0.16829869386797378
vn -0.9478085386151553 0.2514022079006405 0.19610176947413435
vn -0.9480656719006562 0.2888895105906212 0.13309520064325744
vn -0.9464193142399385 0.3060062133562914 0.1032021270175591
vn 0.8849683633727697 -0.39008603795639846 -0.2542909334223314
vn 0.8862013963423803 -0.38890056162118797 -0.251800393747786
vn 0.8842705364041299 -0.3906869824237533 -0.25579151708407805
vn 0.8831279087944811 -0.39181231484062806 -0.25800815228886703
vn 0.13060613488329115 -0.9848461780175521 -0.11410540379433141
vn 0.13179891087703588 -0.9847918593431223 -0.11319912041682684
vn 0.12949630217058813 -0.9847717826474226 -0.11599674058162618
vn 0.12810357498739064 -0.9847275131377196 -0.11790334577548037
vn -0.8561595589855371 -0.5089353658692577 -0.08930623116678635
vn -0.8675049312464412 -0.4803026563603367 -0.1294007440330686
vn -0.8417139705645982 -0.5379088748571801 -0.04660079512477415
vn -0.8268140713839043 -0.5624095734816426 -0.008600175449909432
vn -0.026200903750021976 0.9973342357096074 0.06810238559856363
vn -0.012099736746922414 0.998278005129753 0.05739878783403086
vn -0.02070086512108221 0.9977414087328857 0.06390270325232875
vn -0.034401459902984564 0.9966421502284197 0.07430318933003778
vn 0.7296781251847858 0.6835794392129451 0.016999526820806625
vn 0.7394655058061813 0.6731685959405989 0.005899759501114387
vn 0.7337301228964179 0.6793278540432754 0.01240054334960916
vn 0.7238030673828008 0.6896028953179619 0.023600135938862732
vn -0.9603898851326865 0.2738971196284431 0.05129947752236673
vn -0.9534835018323311 0.29939479470696223 0.0350994107633026
vn -0.9580367638278467 0.2830108631937663 0.045501763356884134
vn -0.9645191917042676 0.25660507276428773 0.06210125172475218
vn 0.9165687758976865 -0.38228696658411315 -0.11729601113991005
vn 0.9339979232434127 -0.34659922044470215 -0.08669982562910254
vn 0.924970300112929 -0.36578820661738554 -0.10309671094964613
vn 0.904672980853239 -0.40378792805017194 -0.13609594731315175
vn 0.08340118163734937 -0.9856138282647023 -0.14700212391285994
vn 0.018000683717179056 -0.9816370119887774 -0.18990721966123134
vn 0.06520047708703476 -0.9851069521239676 -0.1591011963017568
vn 0.13159436226872712 -0.9846577461519148 -0.11459514283824893
vn -0.8372601836372203 -0.5451740201682083 -0.042198016889448596
vn -0.7706889705907912 -0.6370908536511608 0.012399790471691643
vn -0.8091812670603672 -0.5872863703646708 -0.01789961514863288
vn -0.869654411869923 -0.48817436012354437 -0.073396171788089
vn -0.029400358322580488 0.9989119797464449 0.036200492393640885
vn -0.054398071842684165 0.9971644985152582 0.051998198820842
vn -0.04220112390974222 0.9981264781107909 0.04430122836788301
vn -0.012899829298254917 0.9995864743093459 0.025699703926059025
vn 0.7287820527678458 0.6829831856340501 -0.049098754614036795
vn 0.7156032560206353 0.6977031761060353 -0.03350011976420074
vn 0.7226007145734548 0.6900007007606227 -0.04180000296390531
vn 0.7366293130847267 0.6737267794195617 -0.058902307232136034
vn -0.9464676532349855 0.30958940175641086 -0.09139684731962595
vn -0.9448334124767822 0.31401110194524284 -0.09320327527835763
vn -0.9459417246486426 0.3110136816519643 -0.09200404009630281
vn -0.9471248124657122 0.3078080634258305 -0.09060234931738598
vn 0.9309261542880918 -0.2992083971686083 -0.2094058984990064
vn 0.9459292998868617 -0.27050835130245304 -0.17900556273808968
vn 0.9369160868405265 -0.28820489466000515 -0.19780339965089036
vn 0.9178924312379231 -0.321297324002393 -0.23289807698870293
vn -0.01940015638489761 -0.9877080595580581 -0.15510133144591923
vn -0.05339761055957858 -0.9811560867722929 -0.18569175688815193
vn -0.021999432431364863 -0.9872745464346147 -0.1574960156163446
vn 0.01939993656688934 -0.9925964540425726 -0.11989963254035377
vn -0.7827885065940718 -0.6049911362238398 -0.1456979033301789
vn -0.7997048513425017 -0.577503403886053 -0.1642010025526331
vn -0.7893805103501281 -0.5945853330247473 -0.15279624220255403
vn -0.7723061758063186 -0.620804948967817 -0.1347010992846238
vn -0.07500050018222666 0.9749062372116599 0.20960141606921143
vn -0.09220263458037299 0.9634274682829569 0.2516072088282261
vn -0.05399966206840452 0.9859936596598056 0.15779904818205215
vn -0.04059904179015788 0.9913764589222502 0.12459708865178488
vn 0.7412519992555896 0.6638569884137003 0.09919361135619148
vn 0.7473924377130002 0.6596932802705368 0.07879923867220003
vn 0.733710543804076 0.6683095376211338 0.1226017937689059
vn 0.7252950787068335 0.6724953852144606 0.1472990348539402
vn -0.8920845465731059 0.4442922917650614 -0.08239855122273355
vn -0.8304266303966664 0.5337171033148945 -0.159805084891553
vn -0.9495408767725565 0.31281342340081403 0.02280099730862072
vn -0.9759689674146032 0.18189417814283873 0.11999617744501043
vn 0.9466251263309787 -0.304408071382648 -0.10600281258511575
vn 0.9466251263309787 -0.304408071382648 -0.10600281258511575
vn 0.9466251263309787 -0.304408071382648 -0.10600281258511575
vn -0.10339573381145994 -0.9840594173972641 -0.14469410928350618
vn -0.12350214652293981 -0.9751170196289428 -0.18410328034609916
vn -0.07210031962148132 -0.9939043787579088 -0.08340041844220972
vn -0.05269811668135922 -0.9975643153718962 -0.045698415670985024
vn -0.6079007114521513 -0.7940008597850141 0.00439996325287723
vn -0.48968133709512096 -0.8574672585843887 0.15799395101239655
vn -0.7105986139882583 -0.6830986439842498 -0.16859968085629679
vn -0.7838721717109651 -0.5034820748564608 -0.3633871471521367
vn -0.03279964959769982 -0.530594337046007 -0.8469910462814682
vn 0.01679943614039366 -0.3837869880920178 -0.9232688268952994
vn 0.008300363515196897 -0.41001773758297105 -0.9120397791943383
vn -0.03789822058587664 -0.5448744233871721 -0.8376607831425088
vn 0.6455117234714618 -0.3036054685848011 -0.7008126242486693
vn 0.7522648462289526 0.12969396303727523 -0.6459698731982909
vn 0.7374084114568629 0.007300123583446312 -0.6754076864445151
vn 0.5283699602211863 -0.5217702539418049 -0.6697618884628821
vn 0.9257897578801814 -0.17189807027558124 -0.33669626912053324
vn 0.9566552272599821 -0.2904863605214561 -0.02069904604445924
vn 0.9565801571122686 -0.24129496912017145 -0.16349660821057754
vn 0.8236916162184483 -0.06239932261288584 -0.5635942209683253
vn 0.9848322618590049 0.11970392390303362 -0.12560408673245005
vn 0.9854121175833477 0.11030135526832292 -0.1296015800284611
vn 0.9852312677471197 0.11350360565322311 -0.1282040582708717
vn 0.9845404189963838 0.12380507792275744 -0.12390506867342088
vn 0.9932687184204368 0.10829658446093228 -0.04109869586153566
vn 0.9540891409076563 0.29459661785081953 0.05409938958018225
vn 0.9820333670405733 0.18870640160016286 -0.0006000117270082391
vn 0.9936736981031199 -0.028999228646781866 -0.10849712639494813
vn -0.3940914252694779 -0.2939935383000889 -0.8707811136944034
vn -0.3940914252694779 -0.2939935383000889 -0.8707811136944034
vn -0.3940914252694779 -0.2939935383000889 -0.8707811136944034
vn -0.1904024273083576 0.9596121099801685 0.20710266549345638
vn -0.243203490271816 0.9243131344969304 0.2941042191401984
vn -0.15109872019593204 0.97809164774071 0.1431988316119031
vn -0.09830350947726477 0.9934354131548635 0.05850213598048431
vn 0.6858816861211982 0.7257805914673207 -0.052998544252538436
vn 0.6326112215923513 0.7744136804682912 0.00930020531969118
vn 0.6789025899460088 0.7329027577152551 -0.044100125827206335
vn 0.712485174995785 0.6962855630297716 -0.08689815951756277
vn -0.8276048925261447 0.5588032797688309 0.05300034326668244
vn -0.7152913745089496 0.6952915465259473 -0.07019910884515533
vn -0.8409742971740664 0.5363835637291249 0.07109784844725653
vn -0.911077596183025 0.36239103022743735 0.1964951779155341
vn -0.7285838078212724 0.6541853482698567 0.2029954804661959
vn -0.7184169666593523 0.6727158194037174 0.1770042043002369
vn -0.7327301525852675 0.6459265408546455 0.21420884041496233
vn -0.7438034090739418 0.6214028254077679 0.24620117226614766
vn -0.24349080189385644 0.9361645785432683 0.2535904400287823
vn -0.24349080189385644 0.9361645785432683 0.2535904400287823
vn -0.24349080189385644 0.9361645785432683 0.2535904400287823
vn -0.9806188251577366 0.1626031112486216 -0.1093020949411714
vn -0.8786146065084399 0.38090633186030964 -0.2880047561738224
vn -0.9474217117798804 0.25900594938719723 -0.18790427943534996
vn -0.9959584248819442 0.07949668227380427 -0.04179824654377498
vn -0.9207271503509397 0.2816082740736197 0.2701079313532194
vn -0.9262287987607299 0.20130623851370075 0.31870991619609246
vn -0.9240185614272521 0.24870495808397242 0.29040582287957173
vn -0.911297222536799 0.34009893763458754 0.23209929947447203
vn 0.991684897591749 0.11309826892076562 0.06139906722067067
vn 0.9912380202225907 0.09630367847318408 0.09040347768605
vn 0.9915432684637739 0.10280446988609711 0.07920345785137857
vn 0.9915177551079061 0.12050214042214147 0.04870087739928916
vn 0.9289845488953555 0.19449677246750555 -0.3148947656176839
vn 0.8303906906562787 0.12229864728151703 -0.5435939125344396
vn 0.9651645954116657 0.2586905048184926 -0.03919855202158379
vn 0.9500803291180084 0.28639406233448245 0.12379745264975978
vn 0.6157045896092214 0.7741057303419886 0.14720114328984227
vn 0.6134900730062754 0.7752874356402989 0.15019761136930318
vn 0.6165000585925285 0.773699983289461 0.14600004662087154
vn 0.6189786347170709 0.7723733486259113 0.14249512306106224
vn -0.6335103694135912 0.6983113296013588 0.33320549034467817
vn -0.6317031332722649 0.7168034766193019 0.29520150291027475
vn -0.6339011976510558 0.6809012280320129 0.36680074874658275
vn -0.6336935862476366 0.6609932678312012 0.401895930099372
vn -0.27890935847249776 0.941231567267278 0.1905064474920562
vn -0.2806976303570017 0.9376921066170637 0.20479832396779366
vn -0.27650141293085123 0.945404884042382 0.17250093876861458
vn -0.2753138402363891 0.9473475295178878 0.16350824961036928
vn -0.9100247505816346 0.18170490632748326 0.3726100915774481
vn -0.9067917218071071 0.17199840639327835 0.38489650746697435
vn -0.9120064575186921 0.18810129859419797 0.3645025691423621
vn -0.9147585892180017 0.19759104485045811 0.352384026946165
vn 0.9887970485481783 0.09179972082355053 -0.1176996518224671
vn 0.9876098758147618 0.06680066488611726 -0.1420014238094934
vn 0.9888945748516759 0.09699948113129642 -0.11259938050088249
vn 0.9883030947210685 0.12940039961637143 -0.08070024500509235
vn 0.9863182830128885 0.07500139788628851 -0.14680270743283452
vn 0.9863182830128885 0.07500139788628851 -0.14680270743283452
vn 0.9863182830128885 0.07500139788628851 -0.14680270743283452
vn 0.6211970066461551 0.7673962924337513 0.15879927359024515
vn 0.6268005526451497 0.7648006366693132 0.14900017903998697
vn 0.6191074357403521 0.7683092427839415 0.16250197064581123
vn 0.6127276148270696 0.7710347506111505 0.17340785270088352
vn -0.743552025835746 0.6506579940044857 -0.1541900117180646
vn -0.7804247730262455 0.6218197067736526 -0.06540203295664339
vn -0.7185029929920538 0.6645027879943514 -0.20540081258163276
vn -0.683985566148146 0.6784856709323113 -0.2679942903133047
vn -0.24000438814570296 0.9706176356037162 -0.017300263751120357
vn -0.21800640851613878 0.972928557654078 -0.07670220040552915
vn -0.27769133568107324 0.9563699025251674 0.09079720057173143
vn -0.296191058097714 0.9436715056911589 0.14749558111868144
vn -0.9735252836407536 0.2241058132263571 0.04500118432156409
vn -0.9815804592691882 0.19099621116825347 0.004499922250602729
vn -0.9767301097986592 0.21230655855769298 0.03040095074316343
vn -0.9673097771100884 0.2438024915839131 0.06980071779507246
vn 0.9997838135932772 -0.004499928951731233 -0.020299672812942014
vn 0.9985299911730968 -0.054201630268306884 -0.0002000102814533969
vn 0.9947430242907739 0.0854036896855751 -0.05650243723004356
vn 0.986092794047289 0.14539892804187127 -0.08049939908027674
vn 0.8260535710782041 0.5544687896792564 0.10099435123098026
vn 0.8805073517949027 0.4740039691105364 0.005200067555859827
vn 0.8472873292086651 0.5268921252911103 0.06699903035615012
vn 0.7737822986852845 0.6092860004873792 0.17329605838394155
vn 0.5419148668365609 0.838823058779676 0.052001472681268826
vn 0.45788868154301665 0.8801782309574234 0.12499694821657997
vn 0.5178093385078859 0.8523154323350123 0.07370137554758895
vn 0.6019262072562187 0.7985347826453086 -0.0052001849730102835
vn -0.27880162205572706 0.9581055536595352 -0.06560033220838775
vn -0.2544078511855344 0.9632295851956121 -0.08640261257073326
vn -0.280102233472437 0.9578075580357864 -0.0644004702876909
vn -0.3024038992118061 0.95211229586791 -0.045100529915215466
vn -0.9451474185960114 0.28131407854559853 -0.16600827188226852
vn -0.9589619413723087 0.24939011959759375 -0.13489463757522374
vn -0.946231646443977 0.2790093217527775 -0.16370543559386058
vn -0.9313656283386245 0.3087886181700425 -0.1928928605159734
vn 0.987813565517812 0.14510197208753342 0.05630077686227913
vn 0.9823006591482778 0.18160011555695177 0.045900033404787516
vn 0.9951635382547522 -0.006799760738143001 0.09799640494521256
vn 0.990178424309866 -0.07729832470981467 0.11649745502922776
vn 0.8338821059444576 0.5436883436259817 -0.09509794104434009
vn 0.7872005451045376 0.6155003996510484 -0.03839999761091707
vn 0.8200884222403578 0.5669919437350996 -0.07729887092845603
vn 0.8592623389729902 0.49447826153098834 -0.13099420481822002
vn 0.4229060084144132 0.8992128519725395 -0.11210153832307602
vn 0.41708640535465175 0.9025704662661468 -0.10679646011196042
vn 0.4217834294017776 0.8998647162940187 -0.11109559420229446
vn 0.42749134031857783 0.8964817169271255 -0.1164975758031868
vn -0.16939578237261277 0.9568761057467073 -0.23599404052938772
vn -0.08509861498099851 0.949884509767896 -0.3007950196251915
vn -0.16250364342538143 0.9567214961707873 -0.2414053533752029
vn -0.2456939630699418 0.9536765779814421 -0.17359568289733596
vn -0.9205949552180913 0.31189829871116287 -0.23499868018370398
vn -0.8879954778960445 0.3584981508860341 -0.2879984497310186
vn -0.9154943955016518 0.3198980543167684 -0.24399845624390962
vn -0.9540050702993605 0.24990134500843528 -0.16560085629635926
vn 0.9975492012195681 -0.01949900646367126 -0.06719657649859408
vn 0.998711475565739 0.04370049669361412 -0.025800293836227218
vn 0.9988058481191149 0.010100057429444092 -0.04780027827301426
vn 0.9952589409787882 -0.04709805326673423 -0.08509649687422441
vn 0.8063025875828165 0.5915018572814272 0.0013000345674963373
vn 0.8082328274496471 0.5887239116097284 -0.012800489509777576
vn 0.8013711713655628 0.5972784613172 0.032598855052651844
vn 0.7990838755196664 0.5994878490161925 0.04559910927210262
vn 0.4448192423663713 0.8517368220360217 -0.27691194919790896
vn 0.44768882690413814 0.8352791100110614 -0.3191919839913363
vn 0.43218863242201877 0.8879766142309291 -0.15719579696722372
vn 0.4209858684655 0.9031696303567235 -0.08399712705591895
vn 0.09099826406068252 0.8206843115565394 -0.5640891566968038
vn 0.22010303398528283 0.7043097134027034 -0.6749092398516081
vn 0.06480246537110851 0.8397319930133615 -0.5391204136291209
vn -0.07539989390495828 0.9169986261301465 -0.39169934346963764
vn -0.9459564691288297 0.30868578143223235 -0.09939540660860144
vn -0.9770763039813748 0.21269482827018896 0.00909979259164508
vn -0.9472493613203079 0.30578364430182914 -0.095994845464542
vn -0.9055194808552961 0.3815082029092199 -0.18570396039000484
vn 0.9940437398898159 0.08000350422316117 0.07400326004901817
vn 0.9898467953531561 0.14100667239491352 -0.01790083990209293
vn 0.9937209648485436 0.10640222454652422 0.03460073166901009
vn 0.9900610630138293 0.03839847931883878 0.135294672067775
vn 0.9988062330061064 0.043200260250190206 0.02280014084314819
vn 0.9988062330061064 0.043200260250190206 0.02280014084314819
vn 0.9988062330061064 0.043200260250190206 0.02280014084314819
vn -0.8842504865548146 0.3841219491613602 -0.265615144899629
vn -0.9415761573154858 0.24029392784902695 -0.2359940003768956
vn -0.8962984589079319 0.3587993512641807 -0.2605994974892879
vn -0.8092173434082797 0.5124109742011912 -0.28740613188558223
vn -0.9869811685509329 0.0569989078842445 0.15039713237239088
vn -0.9528261684021925 -0.11070304049110247 0.2826077310230955
vn -0.9811720121623349 0.0039998772635638 0.19309449378786425
vn -0.9807394946209714 0.19160771663585444 0.03790153844101489
vn -0.4873046382642696 -0.03300036494478664 0.8726082542811752
vn -0.5492132242100253 0.024600537960404102 0.8353200870833212
vn -0.48742660752188405 -0.03280184344241031 0.8725476155181943
vn -0.4116178283395035 -0.09830430845314177 0.9060391969074078
vn 0.4752153468606024 0.09680306414035644 0.8745281818679118
vn 0.47218726330409067 0.09939726266530363 0.8758763454666635
vn 0.47589092535651745 0.09659810406928773 0.8741834095048571
vn 0.47859903219432637 0.09389974249948717 0.872998169952941
vn 0.9071841722702974 0.13319765163808214 0.3990930507793336
vn 0.920218562684838 0.11890236097863147 0.3729075293473677
vn 0.9006999066521455 0.13989994793995073 0.4112999911539209
vn 0.8763984096200813 0.1628996693685028 0.45319921153398385
vn 0.6155086403390838 0.7853110359396305 0.06660097971769399
vn 0.6155086403390838 0.7853110359396305 0.06660097971769399
vn 0.6155086403390838 0.7853110359396305 0.06660097971769399
vn 0.77949286543856 0.5082953448815247 -0.36609659258473687
vn 0.77949286543856 0.5082953448815247 -0.36609659258473687
vn 0.77949286543856 0.5082953448815247 -0.36609659258473687
vn 0.1578093998664936 0.47802850882136194 -0.8640514672563218
vn 0.15229676972513617 0.4845898037899721 -0.8613816900736196
vn 0.15829369170913707 0.4774809927411065 -0.8642655892351957
vn 0.16289858948783828 0.4714959456113313 -0.8666923461153612
vn -0.8303123406757846 0.27520413002004634 -0.48460716435212686
vn -0.8112381802219882 0.2604122549252222 -0.52352466268064
vn -0.8267748585297698 0.272391743795206 -0.4921849969424973
vn -0.8468969188533568 0.2887989603708581 -0.4464983419066665
vn -0.9921364567984297 -0.03310121955677388 0.12070443386765864
vn -0.9839769143097669 -0.00020000333552591868 0.17829579945723736
vn -0.9913763054310437 -0.028999311062715024 0.12779695218502582
vn -0.9950969657913669 -0.05529982495406101 0.08199974410243858
vn -0.34079509148665255 -0.2201969055870537 0.9139868863328896
vn -0.3187077695027226 -0.1870046120386598 0.92922259590201
vn -0.3470083925903662 -0.22960559736382163 0.9093219700035036
vn -0.3644161627009866 -0.25641142817382473 0.8952396549886225
vn 0.5167926620314429 -0.12799824157529593 0.8464879175889557
vn 0.5372354437537068 -0.09330621770652531 0.8382553475594775
vn 0.5034891465317746 -0.14999682766127892 0.8508816786229788
vn 0.48402711832371376 -0.18091016794456546 0.8561479193816397
vn 0.8912413919791823 -0.056302642617980514 0.45002088135690027
vn 0.866111536200861 -0.11970162275791434 0.48530642728992013
vn 0.8859042866132528 -0.07100037270507861 0.45840216190153804
vn 0.9019789898492789 -0.02439946078654175 0.43108997690018325
vn 0.8688701171952625 0.37558708510154887 -0.32248885399345634
vn 0.8780322224389912 0.3610132335202816 -0.31421149180460717
vn 0.8618950220909957 0.38629778322675934 -0.32849808761825944
vn 0.8432572292892238 0.4132790372410198 -0.343682531747829
vn 0.16369770299323058 0.28519605445495266 -0.9443867176946465
vn 0.18569821437652198 0.2345977875821852 -0.9541907834594271
vn 0.1434926975729175 0.3298832411819925 -0.9330524599027167
vn 0.12349750129265963 0.37249252210534617 -0.9197813262673186
vn -0.8359768079341755 0.1881948021238215 -0.515485686561482
vn -0.8405155274146323 0.20910385509247975 -0.4998091895517383
vn -0.8293782649847423 0.16199577737962506 -0.5346859467781714
vn -0.8225429664612305 0.1379072429796226 -0.551728792668027
vn -0.9806332402519581 -0.01590054998605612 0.19520661009065765
vn -0.976412806045383 0.0020000156994579377 0.21590283029127502
vn -0.9804496529105685 -0.015099233700952487 0.1961899366664607
vn -0.984357044777098 -0.03539846021986429 0.17259246047194832
vn -0.3192053465702064 -0.05950105786364518 0.9458158228926505
vn -0.30788564633609206 -0.04909777176822859 0.9501556912357059
vn -0.3153132095996996 -0.05590240684674592 0.947339696603429
vn -0.32719507035652723 -0.06689904925194969 0.9425857537346788
vn 0.47240323187436795 -0.03930032285017302 0.8805059177191964
vn 0.17649325336243418 -0.2702897005778142 0.9464637390196728
vn 0.3927138369803881 -0.10770386036671234 0.9133322071985904
vn 0.5440905788109388 0.027199475859335263 0.838585493889654
vn 0.8168497146238344 0.07590458091168993 0.5718347998465826
vn 0.7513824895407683 -0.019299595530271475 0.6595846268856522
vn 0.7828998881121468 0.02359995425280005 0.6216999335316467
vn 0.8414296434027513 0.11980417620715476 0.5269185084682865
vn 0.9337522468223962 0.16860941684606012 -0.3157176049968685
vn 0.9381823409733275 0.1563970629674265 -0.30879419324360635
vn 0.9312261889282313 0.17530491933785697 -0.3195089518466577
vn 0.9281435463727269 0.1830888817935171 -0.3240802658142849
vn 0.19009040221733167 0.10009501025783835 -0.9766507195033116
vn 0.25861358967903186 0.06560350449420926 -0.9637505856970481
vn 0.23240333069407645 0.07890119228543495 -0.9694138918636542
vn 0.16739965297968143 0.11119981641579163 -0.9795978547400848
vn -0.7585720655421653 -0.023199099566384555 -0.6511760308537174
vn -0.4022096555564486 -0.22400529217835943 -0.8877212524510443
vn -0.6497841009465083 -0.0963975855702698 -0.7539815167849677
vn -0.8529138946907787 0.057200961808240476 -0.5189084102340409
vn -0.9727626992748564 -0.06469753240128877 0.22259146479746142
vn -0.9763836925526223 -0.08689855096752284 0.19779668034891626
vn -0.9746679828034758 -0.07559751706748588 0.21049308471072103
vn -0.9701310937145637 -0.051701663451460524 0.2370075927149516
vn -0.3328110881363294 -0.060802084379153104 0.9410312886130103
vn -0.39290380959158355 -0.112201137561798 0.9127088808257863
vn -0.3636039626535333 -0.08670100258339765 0.9275101587010687
vn -0.31060887803230314 -0.04160124532902925 0.9496270116601506
vn 0.2861947731350132 0.027299438698632224 0.9577824870381259
vn 0.19670518827587852 -0.02570074173095241 0.9801257780406708
vn 0.22580766246017334 -0.008700358992533049 0.9741330521687852
vn 0.3454059361396086 0.0633010246167443 0.9363160361555232
vn 0.777880154492291 0.06059840962844744 0.6254840509537812
vn 0.8044636310574811 0.08229623728386835 0.5882734021139577
vn 0.7962080652629239 0.07540072188750171 0.600306128528699
vn 0.763727237588638 0.049701723520391046 0.6436229060904612
vn 0.9554425532595179 0.05719657417071741 -0.2895825949950498
vn 0.9596333275187227 0.050901784240515 -0.27660962578420123
vn 0.9579871624150604 0.05339929772670855 -0.28179622362663886
vn 0.9539246295583258 0.05940154949020355 -0.2941075603247454
vn 0.24510412680227084 0.45870775571211314 -0.854114255749225
vn 0.24849785289450563 0.4506961195867191 -0.8573924567526207
vn 0.2327978639347076 0.48719551693480256 -0.8416921544282493
vn 0.2301039888873579 0.4939085526648177 -0.8385144577779633
vn -0.6934003690123762 0.3479001833307654 -0.6310003095814776
vn -0.6914248434386437 0.36301306256245275 -0.6246224477913644
vn -0.6917834440807566 0.36049141036296295 -0.625684912356282
vn -0.6940015926650288 0.34340083368782104 -0.6328014355237451
vn -0.9585347155038871 0.26620961195720677 0.1017036954858367
vn -0.9616908439976964 0.25559752813901016 0.09909906245886511
vn -0.9534999549068935 0.2823999722731547 0.10530000784745054
vn -0.9510710790355789 0.2898911584919599 0.10689676725836615
vn -0.44902184112196614 0.3428165725331003 0.8251400994934722
vn -0.4640188099903011 0.3194129151381138 0.8262335829643801
vn -0.4367845261161941 0.3611871614090523 0.8238708103693946
vn -0.4247930276253766 0.3788936780256008 0.8221863927559847
vn 0.11639630973547942 0.3038902931378267 0.9455699809197456
vn 0.11400036979962859 0.2949008670885341 0.948703006359724
vn 0.11989775366546315 0.31769394014078955 0.9405823138161786
vn 0.1218008048501824 0.32480212562273186 0.9379062549790372
vn 0.7411898044255555 0.3585949914544189 0.5674921196980732
vn 0.7066005416995828 0.40650029800962534 0.579200468048794
vn 0.7163722366555827 0.39348466554876954 0.576177608491558
vn 0.7538792873757848 0.33969061112130006 0.5623844848338336
vn 0.8193934353142448 0.5180958389110611 -0.24529798178330847
vn 0.8007929235807604 0.5433950972454472 -0.25189772097537766
vn 0.850695761639708 0.4712976044042782 -0.23279881703098457
vn 0.86074087103615 0.4549215889424978 -0.2284108159478503
vn 0.20189310343625513 0.21209281119874376 -0.9561672522224821
vn 0.19899603910786565 0.234295379998098 -0.9515809221137882
vn 0.20869057099303454 0.16089278314136057 -0.9646562900389072
vn 0.21150896348849546 0.13830593682034872 -0.9675409170697992
vn -0.6803037859206125 0.22480130204483373 -0.6976038513805876
vn -0.6839272414463734 0.24430976924838674 -0.6874272798320956
vn -0.6748911061422094 0.19859742573833888 -0.7106905496348254
vn -0.6708731035355798 0.1808927788736351 -0.7191711072505019
vn -0.9560117977738629 0.29330360088792384 -0.003800029389916046
vn -0.9863003006591489 0.16310005207384035 -0.024699998647432
vn -0.9257897349813369 0.3778957641825799 0.010399904617339476
vn -0.9050485807277727 0.4249228406181785 0.018100995652788034
vn -0.31380235156129166 0.6534048121290106 0.6889050991546339
vn -0.2950088556274305 0.6709201191088187 0.6803204898254956
vn -0.3462062814714773 0.6220112460557417 0.702312765404329
vn -0.36709204529727946 0.5997869325157565 0.7109845749823266
vn 0.1507952977499216 0.4282865421465047 0.8909721746455962
vn 0.06620183985138446 0.2962081422376891 0.9528263497995785
vn 0.2598082723095653 0.5886187009458402 0.765524451951961
vn 0.31199087066736936 0.6612806029905853 0.6821800793988526
vn 0.7951163593070275 0.30200616107816697 0.5259108801243478
vn 0.7916840239385539 0.37629243624099196 0.48129035796313047
vn 0.7861134958327117 0.16260273890234347 0.596310255631353
vn 0.7725985781916773 0.0825997989860286 0.6294987769516842
vn 0.9412263493661931 0.16960476245733214 -0.29210817142041917
vn 0.9875868605744501 -0.0293995995524755 -0.15429794673570935
vn 0.815999626581435 0.38709986751629594 -0.4292997810246644
vn 0.7187927279746908 0.49329497777385883 -0.4898949674305608
vn 0.10590299317058326 -0.03590095278629834 -0.9937281708931006
vn 0.09659509069288853 -0.027298547477311162 -0.994949334267661
vn 0.10160138262200806 -0.031900372649508554 -0.9943135950363541
vn 0.11000420761314207 -0.03970145456469283 -0.9931378901304955
vn -0.6543235309492117 0.11030400387060355 -0.748126823189939
vn -0.5789969770523546 0.026599914530431017 -0.814895665168989
vn -0.6279012183043882 0.07970020097486848 -0.7742014841218211
vn -0.6979744422475511 0.16449401863072471 -0.6969744585018411
vn -0.9953327818503319 0.09600316098575272 0.00980032932217394
vn -0.9900080701122318 0.12570100875792564 0.06390052824424847
vn -0.9925391167051555 0.11420449843996203 0.042701690203392276
vn -0.9963965076120099 0.0837997074532445 -0.01309994844800326
vn -0.443812395502405 0.07560205304491162 0.892924905674498
vn -0.3912030463179732 0.09860071356315238 0.91500714523788
vn -0.4147994387622824 0.08849982474578144 0.9055988110761085
vn -0.4719859507849794 0.06269807967038336 0.8793737618710518
vn 0.014099906275267426 0.0037999104351166733 0.9998933709769827
vn 0.023600110093804326 0.005799962431216186 0.9997046540050499
vn 0.020099704625476184 0.004999862441464848 0.9997854786150552
vn 0.01020044296601364 0.0030000660774675255 0.9999434736858019
vn 0.8341521354052337 -0.2635848923039044 0.4844721039936437
vn 0.7725297555452362 -0.2907112439675437 0.5645216996963546
vn 0.800988079278735 -0.2791958403462727 0.5295920879192791
vn 0.8596383829000763 -0.2497111495124468 0.44571985871634023
vn 0.9135248022002113 -0.3533095849294628 -0.2016054884224031
vn 0.8432742141818638 -0.17269468868685559 -0.5089844243150377
vn 0.8939025735876246 -0.2691007407828451 -0.35850101846932775
vn 0.8975055428640917 -0.44100276699138097 -0.0006000284809600698
vn 0.12390070738471363 0.19520117247924956 -0.97290550259123
vn 0.15879777392045194 0.17439759702639465 -0.9717863680610714
vn 0.14879979425995038 0.18079982013478038 -0.9721985631893452
vn 0.11710426091972544 0.19920728417144498 -0.9729352753433714
vn -0.49538872977001364 0.3046930785046002 -0.8134814898497948
vn -0.22529893072322404 0.10609955174823191 -0.9684953675334725
vn -0.311496354884554 0.16849808803529515 -0.9351889730006904
vn -0.5543116416267813 0.3494073751735218 -0.7554158392113397
vn -0.9366739030830386 0.3499902385847552 0.012199679445491095
vn -0.9413399454846493 0.3329141190264534 -0.055202322304391274
vn -0.9407999674421299 0.3362999603347105 -0.0423999757047061
vn -0.9356614503024903 0.3522854599275227 0.020799162038278682
vn -0.41827775029131775 0.19448957566083042 0.8872527985701167
vn -0.5789864374396756 0.1724959147201924 0.7968813366278298
vn -0.5378935584685643 0.17899782227246303 0.8237902034982819
vn -0.3925990808662483 0.1972994549493639 0.8982977717770768
vn 0.03020036859180571 0.07650087167458589 0.9966120380418589
vn 0.020399946797985832 0.07469974925951588 0.9969973869731079
vn 0.0233998564367269 0.07519947501709565 0.9968939189682591
vn 0.032700077763267804 0.07690011825152293 0.9965024218370863
vn 0.8271335736200839 -0.08110332691965076 0.556122560010861
vn 0.764393099322488 -0.10589907847632292 0.6359941626194587
vn 0.7871416390071782 -0.09740519906216608 0.6090322383394436
vn 0.8408114425083576 -0.07500106430189542 0.536107226681937
vn 0.8542756067003036 -0.04119879050512183 -0.518185147855227
vn 0.7894412119601952 0.01900102840658917 -0.613532015283889
vn 0.8087901532147874 0.002300007062461275 -0.5880928481373613
vn 0.8643650034412462 -0.05189786642636839 -0.5001797199871316
vn 0.1570083840918359 0.09870533323734755 -0.9826523416322654
vn 0.16069591489198312 0.09339768844445609 -0.9825750326210518
vn 0.1569061758692032 0.09900395923023995 -0.9826386253505608
vn 0.1532987753009225 0.1039992328389333 -0.9826920397867028
vn -0.2011958995888352 0.20349590619613162 -0.9581803724508525
vn -0.20411024621413887 0.21231073926531194 -0.9556480300733217
vn -0.19999354402554487 0.19999360132399255 -0.9591689849956381
vn -0.19719207031259856 0.1915923468263903 -0.9614612108886074
vn -0.9353400735951194 0.34691483022049324 -0.06920294285767774
vn -0.9388783891246045 0.3336922900443022 -0.08459802598038071
vn -0.9358214621435068 0.3452079403599126 -0.07120160745415847
vn -0.9322993670138725 0.35719974446778124 -0.05679993677535534
vn -0.600113167043546 0.18630404157910682 0.7779170848054794
vn -0.6290928660477652 0.1627980859263212 0.7600914083888428
vn -0.6008784972036207 0.18569330472434306 0.7774722041197811
vn -0.569778056844869 0.20979186485949444 0.7945692791549777
vn 0.024799660171336613 0.0034998875156445567 0.999686314622124
vn 0.03480051923283605 0.012600121855445777 0.9993148456769532
vn 0.02119947260725409 0.00009993301213513886 0.9997752609334598
vn 0.012299915047039445 -0.007900009764044197 0.9998931452588139
vn 0.7821218801431462 -0.10730303768824502 0.6138170922222882
vn 0.8028759877769024 -0.08269756322058089 0.590382300961539
vn 0.7763997760854092 -0.11370000989845305 0.6198997462845249
vn 0.7536803579315333 -0.13849642368957915 0.6424831972070494
vn 0.7777175615332349 -0.06810148704553295 -0.6249140596473933
vn 0.7768128446011977 -0.06650105949125373 -0.6262103588644443
vn 0.7775913577294538 -0.06789920941474782 -0.6250930952628712
vn 0.7781963075674935 -0.06919964314730447 -0.6241970171961773
vn -0.019599187816609246 -0.31538686600056215 -0.9487607688934406
vn -0.1369048760809761 -0.1291045196314289 -0.9821349591150855
vn -0.00769983077217624 -0.3338927047883788 -0.942579638171322
vn 0.0871974303130709 -0.4708860590420139 -0.8778740954981402
vn -0.2679051173943314 -0.14600271336414297 -0.9523182534028407
vn -0.2569065692759938 -0.18520467329774812 -0.9485242451574516
vn -0.2779914666811537 -0.10819660893125145 -0.9544706586732977
vn -0.289513382727252 -0.06230282120999906 -0.9551441564973837
vn -0.987405133448846 0.1306006641111503 -0.08930044217468022
vn -0.9884566807928115 0.10979519953983703 -0.10439542305132554
vn -0.9875527716339113 0.12829386811568122 -0.09099564078622752
vn -0.9856893012593513 0.15189834660818327 -0.07309920437700974
vn -0.6402026973889728 0.21050083151385415 0.7388030225898236
vn -0.6574980278869166 0.19079934374252314 0.7288977663240833
vn -0.6405736430214746 0.21019129823544702 0.7385695810228674
vn -0.6193139922075858 0.2335052202521882 0.7496168962682735
vn 0.0756982951874795 0.09199786101731748 0.9928777173821293
vn 0.097403218457044 0.10740349573530442 0.9894327173375892
vn 0.07050157984101467 0.0880019055659703 0.9936222581326765
vn 0.04709796581807091 0.071096861420232 0.9963568727679816
vn 0.7562887597198751 -0.20039706947804886 0.6227907565675517
vn 0.7400874032101709 -0.21179641932670393 0.6382890507990977
vn 0.7591591768133951 -0.19828939902410042 0.6199666591798862
vn 0.7750070934269148 -0.18650175862581186 0.6038055143566055
vn 0.6316450525290468 -0.4399313273917722 -0.6383454823172878
vn 0.6087047049261621 -0.3879029611388279 -0.692105392942782
vn 0.6358237667331677 -0.45021674323515654 -0.6269234576628757
vn 0.6554191262602267 -0.5033146613508007 -0.5631164360961323
vn -0.9894523803886399 -0.04989758408354156 -0.13599344854029033
vn -0.947321775698114 -0.16060365868868795 -0.27710632996014267
vn -0.9710842625250677 -0.10939820473100961 -0.21219657838376532
vn -0.9974189462397931 -0.0000999937863125305 -0.07180136268305212
vn -0.6528852534300117 0.023799417066426253 0.7570828446087836
vn -0.6591603988112413 0.014899056354905802 0.75185476440516
vn -0.6549104021503696 0.021100285041503915 0.755411902955208
vn -0.6481915588974786 0.02989956201654619 0.760890083497791
vn 0.14320071412710575 0.15230068769667598 0.9779049319850096
vn 0.17069901911446528 0.17479892029464336 0.969694375737627
vn 0.14089289905599325 0.15029235556248818 0.9785506623854876
vn 0.09910161776247035 0.11580181419447956 0.9883161483989465
vn 0.6363791347372709 -0.09839682659871611 0.765074938412143
vn 0.6363791347372709 -0.09839682659871611 0.765074938412143
vn 0.6363791347372709 -0.09839682659871611 0.765074938412143
vn 0.4969101913881609 -0.8165166679054813 -0.2939060950832958
vn 0.3861785686433485 -0.8706516586754042 -0.3046831179542809
vn 0.4916046603212892 -0.8195077445341761 -0.29450282613057815
vn 0.5987101640877531 -0.7509126432286825 -0.27870475714872417
vn -0.7134585515804774 -0.029898212570700248 -0.7000592775342418
vn -0.7134585515804774 -0.029898212570700248 -0.7000592775342418
vn -0.7134585515804774 -0.029898212570700248 -0.7000592775342418
vn -0.21460231262728002 -0.18660195024357631 -0.9587103627166639
vn -0.2645139401108279 -0.21351118737641656 -0.9404495458833282
vn -0.19820007379594745 -0.17780000445026298 -0.9639003523003649
vn -0.1538056531193938 -0.1533055822801896 -0.9761358611946641
vn 0.7601908754484645 -0.1419983330913183 0.6339923550676176
vn 0.763514920414304 -0.15500306867309688 0.6269122865335007
vn 0.7585044386750793 -0.13560083657449423 0.6374036630193621
vn 0.7551688679636702 -0.1235949371840557 0.6437734635420586
vn -0.2404919416575267 -0.5009831214692706 -0.8313720815619795
vn -0.19570271604604247 -0.5100070586680893 -0.8376116325845325
vn -0.29939556357430613 -0.4869927126353119 -0.8204879001863002
vn -0.34260100956399697 -0.47560131484432494 -0.8102024053062786
vn 0.6335892495986252 0.5039915287831404 -0.5869899502614028
vn 0.6131050394922254 0.47010385343693467 -0.6349051720792496
vn 0.6362785140391954 0.5085828312269265 -0.5800803016421752
vn 0.6581782871514477 0.5490818718274438 -0.5150829451193826
vn 0.845041467696777 -0.45082208274044494 -0.28751411719504205
vn 0.8467632916271498 -0.45368025877829016 -0.2777879600479808
vn 0.8455815881555292 -0.45229010876384784 -0.2835937856984169
vn 0.8441918306235888 -0.44959558217884593 -0.291897183257493
vn -0.599596769491514 -0.21059877965501098 -0.7720957635055126
vn -0.5220708748565708 -0.5190710505469127 -0.676762326160831
vn -0.5980626277718646 -0.22108612020451635 -0.7703518811007904
vn -0.6147051916522136 0.015400182263229681 -0.7886065950409462
vn 0.5544957125730474 0.3425972896107895 0.7583940940496895
vn 0.48480027200737963 0.35800013989406415 0.7980003734945249
vn 0.5245099501109401 0.3496065406004235 0.7763147422302523
vn 0.5907158221162516 0.3333088791180081 0.734819711631784
vn -0.4175054951566722 0.747809869952741 0.5162068964235624
vn -0.5724911225566325 0.6573897998111793 0.4899924139188939
vn -0.4703931840520383 0.7205895826653094 0.5093926832529305
vn -0.26690225997869443 0.8079067530652028 0.5254044746382609
vn 0.8138129816502915 -0.5301084746989205 -0.23810383438711394
vn 0.8137742674359228 -0.5300831406871608 -0.23829247914771162
vn 0.813793638447388 -0.5300957973372414 -0.2381981521086092
vn 0.813789231619855 -0.5301929554784245 -0.23799688330022242
vn -0.42629210350319313 -0.28749462308700513 -0.857684023511505
vn -0.4594140869567696 -0.1995060449870096 -0.8655264494625909
vn -0.43538396754004277 -0.26399022281986384 -0.8606683234932082
vn -0.407787169329283 -0.33098954462475333 -0.8509732932821742
vn 0.4396131489869451 0.26460787203090264 0.8583256685530611
vn 0.5199009774637694 0.25620037776961835 0.8149014296606196
vn 0.4786797006325392 0.2607888830484687 0.8383644211681903
vn 0.3788960484071153 0.2692971314682946 0.8853907834873938
vn -0.642808236031331 0.6577083628831922 0.39270508156095957
vn -0.7777029422945785 0.5348019730653114 0.33040124568742996
vn -0.6763996877699555 0.6312996352605063 0.37939983250478426
vn -0.5359902885186056 0.7279867853045378 0.4274922818434346
vn 0.3142129661564244 0.8394346187916099 -0.4434182367397247
vn 0.30170599003936655 0.8620171895431954 -0.40730806584993684
vn 0.3127010207781204 0.8420027867015272 -0.43960138624802364
vn 0.3252766660427961 0.8170413051109929 -0.47606574784435896
vn -0.932483379275786 -0.07379865897697771 -0.3535937008879123
vn -0.9522586657898099 -0.1272944289947018 -0.27748794888269246
vn -0.9119311658296274 -0.033001099313292606 -0.4090140293837494
vn -0.8802992842388664 0.017400019043590783 -0.4740995776267073
vn -0.47857657014947197 0.1266937266545021 0.8688573911352552
vn -0.6439421397121851 -0.07230477603574097 0.7616498802371824
vn -0.5419803089661265 0.05679788404442183 0.8384696446867105
vn -0.36402158274327107 0.2388141052853889 0.9002533590127967
vn 0.6895045197149485 0.22080140417272734 0.6898045065147153
vn 0.6895045197149485 0.22080140417272734 0.6898045065147153
vn 0.6895045197149485 0.22080140417272734 0.6898045065147153
vn 0.6012953460043381 0.17779856081408027 0.7789939528943503
vn 0.851501261402418 0.08510009798815071 0.5174007877385753
vn 0.669925949951599 0.15750605437897877 0.7255281279284862
vn 0.3864045307175715 0.22640259137143917 0.894110398810589
vn 0.5932366645993603 -0.791248784294531 -0.14830920783097984
vn 0.490916181855462 -0.8551280054921355 -0.16660551196012988
vn 0.5789003541463066 -0.8012004044947285 -0.15150013797605644
vn 0.6752132933884756 -0.7259142612253862 -0.13090261181920732
vn -0.4949921808155621 0.16239747699946983 -0.8535864340508585
vn -0.5242110001462376 0.2364049907318765 -0.8181170501112555
vn -0.5125258953289931 0.20581045310890833 -0.8336421678444053
vn -0.4828970987560638 0.13379924936675527 -0.865394795964171
vn -0.16609401881606495 -0.02609899532869412 -0.9857644847306892
vn -0.11460460178203741 0.011900541972045927 -0.9933399027277381
vn -0.16179327986358105 -0.02289898611515384 -0.9865589546630668
vn -0.1968996692679138 -0.0489998535726182 -0.9791984143124662
vn 0.8612698446194031 0.050998174145888836 0.5055822791426285
vn 0.8578800640975607 0.07539821096385217 0.5082882109663922
vn 0.8624102663774473 0.041500458692984535 0.5045059408719111
vn 0.8647104567743423 0.021600224325137758 0.5018059946375809
vn -0.39039217965441103 -0.07629840627195712 -0.9174816070445431
vn -0.3470113414962171 -0.47931558559746373 -0.8061263537909898
vn -0.38829203090723385 -0.13709710439352207 -0.9112813411350238
vn -0.38509566014788355 0.1506983450728769 -0.9104896162656452
vn 0.15470512077085471 0.22140725887325707 0.9628318395885678
vn 0.1731059628108938 0.241908242235202 0.9547328044945288
vn 0.1523049337427917 0.21870702349529397 0.9638311288972942
vn 0.13270282090752053 0.19680411067671477 0.9714206624032319
vn -0.8351104944777322 -0.16860207448989634 -0.5236065340414126
vn -0.7685632639656693 -0.25288784913930346 -0.5876718855280842
vn -0.8130049589149493 -0.19870112959567043 -0.5473032047020246
vn -0.8658274642000705 -0.12170380716805686 -0.485315346509541
vn -0.3956247324283809 0.428826710171217 0.8121506779746621
vn -0.38350055180677883 0.4409005260188676 0.8115011108557906
vn -0.39351039381322306 0.4310113284978682 0.8120214311626662
vn -0.40471545084406146 0.41971595762964886 0.8124308701416476
vn 0.14109943787708829 0.45739810405106973 0.877996539310524
vn 0.15429748316416575 0.4743921679660705 0.8666858471566588
vn 0.13699765833986413 0.45229223384645534 0.8812850712519629
vn 0.12099582296375534 0.4314850036419591 0.8939690724278005
vn -0.06720142623712132 -0.22850477925200802 -0.9712206413429894
vn 0.12659241001408247 -0.38487682939716955 -0.9142451465115953
vn -0.06669754584855171 -0.22889153674685778 -0.9711643021566649
vn -0.20069611017292766 -0.10979780196000535 -0.9734811318388289
vn 0.7503212409441311 -0.3898110206391595 -0.5339151651492169
vn 0.8509649643686039 -0.5068791003358177 -0.13759435693331679
vn 0.821899565874044 -0.46179971185862334 -0.33349981970512504
vn 0.680023723665005 -0.3296114632785984 -0.6549229103704663
vn 0.5972861008729424 0.3170925746771558 0.7366828440981977
vn 0.3703019148820241 0.24940125046729428 0.8948047318270373
vn 0.5038778749111985 0.29048720337793454 0.8134643642155697
vn 0.7029072445961786 0.3441034942486967 0.6225063780717794
vn 0.18560736458840774 0.5068200175243511 0.8418333422044785
vn 0.20860095543523874 0.5184022590897138 0.8293037677245816
vn 0.18130353749911735 0.5049098111748213 0.8439165301555082
vn 0.14900237371783848 0.48820768640537304 0.8599136861110902
vn 0.9399036211341847 -0.2350008892803574 -0.24770095885217697
vn 0.9334940764879625 -0.2352984874314321 -0.27059828339138847
vn 0.9364740956584201 -0.23519347183948094 -0.2601928111321206
vn 0.9421808457541394 -0.2347951722977068 -0.23909512951899473
vn 0.4248128940823254 0.47031416889736305 0.7735234886904092
vn 0.42431150119063415 0.4701127099268793 0.7739210488948833
vn 0.42471804011831277 0.47021991490243753 0.7736328703120128
vn 0.425186360627147 0.4703848751143705 0.7732752601760123
vn -0.26759930245700686 -0.1517995406666765 -0.9514975106525028
vn -0.26759930245700686 -0.1517995406666765 -0.9514975106525028
vn -0.26759930245700686 -0.1517995406666765 -0.9514975106525028
vn -0.29728208537078393 -0.457672356277078 -0.8379495068423782
vn -0.29728208537078393 -0.457672356277078 -0.8379495068423782
vn -0.29728208537078393 -0.457672356277078 -0.8379495068423782
vn 0.026399690541893048 0.8864897535151033 -0.461994559764532
vn 0.026399690541893048 0.8864897535151033 -0.461994559764532
vn 0.026499618766854485 0.8864874008898834 -0.4619933530568493
vn 0.3084962512396055 0.6986915803623548 -0.6454921676533846
vn 0.17940532144815483 0.6601196151110268 -0.7294215683551962
vn 0.2273928148385463 0.6764786185446532 -0.7004778272091988
vn 0.3866975906198282 0.7138955377414644 -0.5837963125968209
vn 0.148194109707282 0.48748052566926614 0.8604657128214244
vn 0.148194109707282 0.48748052566926614 0.8604657128214244
vn 0.148194109707282 0.48748052566926614 0.8604657128214244
vn -0.3947122153948179 0.5447168306137453 0.7399228618337393
vn -0.41937669080486506 0.5233708355588403 0.7417588285258234
vn -0.40061029760597267 0.5397138270458911 0.7404190532040162
vn -0.37271339983440344 0.5630202381836054 0.7376265538736768
vn -0.755587530310075 -0.2630956247652662 -0.5998901368328169
vn -0.747487732594614 -0.2587956838893809 -0.6117899015354787
vn -0.7579778062884738 -0.2641922052101904 -0.5963825315016275
vn -0.7631839176232531 -0.2668943240340193 -0.5884876614506439
vn 0.13650250797281957 -0.49670902366676895 -0.8571156346288029
vn 0.16150391452495513 -0.4611110911080201 -0.872521086994628
vn 0.14500582799729525 -0.48441941287582885 -0.8627346882303135
vn 0.11599586425575865 -0.5241812875043326 -0.8436699220108891
vn -0.28530466233420854 -0.49450804634466733 -0.8210134236117846
vn -0.2936137263934664 -0.4821225239590905 -0.8254385813400407
vn -0.2769123502603111 -0.5062224621014008 -0.8167364135002838
vn -0.2690100491798241 -0.5179192656012487 -0.8120303120939094
vn -0.15639070210269887 0.7982526567583889 -0.5816654057737993
vn -0.0759996695430982 0.7704967215773177 -0.632897189334844
vn -0.21989607498817682 0.8148854989297355 -0.5362903503129903
vn -0.2936902460886466 0.8278725005854334 -0.4778840467381307
vn -0.9682687732789402 -0.0030998805254848893 -0.24989192350619102
vn -0.9388388889121364 0.022600961893118346 -0.34361422727781676
vn -0.9705318262297659 -0.005600164614560086 -0.24090789200730908
vn -0.9902995934580033 -0.03369997247515446 -0.13479995197360842
vn 0.9169343633825765 0.0043001319997720755 0.3990148895880624
vn 0.9211736100601864 -0.1571955117901832 0.35598981895793924
vn 0.922289257191843 -0.12939851229377763 0.3641957592898027
vn 0.9124338366617241 0.04050146882412131 0.4072150841236791
vn 0.812763834206316 0.5391760203116481 0.22069021031106267
vn 0.8098066058725173 0.5427043739181164 0.22290182506067235
vn 0.8118498116964845 0.5402665764361878 0.2213863356991651
vn 0.8148022122515954 0.5367014471599071 0.21920061935671456
vn 0.9337656870631355 0.11909559655115892 0.3374876005805757
vn 0.9398202479340239 0.1000021227433261 0.32670702015729447
vn 0.9366375532679282 0.11020437321018182 0.3325132928675487
vn 0.9295722166499063 0.13149604498292694 0.3443897271790031
vn 0.8650275530471605 -0.10730345545996775 0.4901155995432023
vn 0.8354360377809571 0.09940424804940323 0.54052328557296
vn 0.8446455203291349 0.057503056148077436 0.5322286571780555
vn 0.8659504888754528 -0.17958974717430784 0.4667732570812435
vn 0.7880584432962697 0.47117510304432214 0.39617914157692896
vn 0.8525993600260507 0.38309968511033005 0.35539972221645694
vn 0.8142992347288401 0.4378995439145871 0.3809996663508015
vn 0.7569091917190359 0.5072060584464194 0.4121049499417387
vn 0.8196023925621359 0.04700009575664938 0.5710016717184709
vn 0.8007650094826445 0.09939559609717731 0.5906741191763416
vn 0.8114867843664609 0.07059880576559059 0.580090516577416
vn 0.8284845256577744 0.018999606630778407 0.559689561894349
vn 0.4950019394017892 0.21760080959242445 0.8412032855696588
vn 0.4393906620569141 0.2733941551698504 0.8556818813181394
vn 0.47211370899889965 0.24110695087313408 0.8479245744852324
vn 0.5235321759127738 0.18691140991870137 0.8312509763159617
vn 0.5258962270734323 0.3283975638629248 0.7845942890429581
vn 0.40911338999119073 0.45521485709338333 0.7908259404011521
vn 0.4666057699451556 0.39610484209460106 0.7908097176458442
vn 0.5743218455674916 0.2668100571056968 0.7739294613407641
vn -0.4687171405628475 0.2371086273554228 0.8509311023674097
vn -0.5398035087881463 0.2974018538544721 0.7875051169509495
vn -0.4707976837577765 0.23919874551633716 0.8491957966875033
vn -0.383106743525217 0.1679028768160151 0.9083159400904564
vn -0.9318000139426258 0.21049997998149536 0.295700004133095
vn -0.9132925037745194 0.1447987950851359 0.3806968761247748
vn -0.9291282203579113 0.19810597995150395 0.3122094983212312
vn -0.9388396566244486 0.2628110840571725 0.22250940035419042
vn -0.9304168493359158 0.053300941350706045 0.3626065307229816
vn -0.9382788129263786 0.021799488024151197 0.3451921950672562
vn -0.9235666773761936 0.07719719604090262 0.3755864552452874
vn -0.9146126411398242 0.10520142937080545 0.39040539945750546
vn 0.9345659987081851 0.21459216122751595 0.2837897080555885
vn 0.9285549266197125 0.2202130088576936 0.29881763498846864
vn 0.9369139694610098 0.2123031410153803 0.27770414138758787
vn 0.9431025426081079 0.20600053441772948 0.261000716370151
vn 0.48337047691973256 0.8412486465395647 0.2421852529320084
vn 0.5376923202937333 0.8427880088867241 -0.02439960601920524
vn 0.466791586470543 0.8326850432606501 0.29789466851610924
vn 0.3814732686928137 0.7668461782651466 0.5161638152301646
vn -0.41670900683116424 0.8472181795883936 0.3295071468128017
vn -0.4350779093292994 0.8144586891016387 0.3838805238097997
vn -0.411906921331187 0.854714284700228 0.31590533342892546
vn -0.39391401036756796 0.8796312447092826 0.2666095005196512
vn 0.5363082425040889 0.5233080109760614 -0.6622100834859387
vn 0.4556867192378828 0.6053823505320597 -0.6525808942763289
vn 0.5983072098502772 0.4492054703127696 -0.6635080467351242
vn 0.6902976415645657 0.3144989639527369 -0.6515977038963946
vn 0.4371996371194724 0.8017992713498185 -0.40739956524952475
vn 0.4371996371194724 0.8017992713498185 -0.40739956524952475
vn 0.4371996371194724 0.8017992713498185 -0.40739956524952475
vn -0.3856073687314534 0.8838168902192972 -0.26490500513032106
vn -0.28889358282357885 0.867480729764781 -0.4049909644549112
vn -0.4357010644229219 0.881602059645046 -0.18150038812725927
vn -0.5179303427629672 0.8551500145525837 -0.021601218857998823
vn 0.2279111576510728 0.9400460359118595 -0.25371234614134774
vn 0.22610306518106335 0.9194125255831417 -0.32180430655377584
vn 0.2285054215110209 0.9506225392989088 -0.21000490498310953
vn 0.22849983529325119 0.9636992596738874 -0.13809982684623
vn 0.23339893377400417 0.17339927006799716 -0.9567955010622927
vn 0.21839272343135913 0.19159366611033124 -0.9568680606325184
vn 0.24679538384761104 0.15689712792533467 -0.9562820346321954
vn 0.2602054490780572 0.14020300623849377 -0.9553199680273492
vn 0.0910022877958513 0.7909199053990003 -0.6051151021578932
vn 0.11189319329359562 0.8221500163966662 -0.5581659823327858
vn 0.08640190422009708 0.7843173187011758 -0.6143134822975476
vn 0.06259720342212456 0.7448667844614295 -0.6642703241375603
vn 0.7853270038410908 0.601520631730271 -0.14640500893340694
vn 0.764911233458451 0.6250091749258028 -0.15580223421902042
vn 0.7785888914642473 0.6094912867894079 -0.14939782266240195
vn 0.8007320673133419 0.5826233561259202 -0.1392055360704844
vn 0.8372929052098689 0.16489855579283966 0.5212955564578058
vn 0.8347211580222916 0.16550414122936744 0.5252132591489423
vn 0.8467629352818187 0.16239284692748499 0.5065778268930698
vn 0.8500067211912411 0.16150123325868398 0.501403954497409
vn 0.7966879805938127 0.255796139621654 -0.5475916330003698
vn 0.7501355872098205 0.2974140985074295 -0.5906280172920946
vn 0.7753812824209735 0.2757933587121029 -0.5680861643813409
vn 0.8266739212631283 0.22649287484343117 -0.515083687907704
vn 0.8009816123870164 0.5935863390799139 -0.07799817097599893
vn 0.831907519422076 0.5450048897961592 -0.10440090625700783
vn 0.7665001232102241 0.640200065482474 -0.05119997338814834
vn 0.7091133875661378 0.705013269416301 -0.0107001645508175
vn 0.964089124371834 0.2095976053147088 0.16309814258381317
vn 0.9750729109592564 0.18339486941282096 0.12489651791181555
vn 0.9577340857880001 0.22250789304627128 0.18230649591260512
vn 0.9389047875509526 0.25550127146682167 0.23060117127356003
vn 0.6592937840624372 0.3262969196817651 -0.6773935536324686
vn 0.672886849009621 0.30379407354135773 -0.6744868044009843
vn 0.646903989888218 0.34630216566340666 -0.6794041786179554
vn 0.6256081961185385 0.3786049897120998 -0.6821089698240372
vn 0.8250051043560077 0.2377014338723442 0.5127032339683106
vn 0.6204067143612289 0.6003065078899509 0.5047054639693106
vn 0.6539073991152617 0.5581061941371855 0.5108058236238305
vn 0.8435619291821898 0.17969185943893332 0.5060771752270606
vn 0.7717347573710922 0.3384152511476078 -0.5384241655573075
vn 0.6457003378166903 -0.13700002468137107 -0.7512004173193169
vn 0.7695064914956835 0.3037025825372633 -0.5618046821682784
vn 0.6389677316757663 0.7625615171365429 -0.10109485871962057
vn 0.9788724107423524 0.10509700947545246 0.1753950457874229
vn 0.94287744598737 0.23869427043850722 0.23239442142220798
vn 0.961838907066215 0.17880722659624038 0.2071084077738755
vn 0.9910700864554488 0.009599698123885036 0.13299597561249546
vn 0.4340200415984807 0.8909410664433557 0.1336062109919627
vn 0.4340200415984807 0.8909410664433557 0.1336062109919627
vn 0.4340200415984807 0.8909410664433557 0.1336062109919627
vn 0.5522028785049878 0.2708014334406012 -0.7885040041859783
vn 0.5474772586387705 0.3980834736956445 -0.7360694255596995
vn 0.551718802789218 0.306610485873638 -0.7756264388229449
vn 0.5440782229281115 0.11019565475779926 -0.831766677024205
vn 0.6706081738211206 0.3351040976150026 -0.6618080695835737
vn 0.8266776773623871 0.285292314284469 -0.48498692060811394
vn 0.7371902195058956 0.3175958015661154 -0.5963920582070373
vn 0.5846955781502166 0.35119738952997986 -0.7312943829121836
vn 0.42478228580520977 0.8272653577023603 0.36768469863687125
vn 0.42478228580520977 0.8272653577023603 0.36768469863687125
vn 0.42478228580520977 0.8272653577023603 0.36768469863687125
vn 0.6397760711169233 0.6751746571699704 0.3671862758078064
vn 0.6397760711169233 0.6751746571699704 0.3671862758078064
vn 0.6397760711169233 0.6751746571699704 0.3671862758078064
vn 0.8400136947514001 0.3471056139542896 0.41700681696048714
vn 0.8382931980907137 0.4500963603634476 0.3076975469879818
vn 0.840377147734543 0.35589025892138487 0.408788910283075
vn 0.8294877582665126 0.26769596710149257 0.4901927458496221
vn 0.831715125000103 0.5495099891707776 0.07930146686912476
vn 0.8007925230792478 0.5985943402047357 -0.020399775862240063
vn 0.8222153801334903 0.5674105668891019 0.04480086220742149
vn 0.8539424466961555 0.48232396868485244 0.19530972060467702
vn 0.6581651121163532 0.7465603840121617 -0.09729480056242479
vn 0.8525562708323411 0.5226344850713351 -0.0010000393353715186
vn 0.7249098512224632 0.6854092896827965 -0.06870089677107843
vn 0.5762798551368638 0.8070717048291657 -0.128595458036353
vn 0.9643239410540865 0.2516062636493257 -0.0823020340109575
vn 0.9610329476535535 0.2697092202346045 -0.06060206304049059
vn 0.9643318794328872 0.25160830860525163 -0.08220270889842854
vn 0.9665754283371691 0.2356939845841543 -0.1008974081216276
vn 0.7840896061664645 0.5772923658778931 -0.22789693679561282
vn 0.7840896061664645 0.5772923658778931 -0.22789693679561282
vn 0.7840896061664645 0.5772923658778931 -0.22789693679561282
vn 0.40840419417160595 0.9016093154909836 -0.14250142596802826
vn 0.37989751996422966 0.9054940928060045 -0.18909871025064792
vn 0.40381813535845035 0.9024405243345287 -0.15010667405030664
vn 0.4263995662808132 0.8975991336122776 -0.11179984442754333
vn 0.42570364930585447 0.8853075280673544 -0.18710153317102712
vn 0.5048993741427045 0.8510989668281717 0.14389986328806698
vn 0.4679755425599774 0.8828538378115378 -0.039597886649840014
vn 0.37008900742560397 0.8651742034106369 -0.33838989987217605
vn -0.08119661157520493 0.8632639731822619 -0.4981791072237782
vn -0.08119661157520493 0.8632639731822619 -0.4981791072237782
vn -0.08119661157520493 0.8632639731822619 -0.4981791072237782
vn 0.9382230364093008 0.2087050857908105 0.27600674106978246
vn 0.9038983905205427 0.29619941031239566 0.3085994312129585
vn 0.9261096635559255 0.24260248271332305 0.2889029706487318
vn 0.9537596146663019 0.1571933129101876 0.25618910946390216
vn 0.6693051350464505 0.727105533890115 -0.1528011085916047
vn 0.7553217768988074 0.6297180944874412 -0.1815051922605363
vn 0.6585971171857006 0.7375968036765913 -0.14899930349085772
vn 0.567995007383739 0.8141927577813635 -0.1202988975989573
vn 0.5422093334726225 0.7911135832639764 -0.2831048164026989
vn 0.4385884744561907 0.8466777725828875 -0.30129205015776883
vn 0.528391772226804 0.7994874832883633 -0.28569546567675197
vn 0.6973033234427652 0.6740032130197148 -0.24390109461577877
vn 0.4335835644310585 0.8998659336609219 0.04739824988135557
vn 0.4156923975461337 0.9094834476084365 0.006299932429761284
vn 0.4253868942394728 0.9045721621994823 0.028199176992409807
vn 0.44830198960307893 0.8901038425895338 0.0821003990566874
vn 0.8370926242183053 0.19819820438622882 0.5098954895440688
vn 0.8506936451950441 0.16679871125389045 0.4984962506868131
vn 0.8445300149706202 0.18120640653937303 0.503917941775059
vn 0.829672272308186 0.21429279951728789 0.5154827995559257
vn 0.7801706247130585 0.40498477679221995 0.47678205387932954
vn 0.6519967157644175 0.580897047757673 0.48729755031072447
vn 0.705173626871148 0.5163806474279367 0.4858818610807526
vn 0.8304814635240592 0.30989301758611015 0.46288968058740704
vn 0.3916154177261252 0.8859346786491341 0.24850977800893062
vn 0.27239988201834814 0.939099607408327 0.2094999561859526
vn 0.3408109054616805 0.9110291141533698 0.23210747485446326
vn 0.4782855725167191 0.8338748215632893 0.27549172961297186
vn 0.18409377003281363 0.9827668141003391 0.01669948915910599
vn 0.15519294029428582 0.9878549467179689 0.007599705760959462
vn 0.18409377003281363 0.9827668141003391 0.01669948915910599
vn 0.20890767988821937 0.9776358707562948 0.024200939946673043
vn 0.12030391290184815 0.9927322688365862 0.0031001533944108877
vn -0.03920057902907636 0.991914516886353 -0.12070172241479474
vn 0.1164989223713319 0.9931907979164745 0.00020005088045117286
vn 0.16160049439131835 0.9862030513338792 0.03590016367967799
vn 0.03929891122864356 0.9185746016884752 -0.39328907524758727
vn 0.08220019696354439 0.9111021865001471 -0.4039008954852734
vn 0.0365993517542948 0.9189837840753865 -0.3925930361807868
vn -0.010800238239256587 0.9249200694407137 -0.38000818412208004
vn 0.11650413113648882 0.9357331652626188 -0.33291174634688436
vn 0.22340276940562984 0.9011111190702719 -0.3716045663199222
vn 0.13599793833715115 0.9302857896341742 -0.3406947466175046
vn 0.05720255312955758 0.9490423273925173 -0.3099137440205816
vn 0.02250090783188025 0.9985402893877484 -0.049101930880288726
vn 0.02250090783188025 0.9985402893877484 -0.049101930880288726
vn 0.02250090783188025 0.9985402893877484 -0.049101930880288726
vn 0.03849908512478892 0.8817790852658598 -0.47008878441445273
vn 0.12719898012007377 0.8366933497353298 -0.5326956522866373
vn 0.028498673338085746 0.885858998980903 -0.4630784593808281
vn -0.05269722763045855 0.9150518397223775 -0.39987889769373447
vn 0.2250989748900425 0.09699948917159966 0.9694955134521772
vn 0.2582011762164144 0.019000023433635726 0.9659043180926262
vn 0.24729621257187898 0.04519924092459534 0.9678851232803636
vn 0.21440201259160346 0.12110107323375435 0.9692091142051351
vn 0.2134909247235502 0.3962830757249894 0.8929621206717705
vn 0.11329342698717175 0.5469681455265084 0.8294518956400033
vn 0.15119872930209816 0.4929958129693086 0.8567928995108217
vn 0.2420955753292394 0.34829354569442433 0.9055834243368253
vn 0.12210295616970611 0.9127220075140504 0.38990948320621877
vn 0.19029481489937664 0.8859758500092428 0.4228884919488965
vn 0.12400478403537066 0.9120351818686551 0.39091513218363677
vn 0.05749924059233598 0.9324878446835132 0.3565953685184382
vn 0.17740678354250208 0.9841376037637726 0.00010005600304878452
vn 0.18149778252166696 0.9833879167625407 0.0026000202207432667
vn 0.1769050313053234 0.984227880079128 -0.00029995634363488003
vn 0.1742981814726397 0.9846897452124799 -0.002499921741199367
vn -0.43211058865558155 0.8417206502161039 -0.3237078716551482
vn -0.4648083798128111 0.8550153726434665 -0.23000409257042304
vn -0.32769320721971884 0.7679841038546596 -0.5502886316912332
vn -0.2635938613166326 0.7080835473604935 -0.655084701571917
vn -0.35549938114548274 0.03559987425954028 0.9339983077917666
vn -0.38150020481527885 0.12410000062671667 0.916000427712973
vn -0.3746896339363731 0.09969717619344205 0.9217744579232386
vn -0.34809327056297495 0.012099706668308343 0.9373818176641322
vn -0.3390988880897914 0.50329831275641 0.7947973027588972
vn -0.3471827516525252 0.5553723376914965 0.7556624269355089
vn -0.3442888105869826 0.5357824688214068 0.7709749418808882
vn -0.33610225188121384 0.485403175418171 0.8071053423031798
vn -0.2775941494967673 0.8808814142464857 0.3833919954827925
vn -0.3675118264329299 0.9250297366400716 0.09620313801291411
vn -0.2877959615707165 0.8889873812613444 0.3561950595694499
vn -0.2053020302665925 0.8083079434466245 0.5518055318040077
vn -0.30170522755464146 0.9531164905250084 0.023300453976128795
vn -0.30170522755464146 0.9531164905250084 0.023300453976128795
vn -0.30170522755464146 0.9531164905250084 0.023300453976128795
vn -0.33471193630095614 0.9419335777136247 0.027001016152643727
vn -0.35180454607011735 0.9335120733293115 0.06920094156013148
vn -0.3380870220572941 0.9404638517180773 0.0349987018049053
vn -0.32350857474712424 0.9462250482760367 0.0006000667434342933
vn -0.48292440764890354 0.8053407048120462 -0.34381734346858117
vn -0.4850054813087054 0.8057090728366708 -0.3400037838748022
vn -0.48270456288579044 0.8053076856618661 -0.3442031905476281
vn -0.4790882968583147 0.8045804039718958 -0.3508914039383414
vn 0.4065996038231617 0.9127991024466119 0.0384000096810921
vn 0.35221184444405124 0.9346313977332685 -0.049101598797556836
vn 0.3828963310878988 0.9237911234173626 -0.000599945591894566
vn 0.4650903688748712 0.8738818680032779 0.1414971008711417
vn 0.38599603312123515 0.9220904677534072 -0.027499667142948638
vn 0.44339343544002907 0.8925868090735781 0.08179883664537438
vn 0.39371388715869976 0.9191324188125716 -0.01360043183645696
vn 0.35229685122954635 0.9318916839788355 -0.08639917791760068
vn -0.8987921456273474 0.1997982045922593 0.39019656123587093
vn -0.9209963280561502 0.1286994688243098 0.367698531995205
vn -0.8063378299667573 0.3942184792851387 0.4409207350018975
vn -0.7612021588753034 0.4626012184735889 0.4545012497126144
vn -0.7595071849369188 0.49220463102547957 -0.4253039351173096
vn -0.7194899687007675 0.5780919825087502 -0.38489458907351715
vn -0.8338680003751937 0.1555940626326004 -0.5295796876993664
vn -0.8340978092213358 0.023899974543349797 -0.5510985718263068
vn -0.020699205225769124 -0.2333911111141772 0.9721626058206061
vn -0.020699205225769124 -0.2333911111141772 0.9721626058206061
vn -0.020699205225769124 -0.2333911111141772 0.9721626058206061
vn 0.2313037907636053 0.28980478364109546 -0.9287151036551113
vn 0.2313037907636053 0.28980478364109546 -0.9287151036551113
vn 0.2313037907636053 0.28980478364109546 -0.9287151036551113
vn -0.9505087293758938 0.15070138459929122 0.27170249917893763
vn -0.9485358837916028 0.22170836242864872 0.22610855620451387
vn -0.9504973882191249 0.18179947257955878 0.25199933880551467
vn -0.9484609890797728 0.10809553094654703 0.2978877446005508
vn -0.7656173127254392 0.6025136206449665 0.22540511838103944
vn -0.7622135986601495 0.6100108077127571 0.2166038884488785
vn -0.7651261249365214 0.6036205496468453 0.22410766382179487
vn -0.767676238980268 0.5976814014903501 0.2311928511387
vn -0.9354686658605741 0.25859131954415926 -0.2408918941132062
vn -0.9123248437091482 0.3057083435792347 -0.2724073938370961
vn -0.9281734683929106 0.2744921549470084 -0.2512927962437882
vn -0.9523775963514802 0.21829486953210664 -0.21289495978941678
vn -0.704620689467725 0.6869202461940745 -0.17790519762699422
vn -0.7691300902449295 0.6191241437113121 -0.15850614799925272
vn -0.728087146582617 0.6637883297041862 -0.17109693255493927
vn -0.6392795152261553 0.7440761539574322 -0.194093736437134
vn -0.35489448243053917 0.9331854645068859 0.05669916378066886
vn -0.3593103589987169 0.9276267874304338 0.1020029860234778
vn -0.3551897928690801 0.9330731485202658 0.056698417544917286
vn -0.34949192491500336 0.9368782784557639 0.010699802660318718
vn -0.9222923942587966 0.3798968413725173 0.07109943324359744
vn -0.9043420399546754 0.4254197962660019 0.03440162373507639
vn -0.9165901482191414 0.3954957426545541 0.058699384406780825
vn -0.9335855804651703 0.344494661514366 0.09869849105033685
vn 0.6571541130657864 0.7444479836420892 0.11809179197534073
vn 0.6019088945739235 0.7702113673108438 0.21090313486991535
vn 0.7061176393673468 0.7078176449108714 0.01980052845540496
vn 0.7434972149772654 0.6647974783661778 -0.07249968330290409
vn -0.1227039499659492 0.98423164361121 0.12740413014156918
vn -0.2339961814248751 0.9407845885730641 0.24529603539802147
vn -0.11240111635128096 0.9868097374825419 0.11650120622818605
vn -0.03759987090713072 0.9985964979125125 0.03729992043734441
vn 0.6991024649174525 -0.7088024169807654 -0.09410035721806308
vn 0.6618321892257956 -0.7321355130680559 -0.16110786389610326
vn 0.7397872749960984 -0.6727883988044684 -0.00839989214018354
vn 0.7858279443787874 -0.6071215881054273 0.11780415565570315
vn -0.11809566199779963 -0.9902636673006179 0.07369724446431145
vn -0.16459447827366225 -0.9860668787163575 0.024099137337280044
vn -0.11720028399101058 -0.990302436197042 0.07460012261806206
vn -0.08209733319927483 -0.9903679094518875 0.11149633092378039
vn -0.7104223873785386 -0.703422141079025 -0.022300738803414523
vn -0.6653009657419162 -0.7432010537220203 0.07090006156098909
vn -0.713706521986594 -0.6998063818066544 -0.02990030863516692
vn -0.7577174068125135 -0.6354145250621088 -0.1487034389427977
vn -0.3396113611385005 0.36601229324826623 -0.8664289495260417
vn -0.10020004691494272 0.40970024226698787 -0.9067004257662036
vn -0.47871206960144747 0.3272082889862522 -0.814720498107534
vn -0.6676929819394929 0.25419739775478556 -0.6996926216871543
vn 0.6789838937028382 0.4021904612521497 -0.6141853995089075
vn 0.6471124155759356 0.2286044297837607 -0.7273139186697305
vn 0.6742163927985881 0.6100148922836306 -0.41631008500137323
vn 0.6665310149108155 0.645730030416668 -0.3725172935315183
vn 0.1943043919832746 0.6891155792059361 -0.6981156936723864
vn 0.25189550533404964 0.6440885632960013 -0.7222870461414883
vn 0.12329512650197205 0.7379708525611811 -0.6634736864043562
vn 0.07039864054119094 0.7698852120500528 -0.6342876253535124
vn 0.7156701106001125 -0.6386733621430787 -0.28268821921416976
vn 0.7468005056920884 -0.6434003931485663 -0.16830014496224005
vn 0.6240063022116725 -0.6034060729203437 -0.4965050311557412
vn 0.5713604836508027 -0.5765601178467453 -0.5840596101690886
vn -0.010799896372982358 -0.8764918299533373 -0.4812955788944909
vn 0.03790140742296477 -0.910433554543997 -0.4119153142039532
vn -0.017399504342087303 -0.8712752536924863 -0.49048617671830824
vn -0.08860225463028779 -0.806820533166788 -0.5841149439407364
vn -0.5729757619145678 -0.6966703893484901 -0.4316817634131
vn -0.5812200210661546 -0.49831707144535103 -0.6433221459097983
vn -0.5685663465436293 -0.71745747257303 -0.4024761913792536
vn -0.5418084854455213 -0.7944123174810779 -0.27450434410692603
vn -0.7854057697155175 0.5991043738448496 0.15560117653008348
vn -0.7629118868152954 0.6362098893857848 0.11490182593698489
vn -0.7845133800782825 0.6007101911376789 0.15390264046299273
vn -0.8049741801296526 0.5602820384735542 0.19519376703294644
vn -0.07799916551595733 0.9960893097431175 0.04149960474864307
vn -0.2317042991498676 0.956417609263533 0.17770333268145763
vn -0.09130013605020341 0.9944013431996548 0.053200129698492214
vn 0.12800538953532806 0.9819411963637562 -0.13930580437879772
vn 0.08480248405198389 -0.9960291604906019 0.027100740783231665
vn 0.22019170646138997 -0.9441642684540401 0.2450906905214238
vn 0.06610067377918794 -0.9978100723852046 -0.002400077617493337
vn -0.05340185389207557 -0.9807340897448268 -0.18790659172385502
vn -0.7580999472871588 -0.6433999698888733 0.10639994675846448
vn -0.704620784401885 -0.688120301663862 0.17320508256661515
vn -0.7484146421906459 -0.6524128178085747 0.11930229886185328
vn -0.8072731957916454 -0.5891804287522284 0.03429882988797166
vn 0.30380741389336613 0.5580135651344916 0.7722188267514069
vn 0.47850337110951685 0.43650297118476583 0.7619052959414967
vn 0.35460841749059935 0.5263124011090567 0.7728183012090436
vn 0.17970815877045765 0.6250283172373962 0.7596345044313884
vn 0.3508016363146234 -0.6431030441323717 0.6807030825452897
vn 0.2983212697868598 -0.4469319410863248 0.8433601010419959
vn 0.3251890336011766 -0.5414818299964546 0.7752738356279177
vn 0.37359307101519923 -0.7552859081278313 0.538489938878109
vn -0.17229252432081804 0.9453590164389981 0.27678803460527457
vn 0.0025998898305209543 0.9049628640394904 0.42548261454765945
vn -0.12470134451574036 0.9393099651704007 0.31960344805328256
vn -0.27929003123649476 0.9443662036280789 0.17369384530549126
vn -0.1610026704676548 -0.976916222436888 -0.1404024018381612
vn -0.19209516506048455 -0.981375304108223 -0.0014000167420423382
vn -0.17960788091126303 -0.9819431415700385 -0.059402658510617344
vn -0.15180572252419283 -0.9719364610119388 -0.17970681223730917
vn 0.3590091477704882 0.32660825635564505 0.874322296809039
vn 0.4288166823808857 0.2740105884238958 0.8608335787731802
vn 0.36650551476610255 0.3212048059202 0.8732131356660874
vn 0.29240570067968524 0.3726071977187719 0.8807171977531644
vn 0.3602160395273875 -0.38251706219759607 0.8508378823224341
vn 0.29698896939954855 -0.3043887590135745 0.9050663154936053
vn 0.33381126176251114 -0.34981184346624367 0.875329489787285
vn 0.39051888165527526 -0.4203203664085758 0.8190395549989472
vn -0.03190006152167106 0.8918015332597313 0.45130079919107835
vn 0.06559924190293183 0.8239903908178966 0.5627935458954115
vn 0.009200269796950749 0.8660256634191976 0.4999148980926674
vn -0.053000249050963726 0.903404126086046 0.4255020077170532
vn 0.1616075552149534 -0.986146086219432 -0.03740180118045974
vn 0.15410010437204757 -0.9880005043565857 -0.010400058829475393
vn 0.15840593189935773 -0.9870369132592168 -0.02580101941422379
vn 0.1630962337016205 -0.9856770719007015 -0.042899049891643996
vn 0.38669974157495135 0.26669974098546223 0.8827992739146047
vn 0.38669974157495135 0.26669974098546223 0.8827992739146047
vn 0.38669974157495135 0.26669974098546223 0.8827992739146047
vn 0.4991719433768314 -0.03359817181307808 0.8658513346967922
vn 0.3490979710486456 0.03599972971502616 0.9363944820801563
vn 0.5029084231892629 -0.03540064495828553 0.8636144465106097
vn 0.6277042952244913 -0.09920073914450789 0.7721052590870676
vn 0.5761081759663114 0.6356089026567792 0.5139072800109126
vn 0.5284698163478649 0.8091536159833406 0.25688534203091273
vn 0.5420837853483501 0.7811765451266602 0.3096907732018809
vn 0.5783666022299384 0.5997652928003914 0.5529680524018153
vn 0.24389870535231534 -0.9683948599663104 -0.052199776994681986
vn 0.23010160527481247 -0.9710067761048002 0.06480040129904108
vn 0.23570123928547798 -0.9716050810497652 0.020700055013672843
vn 0.24759506947595886 -0.9645807395595756 -0.09099823318008698
vn 0.9568023753951982 0.12520032078905982 -0.2624006366463749
vn 0.865332915542419 0.16280621265880238 -0.47401801906526025
vn 0.8774809125375505 0.15899657055980554 -0.45249015313317986
vn 0.9667564903965645 0.11829468924500447 -0.22668977650645206
vn -0.5276155647172928 0.6037177721946964 -0.5976174925521548
vn -0.5100128243714651 0.6040151950513752 -0.6124153518027534
vn -0.5540076070373303 0.6025083214690241 -0.5745078710560456
vn -0.5710055949321926 0.6014059288159328 -0.5588054396130893
vn -0.209099582640109 0.904498241615706 -0.37169920023296826
vn -0.2342974886269286 0.9129902085824284 -0.3339963560515716
vn -0.1473919532453571 0.8764519902728538 -0.4583748693648811
vn -0.1273947676031457 0.8653645555134072 -0.4846800586453127
vn 0.38180663185031183 -0.6594114000821548 -0.6476112269848422
vn 0.40100205685886486 -0.6869034348953093 -0.6061031442947521
vn 0.35611452312434194 -0.622025281586483 -0.6973284702973048
vn 0.3360130025359356 -0.5925228767280732 -0.7321283375752328
vn -0.4696837217470827 -0.6070788596821529 -0.6409777372521029
vn -0.4780749115136003 -0.7044629921681004 -0.5245724655820487
vn -0.4515003420659853 -0.5015003712987374 -0.7380005546756229
vn -0.440302824200186 -0.45040281619879363 -0.7767050445063015
vn -0.31909677420593985 0.7973918688865789 -0.5121947443355238
vn -0.30868993749829404 0.7792745463493547 -0.5453821631657078
vn -0.3542118396713312 0.8548285035615615 -0.3792126080912301
vn -0.3591958519383641 0.8624900463892686 -0.3564958061881094
vn -0.24810719933946299 -0.4190121075279466 -0.8734252523146535
vn -0.2513963526056964 -0.3891942953283985 -0.8861871553912208
vn -0.2330929028353868 -0.5280838978502795 -0.8165752234050632
vn -0.22861541138260164 -0.5552374057436616 -0.7996539357380866
vn -0.016100389519878314 0.7955191621339115 -0.6057144873082267
vn -0.015100042151418242 0.7931020787016566 -0.6089015367743269
vn -0.01970010326728223 0.8037041022439158 -0.5947029695297981
vn -0.02070076196897533 0.8057296215813361 -0.591921663195647
vn 0.06050390924121994 -0.5676365333692427 -0.8210530086121595
vn 0.039299451626243175 -0.5315924837627389 -0.8460880476101992
vn 0.11679770509912497 -0.6585868583524495 -0.7433852608769079
vn 0.13760153192304153 -0.6902075239277335 -0.7104079055908509
vn 0.3777936855765995 0.5609906633970086 -0.7365876775509034
vn 0.37050876435061514 0.5400127956947638 -0.7557178283098167
vn 0.3900912004194918 0.5973865093345889 -0.7006841041584396
vn 0.3928924785816315 0.6060884553201262 -0.6915867874689666
vn 0.04230002781886961 -0.7476003890347654 -0.662800396772354
vn 0.02880037123295743 -0.7330092826040653 -0.6796086596219308
vn 0.09109825247141815 -0.7957846202483507 -0.59868852216561
vn 0.10610575608416806 -0.8094437308790602 -0.5775313108969893
vn 0.4993870718492102 0.10179741497408035 -0.8603777302873817
vn 0.4934970226646113 0.09899946029597362 -0.8640947838531778
vn 0.5230068566360728 0.11220151349010127 -0.8449110298026562
vn 0.527585918680833 0.11429699291968876 -0.8417774621711
vn 0.019700350904192948 0.019400406707743692 -0.9996176871153418
vn 0.0020000629087920593 0.027100895491229033 -0.9996307024156144
vn 0.01109968502925145 0.023099406763226835 -0.999671553261089
vn 0.030400905458000012 0.014700501109395381 -0.9994296774733411
vn 0.17520671821617792 0.013600584422909703 -0.9844377227612076
vn 0.15730569364175975 0.028601099141279864 -0.9871357028675416
vn 0.1834029518804692 0.006600167951299512 -0.9830156636720215
vn 0.201605637563296 -0.008800182816198479 -0.9794272426704794
vn -0.009299800898249016 0.012499798118147389 -0.9998786270094279
vn -0.004600166344767408 0.010300439684627162 -0.9999363676814159
vn -0.006500103617690252 0.011200244257117638 -0.9999161480751975
vn -0.011500489831562715 0.013500640690680524 -0.9998427233493152
vn -0.12799405571580286 -0.02889859048671225 -0.9913538183561413
vn -0.10850501168597466 -0.04780214411668179 -0.992945928767964
vn -0.13200417045627572 -0.025100730571229277 -0.9909313055439015
vn -0.14350767829544606 -0.013800674301521274 -0.9895529736497557
vn 0.009399941532732999 0.02289991662715476 -0.999693570509309
vn 0.009399941532732999 0.02289991662715476 -0.999693570509309
vn 0.009399941532732999 0.02289991662715476 -0.999693570509309
vn -0.3548027862607874 -0.5112039314672235 -0.7828061850254099
vn -0.355903097445853 -0.5222044755597685 -0.7750067554117157
vn -0.3554925794159049 -0.5196890374443232 -0.7768837302585371
vn -0.35460913072751943 -0.5090130434142603 -0.7843201425685975
vn -0.9576379973670434 0.2508099611310473 -0.14150558079553366
vn -0.9721264116303433 0.2150058555037987 -0.09350252354771954
vn -0.957159762845292 0.25178942172438185 -0.1429939701443579
vn -0.9321855035311514 0.29799539720896145 -0.20549678890106013
vn 0.9112662210658001 0.28138957099753276 -0.3006888486097893
vn 0.8834903136490381 0.31819652647948504 -0.3437962132204406
vn 0.9026774994526676 0.29339266859955665 -0.3147921123438611
vn 0.9241241958884909 0.26190685169927824 -0.2782072457834669
vn -0.8955249537754548 0.2502069860104552 -0.3680102190388651
vn -0.8712968364827431 0.2753990212804509 -0.40619847588701474
vn -0.9059976276920199 0.23819938148597225 -0.34989906155366074
vn -0.9310793336733015 0.20599542469988336 -0.3010932736033727
vn 0.7848753249410205 0.6050808887790303 0.13359581704943602
vn 0.7951249587398328 0.5962186778084521 0.11090350860689839
vn 0.78359745823975 0.6059979634404953 0.1368995681007633
vn 0.7734289348141055 0.6138229070800504 0.15820594658897577
vn 0.623529966916652 0.7661367698813406 0.15570751488834708
vn 0.6267650769239231 0.7645573169645186 0.1503916467911889
vn 0.6219854476630424 0.7668820122844714 0.1581963404441596
vn 0.6191046429022183 0.7682057201076538 0.1630012660404755
vn -0.23770939058231025 0.9709383820614079 0.027801148698605345
vn -0.2137996850723222 0.9766985244643387 -0.01869991904151569
vn -0.2732946237059893 0.9567810974735731 0.09939808937130744
vn -0.29549512130640015 0.9441842833490087 0.14559763858261798
vn -0.9474083793550229 0.3015026798879783 0.10730096340786678
vn -0.9697078439645445 0.242201961346195 0.03170027245452249
vn -0.9589618933101608 0.2741890947624244 0.07219714324233276
vn -0.9351002581041327 0.3259000661517273 0.13920005091911486
vn -0.9875066633175754 0.1575010459920332 0.004900042326797498
vn -0.9924818871654749 0.11799785089033553 -0.032499397436249564
vn -0.9874075935184711 0.15810121342606887 0.005500052296684504
vn -0.9797435309498659 0.19590867659527025 0.04150185533899721
vn -0.7817642289609663 0.6154718331007649 -0.1001953740281958
vn -0.7817642289609663 0.6154718331007649 -0.1001953740281958
vn -0.7817642289609663 0.6154718331007649 -0.1001953740281958
vn 0.9345515519912572 0.1477923136204106 0.32368322277414796
vn 0.9345515519912572 0.1477923136204106 0.32368322277414796
vn 0.9345515519912572 0.1477923136204106 0.32368322277414796
vn -0.011499758394286907 0.4361906295657507 0.8997808012154445
vn -0.5536777091164897 0.5680770802923333 0.6088755416947325
vn -0.36570783943715923 0.544111575656138 0.755116129751709
vn 0.1725023764081953 0.35370480469306387 0.9193127004836641
vn -0.8078394590263762 0.026001233142931873 0.588828790324504
vn -0.7878295814819 0.009300311897519231 0.6158230709714141
vn -0.8410037799382436 0.056200216127033985 0.5381023860166957
vn -0.8599163325241332 0.07490139142262774 0.5049095786585935
vn -0.43000826936936787 0.4982094999916317 0.752914458880987
vn -0.43000826936936787 0.4982094999916317 0.752914458880987
vn -0.43000826936936787 0.4982094999916317 0.752914458880987
vn 0.19799103180680902 -0.1392936238439945 -0.9702560680977381
vn 0.25018701153912964 -0.20908906120852833 -0.9453508469029135
vn 0.18800503885524997 -0.12620331559773543 -0.9740260923081959
vn 0.14109707226724277 -0.06469858549383442 -0.9878794001459436
vn -0.6318966507455216 -0.04909968404732116 -0.7734958589436958
vn -0.6089757438699821 -0.005699719400645798 -0.7931683658447025
vn -0.632198388570074 -0.049899814558466794 -0.7731980380190008
vn -0.6549016179089269 -0.0967001826027055 -0.7495017982265775
vn -0.9534576201706672 -0.10989512866652329 0.2807875126031358
vn -0.9654937961235042 -0.17979884603611143 0.18839879142687765
vn -0.9607002899623718 -0.14270005270843136 0.23810007942717237
vn -0.9423592828667 -0.07369682997655573 0.32638590540396445
vn -0.5165794490650414 -0.07479706547525884 0.8529660437555225
vn -0.4814020033105923 -0.09530044650431085 0.8713035843519914
vn -0.5570265162653405 -0.05080246846507152 0.8289394244304911
vn -0.5816061808664614 -0.03520042281192427 0.8127085459202401
vn 0.2665077383954286 -0.04400133779824412 0.9628278702069849
vn 0.180096311278974 -0.09469812292571135 0.9790799682242783
vn 0.21889571287997348 -0.0720986498705252 0.9730809070008596
vn 0.3111058431849489 -0.017300386092820825 0.9502177913390284
vn 0.7989200163118952 -0.05610144636900621 0.5988150259065868
vn 0.8404194201408564 0.005100080303791426 0.5419125274719171
vn 0.8049743402538406 -0.047798510332242174 0.5913811071913885
vn 0.7539332659194246 -0.11260500507093833 0.6472285093945138
vn 0.9348796275162106 -0.08989802396692302 -0.3433925266251355
vn 0.9639575342187842 0.042198152056241306 -0.26268838608868844
vn 0.9400189714651358 -0.07260144699467139 -0.33330671037335574
vn 0.9047954684576164 -0.17169910588502452 -0.3896980591391826
vn 0.15830187051004954 0.15270174297020186 0.9755115045384559
vn 0.16209773438221106 0.16199765462970261 0.9733864003583724
vn 0.1533016280908307 0.14140143887631001 0.9780103495916644
vn 0.14840747171325464 0.1292064297535194 0.9804493463968592
vn 0.05670148056507648 0.519113536622771 0.8528224189107174
vn 0.15560506810166055 0.4689151646151155 0.8694283358477896
vn 0.08109900922311307 0.5073936760193881 0.8578896247411794
vn 0.022899898793427097 0.534597696145777 0.8447963647595071
vn 0.013600630755652335 0.9991465743741853 0.03900186866522156
vn 0.038301733051014426 0.9959449833442208 0.08140373085288286
vn 0.027000289619274302 0.997710827007578 0.06200072606292443
vn 0.004100098093443815 0.9997247372884134 0.02310062443391641
vn 0.06359916533232539 0.9976869066849176 -0.023999633299535608
vn 0.1061046755897291 0.9943438567089009 0.00470025991487151
vn 0.061199673076612754 0.9977946280798067 -0.025699809150961057
vn 0.028101322659923027 0.9984470404724639 -0.048102214466082246
vn -0.7678358629126273 0.5831272827531379 -0.26531238141889113
vn -0.7678358629126273 0.5831272827531379 -0.26531238141889113
vn -0.7678358629126273 0.5831272827531379 -0.26531238141889113
vn -0.4574256233413579 0.5137286969417209 0.7258406333688766
vn -0.5404250589839954 0.45222089726551584 0.7095329560341203
vn -0.4351032921746859 0.5287038487072164 0.7288054373431407
vn -0.369101987077576 0.5697029971231893 0.7343039004419358
vn -0.3575062403064486 0.9241161333259654 0.13490241016606974
vn -0.353992476369832 0.9234802846280575 0.14789689170782422
vn -0.3566837059965503 0.9238576951486012 0.1387937065982492
vn -0.359894838753272 0.9244867006216763 0.12569823154047832
vn -0.242888231998863 0.9696530149677905 0.02789869746672927
vn -0.242888231998863 0.9696530149677905 0.02789869746672927
vn -0.242888231998863 0.9696530149677905 0.02789869746672927
vn -0.38348928213786054 0.923074085008537 0.029499221532786512
vn -0.5119969179693356 0.8005951569114783 0.31129817011956
vn -0.4552247471401572 0.8729473010182521 0.17530955260945977
vn -0.32539187697589933 0.9425764307934916 -0.0752980644552248
vn -0.7233628454685899 0.6820649724697718 -0.10739444643646295
vn -0.7014015486921605 0.6939015439229128 -0.1629003217726612
vn -0.7098089245638871 0.6898086902161756 -0.14260175844533726
vn -0.7365029572583447 0.6728026165110343 -0.07000023689687702
vn -0.9492516728061366 0.14579256459327625 0.2786858263063741
vn -0.9458688986434739 0.22109271133097883 0.2375921706944441
vn -0.9483081347558762 0.18700157907104478 0.2564022054912296
vn -0.9484431687168681 0.1079049005637309 0.2980135704102047
vn -0.7677808998126895 0.5975850897760432 0.23109424562324227
vn -0.7620786834802754 0.6101828624109644 0.21659398561578844
vn -0.7667714579072443 0.5998776211562918 0.2284915118219216
vn -0.7709911318891394 0.5898932043325494 0.2399972542146699
vn -0.9345195784554097 0.25720540890296434 -0.24600515261795322
vn -0.9084319502862656 0.3128109927941161 -0.2773097086043897
vn -0.9231640971817275 0.28268902213408564 -0.2604898586116557
vn -0.9501771806769188 0.21759478548024505 -0.22319461161208234
vn -0.6954028103547848 0.6914027952245138 -0.1959007557575942
vn -0.7670682422151113 0.6177743953388407 -0.17309277353127417
vn -0.7210287899836342 0.6668266470296165 -0.18830747947433182
vn -0.6202706719704822 0.7542642853422572 -0.21528976136923167
vn -0.39197937000920374 0.9194516145992419 0.030998417669859148
vn -0.39980389300890806 0.9095087399409365 0.11380113842124721
vn -0.3920105661238033 0.9194246570101896 0.03140089376101656
vn -0.3812976940593676 0.9229943101929955 -0.05189963252630145
vn 0.4096980769661262 0.5930972108650472 0.6930968072313997
vn 0.5565881964471342 0.3409927347615062 0.7575840114572082
vn 0.4854846864771163 0.47818483160477643 0.7318769609841042
vn 0.33430551097804423 0.6865111931199784 0.6457106217576823
vn 0.36051426324728825 0.9164362560323533 -0.17370680650068876
vn 0.36051426324728825 0.9164362560323533 -0.17370680650068876
vn 0.36051426324728825 0.9164362560323533 -0.17370680650068876
vn 0.23409161546520318 0.9637654746862193 -0.12789536884397962
vn 0.31221188689692236 0.9441359293850825 -0.10550395501795026
vn 0.24280561161028413 0.9619222805027847 -0.12550283360497416
vn 0.17160627079010027 0.9744356161649896 -0.14500523361131495
vn 0.4517814592872315 0.8920632721986737 0.010799603626731913
vn 0.46698213066387373 0.8833661785741895 -0.039898423425767326
vn 0.44837887567905443 0.8935578715883817 0.02259898155289473
vn 0.43268858171205554 0.8988761586810591 0.06929821506210343
vn 0.09050369485803533 0.995840762028776 -0.010500376135660986
vn -0.018800709343762483 0.9911372107316866 0.13150499165881058
vn 0.12160384938865033 0.9912312799252497 -0.05170158132604695
vn 0.17710565018997437 0.9761311905430101 -0.12570396779685322
vn 0.6774892675938043 0.36039427208544095 -0.6411897230486586
vn 0.6389640118984525 0.6153653175375923 -0.4615739566640349
vn 0.6739887517124068 0.4288928772260118 -0.6014898689337543
vn 0.6702308781253224 0.20480945474709727 -0.7133327815638055
vn 0.9829287924085581 -0.11260329336527208 0.1455042520943909
vn 0.9798064618500383 -0.13510089989190935 0.14740096392258034
vn 0.9906922027414254 -0.018199869360649365 0.13489894062815153
vn 0.9912332619070144 0.011700379643065233 0.13160441332032968
vn 0.776279194927991 0.0027999623929514457 -0.6303830357271267
vn 0.7768977871262693 -0.054099803869360655 -0.627298206262064
vn 0.7115055201932332 0.3649028801964848 -0.6005046067757237
vn 0.6929294692959413 0.4165177116176639 -0.5885250602056211
vn 0.5197111898651267 0.4723101764274805 -0.7119152873565902
vn 0.5418020065223708 0.39350147402250313 -0.742702615903869
vn 0.5048329463705213 0.5170338026991461 -0.6912450673424865
vn 0.47451847209195974 0.5944231303813128 -0.6492252010752454
vn 0.97821832258735 0.10390194837862086 -0.1797033624546787
vn 0.9736298728504647 0.13180405374931403 -0.18620569837799322
vn 0.9825750104721865 0.07069821176596894 -0.1718956417384597
vn 0.9846458912297497 0.0508023731450859 -0.16700774762626835
vn 0.024200173350783498 6.434548000895424e-8 -0.9997071329193304
vn 0.024200173350783498 6.434548000895424e-8 -0.9997071329193304
vn 0.024200173350783498 6.434548000895424e-8 -0.9997071329193304
vn 0.024200173350783498 6.434548000895424e-8 -0.9997071329193304
vn 0.8659219678090377 0.09110233289114424 -0.49181247504258674
vn 0.8853083798867448 2.6877102103610558e-8 -0.46500437901411906
vn 0.7434775860448974 0.38448842726674654 -0.5471834503590143
vn 0.7121969811395638 0.4351981949420224 -0.5507975954694221
vn 0.7326267466470647 0.5781211045580479 -0.35921308239249905
vn 0.8147871076715345 0.49779208551042076 -0.29719523679803705
vn 0.467597949176598 0.7366967017790708 -0.48849782754243515
vn 0.3943966635196946 0.7630935566197417 -0.5119956012017738
vn -0.9483628256942296 2.3754498763017594e-8 -0.3171875641339931
vn -0.9483628256942296 2.3754498763017594e-8 -0.3171875641339931
vn -0.9483628256942296 2.3754498763017594e-8 -0.3171875641339931
vn -0.9483628256942296 2.3754498763017594e-8 -0.3171875641339931
vn 0.07859742755951575 0.24799193244900916 -0.965568457345844
vn 0.06669914441955675 0.29069634561441976 -0.9544877467941226
vn 0.12849646124591627 0.055198536706749776 -0.9901726016168647
vn 0.14179935222809062 6.330241225920405e-8 -0.9898954205913318
vn 0.20769414234666156 0.6421819165262925 -0.737879074999083
vn 0.2773039738343811 0.6317090825172952 -0.7239103129261373
vn 0.09120004462047082 0.6519003999279689 -0.7528003855172888
vn -1.2234649388039048e-9 0.6531928009495264 -0.7571916301622148
vn 1.2487108583520375e-9 0.04210063083565018 -0.9991133753900207
vn 1.249774449718074e-9 0.04180114721819466 -0.999125950063976
vn 1.2487108583520375e-9 0.04210063083565018 -0.9991133753900207
vn 1.249774449718074e-9 0.04180114721819466 -0.999125950063976
vn -0.03809974622409133 0.6582954354563332 0.7517948716205882
vn -0.03809974622409133 0.6582954354563332 0.7517948716205882
vn -0.03809974622409133 0.6582954354563332 0.7517948716205882
vn -0.161997339873157 0.5997900544452746 0.7835871058552171
vn -0.161997339873157 0.5997900544452746 0.7835871058552171
vn -0.161997339873157 0.5997900544452746 0.7835871058552171
vn -0.19769489944168606 0.41048932966776724 0.8901770818009463
vn -0.163894443557309 0.36348760874248154 0.9170689012619023
vn -0.18969664186087049 0.399292838814495 0.8969840650413864
vn -0.21460549936246096 0.4337110636684978 0.8751223873807189
vn -0.2596001028585482 0.0911999674239708 0.9614002041489788
vn -0.22469828370855677 0.03519966905810345 0.973792413503324
vn -0.24299676762469608 0.06439908937312176 0.9678870431056829
vn -0.27780021583526276 0.12090002865612806 0.9530006417378892
vn -0.4066996865579659 0.6527994794825468 0.6390995263188419
vn -0.4066996865579659 0.6527994794825468 0.6390995263188419
vn -0.4066996865579659 0.6527994794825468 0.6390995263188419
vn 0.7850789108409907 0.6046837384697893 0.1341964238827661
vn 0.7945808747511154 0.5973855933224617 0.10849740259804654
vn 0.7861068705204401 0.6040051676498858 0.13120116452529523
vn 0.7752772488952432 0.6112819877491676 0.15899534206652022
vn 0.7718883330139269 0.61949059455862 0.142897881756129
vn 0.7718883330139269 0.61949059455862 0.142897881756129
vn 0.7718883330139269 0.61949059455862 0.142897881756129
vn -0.9756789613155167 -0.06919849529913522 -0.20799551123668572
vn -0.9579914812742197 0.02619978732948312 -0.28559743162345885
vn -0.9677705862796383 -0.016499479809770637 -0.25129237851151043
vn -0.9788264477303357 -0.11430306459796265 -0.16980457781557734
vn -0.9476771072965461 0.0801980446176774 0.30899251438433223
vn -0.9463036797118458 0.0634002258378872 0.317001194205204
vn -0.9469994321770172 0.07139993518419022 0.3131998159515755
vn -0.9481151719552907 0.08660136867871127 0.30590492583671003
vn -0.917193838614248 0.05799958425959375 0.39419729912034523
vn -0.9151608539520526 0.06269730190241829 0.39818294756042316
vn -0.9173340336531818 0.05770212016959514 0.3939146303826717
vn -0.9191882582291943 0.05329929623294192 0.3901949909399829
vn -0.9960262957020262 0.08840233167160642 -0.010800278937279924
vn -0.9973687030961408 0.06359800736551692 -0.03479890146912495
vn -0.995876801084522 0.09029789976085045 -0.008699790827292353
vn -0.9936452209801079 0.11190509955601839 0.012100558530514997
vn -0.9706664502006749 0.19489325692623496 -0.14079510239885862
vn -0.9666896550891112 0.2083977697606739 -0.1485983859349512
vn -0.9685278255788762 0.20230582248590226 -0.1450041560361515
vn -0.972540316016753 0.18820779769308396 -0.13690565587130943
vn -0.9399953189307656 0.1598992189590751 -0.30139847405805836
vn -0.9531368005248252 0.1064041195103052 -0.28321088050521004
vn -0.9498003960865867 0.12150006291281736 -0.28830009071442303
vn -0.9360125480748658 0.17390233228364857 -0.3060040664316483
vn -0.9893210879212211 0.13920296258934847 0.04320092823909979
vn -0.9846858315961718 0.16499761641593882 0.05629919742602214
vn -0.9931414091620377 0.11300471631318114 0.03000125828393214
vn -0.9953635114309662 0.09399654460982561 0.02039925766370009
vn -0.9529157223642618 0.1694027758773978 0.25150412639960595
vn -0.9880364553966938 0.06700246601934352 0.13890511997210112
vn -0.9506662371116643 0.17419381396692918 0.2566909051595004
vn -0.883817228855916 0.2821054387181664 0.3732072178067842
vn 0.9998116929680968 0.01890021591876962 0.004400050282923845
vn 0.9941540822760006 -0.05569743412011583 0.09249571085406348
vn 0.9994830789454999 -0.003999938161936552 0.031899457618027004
vn 0.996782053238849 0.0638988511572128 -0.04839912356368053
vn 0.951091833251024 0.1905983296920629 0.2430979256221702
vn 0.9551971352054272 0.18639941485103467 0.22989930630286118
vn 0.9414931436841735 0.19969851462635296 0.27149799935123015
vn 0.9371779982451057 0.20329519147515276 0.2834933239573333
vn -0.750529998881152 0.04610179905331771 0.659226322975278
vn -0.7257760480794133 0.00859967518656467 0.6878772954683957
vn -0.7593338396108307 0.06000263070097071 0.647928857461092
vn -0.7757922742247908 0.0881990764131026 0.6247937821177503
vn -0.44221790030908903 0.08640344059386434 0.8927361167219365
vn -0.40249939454834016 0.006299932312478185 0.9153985734318564
vn -0.4216874905532257 0.043998635458599215 0.9056731090126859
vn -0.4608784241242875 0.12679400064702642 0.8783589013476413
vn -0.9174042398486795 0.3080014529468865 -0.2520011223988366
vn -0.9123016233706689 0.3159005442241468 -0.26060044925926384
vn -0.9169807712810422 0.3086935099691766 -0.25269464181841106
vn -0.9230913029401656 0.2988972323596303 -0.24199770850977184
vn 0.5270880158674922 0.16629614842959287 0.8333809540338397
vn 0.5353946979253266 0.15319843132812153 0.8305918119461876
vn 0.5292777300725144 0.16289310172160426 0.8326649517427773
vn 0.5224092989941289 0.17370302633269816 0.8348148195661866
vn 0.8683924286900784 0.1727985279343798 -0.4647959321438372
vn 0.912294167180359 0.09099943935661262 -0.39929745123839355
vn 0.8557223391803217 0.1927050510224022 -0.48021249623287815
vn 0.7939780774124666 0.27639239088523654 -0.5414850495158159
f 1/1/1 2/2/2 3/3/3
f 3/3/3 4/4/4 1/1/1
f 5/5/5 6/6/6 7/7/7
f 7/7/7 8/8/8 5/5/5
f 9/9/9 10/10/10 11/11/11
f 11/11/11 12/12/12 9/9/9
f 13/13/13 14/14/14 15/15/15
f 15/15/15 16/16/16 13/13/13
f 17/17/17 18/18/18 19/19/19
f 19/19/19 20/20/20 17/17/17
f 21/21/21 22/22/22 23/23/23
f 23/23/23 24/24/24 21/21/21
f 25/25/25 26/26/26 27/27/27
f 27/27/27 28/28/28 25/25/25
f 29/29/29 30/30/30 31/31/31
f 31/31/31 32/32/32 29/29/29
f 33/33/33 34/34/34 35/35/35
f 35/35/35 36/36/36 33/33/33
f 37/37/37 38/38/38 39/39/39
f 39/39/39 40/40/40 37/37/37
f 41/41/41 42/42/42 43/43/43
f 43/43/43 44/44/44 41/41/41
f 45/45/45 46/46/46 47/47/47
f 47/47/47 48/48/48 45/45/45
f 49/49/49 50/50/50 51/51/51
f 51/51/51 52/52/52 49/49/49
f 53/53/53 54/54/54 55/55/55
f 55/55/55 56/56/56 53/53/53
f 57/57/57 58/58/58 59/59/59
f 59/59/59 60/60/60 57/57/57
f 61/61/61 62/62/62 63/63/63
f 63/63/63 64/64/64 61/61/61
f 65/65/65 66/66/66 67/67/67
f 67/67/67 68/68/68 65/65/65
f 69/69/69 70/70/70 71/71/71
f 71/71/71 72/72/72 69/69/69
f 73/73/73 74/74/74 75/75/75
f 75/75/75 76/76/76 73/73/73
f 77/77/77 78/78/78 79/79/79
f 79/79/79 80/80/80 77/77/77
f 81/81/81 82/82/82 83/83/83
f 83/83/83 84/84/84 81/81/81
f 85/85/85 86/86/86 87/87/87
f 87/87/87 88/88/88 85/85/85
f 89/89/89 90/90/90 91/91/91
f 91/91/91 92/92/92 89/89/89
f 93/93/93 94/94/94 95/95/95
f 95/95/95 96/96/96 93/93/93
f 97/97/97 98/98/98 99/99/99
f 99/99/99 100/100/100 97/97/97
f 101/101/101 102/102/102 103/103/103
f 103/103/103 104/104/104 101/101/101
f 105/105/105 106/106/106 107/107/107
f 107/107/107 108/108/108 105/105/105
f 109/109/109 110/110/110 111/111/111
f 111/111/111 112/112/112 109/109/109
f 113/113/113 114/114/114 115/115/115
f 115/115/115 116/116/116 113/113/113
f 117/117/117 118/118/118 119/119/119
f 119/119/119 120/120/120 117/117/117
f 121/121/121 122/122/122 123/123/123
f 123/123/123 124/124/124 121/121/121
f 125/125/125 126/126/126 127/127/127
f 127/127/127 128/128/128 125/125/125
f 129/129/129 130/130/130 131/131/131
f 131/131/131 132/132/132 129/129/129
f 133/133/133 134/134/134 135/135/135
f 135/135/135 136/136/136 133/133/133
f 137/137/137 138/138/138 139/139/139
f 139/139/139 140/140/140 137/137/137
f 141/141/141 142/142/142 143/143/143
f 143/143/143 144/144/144 141/141/141
f 145/145/145 146/146/146 147/147/147
f 147/147/147 148/148/148 145/145/145
f 149/149/149 150/150/150 151/151/151
f 151/151/151 152/152/152 149/149/149
f 153/153/153 154/154/154 155/155/155
f 155/155/155 156/156/156 153/153/153
f 157/157/157 158/158/158 159/159/159
f 159/159/159 160/160/160 157/157/157
f 161/161/161 162/162/162 163/163/163
f 163/163/163 164/164/164 161/161/161
f 165/165/165 166/166/166 167/167/167
f 167/167/167 168/168/168 165/165/165
f 169/169/169 170/170/170 171/171/171
f 171/171/171 172/172/172 169/169/169
f 173/173/173 174/174/174 175/175/175
f 175/175/175 176/176/176 173/173/173
f 177/177/177 178/178/178 179/179/179
f 179/179/179 180/180/180 177/177/177
f 181/181/181 182/182/182 183/183/183
f 184/184/184 185/185/185 186/186/186
f 186/186/186 187/187/187 184/184/184
f 188/188/188 189/189/189 190/190/190
f 190/190/190 191/191/191 188/188/188
f 192/192/192 193/193/193 194/194/194
f 194/194/194 195/195/195 192/192/192
f 196/196/196 197/197/197 198/198/198
f 198/198/198 199/199/199 196/196/196
f 200/200/200 201/201/201 202/202/202
f 202/202/202 203/203/203 200/200/200
f 204/204/204 205/205/205 206/206/206
f 206/206/206 207/207/207 204/204/204
f 208/208/208 209/209/209 210/210/210
f 210/210/210 211/211/211 208/208/208
f 212/212/212 213/213/213 214/214/214
f 215/215/215 216/216/216 217/217/217
f 217/217/217 218/218/218 215/215/215
f 219/219/219 220/220/220 221/221/221
f 221/221/221 222/222/222 219/219/219
f 223/223/223 224/224/224 225/225/225
f 225/225/225 226/226/226 223/223/223
f 227/227/227 228/228/228 229/229/229
f 229/229/229 230/230/230 227/227/227
f 231/231/231 232/232/232 233/233/233
f 234/234/234 235/235/235 236/236/236
f 236/236/236 237/237/237 234/234/234
f 238/238/238 239/239/239 240/240/240
f 240/240/240 241/241/241 238/238/238
f 242/242/242 243/243/243 244/244/244
f 244/244/244 245/245/245 242/242/242
f 246/246/246 247/247/247 248/248/248
f 248/248/248 249/249/249 246/246/246
f 250/250/250 251/251/251 252/252/252
f 252/252/252 253/253/253 250/250/250
f 254/254/254 255/255/255 256/256/256
f 256/256/256 257/257/257 254/254/254
f 258/258/258 259/259/259 260/260/260
f 260/260/260 261/261/261 258/258/258
f 262/262/262 263/263/263 264/264/264
f 264/264/264 265/265/265 262/262/262
f 266/266/266 267/267/267 268/268/268
f 268/268/268 269/269/269 266/266/266
f 270/270/270 271/271/271 272/272/272
f 273/273/273 274/274/274 275/275/275
f 275/275/275 276/276/276 273/273/273
f 277/277/277 278/278/278 279/279/279
f 279/279/279 280/280/280 277/277/277
f 281/281/281 282/282/282 283/283/283
f 283/283/283 284/284/284 281/281/281
f 285/285/285 286/286/286 287/287/287
f 287/287/287 288/288/288 285/285/285
f 289/289/289 290/290/290 291/291/291
f 291/291/291 292/292/292 289/289/289
f 293/293/293 294/294/294 295/295/295
f 295/295/295 296/296/296 293/293/293
f 297/297/297 298/298/298 299/299/299
f 299/299/299 300/300/300 297/297/297
f 301/301/301 302/302/302 303/303/303
f 303/303/303 304/304/304 301/301/301
f 305/305/305 306/306/306 307/307/307
f 307/307/307 308/308/308 305/305/305
f 309/309/309 310/310/310 311/311/311
f 311/311/311 312/312/312 309/309/309
f 313/313/313 314/314/314 315/315/315
f 315/315/315 316/316/316 313/313/313
f 317/317/317 318/318/318 319/319/319
f 319/319/319 320/320/320 317/317/317
f 321/321/321 322/322/322 323/323/323
f 323/323/323 324/324/324 321/321/321
f 325/325/325 326/326/326 327/327/327
f 327/327/327 328/328/328 325/325/325
f 329/329/329 330/330/330 331/331/331
f 331/331/331 332/332/332 329/329/329
f 333/333/333 334/334/334 335/335/335
f 335/335/335 336/336/336 333/333/333
f 337/337/337 338/338/338 339/339/339
f 339/339/339 340/340/340 337/337/337
f 341/341/341 342/342/342 343/343/343
f 343/343/343 344/344/344 341/341/341
f 345/345/345 346/346/346 347/347/347
f 347/347/347 348/348/348 345/345/345
f 349/349/349 350/350/350 351/351/351
f 351/351/351 352/352/352 349/349/349
f 353/353/353 354/354/354 355/355/355
f 356/356/356 357/357/357 358/358/358
f 358/358/358 359/359/359 356/356/356
f 360/360/360 361/361/361 362/362/362
f 362/362/362 363/363/363 360/360/360
f 364/364/364 365/365/365 366/366/366
f 366/366/366 367/367/367 364/364/364
f 368/368/368 369/369/369 370/370/370
f 370/370/370 371/371/371 368/368/368
f 372/372/372 373/373/373 374/374/374
f 374/374/374 375/375/375 372/372/372
f 376/376/376 377/377/377 378/378/378
f 379/379/379 380/380/380 381/381/381
f 382/382/382 383/383/383 384/384/384
f 384/384/384 385/385/385 382/382/382
f 386/386/386 387/387/387 388/388/388
f 388/388/388 389/389/389 386/386/386
f 390/390/390 391/391/391 392/392/392
f 392/392/392 393/393/393 390/390/390
f 394/394/394 395/395/395 396/396/396
f 396/396/396 397/397/397 394/394/394
f 398/398/398 399/399/399 400/400/400
f 400/400/400 401/401/401 398/398/398
f 402/402/402 403/403/403 404/404/404
f 404/404/404 405/405/405 402/402/402
f 406/406/406 407/407/407 408/408/408
f 408/408/408 409/409/409 406/406/406
f 410/410/410 411/411/411 412/412/412
f 412/412/412 413/413/413 410/410/410
f 414/414/414 415/415/415 416/416/416
f 416/416/416 417/417/417 414/414/414
f 418/418/418 419/419/419 420/420/420
f 420/420/420 421/421/421 418/418/418
f 422/422/422 423/423/423 424/424/424
f 424/424/424 425/425/425 422/422/422
f 426/426/426 427/427/427 428/428/428
f 428/428/428 429/429/429 426/426/426
f 430/430/430 431/431/431 432/432/432
f 432/432/432 433/433/433 430/430/430
f 434/434/434 435/435/435 436/436/436
f 436/436/436 437/437/437 434/434/434
f 438/438/438 439/439/439 440/440/440
f 440/440/440 441/441/441 438/438/438
f 442/442/442 443/443/443 444/444/444
f 444/444/444 445/445/445 442/442/442
f 446/446/446 447/447/447 448/448/448
f 448/448/448 449/449/449 446/446/446
f 450/450/450 451/451/451 452/452/452
f 452/452/452 453/453/453 450/450/450
f 454/454/454 455/455/455 456/456/456
f 456/456/456 457/457/457 454/454/454
f 458/458/458 459/459/459 460/460/460
f 460/460/460 461/461/461 458/458/458
f 462/462/462 463/463/463 464/464/464
f 464/464/464 465/465/465 462/462/462
f 466/466/466 467/467/467 468/468/468
f 468/468/468 469/469/469 466/466/466
f 470/470/470 471/471/471 472/472/472
f 472/472/472 473/473/473 470/470/470
f 474/474/474 475/475/475 476/476/476
f 476/476/476 477/477/477 474/474/474
f 478/478/478 479/479/479 480/480/480
f 480/480/480 481/481/481 478/478/478
f 482/482/482 483/483/483 484/484/484
f 484/484/484 485/485/485 482/482/482
f 486/486/486 487/487/487 488/488/488
f 488/488/488 489/489/489 486/486/486
f 490/490/490 491/491/491 492/492/492
f 492/492/492 493/493/493 490/490/490
f 494/494/494 495/495/495 496/496/496
f 496/496/496 497/497/497 494/494/494
f 498/498/498 499/499/499 500/500/500
f 500/500/500 501/501/501 498/498/498
f 502/502/502 503/503/503 504/504/504
f 504/504/504 505/505/505 502/502/502
f 506/506/506 507/507/507 508/508/508
f 508/508/508 509/509/509 506/506/506
f 510/510/510 511/511/511 512/512/512
f 512/512/512 513/513/513 510/510/510
f 514/514/514 515/515/515 516/516/516
f 516/516/516 517/517/517 514/514/514
f 518/518/518 519/519/519 520/520/520
f 520/520/520 521/521/521 518/518/518
f 522/522/522 523/523/523 524/524/524
f 524/524/524 525/525/525 522/522/522
f 526/526/526 527/527/527 528/528/528
f 528/528/528 529/529/529 526/526/526
f 530/530/530 531/531/531 532/532/532
f 532/532/532 533/533/533 530/530/530
f 534/534/534 535/535/535 536/536/536
f 536/536/536 537/537/537 534/534/534
f 538/538/538 539/539/539 540/540/540
f 540/540/540 541/541/541 538/538/538
f 542/542/542 543/543/543 544/544/544
f 544/544/544 545/545/545 542/542/542
f 546/546/546 547/547/547 548/548/548
f 548/548/548 549/549/549 546/546/546
f 550/550/550 551/551/551 552/552/552
f 552/552/552 553/553/553 550/550/550
f 554/554/554 555/555/555 556/556/556
f 556/556/556 557/557/557 554/554/554
f 558/558/558 559/559/559 560/560/560
f 560/560/560 561/561/561 558/558/558
f 562/562/562 563/563/563 564/564/564
f 564/564/564 565/565/565 562/562/562
f 566/566/566 567/567/567 568/568/568
f 568/568/568 569/569/569 566/566/566
f 570/570/570 571/571/571 572/572/572
f 572/572/572 573/573/573 570/570/570
f 574/574/574 575/575/575 576/576/576
f 576/576/576 577/577/577 574/574/574
f 578/578/578 579/579/579 580/580/580
f 580/580/580 581/581/581 578/578/578
f 582/582/582 583/583/583 584/584/584
f 584/584/584 585/585/585 582/582/582
f 586/586/586 587/587/587 588/588/588
f 588/588/588 589/589/589 586/586/586
f 590/590/590 591/591/591 592/592/592
f 592/592/592 593/593/593 590/590/590
f 594/594/594 595/595/595 596/596/596
f 596/596/596 597/597/597 594/594/594
f 598/598/598 599/599/599 600/600/600
f 600/600/600 601/601/601 598/598/598
f 602/602/602 603/603/603 604/604/604
f 604/604/604 605/605/605 602/602/602
f 606/606/606 607/607/607 608/608/608
f 608/608/608 609/609/609 606/606/606
f 610/610/610 611/611/611 612/612/612
f 612/612/612 613/613/613 610/610/610
f 614/614/614 615/615/615 616/616/616
f 616/616/616 617/617/617 614/614/614
f 618/618/618 619/619/619 620/620/620
f 620/620/620 621/621/621 618/618/618
f 622/622/622 623/623/623 624/624/624
f 624/624/624 625/625/625 622/622/622
f 626/626/626 627/627/627 628/628/628
f 628/628/628 629/629/629 626/626/626
f 630/630/630 631/631/631 632/632/632
f 632/632/632 633/633/633 630/630/630
f 634/634/634 635/635/635 636/636/636
f 636/636/636 637/637/637 634/634/634
f 638/638/638 639/639/639 640/640/640
f 640/640/640 641/641/641 638/638/638
f 642/642/642 643/643/643 644/644/644
f 644/644/644 645/645/645 642/642/642
f 646/646/646 647/647/647 648/648/648
f 649/649/649 650/650/650 651/651/651
f 651/651/651 652/652/652 649/649/649
f 653/653/653 654/654/654 655/655/655
f 656/656/656 657/657/657 658/658/658
f 658/658/658 659/659/659 656/656/656
f 660/660/660 661/661/661 662/662/662
f 662/662/662 663/663/663 660/660/660
f 664/664/664 665/665/665 666/666/666
f 666/666/666 667/667/667 664/664/664
f 668/668/668 669/669/669 670/670/670
f 670/670/670 671/671/671 668/668/668
f 672/672/672 673/673/673 674/674/674
f 674/674/674 675/675/675 672/672/672
f 676/676/676 677/677/677 678/678/678
f 678/678/678 679/679/679 676/676/676
f 680/680/680 681/681/681 682/682/682
f 682/682/682 683/683/683 680/680/680
f 684/684/684 685/685/685 686/686/686
f 686/686/686 687/687/687 684/684/684
f 688/688/688 689/689/689 690/690/690
f 690/690/690 691/691/691 688/688/688
f 692/692/692 693/693/693 694/694/694
f 694/694/694 695/695/695 692/692/692
f 696/696/696 697/697/697 698/698/698
f 698/698/698 699/699/699 696/696/696
f 700/700/700 701/701/701 702/702/702
f 702/702/702 703/703/703 700/700/700
f 704/704/704 705/705/705 706/706/706
f 706/706/706 707/707/707 704/704/704
f 708/708/708 709/709/709 710/710/710
f 710/710/710 711/711/711 708/708/708
f 712/712/712 713/713/713 714/714/714
f 714/714/714 715/715/715 712/712/712
f 716/716/716 717/717/717 718/718/718
f 719/719/719 720/720/720 721/721/721
f 721/721/721 722/722/722 719/719/719
f 723/723/723 724/724/724 725/725/725
f 725/725/725 726/726/726 723/723/723
f 727/727/727 728/728/728 729/729/729
f 729/729/729 730/730/730 727/727/727
f 731/731/731 732/732/732 733/733/733
f 733/733/733 734/734/734 731/731/731
f 735/735/735 736/736/736 737/737/737
f 737/737/737 738/738/738 735/735/735
f 739/739/739 740/740/740 741/741/741
f 741/741/741 742/742/742 739/739/739
f 743/743/743 744/744/744 745/745/745
f 745/745/745 746/746/746 743/743/743
f 747/747/747 748/748/748 749/749/749
f 749/749/749 750/750/750 747/747/747
f 751/751/751 752/752/752 753/753/753
f 753/753/753 754/754/754 751/751/751
f 755/755/755 756/756/756 757/757/757
f 757/757/757 758/758/758 755/755/755
f 759/759/759 760/760/760 761/761/761
f 761/761/761 762/762/762 759/759/759
f 763/763/763 764/764/764 765/765/765
f 765/765/765 766/766/766 763/763/763
f 767/767/767 768/768/768 769/769/769
f 769/769/769 770/770/770 767/767/767
f 771/771/771 772/772/772 773/773/773
f 773/773/773 774/774/774 771/771/771
f 775/775/775 776/776/776 777/777/777
f 777/777/777 778/778/778 775/775/775
f 779/779/779 780/780/780 781/781/781
f 781/781/781 782/782/782 779/779/779
f 783/783/783 784/784/784 785/785/785
f 786/786/786 787/787/787 788/788/788
f 789/789/789 790/790/790 791/791/791
f 792/792/792 793/793/793 794/794/794
f 794/794/794 795/795/795 792/792/792
f 796/796/796 797/797/797 798/798/798
f 799/799/799 800/800/800 801/801/801
f 801/801/801 802/802/802 799/799/799
f 803/803/803 804/804/804 805/805/805
f 805/805/805 806/806/806 803/803/803
f 807/807/807 808/808/808 809/809/809
f 809/809/809 810/810/810 807/807/807
f 811/811/811 812/812/812 813/813/813
f 813/813/813 814/814/814 811/811/811
f 815/815/815 816/816/816 817/817/817
f 817/817/817 818/818/818 815/815/815
f 819/819/819 820/820/820 821/821/821
f 821/821/821 822/822/822 819/819/819
f 823/823/823 824/824/824 825/825/825
f 825/825/825 826/826/826 823/823/823
f 827/827/827 828/828/828 829/829/829
f 829/829/829 830/830/830 827/827/827
f 831/831/831 832/832/832 833/833/833
f 833/833/833 834/834/834 831/831/831
f 835/835/835 836/836/836 837/837/837
f 837/837/837 838/838/838 835/835/835
f 839/839/839 840/840/840 841/841/841
f 841/841/841 842/842/842 839/839/839
f 843/843/843 844/844/844 845/845/845
f 845/845/845 846/846/846 843/843/843
f 847/847/847 848/848/848 849/849/849
f 849/849/849 850/850/850 847/847/847
f 851/851/851 852/852/852 853/853/853
f 853/853/853 854/854/854 851/851/851
f 855/855/855 856/856/856 857/857/857
f 857/857/857 858/858/858 855/855/855
f 859/859/859 860/860/860 861/861/861
f 861/861/861 862/862/862 859/859/859
f 863/863/863 864/864/864 865/865/865
f 865/865/865 866/866/866 863/863/863
f 867/867/867 868/868/868 869/869/869
f 869/869/869 870/870/870 867/867/867
f 871/871/871 872/872/872 873/873/873
f 873/873/873 874/874/874 871/871/871
f 875/875/875 876/876/876 877/877/877
f 877/877/877 878/878/878 875/875/875
f 879/879/879 880/880/880 881/881/881
f 881/881/881 882/882/882 879/879/879
f 883/883/883 884/884/884 885/885/885
f 886/886/886 887/887/887 888/888/888
f 888/888/888 889/889/889 886/886/886
f 890/890/890 891/891/891 892/892/892
f 892/892/892 893/893/893 890/890/890
f 894/894/894 895/895/895 896/896/896
f 896/896/896 897/897/897 894/894/894
f 898/898/898 899/899/899 900/900/900
f 900/900/900 901/901/901 898/898/898
f 902/902/902 903/903/903 904/904/904
f 904/904/904 905/905/905 902/902/902
f 906/906/906 907/907/907 908/908/908
f 908/908/908 909/909/909 906/906/906
f 910/910/910 911/911/911 912/912/912
f 912/912/912 913/913/913 910/910/910
f 914/914/914 915/915/915 916/916/916
f 916/916/916 917/917/917 914/914/914
f 918/918/918 919/919/919 920/920/920
f 920/920/920 921/921/921 918/918/918
f 922/922/922 923/923/923 924/924/924
f 924/924/924 925/925/925 922/922/922
f 926/926/926 927/927/927 928/928/928
f 928/928/928 929/929/929 926/926/926
f 930/930/930 931/931/931 932/932/932
f 932/932/932 933/933/933 930/930/930
f 934/934/934 935/935/935 936/936/936
f 936/936/936 937/937/937 934/934/934
f 938/938/938 939/939/939 940/940/940
f 941/941/941 942/942/942 943/943/943
f 943/943/943 944/944/944 941/941/941
f 945/945/945 946/946/946 947/947/947
f 947/947/947 948/948/948 945/945/945
f 949/949/949 950/950/950 951/951/951
f 952/952/952 953/953/953 954/954/954
f 955/955/955 956/956/956 957/957/957
f 957/957/957 958/958/958 955/955/955
f 959/959/959 960/960/960 961/961/961
f 961/961/961 962/962/962 959/959/959
f 963/963/963 964/964/964 965/965/965
f 965/965/965 966/966/966 963/963/963
f 967/967/967 968/968/968 969/969/969
f 969/969/969 970/970/970 967/967/967
f 971/971/971 972/972/972 973/973/973
f 974/974/974 975/975/975 976/976/976
f 976/976/976 977/977/977 974/974/974
f 978/978/978 979/979/979 980/980/980
f 980/980/980 981/981/981 978/978/978
f 982/982/982 983/983/983 984/984/984
f 985/985/985 986/986/986 987/987/987
f 987/987/987 988/988/988 985/985/985
f 989/989/989 990/990/990 991/991/991
f 991/991/991 992/992/992 989/989/989
f 993/993/993 994/994/994 995/995/995
f 995/995/995 996/996/996 993/993/993
f 997/997/997 998/998/998 999/999/999
f 999/999/999 1000/1000/1000 997/997/997
f 1001/1001/1001 1002/1002/1002 1003/1003/1003
f 1003/1003/1003 1004/1004/1004 1001/1001/1001
f 1005/1005/1005 1006/1006/1006 1007/1007/1007
f 1007/1007/1007 1008/1008/1008 1005/1005/1005
f 1009/1009/1009 1010/1010/1010 1011/1011/1011
f 1011/1011/1011 1012/1012/1012 1009/1009/1009
f 1013/1013/1013 1014/1014/1014 1015/1015/1015
f 1015/1015/1015 1016/1016/1016 1013/1013/1013
f 1017/1017/1017 1018/1018/1018 1019/1019/1019
f 1019/1019/1019 1020/1020/1020 1017/1017/1017
f 1021/1021/1021 1022/1022/1022 1023/1023/1023
f 1023/1023/1023 1024/1024/1024 1021/1021/1021
f 1025/1025/1025 1026/1026/1026 1027/1027/1027
f 1027/1027/1027 1028/1028/1028 1025/1025/1025
f 1029/1029/1029 1030/1030/1030 1031/1031/1031
f 1032/1032/1032 1033/1033/1033 1034/1034/1034
f 1034/1034/1034 1035/1035/1035 1032/1032/1032
f 1036/1036/1036 1037/1037/1037 1038/1038/1038
f 1038/1038/1038 1039/1039/1039 1036/1036/1036
f 1040/1040/1040 1041/1041/1041 1042/1042/1042
f 1042/1042/1042 1043/1043/1043 1040/1040/1040
f 1044/1044/1044 1045/1045/1045 1046/1046/1046
f 1046/1046/1046 1047/1047/1047 1044/1044/1044
f 1048/1048/1048 1049/1049/1049 1050/1050/1050
f 1050/1050/1050 1051/1051/1051 1048/1048/1048
f 1052/1052/1052 1053/1053/1053 1054/1054/1054
f 1054/1054/1054 1055/1055/1055 1052/1052/1052
f 1056/1056/1056 1057/1057/1057 1058/1058/1058
f 1058/1058/1058 1059/1059/1059 1056/1056/1056
f 1060/1060/1060 1061/1061/1061 1062/1062/1062
f 1062/1062/1062 1063/1063/1063 1060/1060/1060
f 1064/1064/1064 1065/1065/1065 1066/1066/1066
f 1066/1066/1066 1067/1067/1067 1064/1064/1064
f 1068/1068/1068 1069/1069/1069 1070/1070/1070
f 1071/1071/1071 1072/1072/1072 1073/1073/1073
f 1073/1073/1073 1074/1074/1074 1071/1071/1071
f 1075/1075/1075 1076/1076/1076 1077/1077/1077
f 1077/1077/1077 1078/1078/1078 1075/1075/1075
f 1079/1079/1079 1080/1080/1080 1081/1081/1081
f 1081/1081/1081 1082/1082/1082 1079/1079/1079
f 1083/1083/1083 1084/1084/1084 1085/1085/1085
f 1085/1085/1085 1086/1086/1086 1083/1083/1083
f 1087/1087/1087 1088/1088/1088 1089/1089/1089
f 1089/1089/1089 1090/1090/1090 1087/1087/1087
f 1091/1091/1091 1092/1092/1092 1093/1093/1093
f 1093/1093/1093 1094/1094/1094 1091/1091/1091
f 1095/1095/1095 1096/1096/1096 1097/1097/1097
f 1098/1098/1098 1099/1099/1099 1100/1100/1100
f 1101/1101/1101 1102/1102/1102 1103/1103/1103
f 1103/1103/1103 1104/1104/1104 1101/1101/1101
f 1105/1105/1105 1106/1106/1106 1107/1107/1107
f 1107/1107/1107 1108/1108/1108 1105/1105/1105
f 1109/1109/1109 1110/1110/1110 1111/1111/1111
f 1111/1111/1111 1112/1112/1112 1109/1109/1109
f 1113/1113/1113 1114/1114/1114 1115/1115/1115
f 1115/1115/1115 1116/1116/1116 1113/1113/1113
f 1117/1117/1117 1118/1118/1118 1119/1119/1119
f 1119/1119/1119 1120/1120/1120 1117/1117/1117
f 1121/1121/1121 1122/1122/1122 1123/1123/1123
f 1123/1123/1123 1124/1124/1124 1121/1121/1121
f 1125/1125/1125 1126/1126/1126 1127/1127/1127
f 1127/1127/1127 1128/1128/1128 1125/1125/1125
f 1129/1129/1129 1130/1130/1130 1131/1131/1131
f 1131/1131/1131 1132/1132/1132 1129/1129/1129
f 1133/1133/1133 1134/1134/1134 1135/1135/1135
f 1135/1135/1135 1136/1136/1136 1133/1133/1133
f 1137/1137/1137 1138/1138/1138 1139/1139/1139
f 1139/1139/1139 1140/1140/1140 1137/1137/1137
f 1141/1141/1141 1142/1142/1142 1143/1143/1143
f 1143/1143/1143 1144/1144/1144 1141/1141/1141
f 1145/1145/1145 1146/1146/1146 1147/1147/1147
f 1147/1147/1147 1148/1148/1148 1145/1145/1145
f 1149/1149/1149 1150/1150/1150 1151/1151/1151
f 1151/1151/1151 1152/1152/1152 1149/1149/1149
f 1153/1153/1153 1154/1154/1154 1155/1155/1155
f 1155/1155/1155 1156/1156/1156 1153/1153/1153
f 1157/1157/1157 1158/1158/1158 1159/1159/1159
f 1159/1159/1159 1160/1160/1160 1157/1157/1157
f 1161/1161/1161 1162/1162/1162 1163/1163/1163
f 1163/1163/1163 1164/1164/1164 1161/1161/1161
f 1165/1165/1165 1166/1166/1166 1167/1167/1167
f 1167/1167/1167 1168/1168/1168 1165/1165/1165
f 1169/1169/1169 1170/1170/1170 1171/1171/1171
f 1171/1171/1171 1172/1172/1172 1169/1169/1169
f 1173/1173/1173 1174/1174/1174 1175/1175/1175
f 1175/1175/1175 1176/1176/1176 1173/1173/1173
f 1177/1177/1177 1178/1178/1178 1179/1179/1179
f 1179/1179/1179 1180/1180/1180 1177/1177/1177
f 1181/1181/1181 1182/1182/1182 1183/1183/1183
f 1183/1183/1183 1184/1184/1184 1181/1181/1181
f 1185/1185/1185 1186/1186/1186 1187/1187/1187
f 1187/1187/1187 1188/1188/1188 1185/1185/1185
f 1189/1189/1189 1190/1190/1190 1191/1191/1191
f 1191/1191/1191 1192/1192/1192 1189/1189/1189
f 1193/1193/1193 1194/1194/1194 1195/1195/1195
f 1195/1195/1195 1196/1196/1196 1193/1193/1193
f 1197/1197/1197 1198/1198/1198 1199/1199/1199
f 1199/1199/1199 1200/1200/1200 1197/1197/1197
f 1201/1201/1201 1202/1202/1202 1203/1203/1203
f 1203/1203/1203 1204/1204/1204 1201/1201/1201
f 1205/1205/1205 1206/1206/1206 1207/1207/1207
f 1207/1207/1207 1208/1208/1208 1205/1205/1205
f 1209/1209/1209 1210/1210/1210 1211/1211/1211
f 1211/1211/1211 1212/1212/1212 1209/1209/1209
f 1213/1213/1213 1214/1214/1214 1215/1215/1215
f 1215/1215/1215 1216/1216/1216 1213/1213/1213
f 1217/1217/1217 1218/1218/1218 1219/1219/1219
f 1220/1220/1220 1221/1221/1221 1222/1222/1222
f 1222/1222/1222 1223/1223/1223 1220/1220/1220
f 1224/1224/1224 1225/1225/1225 1226/1226/1226
f 1226/1226/1226 1227/1227/1227 1224/1224/1224
f 1228/1228/1228 1229/1229/1229 1230/1230/1230
f 1230/1230/1230 1231/1231/1231 1228/1228/1228
f 1232/1232/1232 1233/1233/1233 1234/1234/1234
f 1234/1234/1234 1235/1235/1235 1232/1232/1232
f 1236/1236/1236 1237/1237/1237 1238/1238/1238
f 1238/1238/1238 1239/1239/1239 1236/1236/1236
f 1240/1240/1240 1241/1241/1241 1242/1242/1242
f 1242/1242/1242 1243/1243/1243 1240/1240/1240
f 1244/1244/1244 1245/1245/1245 1246/1246/1246
f 1246/1246/1246 1247/1247/1247 1244/1244/1244
f 1248/1248/1248 1249/1249/1249 1250/1250/1250
f 1250/1250/1250 1251/1251/1251 1248/1248/1248
f 1252/1252/1252 1253/1253/1253 1254/1254/1254
f 1254/1254/1254 1255/1255/1255 1252/1252/1252
f 1256/1256/1256 1257/1257/1257 1258/1258/1258
f 1258/1258/1258 1259/1259/1259 1256/1256/1256
f 1260/1260/1260 1261/1261/1261 1262/1262/1262
f 1262/1262/1262 1263/1263/1263 1260/1260/1260
f 1264/1264/1264 1265/1265/1265 1266/1266/1266
f 1266/1266/1266 1267/1267/1267 1264/1264/1264
f 1268/1268/1268 1269/1269/1269 1270/1270/1270
f 1270/1270/1270 1271/1271/1271 1268/1268/1268
f 1272/1272/1272 1273/1273/1273 1274/1274/1274
f 1274/1274/1274 1275/1275/1275 1272/1272/1272
f 1276/1276/1276 1277/1277/1277 1278/1278/1278
f 1278/1278/1278 1279/1279/1279 1276/1276/1276
f 1280/1280/1280 1281/1281/1281 1282/1282/1282
f 1282/1282/1282 1283/1283/1283 1280/1280/1280
f 1284/1284/1284 1285/1285/1285 1286/1286/1286
f 1286/1286/1286 1287/1287/1287 1284/1284/1284
f 1288/1288/1288 1289/1289/1289 1290/1290/1290
f 1290/1290/1290 1291/1291/1291 1288/1288/1288
f 1292/1292/1292 1293/1293/1293 1294/1294/1294
f 1294/1294/1294 1295/1295/1295 1292/1292/1292
f 1296/1296/1296 1297/1297/1297 1298/1298/1298
f 1299/1299/1299 1300/1300/1300 1301/1301/1301
f 1301/1301/1301 1302/1302/1302 1299/1299/1299
f 1303/1303/1303 1304/1304/1304 1305/1305/1305
f 1305/1305/1305 1306/1306/1306 1303/1303/1303
f 1307/1307/1307 1308/1308/1308 1309/1309/1309
f 1309/1309/1309 1310/1310/1310 1307/1307/1307
f 1311/1311/1311 1312/1312/1312 1313/1313/1313
f 1313/1313/1313 1314/1314/1314 1311/1311/1311
f 1315/1315/1315 1316/1316/1316 1317/1317/1317
f 1317/1317/1317 1318/1318/1318 1315/1315/1315
f 1319/1319/1319 1320/1320/1320 1321/1321/1321
f 1321/1321/1321 1322/1322/1322 1319/1319/1319
f 1323/1323/1323 1324/1324/1324 1325/1325/1325
f 1325/1325/1325 1326/1326/1326 1323/1323/1323
f 1327/1327/1327 1328/1328/1328 1329/1329/1329
f 1329/1329/1329 1330/1330/1330 1327/1327/1327
f 1331/1331/1331 1332/1332/1332 1333/1333/1333
f 1333/1333/1333 1334/1334/1334 1331/1331/1331
f 1335/1335/1335 1336/1336/1336 1337/1337/1337
f 1338/1338/1338 1339/1339/1339 1340/1340/1340
f 1341/1341/1341 1342/1342/1342 1343/1343/1343
f 1343/1343/1343 1344/1344/1344 1341/1341/1341
f 1345/1345/1345 1346/1346/1346 1347/1347/1347
f 1347/1347/1347 1348/1348/1348 1345/1345/1345
f 1349/1349/1349 1350/1350/1350 1351/1351/1351
f 1352/1352/1352 1353/1353/1353 1354/1354/1354
f 1354/1354/1354 1355/1355/1355 1352/1352/1352
f 1356/1356/1356 1357/1357/1357 1358/1358/1358
f 1358/1358/1358 1359/1359/1359 1356/1356/1356
f 1360/1360/1360 1361/1361/1361 1362/1362/1362
f 1362/1362/1362 1363/1363/1363 1360/1360/1360
f 1364/1364/1364 1365/1365/1365 1366/1366/1366
f 1366/1366/1366 1367/1367/1367 1364/1364/1364
f 1368/1368/1368 1369/1369/1369 1370/1370/1370
f 1370/1370/1370 1371/1371/1371 1368/1368/1368
f 1372/1372/1372 1373/1373/1373 1374/1374/1374
f 1374/1374/1374 1375/1375/1375 1372/1372/1372
f 1376/1376/1376 1377/1377/1377 1378/1378/1378
f 1378/1378/1378 1379/1379/1379 1376/1376/1376
f 1380/1380/1380 1381/1381/1381 1382/1382/1382
f 1382/1382/1382 1383/1383/1383 1380/1380/1380
f 1384/1384/1384 1385/1385/1385 1386/1386/1386
f 1386/1386/1386 1387/1387/1387 1384/1384/1384
f 1388/1388/1388 1389/1389/1389 1390/1390/1390
f 1390/1390/1390 1391/1391/1391 1388/1388/1388
f 1392/1392/1392 1393/1393/1393 1394/1394/1394
f 1394/1394/1394 1395/1395/1395 1392/1392/1392
f 1396/1396/1396 1397/1397/1397 1398/1398/1398
f 1399/1399/1399 1400/1400/1400 1401/1401/1401
f 1401/1401/1401 1402/1402/1402 1399/1399/1399
f 1403/1403/1403 1404/1404/1404 1405/1405/1405
f 1405/1405/1405 1406/1406/1406 1403/1403/1403
f 1407/1407/1407 1408/1408/1408 1409/1409/1409
f 1410/1410/1410 1411/1411/1411 1412/1412/1412
f 1412/1412/1412 1413/1413/1413 1410/1410/1410
f 1414/1414/1414 1415/1415/1415 1416/1416/1416
f 1416/1416/1416 1417/1417/1417 1414/1414/1414
f 1418/1418/1418 1419/1419/1419 1420/1420/1420
f 1420/1420/1420 1421/1421/1421 1418/1418/1418
f 1422/1422/1422 1423/1423/1423 1424/1424/1424
f 1424/1424/1424 1425/1425/1425 1422/1422/1422
f 1426/1426/1426 1427/1427/1427 1428/1428/1428
f 1428/1428/1428 1429/1429/1429 1426/1426/1426
f 1430/1430/1430 1431/1431/1431 1432/1432/1432
f 1432/1432/1432 1433/1433/1433 1430/1430/1430
f 1434/1434/1434 1435/1435/1435 1436/1436/1436
f 1436/1436/1436 1437/1437/1437 1434/1434/1434
f 1438/1438/1438 1439/1439/1439 1440/1440/1440
f 1440/1440/1440 1441/1441/1441 1438/1438/1438
f 1442/1442/1442 1443/1443/1443 1444/1444/1444
f 1445/1445/1445 1446/1446/1446 1447/1447/1447
f 1447/1447/1447 1448/1448/1448 1445/1445/1445
f 1449/1449/1449 1450/1450/1450 1451/1451/1451
f 1451/1451/1451 1452/1452/1452 1449/1449/1449
f 1453/1453/1453 1454/1454/1454 1455/1455/1455
f 1455/1455/1455 1456/1456/1456 1453/1453/1453
f 1457/1457/1457 1458/1458/1458 1459/1459/1459
f 1459/1459/1459 1460/1460/1460 1457/1457/1457
f 1461/1461/1461 1462/1462/1462 1463/1463/1463
f 1463/1463/1463 1464/1464/1464 1461/1461/1461
f 1465/1465/1465 1466/1466/1466 1467/1467/1467
f 1467/1467/1467 1468/1468/1468 1465/1465/1465
f 1469/1469/1469 1470/1470/1470 1471/1471/1471
f 1471/1471/1471 1472/1472/1472 1469/1469/1469
f 1473/1473/1473 1474/1474/1474 1475/1475/1475
f 1475/1475/1475 1476/1476/1476 1473/1473/1473
f 1477/1477/1477 1478/1478/1478 1479/1479/1479
f 1479/1479/1479 1480/1480/1480 1477/1477/1477
f 1481/1481/1481 1482/1482/1482 1483/1483/1483
f 1483/1483/1483 1484/1484/1484 1481/1481/1481
f 1485/1485/1485 1486/1486/1486 1487/1487/1487
f 1487/1487/1487 1488/1488/1488 1485/1485/1485
f 1489/1489/1489 1490/1490/1490 1491/1491/1491
f 1491/1491/1491 1492/1492/1492 1489/1489/1489
f 1493/1493/1493 1494/1494/1494 1495/1495/1495
f 1495/1495/1495 1496/1496/1496 1493/1493/1493
f 1497/1497/1497 1498/1498/1498 1499/1499/1499
f 1499/1499/1499 1500/1500/1500 1497/1497/1497
f 1501/1501/1501 1502/1502/1502 1503/1503/1503
f 1503/1503/1503 1504/1504/1504 1501/1501/1501
f 1505/1505/1505 1506/1506/1506 1507/1507/1507
f 1508/1508/1508 1509/1509/1509 1510/1510/1510
f 1511/1511/1511 1512/1512/1512 1513/1513/1513
f 1513/1513/1513 1514/1514/1514 1511/1511/1511
f 1515/1515/1515 1516/1516/1516 1517/1517/1517
f 1517/1517/1517 1518/1518/1518 1515/1515/1515
f 1519/1519/1519 1520/1520/1520 1521/1521/1521
f 1522/1522/1522 1523/1523/1523 1524/1524/1524
f 1524/1524/1524 1525/1525/1525 1522/1522/1522
f 1526/1526/1526 1527/1527/1527 1528/1528/1528
f 1529/1529/1529 1530/1530/1530 1531/1531/1531
f 1531/1531/1531 1532/1532/1532 1529/1529/1529
f 1533/1533/1533 1534/1534/1534 1535/1535/1535
f 1535/1535/1535 1536/1536/1536 1533/1533/1533
f 1537/1537/1537 1538/1538/1538 1539/1539/1539
f 1539/1539/1539 1540/1540/1540 1537/1537/1537
f 1541/1541/1541 1542/1542/1542 1543/1543/1543
f 1543/1543/1543 1544/1544/1544 1541/1541/1541
f 1545/1545/1545 1546/1546/1546 1547/1547/1547
f 1547/1547/1547 1548/1548/1548 1545/1545/1545
f 1549/1549/1549 1550/1550/1550 1551/1551/1551
f 1551/1551/1551 1552/1552/1552 1549/1549/1549
f 1553/1553/1553 1554/1554/1554 1555/1555/1555
f 1555/1555/1555 1556/1556/1556 1553/1553/1553
f 1557/1557/1557 1558/1558/1558 1559/1559/1559
f 1559/1559/1559 1560/1560/1560 1557/1557/1557
f 1561/1561/1561 1562/1562/1562 1563/1563/1563
f 1563/1563/1563 1564/1564/1564 1561/1561/1561
f 1565/1565/1565 1566/1566/1566 1567/1567/1567
f 1567/1567/1567 1568/1568/1568 1565/1565/1565
f 1569/1569/1569 1570/1570/1570 1571/1571/1571
f 1571/1571/1571 1572/1572/1572 1569/1569/1569
f 1573/1573/1573 1574/1574/1574 1575/1575/1575
f 1575/1575/1575 1576/1576/1576 1573/1573/1573
f 1577/1577/1577 1578/1578/1578 1579/1579/1579
f 1579/1579/1579 1580/1580/1580 1577/1577/1577
f 1581/1581/1581 1582/1582/1582 1583/1583/1583
f 1583/1583/1583 1584/1584/1584 1581/1581/1581
f 1585/1585/1585 1586/1586/1586 1587/1587/1587
f 1587/1587/1587 1588/1588/1588 1585/1585/1585
f 1589/1589/1589 1590/1590/1590 1591/1591/1591
f 1591/1591/1591 1592/1592/1592 1589/1589/1589
f 1593/1593/1593 1594/1594/1594 1595/1595/1595
f 1595/1595/1595 1596/1596/1596 1593/1593/1593
f 1597/1597/1597 1598/1598/1598 1599/1599/1599
f 1599/1599/1599 1600/1600/1600 1597/1597/1597
f 1601/1601/1601 1602/1602/1602 1603/1603/1603
f 1603/1603/1603 1604/1604/1604 1601/1601/1601
f 1605/1605/1605 1606/1606/1606 1607/1607/1607
f 1607/1607/1607 1608/1608/1608 1605/1605/1605
f 1609/1609/1609 1610/1610/1610 1611/1611/1611
f 1611/1611/1611 1612/1612/1612 1609/1609/1609
f 1613/1613/1613 1614/1614/1614 1615/1615/1615
f 1615/1615/1615 1616/1616/1616 1613/1613/1613
f 1617/1617/1617 1618/1618/1618 1619/1619/1619
f 1619/1619/1619 1620/1620/1620 1617/1617/1617
f 1621/1621/1621 1622/1622/1622 1623/1623/1623
f 1623/1623/1623 1624/1624/1624 1621/1621/1621
f 1625/1625/1625 1626/1626/1626 1627/1627/1627
f 1627/1627/1627 1628/1628/1628 1625/1625/1625
f 1629/1629/1629 1630/1630/1630 1631/1631/1631
f 1631/1631/1631 1632/1632/1632 1629/1629/1629
f 1633/1633/1633 1634/1634/1634 1635/1635/1635
f 1635/1635/1635 1636/1636/1636 1633/1633/1633
f 1637/1637/1637 1638/1638/1638 1639/1639/1639
f 1639/1639/1639 1640/1640/1640 1637/1637/1637
f 1641/1641/1641 1642/1642/1642 1643/1643/1643
f 1643/1643/1643 1644/1644/1644 1641/1641/1641
f 1645/1645/1645 1646/1646/1646 1647/1647/1647
f 1647/1647/1647 1648/1648/1648 1645/1645/1645
f 1649/1649/1649 1650/1650/1650 1651/1651/1651
f 1651/1651/1651 1652/1652/1652 1649/1649/1649
f 1653/1653/1653 1654/1654/1654 1655/1655/1655
f 1655/1655/1655 1656/1656/1656 1653/1653/1653
f 1657/1657/1657 1658/1658/1658 1659/1659/1659
f 1659/1659/1659 1660/1660/1660 1657/1657/1657
f 1661/1661/1661 1662/1662/1662 1663/1663/1663
f 1663/1663/1663 1664/1664/1664 1661/1661/1661
f 1665/1665/1665 1666/1666/1666 1667/1667/1667
f 1667/1667/1667 1668/1668/1668 1665/1665/1665
f 1669/1669/1669 1670/1670/1670 1671/1671/1671
f 1671/1671/1671 1672/1672/1672 1669/1669/1669
f 1673/1673/1673 1674/1674/1674 1675/1675/1675
f 1675/1675/1675 1676/1676/1676 1673/1673/1673
f 1677/1677/1677 1678/1678/1678 1679/1679/1679
f 1679/1679/1679 1680/1680/1680 1677/1677/1677
f 1681/1681/1681 1682/1682/1682 1683/1683/1683
f 1683/1683/1683 1684/1684/1684 1681/1681/1681
f 1685/1685/1685 1686/1686/1686 1687/1687/1687
f 1687/1687/1687 1688/1688/1688 1685/1685/1685
f 1689/1689/1689 1690/1690/1690 1691/1691/1691
f 1691/1691/1691 1692/1692/1692 1689/1689/1689
f 1693/1693/1693 1694/1694/1694 1695/1695/1695
f 1695/1695/1695 1696/1696/1696 1693/1693/1693
f 1697/1697/1697 1698/1698/1698 1699/1699/1699
f 1699/1699/1699 1700/1700/1700 1697/1697/1697
f 1701/1701/1701 1702/1702/1702 1703/1703/1703
f 1703/1703/1703 1704/1704/1704 1701/1701/1701
f 1705/1705/1705 1706/1706/1706 1707/1707/1707
f 1707/1707/1707 1708/1708/1708 1705/1705/1705
f 1709/1709/1709 1710/1710/1710 1711/1711/1711
f 1711/1711/1711 1712/1712/1712 1709/1709/1709
f 1713/1713/1713 1714/1714/1714 1715/1715/1715
f 1715/1715/1715 1716/1716/1716 1713/1713/1713
f 1717/1717/1717 1718/1718/1718 1719/1719/1719
f 1719/1719/1719 1720/1720/1720 1717/1717/1717
f 1721/1721/1721 1722/1722/1722 1723/1723/1723
f 1723/1723/1723 1724/1724/1724 1721/1721/1721
f 1725/1725/1725 1726/1726/1726 1727/1727/1727
f 1727/1727/1727 1728/1728/1728 1725/1725/1725
f 1729/1729/1729 1730/1730/1730 1731/1731/1731
f 1731/1731/1731 1732/1732/1732 1729/1729/1729
f 1733/1733/1733 1734/1734/1734 1735/1735/1735
f 1735/1735/1735 1736/1736/1736 1733/1733/1733
f 1737/1737/1737 1738/1738/1738 1739/1739/1739
f 1739/1739/1739 1740/1740/1740 1737/1737/1737
f 1741/1741/1741 1742/1742/1742 1743/1743/1743
f 1743/1743/1743 1744/1744/1744 1741/1741/1741
f 1745/1745/1745 1746/1746/1746 1747/1747/1747
f 1747/1747/1747 1748/1748/1748 1745/1745/1745
f 1749/1749/1749 1750/1750/1750 1751/1751/1751
f 1751/1751/1751 1752/1752/1752 1749/1749/1749
f 1753/1753/1753 1754/1754/1754 1755/1755/1755
f 1755/1755/1755 1756/1756/1756 1753/1753/1753
f 1757/1757/1757 1758/1758/1758 1759/1759/1759
f 1759/1759/1759 1760/1760/1760 1757/1757/1757
f 1761/1761/1761 1762/1762/1762 1763/1763/1763
f 1763/1763/1763 1764/1764/1764 1761/1761/1761
f 1765/1765/1765 1766/1766/1766 1767/1767/1767
f 1767/1767/1767 1768/1768/1768 1765/1765/1765
f 1769/1769/1769 1770/1770/1770 1771/1771/1771
f 1772/1772/1772 1773/1773/1773 1774/1774/1774
f 1774/1774/1774 1775/1775/1775 1772/1772/1772
f 1776/1776/1776 1777/1777/1777 1778/1778/1778
f 1778/1778/1778 1779/1779/1779 1776/1776/1776
f 1780/1780/1780 1781/1781/1781 1782/1782/1782
f 1782/1782/1782 1783/1783/1783 1780/1780/1780
f 1784/1784/1784 1785/1785/1785 1786/1786/1786
f 1786/1786/1786 1787/1787/1787 1784/1784/1784
f 1788/1788/1788 1789/1789/1789 1790/1790/1790
f 1790/1790/1790 1791/1791/1791 1788/1788/1788
f 1792/1792/1792 1793/1793/1793 1794/1794/1794
f 1794/1794/1794 1795/1795/1795 1792/1792/1792
f 1796/1796/1796 1797/1797/1797 1798/1798/1798
f 1798/1798/1798 1799/1799/1799 1796/1796/1796
f 1800/1800/1800 1801/1801/1801 1802/1802/1802
f 1803/1803/1803 1804/1804/1804 1805/1805/1805
f 1805/1805/1805 1806/1806/1806 1803/1803/1803
f 1807/1807/1807 1808/1808/1808 1809/1809/1809
f 1809/1809/1809 1810/1810/1810 1807/1807/1807
f 1811/1811/1811 1812/1812/1812 1813/1813/1813
f 1813/1813/1813 1814/1814/1814 1811/1811/1811
f 1815/1815/1815 1816/1816/1816 1817/1817/1817
f 1817/1817/1817 1818/1818/1818 1815/1815/1815
f 1819/1819/1819 1820/1820/1820 1821/1821/1821
f 1822/1822/1822 1823/1823/1823 1824/1824/1824
f 1824/1824/1824 1825/1825/1825 1822/1822/1822
f 1826/1826/1826 1827/1827/1827 1828/1828/1828
f 1828/1828/1828 1829/1829/1829 1826/1826/1826
f 1830/1830/1830 1831/1831/1831 1832/1832/1832
f 1832/1832/1832 1833/1833/1833 1830/1830/1830
f 1834/1834/1834 1835/1835/1835 1836/1836/1836
f 1836/1836/1836 1837/1837/1837 1834/1834/1834
f 1838/1838/1838 1839/1839/1839 1840/1840/1840
f 1840/1840/1840 1841/1841/1841 1838/1838/1838
f 1842/1842/1842 1843/1843/1843 1844/1844/1844
f 1844/1844/1844 1845/1845/1845 1842/1842/1842
f 1846/1846/1846 1847/1847/1847 1848/1848/1848
f 1848/1848/1848 1849/1849/1849 1846/1846/1846
f 1850/1850/1850 1851/1851/1851 1852/1852/1852
f 1852/1852/1852 1853/1853/1853 1850/1850/1850
f 1854/1854/1854 1855/1855/1855 1856/1856/1856
f 1856/1856/1856 1857/1857/1857 1854/1854/1854
f 1858/1858/1858 1859/1859/1859 1860/1860/1860
f 1861/1861/1861 1862/1862/1862 1863/1863/1863
f 1863/1863/1863 1864/1864/1864 1861/1861/1861
f 1865/1865/1865 1866/1866/1866 1867/1867/1867
f 1867/1867/1867 1868/1868/1868 1865/1865/1865
f 1869/1869/1869 1870/1870/1870 1871/1871/1871
f 1871/1871/1871 1872/1872/1872 1869/1869/1869
f 1873/1873/1873 1874/1874/1874 1875/1875/1875
f 1875/1875/1875 1876/1876/1876 1873/1873/1873
f 1877/1877/1877 1878/1878/1878 1879/1879/1879
f 1879/1879/1879 1880/1880/1880 1877/1877/1877
f 1881/1881/1881 1882/1882/1882 1883/1883/1883
f 1883/1883/1883 1884/1884/1884 1881/1881/1881
f 1885/1885/1885 1886/1886/1886 1887/1887/1887
f 1887/1887/1887 1888/1888/1888 1885/1885/1885
f 1889/1889/1889 1890/1890/1890 1891/1891/1891
f 1891/1891/1891 1892/1892/1892 1889/1889/1889
f 1893/1893/1893 1894/1894/1894 1895/1895/1895
f 1895/1895/1895 1896/1896/1896 1893/1893/1893
f 1897/1897/1897 1898/1898/1898 1899/1899/1899
f 1899/1899/1899 1900/1900/1900 1897/1897/1897
f 1901/1901/1901 1902/1902/1902 1903/1903/1903
f 1903/1903/1903 1904/1904/1904 1901/1901/1901
f 1905/1905/1905 1906/1906/1906 1907/1907/1907
f 1907/1907/1907 1908/1908/1908 1905/1905/1905
f 1909/1909/1909 1910/1910/1910 1911/1911/1911
f 1911/1911/1911 1912/1912/1912 1909/1909/1909
f 1913/1913/1913 1914/1914/1914 1915/1915/1915
f 1915/1915/1915 1916/1916/1916 1913/1913/1913
f 1917/1917/1917 1918/1918/1918 1919/1919/1919
f 1919/1919/1919 1920/1920/1920 1917/1917/1917
f 1921/1921/1921 1922/1922/1922 1923/1923/1923
f 1923/1923/1923 1924/1924/1924 1921/1921/1921
f 1925/1925/1925 1926/1926/1926 1927/1927/1927
f 1927/1927/1927 1928/1928/1928 1925/1925/1925
f 1929/1929/1929 1930/1930/1930 1931/1931/1931
f 1931/1931/1931 1932/1932/1932 1929/1929/1929
f 1933/1933/1933 1934/1934/1934 1935/1935/1935
f 1935/1935/1935 1936/1936/1936 1933/1933/1933
f 1937/1937/1937 1938/1938/1938 1939/1939/1939
f 1939/1939/1939 1940/1940/1940 1937/1937/1937
f 1941/1941/1941 1942/1942/1942 1943/1943/1943
f 1944/1944/1944 1945/1945/1945 1946/1946/1946
f 1946/1946/1946 1947/1947/1947 1944/1944/1944
f 1948/1948/1948 1949/1949/1949 1950/1950/1950
f 1950/1950/1950 1951/1951/1951 1948/1948/1948
f 1952/1952/1952 1953/1953/1953 1954/1954/1954
f 1954/1954/1954 1955/1955/1955 1952/1952/1952
f 1956/1956/1956 1957/1957/1957 1958/1958/1958
f 1958/1958/1958 1959/1959/1959 1956/1956/1956
f 1960/1960/1960 1961/1961/1961 1962/1962/1962
f 1962/1962/1962 1963/1963/1963 1960/1960/1960
f 1964/1964/1964 1965/1965/1965 1966/1966/1966
f 1967/1967/1967 1968/1968/1968 1969/1969/1969
f 1970/1970/1970 1971/1971/1971 1972/1972/1972
f 1972/1972/1972 1973/1973/1973 1970/1970/1970
f 1974/1974/1974 1975/1975/1975 1976/1976/1976
f 1976/1976/1976 1977/1977/1977 1974/1974/1974
f 1978/1978/1978 1979/1979/1979 1980/1980/1980
f 1980/1980/1980 1981/1981/1981 1978/1978/1978
f 1982/1982/1982 1983/1983/1983 1984/1984/1984
f 1984/1984/1984 1985/1985/1985 1982/1982/1982
f 1986/1986/1986 1987/1987/1987 1988/1988/1988
f 1988/1988/1988 1989/1989/1989 1986/1986/1986
f 1990/1990/1990 1991/1991/1991 1992/1992/1992
f 1992/1992/1992 1993/1993/1993 1990/1990/1990
f 1994/1994/1994 1995/1995/1995 1996/1996/1996
f 1996/1996/1996 1997/1997/1997 1994/1994/1994
f 1998/1998/1998 1999/1999/1999 2000/2000/2000
f 2000/2000/2000 2001/2001/2001 1998/1998/1998
f 2002/2002/2002 2003/2003/2003 2004/2004/2004
f 2004/2004/2004 2005/2005/2005 2002/2002/2002
f 2006/2006/2006 2007/2007/2007 2008/2008/2008
f 2008/2008/2008 2009/2009/2009 2006/2006/2006
f 2010/2010/2010 2011/2011/2011 2012/2012/2012
f 2012/2012/2012 2013/2013/2013 2010/2010/2010
f 2014/2014/2014 2015/2015/2015 2016/2016/2016
f 2016/2016/2016 2017/2017/2017 2014/2014/2014
f 2018/2018/2018 2019/2019/2019 2020/2020/2020
f 2020/2020/2020 2021/2021/2021 2018/2018/2018
f 2022/2022/2022 2023/2023/2023 2024/2024/2024
f 2024/2024/2024 2025/2025/2025 2022/2022/2022
f 2026/2026/2026 2027/2027/2027 2028/2028/2028
f 2028/2028/2028 2029/2029/2029 2026/2026/2026
f 2030/2030/2030 2031/2031/2031 2032/2032/2032
f 2032/2032/2032 2033/2033/2033 2030/2030/2030
f 2034/2034/2034 2035/2035/2035 2036/2036/2036
f 2036/2036/2036 2037/2037/2037 2034/2034/2034
f 2038/2038/2038 2039/2039/2039 2040/2040/2040
f 2040/2040/2040 2041/2041/2041 2038/2038/2038
f 2042/2042/2042 2043/2043/2043 2044/2044/2044
f 2044/2044/2044 2045/2045/2045 2042/2042/2042
f 2046/2046/2046 2047/2047/2047 2048/2048/2048
f 2048/2048/2048 2049/2049/2049 2046/2046/2046
f 2050/2050/2050 2051/2051/2051 2052/2052/2052
f 2052/2052/2052 2053/2053/2053 2050/2050/2050
f 2054/2054/2054 2055/2055/2055 2056/2056/2056
f 2056/2056/2056 2057/2057/2057 2054/2054/2054
f 2058/2058/2058 2059/2059/2059 2060/2060/2060
f 2060/2060/2060 2061/2061/2061 2058/2058/2058
f 2062/2062/2062 2063/2063/2063 2064/2064/2064
f 2064/2064/2064 2065/2065/2065 2062/2062/2062
f 2066/2066/2066 2067/2067/2067 2068/2068/2068
f 2068/2068/2068 2069/2069/2069 2066/2066/2066
f 2070/2070/2070 2071/2071/2071 2072/2072/2072
f 2072/2072/2072 2073/2073/2073 2070/2070/2070
f 2074/2074/2074 2075/2075/2075 2076/2076/2076
f 2076/2076/2076 2077/2077/2077 2074/2074/2074
f 2078/2078/2078 2079/2079/2079 2080/2080/2080
f 2080/2080/2080 2081/2081/2081 2078/2078/2078
f 2082/2082/2082 2083/2083/2083 2084/2084/2084
f 2084/2084/2084 2085/2085/2085 2082/2082/2082
f 2086/2086/2086 2087/2087/2087 2088/2088/2088
f 2088/2088/2088 2089/2089/2089 2086/2086/2086
f 2090/2090/2090 2091/2091/2091 2092/2092/2092
f 2092/2092/2092 2093/2093/2093 2090/2090/2090
f 2094/2094/2094 2095/2095/2095 2096/2096/2096
f 2096/2096/2096 2097/2097/2097 2094/2094/2094
f 2098/2098/2098 2099/2099/2099 2100/2100/2100
f 2100/2100/2100 2101/2101/2101 2098/2098/2098
f 2102/2102/2102 2103/2103/2103 2104/2104/2104
f 2104/2104/2104 2105/2105/2105 2102/2102/2102
f 2106/2106/2106 2107/2107/2107 2108/2108/2108
f 2108/2108/2108 2109/2109/2109 2106/2106/2106
f 2110/2110/2110 2111/2111/2111 2112/2112/2112
f 2112/2112/2112 2113/2113/2113 2110/2110/2110
f 2114/2114/2114 2115/2115/2115 2116/2116/2116
f 2116/2116/2116 2117/2117/2117 2114/2114/2114
f 2118/2118/2118 2119/2119/2119 2120/2120/2120
f 2120/2120/2120 2121/2121/2121 2118/2118/2118
f 2122/2122/2122 2123/2123/2123 2124/2124/2124
f 2124/2124/2124 2125/2125/2125 2122/2122/2122
f 2126/2126/2126 2127/2127/2127 2128/2128/2128
f 2128/2128/2128 2129/2129/2129 2126/2126/2126
f 2130/2130/2130 2131/2131/2131 2132/2132/2132
f 2132/2132/2132 2133/2133/2133 2130/2130/2130
f 2134/2134/2134 2135/2135/2135 2136/2136/2136
f 2136/2136/2136 2137/2137/2137 2134/2134/2134
f 2138/2138/2138 2139/2139/2139 2140/2140/2140
f 2140/2140/2140 2141/2141/2141 2138/2138/2138
f 2142/2142/2142 2143/2143/2143 2144/2144/2144
f 2144/2144/2144 2145/2145/2145 2142/2142/2142
f 2146/2146/2146 2147/2147/2147 2148/2148/2148
f 2148/2148/2148 2149/2149/2149 2146/2146/2146
f 2150/2150/2150 2151/2151/2151 2152/2152/2152
f 2152/2152/2152 2153/2153/2153 2150/2150/2150
f 2154/2154/2154 2155/2155/2155 2156/2156/2156
f 2156/2156/2156 2157/2157/2157 2154/2154/2154
f 2158/2158/2158 2159/2159/2159 2160/2160/2160
f 2160/2160/2160 2161/2161/2161 2158/2158/2158
f 2162/2162/2162 2163/2163/2163 2164/2164/2164
f 2164/2164/2164 2165/2165/2165 2162/2162/2162
f 2166/2166/2166 2167/2167/2167 2168/2168/2168
f 2168/2168/2168 2169/2169/2169 2166/2166/2166
f 2170/2170/2170 2171/2171/2171 2172/2172/2172
f 2172/2172/2172 2173/2173/2173 2170/2170/2170
f 2174/2174/2174 2175/2175/2175 2176/2176/2176
f 2176/2176/2176 2177/2177/2177 2174/2174/2174
f 2178/2178/2178 2179/2179/2179 2180/2180/2180
f 2180/2180/2180 2181/2181/2181 2178/2178/2178
f 2182/2182/2182 2183/2183/2183 2184/2184/2184
f 2184/2184/2184 2185/2185/2185 2182/2182/2182
f 2186/2186/2186 2187/2187/2187 2188/2188/2188
f 2188/2188/2188 2189/2189/2189 2186/2186/2186
f 2190/2190/2190 2191/2191/2191 2192/2192/2192
f 2192/2192/2192 2193/2193/2193 2190/2190/2190
f 2194/2194/2194 2195/2195/2195 2196/2196/2196
f 2196/2196/2196 2197/2197/2197 2194/2194/2194
f 2198/2198/2198 2199/2199/2199 2200/2200/2200
f 2200/2200/2200 2201/2201/2201 2198/2198/2198
f 2202/2202/2202 2203/2203/2203 2204/2204/2204
f 2204/2204/2204 2205/2205/2205 2202/2202/2202
f 2206/2206/2206 2207/2207/2207 2208/2208/2208
f 2208/2208/2208 2209/2209/2209 2206/2206/2206
f 2210/2210/2210 2211/2211/2211 2212/2212/2212
f 2212/2212/2212 2213/2213/2213 2210/2210/2210
f 2214/2214/2214 2215/2215/2215 2216/2216/2216
f 2216/2216/2216 2217/2217/2217 2214/2214/2214
f 2218/2218/2218 2219/2219/2219 2220/2220/2220
f 2220/2220/2220 2221/2221/2221 2218/2218/2218
f 2222/2222/2222 2223/2223/2223 2224/2224/2224
f 2224/2224/2224 2225/2225/2225 2222/2222/2222
f 2226/2226/2226 2227/2227/2227 2228/2228/2228
f 2228/2228/2228 2229/2229/2229 2226/2226/2226
f 2230/2230/2230 2231/2231/2231 2232/2232/2232
f 2232/2232/2232 2233/2233/2233 2230/2230/2230
f 2234/2234/2234 2235/2235/2235 2236/2236/2236
f 2237/2237/2237 2238/2238/2238 2239/2239/2239
f 2239/2239/2239 2240/2240/2240 2237/2237/2237
f 2241/2241/2241 2242/2242/2242 2243/2243/2243
f 2244/2244/2244 2245/2245/2245 2246/2246/2246
f 2246/2246/2246 2247/2247/2247 2244/2244/2244
f 2248/2248/2248 2249/2249/2249 2250/2250/2250
f 2250/2250/2250 2251/2251/2251 2248/2248/2248
f 2252/2252/2252 2253/2253/2253 2254/2254/2254
f 2254/2254/2254 2255/2255/2255 2252/2252/2252
f 2256/2256/2256 2257/2257/2257 2258/2258/2258
f 2258/2258/2258 2259/2259/2259 2256/2256/2256
f 2260/2260/2260 2261/2261/2261 2262/2262/2262
f 2262/2262/2262 2263/2263/2263 2260/2260/2260
f 2264/2264/2264 2265/2265/2265 2266/2266/2266
f 2266/2266/2266 2267/2267/2267 2264/2264/2264
f 2268/2268/2268 2269/2269/2269 2270/2270/2270
f 2270/2270/2270 2271/2271/2271 2268/2268/2268
f 2272/2272/2272 2273/2273/2273 2274/2274/2274
f 2274/2274/2274 2275/2275/2275 2272/2272/2272
f 2276/2276/2276 2277/2277/2277 2278/2278/2278
f 2278/2278/2278 2279/2279/2279 2276/2276/2276
f 2280/2280/2280 2281/2281/2281 2282/2282/2282
f 2282/2282/2282 2283/2283/2283 2280/2280/2280
f 2284/2284/2284 2285/2285/2285 2286/2286/2286
f 2286/2286/2286 2287/2287/2287 2284/2284/2284
f 2288/2288/2288 2289/2289/2289 2290/2290/2290
f 2290/2290/2290 2291/2291/2291 2288/2288/2288
f 2292/2292/2292 2293/2293/2293 2294/2294/2294
f 2294/2294/2294 2295/2295/2295 2292/2292/2292
f 2296/2296/2296 2297/2297/2297 2298/2298/2298
f 2298/2298/2298 2299/2299/2299 2296/2296/2296
f 2300/2300/2300 2301/2301/2301 2302/2302/2302
f 2302/2302/2302 2303/2303/2303 2300/2300/2300
f 2304/2304/2304 2305/2305/2305 2306/2306/2306
f 2307/2307/2307 2308/2308/2308 2309/2309/2309
f 2309/2309/2309 2310/2310/2310 2307/2307/2307
f 2311/2311/2311 2312/2312/2312 2313/2313/2313
f 2313/2313/2313 2314/2314/2314 2311/2311/2311
f 2315/2315/2315 2316/2316/2316 2317/2317/2317
f 2317/2317/2317 2318/2318/2318 2315/2315/2315
f 2319/2319/2319 2320/2320/2320 2321/2321/2321
f 2321/2321/2321 2322/2322/2322 2319/2319/2319
f 2323/2323/2323 2324/2324/2324 2325/2325/2325
f 2325/2325/2325 2326/2326/2326 2323/2323/2323
f 2327/2327/2327 2328/2328/2328 2329/2329/2329
f 2329/2329/2329 2330/2330/2330 2327/2327/2327
f 2331/2331/2331 2332/2332/2332 2333/2333/2333
f 2333/2333/2333 2334/2334/2334 2331/2331/2331
f 2335/2335/2335 2336/2336/2336 2337/2337/2337
f 2337/2337/2337 2338/2338/2338 2335/2335/2335
f 2339/2339/2339 2340/2340/2340 2341/2341/2341
f 2341/2341/2341 2342/2342/2342 2339/2339/2339
f 2343/2343/2343 2344/2344/2344 2345/2345/2345
f 2345/2345/2345 2346/2346/2346 2343/2343/2343
f 2347/2347/2347 2348/2348/2348 2349/2349/2349
f 2349/2349/2349 2350/2350/2350 2347/2347/2347
f 2351/2351/2351 2352/2352/2352 2353/2353/2353
f 2353/2353/2353 2354/2354/2354 2351/2351/2351
f 2355/2355/2355 2356/2356/2356 2357/2357/2357
f 2357/2357/2357 2358/2358/2358 2355/2355/2355
f 2359/2359/2359 2360/2360/2360 2361/2361/2361
f 2361/2361/2361 2362/2362/2362 2359/2359/2359
f 2363/2363/2363 2364/2364/2364 2365/2365/2365
f 2365/2365/2365 2366/2366/2366 2363/2363/2363
f 2367/2367/2367 2368/2368/2368 2369/2369/2369
f 2369/2369/2369 2370/2370/2370 2367/2367/2367
f 2371/2371/2371 2372/2372/2372 2373/2373/2373
f 2374/2374/2374 2375/2375/2375 2376/2376/2376
f 2377/2377/2377 2378/2378/2378 2379/2379/2379
f 2380/2380/2380 2381/2381/2381 2382/2382/2382
f 2382/2382/2382 2383/2383/2383 2380/2380/2380
f 2384/2384/2384 2385/2385/2385 2386/2386/2386
f 2387/2387/2387 2388/2388/2388 2389/2389/2389
f 2389/2389/2389 2390/2390/2390 2387/2387/2387
f 2391/2391/2391 2392/2392/2392 2393/2393/2393
f 2393/2393/2393 2394/2394/2394 2391/2391/2391
f 2395/2395/2395 2396/2396/2396 2397/2397/2397
f 2397/2397/2397 2398/2398/2398 2395/2395/2395
f 2399/2399/2399 2400/2400/2400 2401/2401/2401
f 2401/2401/2401 2402/2402/2402 2399/2399/2399
f 2403/2403/2403 2404/2404/2404 2405/2405/2405
f 2405/2405/2405 2406/2406/2406 2403/2403/2403
f 2407/2407/2407 2408/2408/2408 2409/2409/2409
f 2409/2409/2409 2410/2410/2410 2407/2407/2407
f 2411/2411/2411 2412/2412/2412 2413/2413/2413
f 2413/2413/2413 2414/2414/2414 2411/2411/2411
f 2415/2415/2415 2416/2416/2416 2417/2417/2417
f 2417/2417/2417 2418/2418/2418 2415/2415/2415
f 2419/2419/2419 2420/2420/2420 2421/2421/2421
f 2421/2421/2421 2422/2422/2422 2419/2419/2419
f 2423/2423/2423 2424/2424/2424 2425/2425/2425
f 2425/2425/2425 2426/2426/2426 2423/2423/2423
f 2427/2427/2427 2428/2428/2428 2429/2429/2429
f 2429/2429/2429 2430/2430/2430 2427/2427/2427
f 2431/2431/2431 2432/2432/2432 2433/2433/2433
f 2433/2433/2433 2434/2434/2434 2431/2431/2431
f 2435/2435/2435 2436/2436/2436 2437/2437/2437
f 2437/2437/2437 2438/2438/2438 2435/2435/2435
f 2439/2439/2439 2440/2440/2440 2441/2441/2441
f 2441/2441/2441 2442/2442/2442 2439/2439/2439
f 2443/2443/2443 2444/2444/2444 2445/2445/2445
f 2445/2445/2445 2446/2446/2446 2443/2443/2443
f 2447/2447/2447 2448/2448/2448 2449/2449/2449
f 2449/2449/2449 2450/2450/2450 2447/2447/2447
f 2451/2451/2451 2452/2452/2452 2453/2453/2453
f 2453/2453/2453 2454/2454/2454 2451/2451/2451
f 2455/2455/2455 2456/2456/2456 2457/2457/2457
f 2457/2457/2457 2458/2458/2458 2455/2455/2455
f 2459/2459/2459 2460/2460/2460 2461/2461/2461
f 2461/2461/2461 2462/2462/2462 2459/2459/2459
f 2463/2463/2463 2464/2464/2464 2465/2465/2465
f 2465/2465/2465 2466/2466/2466 2463/2463/2463
f 2467/2467/2467 2468/2468/2468 2469/2469/2469
f 2469/2469/2469 2470/2470/2470 2467/2467/2467
f 2471/2471/2471 2472/2472/2472 2473/2473/2473
f 2474/2474/2474 2475/2475/2475 2476/2476/2476
f 2476/2476/2476 2477/2477/2477 2474/2474/2474
f 2478/2478/2478 2479/2479/2479 2480/2480/2480
f 2480/2480/2480 2481/2481/2481 2478/2478/2478
f 2482/2482/2482 2483/2483/2483 2484/2484/2484
f 2484/2484/2484 2485/2485/2485 2482/2482/2482
f 2486/2486/2486 2487/2487/2487 2488/2488/2488
f 2488/2488/2488 2489/2489/2489 2486/2486/2486
f 2490/2490/2490 2491/2491/2491 2492/2492/2492
f 2492/2492/2492 2493/2493/2493 2490/2490/2490
f 2494/2494/2494 2495/2495/2495 2496/2496/2496
f 2496/2496/2496 2497/2497/2497 2494/2494/2494
f 2498/2498/2498 2499/2499/2499 2500/2500/2500
f 2500/2500/2500 2501/2501/2501 2498/2498/2498
f 2502/2502/2502 2503/2503/2503 2504/2504/2504
f 2504/2504/2504 2505/2505/2505 2502/2502/2502
f 2506/2506/2506 2507/2507/2507 2508/2508/2508
f 2508/2508/2508 2509/2509/2509 2506/2506/2506
f 2510/2510/2510 2511/2511/2511 2512/2512/2512
f 2512/2512/2512 2513/2513/2513 2510/2510/2510
f 2514/2514/2514 2515/2515/2515 2516/2516/2516
f 2516/2516/2516 2517/2517/2517 2514/2514/2514
f 2518/2518/2518 2519/2519/2519 2520/2520/2520
f 2520/2520/2520 2521/2521/2521 2518/2518/2518
f 2522/2522/2522 2523/2523/2523 2524/2524/2524
f 2524/2524/2524 2525/2525/2525 2522/2522/2522
f 2526/2526/2526 2527/2527/2527 2528/2528/2528
f 2529/2529/2529 2530/2530/2530 2531/2531/2531
f 2531/2531/2531 2532/2532/2532 2529/2529/2529
f 2533/2533/2533 2534/2534/2534 2535/2535/2535
f 2535/2535/2535 2536/2536/2536 2533/2533/2533
f 2537/2537/2537 2538/2538/2538 2539/2539/2539
f 2540/2540/2540 2541/2541/2541 2542/2542/2542
f 2543/2543/2543 2544/2544/2544 2545/2545/2545
f 2545/2545/2545 2546/2546/2546 2543/2543/2543
f 2547/2547/2547 2548/2548/2548 2549/2549/2549
f 2549/2549/2549 2550/2550/2550 2547/2547/2547
f 2551/2551/2551 2552/2552/2552 2553/2553/2553
f 2553/2553/2553 2554/2554/2554 2551/2551/2551
f 2555/2555/2555 2556/2556/2556 2557/2557/2557
f 2557/2557/2557 2558/2558/2558 2555/2555/2555
f 2559/2559/2559 2560/2560/2560 2561/2561/2561
f 2562/2562/2562 2563/2563/2563 2564/2564/2564
f 2564/2564/2564 2565/2565/2565 2562/2562/2562
f 2566/2566/2566 2567/2567/2567 2568/2568/2568
f 2568/2568/2568 2569/2569/2569 2566/2566/2566
f 2570/2570/2570 2571/2571/2571 2572/2572/2572
f 2573/2573/2573 2574/2574/2574 2575/2575/2575
f 2575/2575/2575 2576/2576/2576 2573/2573/2573
f 2577/2577/2577 2578/2578/2578 2579/2579/2579
f 2579/2579/2579 2580/2580/2580 2577/2577/2577
f 2581/2581/2581 2582/2582/2582 2583/2583/2583
f 2583/2583/2583 2584/2584/2584 2581/2581/2581
f 2585/2585/2585 2586/2586/2586 2587/2587/2587
f 2587/2587/2587 2588/2588/2588 2585/2585/2585
f 2589/2589/2589 2590/2590/2590 2591/2591/2591
f 2591/2591/2591 2592/2592/2592 2589/2589/2589
f 2593/2593/2593 2594/2594/2594 2595/2595/2595
f 2595/2595/2595 2596/2596/2596 2593/2593/2593
f 2597/2597/2597 2598/2598/2598 2599/2599/2599
f 2599/2599/2599 2600/2600/2600 2597/2597/2597
f 2601/2601/2601 2602/2602/2602 2603/2603/2603
f 2603/2603/2603 2604/2604/2604 2601/2601/2601
f 2605/2605/2605 2606/2606/2606 2607/2607/2607
f 2607/2607/2607 2608/2608/2608 2605/2605/2605
f 2609/2609/2609 2610/2610/2610 2611/2611/2611
f 2611/2611/2611 2612/2612/2612 2609/2609/2609
f 2613/2613/2613 2614/2614/2614 2615/2615/2615
f 2615/2615/2615 2616/2616/2616 2613/2613/2613
f 2617/2617/2617 2618/2618/2618 2619/2619/2619
f 2620/2620/2620 2621/2621/2621 2622/2622/2622
f 2622/2622/2622 2623/2623/2623 2620/2620/2620
f 2624/2624/2624 2625/2625/2625 2626/2626/2626
f 2626/2626/2626 2627/2627/2627 2624/2624/2624
f 2628/2628/2628 2629/2629/2629 2630/2630/2630
f 2630/2630/2630 2631/2631/2631 2628/2628/2628
f 2632/2632/2632 2633/2633/2633 2634/2634/2634
f 2634/2634/2634 2635/2635/2635 2632/2632/2632
f 2636/2636/2636 2637/2637/2637 2638/2638/2638
f 2638/2638/2638 2639/2639/2639 2636/2636/2636
f 2640/2640/2640 2641/2641/2641 2642/2642/2642
f 2642/2642/2642 2643/2643/2643 2640/2640/2640
f 2644/2644/2644 2645/2645/2645 2646/2646/2646
f 2646/2646/2646 2647/2647/2647 2644/2644/2644
f 2648/2648/2648 2649/2649/2649 2650/2650/2650
f 2650/2650/2650 2651/2651/2651 2648/2648/2648
f 2652/2652/2652 2653/2653/2653 2654/2654/2654
f 2654/2654/2654 2655/2655/2655 2652/2652/2652
f 2656/2656/2656 2657/2657/2657 2658/2658/2658
f 2659/2659/2659 2660/2660/2660 2661/2661/2661
f 2661/2661/2661 2662/2662/2662 2659/2659/2659
f 2663/2663/2663 2664/2664/2664 2665/2665/2665
f 2665/2665/2665 2666/2666/2666 2663/2663/2663
f 2667/2667/2667 2668/2668/2668 2669/2669/2669
f 2669/2669/2669 2670/2670/2670 2667/2667/2667
f 2671/2671/2671 2672/2672/2672 2673/2673/2673
f 2673/2673/2673 2674/2674/2674 2671/2671/2671
f 2675/2675/2675 2676/2676/2676 2677/2677/2677
f 2677/2677/2677 2678/2678/2678 2675/2675/2675
f 2679/2679/2679 2680/2680/2680 2681/2681/2681
f 2681/2681/2681 2682/2682/2682 2679/2679/2679
f 2683/2683/2683 2684/2684/2684 2685/2685/2685
f 2686/2686/2686 2687/2687/2687 2688/2688/2688
f 2689/2689/2689 2690/2690/2690 2691/2691/2691
f 2691/2691/2691 2692/2692/2692 2689/2689/2689
f 2693/2693/2693 2694/2694/2694 2695/2695/2695
f 2695/2695/2695 2696/2696/2696 2693/2693/2693
f 2697/2697/2697 2698/2698/2698 2699/2699/2699
f 2699/2699/2699 2700/2700/2700 2697/2697/2697
f 2701/2701/2701 2702/2702/2702 2703/2703/2703
f 2703/2703/2703 2704/2704/2704 2701/2701/2701
f 2705/2705/2705 2706/2706/2706 2707/2707/2707
f 2707/2707/2707 2708/2708/2708 2705/2705/2705
f 2709/2709/2709 2710/2710/2710 2711/2711/2711
f 2711/2711/2711 2712/2712/2712 2709/2709/2709
f 2713/2713/2713 2714/2714/2714 2715/2715/2715
f 2715/2715/2715 2716/2716/2716 2713/2713/2713
f 2717/2717/2717 2718/2718/2718 2719/2719/2719
f 2719/2719/2719 2720/2720/2720 2717/2717/2717
f 2721/2721/2721 2722/2722/2722 2723/2723/2723
f 2723/2723/2723 2724/2724/2724 2721/2721/2721
f 2725/2725/2725 2726/2726/2726 2727/2727/2727
f 2727/2727/2727 2728/2728/2728 2725/2725/2725
f 2729/2729/2729 2730/2730/2730 2731/2731/2731
f 2731/2731/2731 2732/2732/2732 2729/2729/2729
f 2733/2733/2733 2734/2734/2734 2735/2735/2735
f 2735/2735/2735 2736/2736/2736 2733/2733/2733
f 2737/2737/2737 2738/2738/2738 2739/2739/2739
f 2739/2739/2739 2740/2740/2740 2737/2737/2737
f 2741/2741/2741 2742/2742/2742 2743/2743/2743
f 2743/2743/2743 2744/2744/2744 2741/2741/2741
f 2745/2745/2745 2746/2746/2746 2747/2747/2747
f 2747/2747/2747 2748/2748/2748 2745/2745/2745
f 2749/2749/2749 2750/2750/2750 2751/2751/2751
f 2751/2751/2751 2752/2752/2752 2749/2749/2749
f 2753/2753/2753 2754/2754/2754 2755/2755/2755
f 2755/2755/2755 2756/2756/2756 2753/2753/2753
f 2757/2757/2757 2758/2758/2758 2759/2759/2759
f 2759/2759/2759 2760/2760/2760 2757/2757/2757
f 2761/2761/2761 2762/2762/2762 2763/2763/2763
f 2763/2763/2763 2764/2764/2764 2761/2761/2761
f 2765/2765/2765 2766/2766/2766 2767/2767/2767
f 2767/2767/2767 2768/2768/2768 2765/2765/2765
f 2769/2769/2769 2770/2770/2770 2771/2771/2771
f 2771/2771/2771 2772/2772/2772 2769/2769/2769
f 2773/2773/2773 2774/2774/2774 2775/2775/2775
f 2775/2775/2775 2776/2776/2776 2773/2773/2773
f 2777/2777/2777 2778/2778/2778 2779/2779/2779
f 2779/2779/2779 2780/2780/2780 2777/2777/2777
f 2781/2781/2781 2782/2782/2782 2783/2783/2783
f 2783/2783/2783 2784/2784/2784 2781/2781/2781
f 2785/2785/2785 2786/2786/2786 2787/2787/2787
f 2787/2787/2787 2788/2788/2788 2785/2785/2785
f 2789/2789/2789 2790/2790/2790 2791/2791/2791
f 2791/2791/2791 2792/2792/2792 2789/2789/2789
f 2793/2793/2793 2794/2794/2794 2795/2795/2795
f 2795/2795/2795 2796/2796/2796 2793/2793/2793
f 2797/2797/2797 2798/2798/2798 2799/2799/2799
f 2799/2799/2799 2800/2800/2800 2797/2797/2797
f 2801/2801/2801 2802/2802/2802 2803/2803/2803
f 2803/2803/2803 2804/2804/2804 2801/2801/2801
f 2805/2805/2805 2806/2806/2806 2807/2807/2807
f 2808/2808/2808 2809/2809/2809 2810/2810/2810
f 2810/2810/2810 2811/2811/2811 2808/2808/2808
f 2812/2812/2812 2813/2813/2813 2814/2814/2814
f 2814/2814/2814 2815/2815/2815 2812/2812/2812
f 2816/2816/2816 2817/2817/2817 2818/2818/2818
f 2818/2818/2818 2819/2819/2819 2816/2816/2816
f 2820/2820/2820 2821/2821/2821 2822/2822/2822
f 2822/2822/2822 2823/2823/2823 2820/2820/2820
f 2824/2824/2824 2825/2825/2825 2826/2826/2826
f 2826/2826/2826 2827/2827/2827 2824/2824/2824
f 2828/2828/2828 2829/2829/2829 2830/2830/2830
f 2830/2830/2830 2831/2831/2831 2828/2828/2828
f 2832/2832/2832 2833/2833/2833 2834/2834/2834
f 2834/2834/2834 2835/2835/2835 2832/2832/2832
f 2836/2836/2836 2837/2837/2837 2838/2838/2838
f 2838/2838/2838 2839/2839/2839 2836/2836/2836
f 2840/2840/2840 2841/2841/2841 2842/2842/2842
f 2842/2842/2842 2843/2843/2843 2840/2840/2840
f 2844/2844/2844 2845/2845/2845 2846/2846/2846
f 2846/2846/2846 2847/2847/2847 2844/2844/2844
f 2848/2848/2848 2849/2849/2849 2850/2850/2850
f 2850/2850/2850 2851/2851/2851 2848/2848/2848
f 2852/2852/2852 2853/2853/2853 2854/2854/2854
f 2854/2854/2854 2855/2855/2855 2852/2852/2852
f 2856/2856/2856 2857/2857/2857 2858/2858/2858
f 2858/2858/2858 2859/2859/2859 2856/2856/2856
f 2860/2860/2860 2861/2861/2861 2862/2862/2862
f 2862/2862/2862 2863/2863/2863 2860/2860/2860
f 2864/2864/2864 2865/2865/2865 2866/2866/2866
f 2866/2866/2866 2867/2867/2867 2864/2864/2864
f 2868/2868/2868 2869/2869/2869 2870/2870/2870
f 2870/2870/2870 2871/2871/2871 2868/2868/2868
f 2872/2872/2872 2873/2873/2873 2874/2874/2874
f 2874/2874/2874 2875/2875/2875 2872/2872/2872
f 2876/2876/2876 2877/2877/2877 2878/2878/2878
f 2878/2878/2878 2879/2879/2879 2876/2876/2876
f 2880/2880/2880 2881/2881/2881 2882/2882/2882
f 2882/2882/2882 2883/2883/2883 2880/2880/2880
f 2884/2884/2884 2885/2885/2885 2886/2886/2886
f 2887/2887/2887 2888/2888/2888 2889/2889/2889
f 2889/2889/2889 2890/2890/2890 2887/2887/2887
f 2891/2891/2891 2892/2892/2892 2893/2893/2893
f 2893/2893/2893 2894/2894/2894 2891/2891/2891
f 2895/2895/2895 2896/2896/2896 2897/2897/2897
f 2897/2897/2897 2898/2898/2898 2895/2895/2895
f 2899/2899/2899 2900/2900/2900 2901/2901/2901
f 2901/2901/2901 2902/2902/2902 2899/2899/2899
f 2903/2903/2903 2904/2904/2904 2905/2905/2905
f 2905/2905/2905 2906/2906/2906 2903/2903/2903
f 2907/2907/2907 2908/2908/2908 2909/2909/2909
f 2909/2909/2909 2910/2910/2910 2907/2907/2907
f 2911/2911/2911 2912/2912/2912 2913/2913/2913
f 2913/2913/2913 2914/2914/2914 2911/2911/2911
f 2915/2915/2915 2916/2916/2916 2917/2917/2917
f 2917/2917/2917 2918/2918/2918 2915/2915/2915
f 2919/2919/2919 2920/2920/2920 2921/2921/2921
f 2921/2921/2921 2922/2922/2922 2919/2919/2919
f 2923/2923/2923 2924/2924/2924 2925/2925/2925
f 2926/2926/2926 2927/2927/2927 2928/2928/2928
f 2929/2929/2929 2930/2930/2930 2931/2931/2931
f 2931/2931/2931 2932/2932/2932 2929/2929/2929
f 2933/2933/2933 2934/2934/2934 2935/2935/2935
f 2935/2935/2935 2936/2936/2936 2933/2933/2933
f 2937/2937/2937 2938/2938/2938 2939/2939/2939
f 2940/2940/2940 2941/2941/2941 2942/2942/2942
f 2942/2942/2942 2943/2943/2943 2940/2940/2940
f 2944/2944/2944 2945/2945/2945 2946/2946/2946
f 2946/2946/2946 2947/2947/2947 2944/2944/2944
f 2948/2948/2948 2949/2949/2949 2950/2950/2950
f 2950/2950/2950 2951/2951/2951 2948/2948/2948
f 2952/2952/2952 2953/2953/2953 2954/2954/2954
f 2954/2954/2954 2955/2955/2955 2952/2952/2952
f 2956/2956/2956 2957/2957/2957 2958/2958/2958
f 2958/2958/2958 2959/2959/2959 2956/2956/2956
f 2960/2960/2960 2961/2961/2961 2962/2962/2962
f 2962/2962/2962 2963/2963/2963 2960/2960/2960
f 2964/2964/2964 2965/2965/2965 2966/2966/2966
f 2966/2966/2966 2967/2967/2967 2964/2964/2964
f 2968/2968/2968 2969/2969/2969 2970/2970/2970
f 2970/2970/2970 2971/2971/2971 2968/2968/2968
f 2972/2972/2972 2973/2973/2973 2974/2974/2974
f 2974/2974/2974 2975/2975/2975 2972/2972/2972
f 2976/2976/2976 2977/2977/2977 2978/2978/2978
f 2978/2978/2978 2979/2979/2979 2976/2976/2976
f 2980/2980/2980 2981/2981/2981 2982/2982/2982
f 2982/2982/2982 2983/2983/2983 2980/2980/2980
f 2984/2984/2984 2985/2985/2985 2986/2986/2986
f 2987/2987/2987 2988/2988/2988 2989/2989/2989
f 2989/2989/2989 2990/2990/2990 2987/2987/2987
f 2991/2991/2991 2992/2992/2992 2993/2993/2993
f 2993/2993/2993 2994/2994/2994 2991/2991/2991
f 2995/2995/2995 2996/2996/2996 2997/2997/2997
f 2998/2998/2998 2999/2999/2999 3000/3000/3000
f 3000/3000/3000 3001/3001/3001 2998/2998/2998
f 3002/3002/3002 3003/3003/3003 3004/3004/3004
f 3004/3004/3004 3005/3005/3005 3002/3002/3002
f 3006/3006/3006 3007/3007/3007 3008/3008/3008
f 3008/3008/3008 3009/3009/3009 3006/3006/3006
f 3010/3010/3010 3011/3011/3011 3012/3012/3012
f 3012/3012/3012 3013/3013/3013 3010/3010/3010
f 3014/3014/3014 3015/3015/3015 3016/3016/3016
f 3016/3016/3016 3017/3017/3017 3014/3014/3014
f 3018/3018/3018 3019/3019/3019 3020/3020/3020
f 3020/3020/3020 3021/3021/3021 3018/3018/3018
f 3022/3022/3022 3023/3023/3023 3024/3024/3024
f 3024/3024/3024 3025/3025/3025 3022/3022/3022
f 3026/3026/3026 3027/3027/3027 3028/3028/3028
f 3028/3028/3028 3029/3029/3029 3026/3026/3026
f 3030/3030/3030 3031/3031/3031 3032/3032/3032
f 3033/3033/3033 3034/3034/3034 3035/3035/3035
f 3035/3035/3035 3036/3036/3036 3033/3033/3033
f 3037/3037/3037 3038/3038/3038 3039/3039/3039
f 3039/3039/3039 3040/3040/3040 3037/3037/3037
f 3041/3041/3041 3042/3042/3042 3043/3043/3043
f 3043/3043/3043 3044/3044/3044 3041/3041/3041
f 3045/3045/3045 3046/3046/3046 3047/3047/3047
f 3047/3047/3047 3048/3048/3048 3045/3045/3045
f 3049/3049/3049 3050/3050/3050 3051/3051/3051
f 3051/3051/3051 3052/3052/3052 3049/3049/3049
f 3053/3053/3053 3054/3054/3054 3055/3055/3055
f 3055/3055/3055 3056/3056/3056 3053/3053/3053
f 3057/3057/3057 3058/3058/3058 3059/3059/3059
f 3059/3059/3059 3060/3060/3060 3057/3057/3057
f 3061/3061/3061 3062/3062/3062 3063/3063/3063
f 3063/3063/3063 3064/3064/3064 3061/3061/3061
f 3065/3065/3065 3066/3066/3066 3067/3067/3067
f 3067/3067/3067 3068/3068/3068 3065/3065/3065
f 3069/3069/3069 3070/3070/3070 3071/3071/3071
f 3071/3071/3071 3072/3072/3072 3069/3069/3069
f 3073/3073/3073 3074/3074/3074 3075/3075/3075
f 3075/3075/3075 3076/3076/3076 3073/3073/3073
f 3077/3077/3077 3078/3078/3078 3079/3079/3079
f 3079/3079/3079 3080/3080/3080 3077/3077/3077
f 3081/3081/3081 3082/3082/3082 3083/3083/3083
f 3083/3083/3083 3084/3084/3084 3081/3081/3081
f 3085/3085/3085 3086/3086/3086 3087/3087/3087
f 3087/3087/3087 3088/3088/3088 3085/3085/3085
f 3089/3089/3089 3090/3090/3090 3091/3091/3091
f 3091/3091/3091 3092/3092/3092 3089/3089/3089
f 3093/3093/3093 3094/3094/3094 3095/3095/3095
f 3096/3096/3096 3097/3097/3097 3098/3098/3098
f 3099/3099/3099 3100/3100/3100 3101/3101/3101
f 3101/3101/3101 3102/3102/3102 3099/3099/3099
f 3103/3103/3103 3104/3104/3104 3105/3105/3105
f 3105/3105/3105 3106/3106/3106 3103/3103/3103
f 3107/3107/3107 3108/3108/3108 3109/3109/3109
f 3110/3110/3110 3111/3111/3111 3112/3112/3112
f 3112/3112/3112 3113/3113/3113 3110/3110/3110
f 3114/3114/3114 3115/3115/3115 3116/3116/3116
f 3117/3117/3117 3118/3118/3118 3119/3119/3119
f 3119/3119/3119 3120/3120/3120 3117/3117/3117
f 3121/3121/3121 3122/3122/3122 3123/3123/3123
f 3123/3123/3123 3124/3124/3124 3121/3121/3121
f 3125/3125/3125 3126/3126/3126 3127/3127/3127
f 3127/3127/3127 3128/3128/3128 3125/3125/3125
f 3129/3129/3129 3130/3130/3130 3131/3131/3131
f 3131/3131/3131 3132/3132/3132 3129/3129/3129
f 3133/3133/3133 3134/3134/3134 3135/3135/3135
f 3135/3135/3135 3136/3136/3136 3133/3133/3133
f 3137/3137/3137 3138/3138/3138 3139/3139/3139
f 3139/3139/3139 3140/3140/3140 3137/3137/3137
f 3141/3141/3141 3142/3142/3142 3143/3143/3143
f 3143/3143/3143 3144/3144/3144 3141/3141/3141
f 3145/3145/3145 3146/3146/3146 3147/3147/3147
f 3147/3147/3147 3148/3148/3148 3145/3145/3145
f 3149/3149/3149 3150/3150/3150 3151/3151/3151
f 3151/3151/3151 3152/3152/3152 3149/3149/3149
f 3153/3153/3153 3154/3154/3154 3155/3155/3155
f 3155/3155/3155 3156/3156/3156 3153/3153/3153
f 3157/3157/3157 3158/3158/3158 3159/3159/3159
f 3159/3159/3159 3160/3160/3160 3157/3157/3157
f 3161/3161/3161 3162/3162/3162 3163/3163/3163
f 3163/3163/3163 3164/3164/3164 3161/3161/3161
f 3165/3165/3165 3166/3166/3166 3167/3167/3167
f 3167/3167/3167 3168/3168/3168 3165/3165/3165
f 3169/3169/3169 3170/3170/3170 3171/3171/3171
f 3171/3171/3171 3172/3172/3172 3169/3169/3169
f 3173/3173/3173 3174/3174/3174 3175/3175/3175
f 3175/3175/3175 3176/3176/3176 3173/3173/3173
